Index   time            vinn            vinp            vout2           
0	0.000000e+00	1.200000e+00	0.000000e+00	1.102433e-06	
1	1.000000e-12	1.200000e+00	0.000000e+00	1.102433e-06	
2	2.000000e-12	1.200000e+00	0.000000e+00	1.102433e-06	
3	4.000000e-12	1.200000e+00	0.000000e+00	1.102433e-06	
4	8.000000e-12	1.200000e+00	0.000000e+00	1.102433e-06	
5	1.600000e-11	1.200000e+00	0.000000e+00	1.102433e-06	
6	3.200000e-11	1.200000e+00	0.000000e+00	1.102433e-06	
7	6.400000e-11	1.200000e+00	0.000000e+00	1.102433e-06	
8	1.280000e-10	1.200000e+00	0.000000e+00	1.102433e-06	
9	2.280000e-10	1.200000e+00	0.000000e+00	1.102433e-06	
10	3.280000e-10	1.200000e+00	0.000000e+00	1.102433e-06	
11	4.280000e-10	1.200000e+00	0.000000e+00	1.102433e-06	
12	5.280000e-10	1.200000e+00	0.000000e+00	1.102433e-06	
13	6.280000e-10	1.200000e+00	0.000000e+00	1.102433e-06	
14	7.280000e-10	1.200000e+00	0.000000e+00	1.102433e-06	
15	8.280000e-10	1.200000e+00	0.000000e+00	1.102433e-06	
16	9.280000e-10	1.200000e+00	0.000000e+00	1.102433e-06	
17	1.028000e-09	1.200000e+00	0.000000e+00	1.102433e-06	
18	1.128000e-09	1.200000e+00	0.000000e+00	1.102433e-06	
19	1.228000e-09	1.200000e+00	0.000000e+00	1.102433e-06	
20	1.328000e-09	1.200000e+00	0.000000e+00	1.102433e-06	
21	1.428000e-09	1.200000e+00	0.000000e+00	1.102433e-06	
22	1.528000e-09	1.200000e+00	0.000000e+00	1.102433e-06	
23	1.628000e-09	1.200000e+00	0.000000e+00	1.102433e-06	
24	1.728000e-09	1.200000e+00	0.000000e+00	1.102433e-06	
25	1.828000e-09	1.200000e+00	0.000000e+00	1.102433e-06	
26	1.928000e-09	1.200000e+00	0.000000e+00	1.102433e-06	
27	2.028000e-09	1.200000e+00	0.000000e+00	1.102433e-06	
28	2.128000e-09	1.200000e+00	0.000000e+00	1.102433e-06	
29	2.228000e-09	1.200000e+00	0.000000e+00	1.102433e-06	
30	2.328000e-09	1.200000e+00	0.000000e+00	1.102433e-06	
31	2.428000e-09	1.200000e+00	0.000000e+00	1.102433e-06	
32	2.528000e-09	1.200000e+00	0.000000e+00	1.102433e-06	
33	2.628000e-09	1.200000e+00	0.000000e+00	1.102433e-06	
34	2.728000e-09	1.200000e+00	0.000000e+00	1.102433e-06	
35	2.828000e-09	1.200000e+00	0.000000e+00	1.102433e-06	
36	2.928000e-09	1.200000e+00	0.000000e+00	1.102433e-06	
37	3.028000e-09	1.200000e+00	0.000000e+00	1.102433e-06	
38	3.128000e-09	1.200000e+00	0.000000e+00	1.102433e-06	
39	3.228000e-09	1.200000e+00	0.000000e+00	1.102433e-06	
40	3.328000e-09	1.200000e+00	0.000000e+00	1.102433e-06	
41	3.428000e-09	1.200000e+00	0.000000e+00	1.102433e-06	
42	3.528000e-09	1.200000e+00	0.000000e+00	1.102433e-06	
43	3.628000e-09	1.200000e+00	0.000000e+00	1.102433e-06	
44	3.728000e-09	1.200000e+00	0.000000e+00	1.102433e-06	
45	3.828000e-09	1.200000e+00	0.000000e+00	1.102433e-06	
46	3.928000e-09	1.200000e+00	0.000000e+00	1.102433e-06	
47	4.028000e-09	1.200000e+00	0.000000e+00	1.102433e-06	
48	4.128000e-09	1.200000e+00	0.000000e+00	1.102433e-06	
49	4.228000e-09	1.200000e+00	0.000000e+00	1.102433e-06	
50	4.328000e-09	1.200000e+00	0.000000e+00	1.102433e-06	
51	4.428000e-09	1.200000e+00	0.000000e+00	1.102433e-06	
52	4.528000e-09	1.200000e+00	0.000000e+00	1.102433e-06	
53	4.628000e-09	1.200000e+00	0.000000e+00	1.102433e-06	
54	4.728000e-09	1.200000e+00	0.000000e+00	1.102433e-06	
55	4.828000e-09	1.200000e+00	0.000000e+00	1.102433e-06	
56	4.928000e-09	1.200000e+00	0.000000e+00	1.102433e-06	
57	5.028000e-09	1.200000e+00	0.000000e+00	1.102433e-06	
58	5.128000e-09	1.200000e+00	0.000000e+00	1.102433e-06	
59	5.228000e-09	1.200000e+00	0.000000e+00	1.102433e-06	
60	5.328000e-09	1.200000e+00	0.000000e+00	1.102433e-06	
61	5.428000e-09	1.200000e+00	0.000000e+00	1.102433e-06	
62	5.528000e-09	1.200000e+00	0.000000e+00	1.102433e-06	
63	5.628000e-09	1.200000e+00	0.000000e+00	1.102433e-06	
64	5.728000e-09	1.200000e+00	0.000000e+00	1.102433e-06	
65	5.828000e-09	1.200000e+00	0.000000e+00	1.102433e-06	
66	5.928000e-09	1.200000e+00	0.000000e+00	1.102433e-06	
67	6.028000e-09	1.200000e+00	0.000000e+00	1.102433e-06	
68	6.128000e-09	1.200000e+00	0.000000e+00	1.102433e-06	
69	6.228000e-09	1.200000e+00	0.000000e+00	1.102433e-06	
70	6.328000e-09	1.200000e+00	0.000000e+00	1.102433e-06	
71	6.428000e-09	1.200000e+00	0.000000e+00	1.102433e-06	
72	6.528000e-09	1.200000e+00	0.000000e+00	1.102433e-06	
73	6.628000e-09	1.200000e+00	0.000000e+00	1.102433e-06	
74	6.728000e-09	1.200000e+00	0.000000e+00	1.102433e-06	
75	6.828000e-09	1.200000e+00	0.000000e+00	1.102433e-06	
76	6.928000e-09	1.200000e+00	0.000000e+00	1.102433e-06	
77	7.028000e-09	1.200000e+00	0.000000e+00	1.102433e-06	
78	7.128000e-09	1.200000e+00	0.000000e+00	1.102433e-06	
79	7.228000e-09	1.200000e+00	0.000000e+00	1.102433e-06	
80	7.328000e-09	1.200000e+00	0.000000e+00	1.102433e-06	
81	7.428000e-09	1.200000e+00	0.000000e+00	1.102433e-06	
82	7.528000e-09	1.200000e+00	0.000000e+00	1.102433e-06	
83	7.628000e-09	1.200000e+00	0.000000e+00	1.102433e-06	
84	7.728000e-09	1.200000e+00	0.000000e+00	1.102433e-06	
85	7.828000e-09	1.200000e+00	0.000000e+00	1.102433e-06	
86	7.928000e-09	1.200000e+00	0.000000e+00	1.102433e-06	
87	8.028000e-09	1.200000e+00	0.000000e+00	1.102433e-06	
88	8.128000e-09	1.200000e+00	0.000000e+00	1.102433e-06	
89	8.228000e-09	1.200000e+00	0.000000e+00	1.102433e-06	
90	8.328000e-09	1.200000e+00	0.000000e+00	1.102433e-06	
91	8.428000e-09	1.200000e+00	0.000000e+00	1.102433e-06	
92	8.528000e-09	1.200000e+00	0.000000e+00	1.102433e-06	
93	8.628000e-09	1.200000e+00	0.000000e+00	1.102433e-06	
94	8.728000e-09	1.200000e+00	0.000000e+00	1.102433e-06	
95	8.828000e-09	1.200000e+00	0.000000e+00	1.102433e-06	
96	8.928000e-09	1.200000e+00	0.000000e+00	1.102433e-06	
97	9.028000e-09	1.200000e+00	0.000000e+00	1.102433e-06	
98	9.128000e-09	1.200000e+00	0.000000e+00	1.102433e-06	
99	9.228000e-09	1.200000e+00	0.000000e+00	1.102433e-06	
100	9.328000e-09	1.200000e+00	0.000000e+00	1.102433e-06	
101	9.428000e-09	1.200000e+00	0.000000e+00	1.102433e-06	
102	9.528000e-09	1.200000e+00	0.000000e+00	1.102433e-06	
103	9.628000e-09	1.200000e+00	0.000000e+00	1.102433e-06	
104	9.728000e-09	1.200000e+00	0.000000e+00	1.102433e-06	
105	9.828000e-09	1.200000e+00	0.000000e+00	1.102433e-06	
106	9.928000e-09	1.200000e+00	0.000000e+00	1.102433e-06	
107	1.000000e-08	1.200000e+00	0.000000e+00	1.102433e-06	
108	1.001000e-08	1.200000e+00	1.800000e-04	1.433343e-06	
109	1.003000e-08	1.200000e+00	5.400000e-04	1.949013e-06	
110	1.007000e-08	1.200000e+00	1.260000e-03	2.373355e-06	
111	1.015000e-08	1.200000e+00	2.700000e-03	2.185711e-06	
112	1.025000e-08	1.200000e+00	4.500000e-03	1.559439e-06	
113	1.035000e-08	1.200000e+00	6.300000e-03	1.199066e-06	
114	1.045000e-08	1.200000e+00	8.100000e-03	1.082609e-06	
115	1.055000e-08	1.200000e+00	9.900000e-03	1.065159e-06	
116	1.065000e-08	1.200000e+00	1.170000e-02	1.073517e-06	
117	1.075000e-08	1.200000e+00	1.350000e-02	1.084557e-06	
118	1.085000e-08	1.200000e+00	1.530000e-02	1.092718e-06	
119	1.095000e-08	1.200000e+00	1.710000e-02	1.097833e-06	
120	1.105000e-08	1.200000e+00	1.890000e-02	1.100669e-06	
121	1.115000e-08	1.200000e+00	2.070000e-02	1.102086e-06	
122	1.125000e-08	1.200000e+00	2.250000e-02	1.102603e-06	
123	1.135000e-08	1.200000e+00	2.430000e-02	1.102650e-06	
124	1.145000e-08	1.200000e+00	2.610000e-02	1.102405e-06	
125	1.155000e-08	1.200000e+00	2.790000e-02	1.102062e-06	
126	1.165000e-08	1.200000e+00	2.970000e-02	1.101646e-06	
127	1.175000e-08	1.200000e+00	3.150000e-02	1.101260e-06	
128	1.185000e-08	1.200000e+00	3.330000e-02	1.100870e-06	
129	1.195000e-08	1.200000e+00	3.510000e-02	1.100543e-06	
130	1.205000e-08	1.200000e+00	3.690000e-02	1.100227e-06	
131	1.215000e-08	1.200000e+00	3.870000e-02	1.099978e-06	
132	1.225000e-08	1.200000e+00	4.050000e-02	1.099736e-06	
133	1.235000e-08	1.200000e+00	4.230000e-02	1.099555e-06	
134	1.245000e-08	1.200000e+00	4.410000e-02	1.099374e-06	
135	1.255000e-08	1.200000e+00	4.590000e-02	1.099245e-06	
136	1.265000e-08	1.200000e+00	4.770000e-02	1.099110e-06	
137	1.275000e-08	1.200000e+00	4.950000e-02	1.099021e-06	
138	1.285000e-08	1.200000e+00	5.130000e-02	1.098920e-06	
139	1.295000e-08	1.200000e+00	5.310000e-02	1.098860e-06	
140	1.305000e-08	1.200000e+00	5.490000e-02	1.098783e-06	
141	1.315000e-08	1.200000e+00	5.670000e-02	1.098744e-06	
142	1.325000e-08	1.200000e+00	5.850000e-02	1.098685e-06	
143	1.335000e-08	1.200000e+00	6.030000e-02	1.098660e-06	
144	1.345000e-08	1.200000e+00	6.210000e-02	1.098614e-06	
145	1.355000e-08	1.200000e+00	6.390000e-02	1.098599e-06	
146	1.365000e-08	1.200000e+00	6.570000e-02	1.098563e-06	
147	1.375000e-08	1.200000e+00	6.750000e-02	1.098556e-06	
148	1.385000e-08	1.200000e+00	6.930000e-02	1.098525e-06	
149	1.395000e-08	1.200000e+00	7.110000e-02	1.098524e-06	
150	1.405000e-08	1.200000e+00	7.290000e-02	1.098499e-06	
151	1.415000e-08	1.200000e+00	7.470000e-02	1.098501e-06	
152	1.425000e-08	1.200000e+00	7.650000e-02	1.098479e-06	
153	1.435000e-08	1.200000e+00	7.830000e-02	1.098485e-06	
154	1.445000e-08	1.200000e+00	8.010000e-02	1.098465e-06	
155	1.455000e-08	1.200000e+00	8.190000e-02	1.098473e-06	
156	1.465000e-08	1.200000e+00	8.370000e-02	1.098455e-06	
157	1.475000e-08	1.200000e+00	8.550000e-02	1.098464e-06	
158	1.485000e-08	1.200000e+00	8.730000e-02	1.098448e-06	
159	1.495000e-08	1.200000e+00	8.910000e-02	1.098458e-06	
160	1.505000e-08	1.200000e+00	9.090000e-02	1.098442e-06	
161	1.515000e-08	1.200000e+00	9.270000e-02	1.098453e-06	
162	1.525000e-08	1.200000e+00	9.450000e-02	1.098439e-06	
163	1.535000e-08	1.200000e+00	9.630000e-02	1.098450e-06	
164	1.545000e-08	1.200000e+00	9.810000e-02	1.098436e-06	
165	1.555000e-08	1.200000e+00	9.990000e-02	1.098448e-06	
166	1.565000e-08	1.200000e+00	1.017000e-01	1.098434e-06	
167	1.575000e-08	1.200000e+00	1.035000e-01	1.098446e-06	
168	1.585000e-08	1.200000e+00	1.053000e-01	1.098433e-06	
169	1.595000e-08	1.200000e+00	1.071000e-01	1.098445e-06	
170	1.605000e-08	1.200000e+00	1.089000e-01	1.098432e-06	
171	1.615000e-08	1.200000e+00	1.107000e-01	1.098444e-06	
172	1.625000e-08	1.200000e+00	1.125000e-01	1.098431e-06	
173	1.635000e-08	1.200000e+00	1.143000e-01	1.098443e-06	
174	1.645000e-08	1.200000e+00	1.161000e-01	1.098431e-06	
175	1.655000e-08	1.200000e+00	1.179000e-01	1.098443e-06	
176	1.665000e-08	1.200000e+00	1.197000e-01	1.098431e-06	
177	1.675000e-08	1.200000e+00	1.215000e-01	1.098443e-06	
178	1.685000e-08	1.200000e+00	1.233000e-01	1.098430e-06	
179	1.695000e-08	1.200000e+00	1.251000e-01	1.098443e-06	
180	1.705000e-08	1.200000e+00	1.269000e-01	1.098430e-06	
181	1.715000e-08	1.200000e+00	1.287000e-01	1.098443e-06	
182	1.725000e-08	1.200000e+00	1.305000e-01	1.098431e-06	
183	1.735000e-08	1.200000e+00	1.323000e-01	1.098443e-06	
184	1.745000e-08	1.200000e+00	1.341000e-01	1.098431e-06	
185	1.755000e-08	1.200000e+00	1.359000e-01	1.098443e-06	
186	1.765000e-08	1.200000e+00	1.377000e-01	1.098431e-06	
187	1.775000e-08	1.200000e+00	1.395000e-01	1.098443e-06	
188	1.785000e-08	1.200000e+00	1.413000e-01	1.098431e-06	
189	1.795000e-08	1.200000e+00	1.431000e-01	1.098444e-06	
190	1.805000e-08	1.200000e+00	1.449000e-01	1.098431e-06	
191	1.815000e-08	1.200000e+00	1.467000e-01	1.098444e-06	
192	1.825000e-08	1.200000e+00	1.485000e-01	1.098432e-06	
193	1.835000e-08	1.200000e+00	1.503000e-01	1.098444e-06	
194	1.845000e-08	1.200000e+00	1.521000e-01	1.098432e-06	
195	1.855000e-08	1.200000e+00	1.539000e-01	1.098444e-06	
196	1.865000e-08	1.200000e+00	1.557000e-01	1.098432e-06	
197	1.875000e-08	1.200000e+00	1.575000e-01	1.098445e-06	
198	1.885000e-08	1.200000e+00	1.593000e-01	1.098433e-06	
199	1.895000e-08	1.200000e+00	1.611000e-01	1.098445e-06	
200	1.905000e-08	1.200000e+00	1.629000e-01	1.098433e-06	
201	1.915000e-08	1.200000e+00	1.647000e-01	1.098445e-06	
202	1.925000e-08	1.200000e+00	1.665000e-01	1.098434e-06	
203	1.935000e-08	1.200000e+00	1.683000e-01	1.098446e-06	
204	1.945000e-08	1.200000e+00	1.701000e-01	1.098434e-06	
205	1.955000e-08	1.200000e+00	1.719000e-01	1.098446e-06	
206	1.965000e-08	1.200000e+00	1.737000e-01	1.098435e-06	
207	1.975000e-08	1.200000e+00	1.755000e-01	1.098447e-06	
208	1.985000e-08	1.200000e+00	1.773000e-01	1.098435e-06	
209	1.995000e-08	1.200000e+00	1.791000e-01	1.098447e-06	
210	2.005000e-08	1.200000e+00	1.809000e-01	1.098435e-06	
211	2.015000e-08	1.200000e+00	1.827000e-01	1.098447e-06	
212	2.025000e-08	1.200000e+00	1.845000e-01	1.098436e-06	
213	2.035000e-08	1.200000e+00	1.863000e-01	1.098448e-06	
214	2.045000e-08	1.200000e+00	1.881000e-01	1.098437e-06	
215	2.055000e-08	1.200000e+00	1.899000e-01	1.098448e-06	
216	2.065000e-08	1.200000e+00	1.917000e-01	1.098437e-06	
217	2.075000e-08	1.200000e+00	1.935000e-01	1.098449e-06	
218	2.085000e-08	1.200000e+00	1.953000e-01	1.098438e-06	
219	2.095000e-08	1.200000e+00	1.971000e-01	1.098449e-06	
220	2.105000e-08	1.200000e+00	1.989000e-01	1.098438e-06	
221	2.115000e-08	1.200000e+00	2.007000e-01	1.098450e-06	
222	2.125000e-08	1.200000e+00	2.025000e-01	1.098439e-06	
223	2.135000e-08	1.200000e+00	2.043000e-01	1.098450e-06	
224	2.145000e-08	1.200000e+00	2.061000e-01	1.098439e-06	
225	2.155000e-08	1.200000e+00	2.079000e-01	1.098451e-06	
226	2.165000e-08	1.200000e+00	2.097000e-01	1.098440e-06	
227	2.175000e-08	1.200000e+00	2.115000e-01	1.098451e-06	
228	2.185000e-08	1.200000e+00	2.133000e-01	1.098440e-06	
229	2.195000e-08	1.200000e+00	2.151000e-01	1.098452e-06	
230	2.205000e-08	1.200000e+00	2.169000e-01	1.098441e-06	
231	2.215000e-08	1.200000e+00	2.187000e-01	1.098453e-06	
232	2.225000e-08	1.200000e+00	2.205000e-01	1.098442e-06	
233	2.235000e-08	1.200000e+00	2.223000e-01	1.098453e-06	
234	2.245000e-08	1.200000e+00	2.241000e-01	1.098442e-06	
235	2.255000e-08	1.200000e+00	2.259000e-01	1.098454e-06	
236	2.265000e-08	1.200000e+00	2.277000e-01	1.098443e-06	
237	2.275000e-08	1.200000e+00	2.295000e-01	1.098454e-06	
238	2.285000e-08	1.200000e+00	2.313000e-01	1.098444e-06	
239	2.295000e-08	1.200000e+00	2.331000e-01	1.098455e-06	
240	2.305000e-08	1.200000e+00	2.349000e-01	1.098444e-06	
241	2.315000e-08	1.200000e+00	2.367000e-01	1.098456e-06	
242	2.325000e-08	1.200000e+00	2.385000e-01	1.098445e-06	
243	2.335000e-08	1.200000e+00	2.403000e-01	1.098457e-06	
244	2.345000e-08	1.200000e+00	2.421000e-01	1.098446e-06	
245	2.355000e-08	1.200000e+00	2.439000e-01	1.098457e-06	
246	2.365000e-08	1.200000e+00	2.457000e-01	1.098447e-06	
247	2.375000e-08	1.200000e+00	2.475000e-01	1.098458e-06	
248	2.385000e-08	1.200000e+00	2.493000e-01	1.098448e-06	
249	2.395000e-08	1.200000e+00	2.511000e-01	1.098459e-06	
250	2.405000e-08	1.200000e+00	2.529000e-01	1.098448e-06	
251	2.415000e-08	1.200000e+00	2.547000e-01	1.098460e-06	
252	2.425000e-08	1.200000e+00	2.565000e-01	1.098449e-06	
253	2.435000e-08	1.200000e+00	2.583000e-01	1.098460e-06	
254	2.445000e-08	1.200000e+00	2.601000e-01	1.098450e-06	
255	2.455000e-08	1.200000e+00	2.619000e-01	1.098461e-06	
256	2.465000e-08	1.200000e+00	2.637000e-01	1.098451e-06	
257	2.475000e-08	1.200000e+00	2.655000e-01	1.098462e-06	
258	2.485000e-08	1.200000e+00	2.673000e-01	1.098452e-06	
259	2.495000e-08	1.200000e+00	2.691000e-01	1.098463e-06	
260	2.505000e-08	1.200000e+00	2.709000e-01	1.098453e-06	
261	2.515000e-08	1.200000e+00	2.727000e-01	1.098464e-06	
262	2.525000e-08	1.200000e+00	2.745000e-01	1.098454e-06	
263	2.535000e-08	1.200000e+00	2.763000e-01	1.098465e-06	
264	2.545000e-08	1.200000e+00	2.781000e-01	1.098455e-06	
265	2.555000e-08	1.200000e+00	2.799000e-01	1.098466e-06	
266	2.565000e-08	1.200000e+00	2.817000e-01	1.098456e-06	
267	2.575000e-08	1.200000e+00	2.835000e-01	1.098467e-06	
268	2.585000e-08	1.200000e+00	2.853000e-01	1.098457e-06	
269	2.595000e-08	1.200000e+00	2.871000e-01	1.098468e-06	
270	2.605000e-08	1.200000e+00	2.889000e-01	1.098458e-06	
271	2.615000e-08	1.200000e+00	2.907000e-01	1.098469e-06	
272	2.625000e-08	1.200000e+00	2.925000e-01	1.098459e-06	
273	2.635000e-08	1.200000e+00	2.943000e-01	1.098470e-06	
274	2.645000e-08	1.200000e+00	2.961000e-01	1.098460e-06	
275	2.655000e-08	1.200000e+00	2.979000e-01	1.098471e-06	
276	2.665000e-08	1.200000e+00	2.997000e-01	1.098461e-06	
277	2.675000e-08	1.200000e+00	3.015000e-01	1.098472e-06	
278	2.685000e-08	1.200000e+00	3.033000e-01	1.098463e-06	
279	2.695000e-08	1.200000e+00	3.051000e-01	1.098474e-06	
280	2.705000e-08	1.200000e+00	3.069000e-01	1.098464e-06	
281	2.715000e-08	1.200000e+00	3.087000e-01	1.098475e-06	
282	2.725000e-08	1.200000e+00	3.105000e-01	1.098465e-06	
283	2.735000e-08	1.200000e+00	3.123000e-01	1.098476e-06	
284	2.745000e-08	1.200000e+00	3.141000e-01	1.098467e-06	
285	2.755000e-08	1.200000e+00	3.159000e-01	1.098477e-06	
286	2.765000e-08	1.200000e+00	3.177000e-01	1.098468e-06	
287	2.775000e-08	1.200000e+00	3.195000e-01	1.098479e-06	
288	2.785000e-08	1.200000e+00	3.213000e-01	1.098469e-06	
289	2.795000e-08	1.200000e+00	3.231000e-01	1.098480e-06	
290	2.805000e-08	1.200000e+00	3.249000e-01	1.098471e-06	
291	2.815000e-08	1.200000e+00	3.267000e-01	1.098482e-06	
292	2.825000e-08	1.200000e+00	3.285000e-01	1.098472e-06	
293	2.835000e-08	1.200000e+00	3.303000e-01	1.098483e-06	
294	2.845000e-08	1.200000e+00	3.321000e-01	1.098474e-06	
295	2.855000e-08	1.200000e+00	3.339000e-01	1.098485e-06	
296	2.865000e-08	1.200000e+00	3.357000e-01	1.098475e-06	
297	2.875000e-08	1.200000e+00	3.375000e-01	1.098486e-06	
298	2.885000e-08	1.200000e+00	3.393000e-01	1.098477e-06	
299	2.895000e-08	1.200000e+00	3.411000e-01	1.098488e-06	
300	2.905000e-08	1.200000e+00	3.429000e-01	1.098479e-06	
301	2.915000e-08	1.200000e+00	3.447000e-01	1.098490e-06	
302	2.925000e-08	1.200000e+00	3.465000e-01	1.098481e-06	
303	2.935000e-08	1.200000e+00	3.483000e-01	1.098491e-06	
304	2.945000e-08	1.200000e+00	3.501000e-01	1.098482e-06	
305	2.955000e-08	1.200000e+00	3.519000e-01	1.098493e-06	
306	2.965000e-08	1.200000e+00	3.537000e-01	1.098484e-06	
307	2.975000e-08	1.200000e+00	3.555000e-01	1.098495e-06	
308	2.985000e-08	1.200000e+00	3.573000e-01	1.098486e-06	
309	2.995000e-08	1.200000e+00	3.591000e-01	1.098497e-06	
310	3.005000e-08	1.200000e+00	3.609000e-01	1.098488e-06	
311	3.015000e-08	1.200000e+00	3.627000e-01	1.098499e-06	
312	3.025000e-08	1.200000e+00	3.645000e-01	1.098491e-06	
313	3.035000e-08	1.200000e+00	3.663000e-01	1.098501e-06	
314	3.045000e-08	1.200000e+00	3.681000e-01	1.098493e-06	
315	3.055000e-08	1.200000e+00	3.699000e-01	1.098504e-06	
316	3.065000e-08	1.200000e+00	3.717000e-01	1.098495e-06	
317	3.075000e-08	1.200000e+00	3.735000e-01	1.098506e-06	
318	3.085000e-08	1.200000e+00	3.753000e-01	1.098497e-06	
319	3.095000e-08	1.200000e+00	3.771000e-01	1.098508e-06	
320	3.105000e-08	1.200000e+00	3.789000e-01	1.098500e-06	
321	3.115000e-08	1.200000e+00	3.807000e-01	1.098510e-06	
322	3.125000e-08	1.200000e+00	3.825000e-01	1.098502e-06	
323	3.135000e-08	1.200000e+00	3.843000e-01	1.098513e-06	
324	3.145000e-08	1.200000e+00	3.861000e-01	1.098505e-06	
325	3.155000e-08	1.200000e+00	3.879000e-01	1.098515e-06	
326	3.165000e-08	1.200000e+00	3.897000e-01	1.098507e-06	
327	3.175000e-08	1.200000e+00	3.915000e-01	1.098518e-06	
328	3.185000e-08	1.200000e+00	3.933000e-01	1.098510e-06	
329	3.195000e-08	1.200000e+00	3.951000e-01	1.098521e-06	
330	3.205000e-08	1.200000e+00	3.969000e-01	1.098513e-06	
331	3.215000e-08	1.200000e+00	3.987000e-01	1.098524e-06	
332	3.225000e-08	1.200000e+00	4.005000e-01	1.098516e-06	
333	3.235000e-08	1.200000e+00	4.023000e-01	1.098527e-06	
334	3.245000e-08	1.200000e+00	4.041000e-01	1.098519e-06	
335	3.255000e-08	1.200000e+00	4.059000e-01	1.098530e-06	
336	3.265000e-08	1.200000e+00	4.077000e-01	1.098522e-06	
337	3.275000e-08	1.200000e+00	4.095000e-01	1.098533e-06	
338	3.285000e-08	1.200000e+00	4.113000e-01	1.098525e-06	
339	3.295000e-08	1.200000e+00	4.131000e-01	1.098536e-06	
340	3.305000e-08	1.200000e+00	4.149000e-01	1.098528e-06	
341	3.315000e-08	1.200000e+00	4.167000e-01	1.098539e-06	
342	3.325000e-08	1.200000e+00	4.185000e-01	1.098532e-06	
343	3.335000e-08	1.200000e+00	4.203000e-01	1.098543e-06	
344	3.345000e-08	1.200000e+00	4.221000e-01	1.098535e-06	
345	3.355000e-08	1.200000e+00	4.239000e-01	1.098547e-06	
346	3.365000e-08	1.200000e+00	4.257000e-01	1.098539e-06	
347	3.375000e-08	1.200000e+00	4.275000e-01	1.098550e-06	
348	3.385000e-08	1.200000e+00	4.293000e-01	1.098543e-06	
349	3.395000e-08	1.200000e+00	4.311000e-01	1.098554e-06	
350	3.405000e-08	1.200000e+00	4.329000e-01	1.098547e-06	
351	3.415000e-08	1.200000e+00	4.347000e-01	1.098558e-06	
352	3.425000e-08	1.200000e+00	4.365000e-01	1.098551e-06	
353	3.435000e-08	1.200000e+00	4.383000e-01	1.098562e-06	
354	3.445000e-08	1.200000e+00	4.401000e-01	1.098555e-06	
355	3.455000e-08	1.200000e+00	4.419000e-01	1.098566e-06	
356	3.465000e-08	1.200000e+00	4.437000e-01	1.098560e-06	
357	3.475000e-08	1.200000e+00	4.455000e-01	1.098571e-06	
358	3.485000e-08	1.200000e+00	4.473000e-01	1.098564e-06	
359	3.495000e-08	1.200000e+00	4.491000e-01	1.098575e-06	
360	3.505000e-08	1.200000e+00	4.509000e-01	1.098569e-06	
361	3.515000e-08	1.200000e+00	4.527000e-01	1.098580e-06	
362	3.525000e-08	1.200000e+00	4.545000e-01	1.098573e-06	
363	3.535000e-08	1.200000e+00	4.563000e-01	1.098585e-06	
364	3.545000e-08	1.200000e+00	4.581000e-01	1.098579e-06	
365	3.555000e-08	1.200000e+00	4.599000e-01	1.098590e-06	
366	3.565000e-08	1.200000e+00	4.617000e-01	1.098584e-06	
367	3.575000e-08	1.200000e+00	4.635000e-01	1.098595e-06	
368	3.585000e-08	1.200000e+00	4.653000e-01	1.098589e-06	
369	3.595000e-08	1.200000e+00	4.671000e-01	1.098601e-06	
370	3.605000e-08	1.200000e+00	4.689000e-01	1.098595e-06	
371	3.615000e-08	1.200000e+00	4.707000e-01	1.098606e-06	
372	3.625000e-08	1.200000e+00	4.725000e-01	1.098600e-06	
373	3.635000e-08	1.200000e+00	4.743000e-01	1.098612e-06	
374	3.645000e-08	1.200000e+00	4.761000e-01	1.098606e-06	
375	3.655000e-08	1.200000e+00	4.779000e-01	1.098618e-06	
376	3.665000e-08	1.200000e+00	4.797000e-01	1.098612e-06	
377	3.675000e-08	1.200000e+00	4.815000e-01	1.098624e-06	
378	3.685000e-08	1.200000e+00	4.833000e-01	1.098618e-06	
379	3.695000e-08	1.200000e+00	4.851000e-01	1.098630e-06	
380	3.705000e-08	1.200000e+00	4.869000e-01	1.098625e-06	
381	3.715000e-08	1.200000e+00	4.887000e-01	1.098637e-06	
382	3.725000e-08	1.200000e+00	4.905000e-01	1.098632e-06	
383	3.735000e-08	1.200000e+00	4.923000e-01	1.098644e-06	
384	3.745000e-08	1.200000e+00	4.941000e-01	1.098639e-06	
385	3.755000e-08	1.200000e+00	4.959000e-01	1.098651e-06	
386	3.765000e-08	1.200000e+00	4.977000e-01	1.098646e-06	
387	3.775000e-08	1.200000e+00	4.995000e-01	1.098658e-06	
388	3.785000e-08	1.200000e+00	5.013000e-01	1.098653e-06	
389	3.795000e-08	1.200000e+00	5.031000e-01	1.098666e-06	
390	3.805000e-08	1.200000e+00	5.049000e-01	1.098661e-06	
391	3.815000e-08	1.200000e+00	5.067000e-01	1.098673e-06	
392	3.825000e-08	1.200000e+00	5.085000e-01	1.098668e-06	
393	3.835000e-08	1.200000e+00	5.103000e-01	1.098681e-06	
394	3.845000e-08	1.200000e+00	5.121000e-01	1.098677e-06	
395	3.855000e-08	1.200000e+00	5.139000e-01	1.098689e-06	
396	3.865000e-08	1.200000e+00	5.157000e-01	1.098685e-06	
397	3.875000e-08	1.200000e+00	5.175000e-01	1.098698e-06	
398	3.885000e-08	1.200000e+00	5.193000e-01	1.098693e-06	
399	3.895000e-08	1.200000e+00	5.211000e-01	1.098706e-06	
400	3.905000e-08	1.200000e+00	5.229000e-01	1.098702e-06	
401	3.915000e-08	1.200000e+00	5.247000e-01	1.098715e-06	
402	3.925000e-08	1.200000e+00	5.265000e-01	1.098711e-06	
403	3.935000e-08	1.200000e+00	5.283000e-01	1.098725e-06	
404	3.945000e-08	1.200000e+00	5.301000e-01	1.098721e-06	
405	3.955000e-08	1.200000e+00	5.319000e-01	1.098734e-06	
406	3.965000e-08	1.200000e+00	5.337000e-01	1.098730e-06	
407	3.975000e-08	1.200000e+00	5.355000e-01	1.098744e-06	
408	3.985000e-08	1.200000e+00	5.373000e-01	1.098740e-06	
409	3.995000e-08	1.200000e+00	5.391000e-01	1.098754e-06	
410	4.005000e-08	1.200000e+00	5.409000e-01	1.098751e-06	
411	4.015000e-08	1.200000e+00	5.427000e-01	1.098764e-06	
412	4.025000e-08	1.200000e+00	5.445000e-01	1.098761e-06	
413	4.035000e-08	1.200000e+00	5.463000e-01	1.098775e-06	
414	4.045000e-08	1.200000e+00	5.481000e-01	1.098772e-06	
415	4.055000e-08	1.200000e+00	5.499000e-01	1.098786e-06	
416	4.065000e-08	1.200000e+00	5.517000e-01	1.098783e-06	
417	4.075000e-08	1.200000e+00	5.535000e-01	1.098797e-06	
418	4.085000e-08	1.200000e+00	5.553000e-01	1.098794e-06	
419	4.095000e-08	1.200000e+00	5.571000e-01	1.098808e-06	
420	4.105000e-08	1.200000e+00	5.589000e-01	1.098806e-06	
421	4.115000e-08	1.200000e+00	5.607000e-01	1.098820e-06	
422	4.125000e-08	1.200000e+00	5.625000e-01	1.098818e-06	
423	4.135000e-08	1.200000e+00	5.643000e-01	1.098832e-06	
424	4.145000e-08	1.200000e+00	5.661000e-01	1.098830e-06	
425	4.155000e-08	1.200000e+00	5.679000e-01	1.098844e-06	
426	4.165000e-08	1.200000e+00	5.697000e-01	1.098842e-06	
427	4.175000e-08	1.200000e+00	5.715000e-01	1.098857e-06	
428	4.185000e-08	1.200000e+00	5.733000e-01	1.098855e-06	
429	4.195000e-08	1.200000e+00	5.751000e-01	1.098870e-06	
430	4.205000e-08	1.200000e+00	5.769000e-01	1.098868e-06	
431	4.215000e-08	1.200000e+00	5.787000e-01	1.098883e-06	
432	4.225000e-08	1.200000e+00	5.805000e-01	1.098881e-06	
433	4.235000e-08	1.200000e+00	5.823000e-01	1.098896e-06	
434	4.245000e-08	1.200000e+00	5.841000e-01	1.098895e-06	
435	4.255000e-08	1.200000e+00	5.859000e-01	1.098910e-06	
436	4.265000e-08	1.200000e+00	5.877000e-01	1.098909e-06	
437	4.275000e-08	1.200000e+00	5.895000e-01	1.098924e-06	
438	4.285000e-08	1.200000e+00	5.913000e-01	1.098923e-06	
439	4.295000e-08	1.200000e+00	5.931000e-01	1.098938e-06	
440	4.305000e-08	1.200000e+00	5.949000e-01	1.098937e-06	
441	4.315000e-08	1.200000e+00	5.967000e-01	1.098952e-06	
442	4.325000e-08	1.200000e+00	5.985000e-01	1.098951e-06	
443	4.335000e-08	1.200000e+00	6.003000e-01	1.098967e-06	
444	4.345000e-08	1.200000e+00	6.021000e-01	1.098966e-06	
445	4.355000e-08	1.200000e+00	6.039000e-01	1.098981e-06	
446	4.365000e-08	1.200000e+00	6.057000e-01	1.098980e-06	
447	4.375000e-08	1.200000e+00	6.075000e-01	1.098996e-06	
448	4.385000e-08	1.200000e+00	6.093000e-01	1.098995e-06	
449	4.395000e-08	1.200000e+00	6.111000e-01	1.099011e-06	
450	4.405000e-08	1.200000e+00	6.129000e-01	1.099010e-06	
451	4.415000e-08	1.200000e+00	6.147000e-01	1.099025e-06	
452	4.425000e-08	1.200000e+00	6.165000e-01	1.099024e-06	
453	4.435000e-08	1.200000e+00	6.183000e-01	1.099040e-06	
454	4.445000e-08	1.200000e+00	6.201000e-01	1.099039e-06	
455	4.455000e-08	1.200000e+00	6.219000e-01	1.099054e-06	
456	4.465000e-08	1.200000e+00	6.237000e-01	1.099054e-06	
457	4.475000e-08	1.200000e+00	6.255000e-01	1.099069e-06	
458	4.485000e-08	1.200000e+00	6.273000e-01	1.099068e-06	
459	4.495000e-08	1.200000e+00	6.291000e-01	1.099083e-06	
460	4.505000e-08	1.200000e+00	6.309000e-01	1.099082e-06	
461	4.515000e-08	1.200000e+00	6.327000e-01	1.099097e-06	
462	4.525000e-08	1.200000e+00	6.345000e-01	1.099096e-06	
463	4.535000e-08	1.200000e+00	6.363000e-01	1.099111e-06	
464	4.545000e-08	1.200000e+00	6.381000e-01	1.099109e-06	
465	4.555000e-08	1.200000e+00	6.399000e-01	1.099124e-06	
466	4.565000e-08	1.200000e+00	6.417000e-01	1.099122e-06	
467	4.575000e-08	1.200000e+00	6.435000e-01	1.099136e-06	
468	4.585000e-08	1.200000e+00	6.453000e-01	1.099134e-06	
469	4.595000e-08	1.200000e+00	6.471000e-01	1.099148e-06	
470	4.605000e-08	1.200000e+00	6.489000e-01	1.099146e-06	
471	4.615000e-08	1.200000e+00	6.507000e-01	1.099159e-06	
472	4.625000e-08	1.200000e+00	6.525000e-01	1.099156e-06	
473	4.635000e-08	1.200000e+00	6.543000e-01	1.099169e-06	
474	4.645000e-08	1.200000e+00	6.561000e-01	1.099165e-06	
475	4.655000e-08	1.200000e+00	6.579000e-01	1.099177e-06	
476	4.665000e-08	1.200000e+00	6.597000e-01	1.099173e-06	
477	4.675000e-08	1.200000e+00	6.615000e-01	1.099185e-06	
478	4.685000e-08	1.200000e+00	6.633000e-01	1.099180e-06	
479	4.695000e-08	1.200000e+00	6.651000e-01	1.099190e-06	
480	4.705000e-08	1.200000e+00	6.669000e-01	1.099185e-06	
481	4.715000e-08	1.200000e+00	6.687000e-01	1.099194e-06	
482	4.725000e-08	1.200000e+00	6.705000e-01	1.099188e-06	
483	4.735000e-08	1.200000e+00	6.723000e-01	1.099196e-06	
484	4.745000e-08	1.200000e+00	6.741000e-01	1.099188e-06	
485	4.755000e-08	1.200000e+00	6.759000e-01	1.099195e-06	
486	4.765000e-08	1.200000e+00	6.777000e-01	1.099186e-06	
487	4.775000e-08	1.200000e+00	6.795000e-01	1.099192e-06	
488	4.785000e-08	1.200000e+00	6.813000e-01	1.099181e-06	
489	4.795000e-08	1.200000e+00	6.831000e-01	1.099185e-06	
490	4.805000e-08	1.200000e+00	6.849000e-01	1.099173e-06	
491	4.815000e-08	1.200000e+00	6.867000e-01	1.099175e-06	
492	4.825000e-08	1.200000e+00	6.885000e-01	1.099161e-06	
493	4.835000e-08	1.200000e+00	6.903000e-01	1.099161e-06	
494	4.845000e-08	1.200000e+00	6.921000e-01	1.099145e-06	
495	4.855000e-08	1.200000e+00	6.939000e-01	1.099143e-06	
496	4.865000e-08	1.200000e+00	6.957000e-01	1.099124e-06	
497	4.875000e-08	1.200000e+00	6.975000e-01	1.099120e-06	
498	4.885000e-08	1.200000e+00	6.993000e-01	1.099098e-06	
499	4.895000e-08	1.200000e+00	7.011000e-01	1.099090e-06	
500	4.905000e-08	1.200000e+00	7.029000e-01	1.099066e-06	
501	4.915000e-08	1.200000e+00	7.047000e-01	1.099055e-06	
502	4.925000e-08	1.200000e+00	7.065000e-01	1.099027e-06	
503	4.935000e-08	1.200000e+00	7.083000e-01	1.099013e-06	
504	4.945000e-08	1.200000e+00	7.101000e-01	1.098981e-06	
505	4.955000e-08	1.200000e+00	7.119000e-01	1.098962e-06	
506	4.965000e-08	1.200000e+00	7.137000e-01	1.098926e-06	
507	4.975000e-08	1.200000e+00	7.155000e-01	1.098903e-06	
508	4.985000e-08	1.200000e+00	7.173000e-01	1.098862e-06	
509	4.995000e-08	1.200000e+00	7.191000e-01	1.098834e-06	
510	5.005000e-08	1.200000e+00	7.209000e-01	1.098788e-06	
511	5.015000e-08	1.200000e+00	7.227000e-01	1.098754e-06	
512	5.025000e-08	1.200000e+00	7.245000e-01	1.098702e-06	
513	5.035000e-08	1.200000e+00	7.263000e-01	1.098663e-06	
514	5.045000e-08	1.200000e+00	7.281000e-01	1.098604e-06	
515	5.055000e-08	1.200000e+00	7.299000e-01	1.098557e-06	
516	5.065000e-08	1.200000e+00	7.317000e-01	1.098491e-06	
517	5.075000e-08	1.200000e+00	7.335000e-01	1.098436e-06	
518	5.085000e-08	1.200000e+00	7.353000e-01	1.098362e-06	
519	5.095000e-08	1.200000e+00	7.371000e-01	1.098299e-06	
520	5.105000e-08	1.200000e+00	7.389000e-01	1.098216e-06	
521	5.115000e-08	1.200000e+00	7.407000e-01	1.098144e-06	
522	5.125000e-08	1.200000e+00	7.425000e-01	1.098050e-06	
523	5.135000e-08	1.200000e+00	7.443000e-01	1.097967e-06	
524	5.145000e-08	1.200000e+00	7.461000e-01	1.097863e-06	
525	5.155000e-08	1.200000e+00	7.479000e-01	1.097768e-06	
526	5.165000e-08	1.200000e+00	7.497000e-01	1.097652e-06	
527	5.175000e-08	1.200000e+00	7.515000e-01	1.097544e-06	
528	5.185000e-08	1.200000e+00	7.533000e-01	1.097414e-06	
529	5.195000e-08	1.200000e+00	7.551000e-01	1.097292e-06	
530	5.205000e-08	1.200000e+00	7.569000e-01	1.097146e-06	
531	5.215000e-08	1.200000e+00	7.587000e-01	1.097008e-06	
532	5.225000e-08	1.200000e+00	7.605000e-01	1.096846e-06	
533	5.235000e-08	1.200000e+00	7.623000e-01	1.096691e-06	
534	5.245000e-08	1.200000e+00	7.641000e-01	1.096510e-06	
535	5.255000e-08	1.200000e+00	7.659000e-01	1.096336e-06	
536	5.265000e-08	1.200000e+00	7.677000e-01	1.096135e-06	
537	5.275000e-08	1.200000e+00	7.695000e-01	1.095938e-06	
538	5.285000e-08	1.200000e+00	7.713000e-01	1.095715e-06	
539	5.295000e-08	1.200000e+00	7.731000e-01	1.095494e-06	
540	5.305000e-08	1.200000e+00	7.749000e-01	1.095246e-06	
541	5.315000e-08	1.200000e+00	7.767000e-01	1.094999e-06	
542	5.325000e-08	1.200000e+00	7.785000e-01	1.094723e-06	
543	5.335000e-08	1.200000e+00	7.803000e-01	1.094447e-06	
544	5.345000e-08	1.200000e+00	7.821000e-01	1.094141e-06	
545	5.355000e-08	1.200000e+00	7.839000e-01	1.093833e-06	
546	5.365000e-08	1.200000e+00	7.857000e-01	1.093493e-06	
547	5.375000e-08	1.200000e+00	7.875000e-01	1.093150e-06	
548	5.385000e-08	1.200000e+00	7.893000e-01	1.092772e-06	
549	5.395000e-08	1.200000e+00	7.911000e-01	1.092390e-06	
550	5.405000e-08	1.200000e+00	7.929000e-01	1.091971e-06	
551	5.415000e-08	1.200000e+00	7.947000e-01	1.091546e-06	
552	5.425000e-08	1.200000e+00	7.965000e-01	1.091082e-06	
553	5.435000e-08	1.200000e+00	7.983000e-01	1.090609e-06	
554	5.445000e-08	1.200000e+00	8.001000e-01	1.090095e-06	
555	5.455000e-08	1.200000e+00	8.019000e-01	1.089570e-06	
556	5.465000e-08	1.200000e+00	8.037000e-01	1.089001e-06	
557	5.475000e-08	1.200000e+00	8.055000e-01	1.088418e-06	
558	5.485000e-08	1.200000e+00	8.073000e-01	1.087788e-06	
559	5.495000e-08	1.200000e+00	8.091000e-01	1.087141e-06	
560	5.505000e-08	1.200000e+00	8.109000e-01	1.086444e-06	
561	5.515000e-08	1.200000e+00	8.127000e-01	1.085726e-06	
562	5.525000e-08	1.200000e+00	8.145000e-01	1.084955e-06	
563	5.535000e-08	1.200000e+00	8.163000e-01	1.084160e-06	
564	5.545000e-08	1.200000e+00	8.181000e-01	1.083308e-06	
565	5.555000e-08	1.200000e+00	8.199000e-01	1.082428e-06	
566	5.565000e-08	1.200000e+00	8.217000e-01	1.081486e-06	
567	5.575000e-08	1.200000e+00	8.235000e-01	1.080511e-06	
568	5.585000e-08	1.200000e+00	8.253000e-01	1.079471e-06	
569	5.595000e-08	1.200000e+00	8.271000e-01	1.078392e-06	
570	5.605000e-08	1.200000e+00	8.289000e-01	1.077243e-06	
571	5.615000e-08	1.200000e+00	8.307000e-01	1.076051e-06	
572	5.625000e-08	1.200000e+00	8.325000e-01	1.074782e-06	
573	5.635000e-08	1.200000e+00	8.343000e-01	1.073464e-06	
574	5.645000e-08	1.200000e+00	8.361000e-01	1.072064e-06	
575	5.655000e-08	1.200000e+00	8.379000e-01	1.070608e-06	
576	5.665000e-08	1.200000e+00	8.397000e-01	1.069063e-06	
577	5.675000e-08	1.200000e+00	8.415000e-01	1.067456e-06	
578	5.685000e-08	1.200000e+00	8.433000e-01	1.065751e-06	
579	5.695000e-08	1.200000e+00	8.451000e-01	1.063977e-06	
580	5.705000e-08	1.200000e+00	8.469000e-01	1.062097e-06	
581	5.715000e-08	1.200000e+00	8.487000e-01	1.060139e-06	
582	5.725000e-08	1.200000e+00	8.505000e-01	1.058068e-06	
583	5.735000e-08	1.200000e+00	8.523000e-01	1.055908e-06	
584	5.745000e-08	1.200000e+00	8.541000e-01	1.053625e-06	
585	5.755000e-08	1.200000e+00	8.559000e-01	1.051244e-06	
586	5.765000e-08	1.200000e+00	8.577000e-01	1.048729e-06	
587	5.775000e-08	1.200000e+00	8.595000e-01	1.046105e-06	
588	5.785000e-08	1.200000e+00	8.613000e-01	1.043336e-06	
589	5.795000e-08	1.200000e+00	8.631000e-01	1.040445e-06	
590	5.805000e-08	1.200000e+00	8.649000e-01	1.037396e-06	
591	5.815000e-08	1.200000e+00	8.667000e-01	1.034213e-06	
592	5.825000e-08	1.200000e+00	8.685000e-01	1.030857e-06	
593	5.835000e-08	1.200000e+00	8.703000e-01	1.027352e-06	
594	5.845000e-08	1.200000e+00	8.721000e-01	1.023661e-06	
595	5.855000e-08	1.200000e+00	8.739000e-01	1.019804e-06	
596	5.865000e-08	1.200000e+00	8.757000e-01	1.015744e-06	
597	5.875000e-08	1.200000e+00	8.775000e-01	1.011502e-06	
598	5.885000e-08	1.200000e+00	8.793000e-01	1.007038e-06	
599	5.895000e-08	1.200000e+00	8.811000e-01	1.002374e-06	
600	5.905000e-08	1.200000e+00	8.829000e-01	9.974685e-07	
601	5.915000e-08	1.200000e+00	8.847000e-01	9.923419e-07	
602	5.925000e-08	1.200000e+00	8.865000e-01	9.869523e-07	
603	5.935000e-08	1.200000e+00	8.883000e-01	9.813197e-07	
604	5.945000e-08	1.200000e+00	8.901000e-01	9.754009e-07	
605	5.955000e-08	1.200000e+00	8.919000e-01	9.692149e-07	
606	5.965000e-08	1.200000e+00	8.937000e-01	9.627173e-07	
607	5.975000e-08	1.200000e+00	8.955000e-01	9.559261e-07	
608	5.985000e-08	1.200000e+00	8.973000e-01	9.487960e-07	
609	5.995000e-08	1.200000e+00	8.991000e-01	9.413437e-07	
610	6.005000e-08	1.200000e+00	9.009000e-01	9.335226e-07	
611	6.015000e-08	1.200000e+00	9.027000e-01	9.253482e-07	
612	6.025000e-08	1.200000e+00	9.045000e-01	9.167727e-07	
613	6.035000e-08	1.200000e+00	9.063000e-01	9.078101e-07	
614	6.045000e-08	1.200000e+00	9.081000e-01	8.984113e-07	
615	6.055000e-08	1.200000e+00	9.099000e-01	8.885889e-07	
616	6.065000e-08	1.200000e+00	9.117000e-01	8.782922e-07	
617	6.075000e-08	1.200000e+00	9.135000e-01	8.675324e-07	
618	6.085000e-08	1.200000e+00	9.153000e-01	8.562570e-07	
619	6.095000e-08	1.200000e+00	9.171000e-01	8.444756e-07	
620	6.105000e-08	1.200000e+00	9.189000e-01	8.321341e-07	
621	6.115000e-08	1.200000e+00	9.207000e-01	8.192402e-07	
622	6.125000e-08	1.200000e+00	9.225000e-01	8.057379e-07	
623	6.135000e-08	1.200000e+00	9.243000e-01	7.916331e-07	
624	6.145000e-08	1.200000e+00	9.261000e-01	7.768679e-07	
625	6.155000e-08	1.200000e+00	9.279000e-01	7.614460e-07	
626	6.165000e-08	1.200000e+00	9.297000e-01	7.453074e-07	
627	6.175000e-08	1.200000e+00	9.315000e-01	7.284538e-07	
628	6.185000e-08	1.200000e+00	9.333000e-01	7.108227e-07	
629	6.195000e-08	1.200000e+00	9.351000e-01	6.924136e-07	
630	6.205000e-08	1.200000e+00	9.369000e-01	6.731616e-07	
631	6.215000e-08	1.200000e+00	9.387000e-01	6.530637e-07	
632	6.225000e-08	1.200000e+00	9.405000e-01	6.320524e-07	
633	6.235000e-08	1.200000e+00	9.423000e-01	6.101220e-07	
634	6.245000e-08	1.200000e+00	9.441000e-01	5.872025e-07	
635	6.255000e-08	1.200000e+00	9.459000e-01	5.632852e-07	
636	6.265000e-08	1.200000e+00	9.477000e-01	5.382972e-07	
637	6.275000e-08	1.200000e+00	9.495000e-01	5.122268e-07	
638	6.285000e-08	1.200000e+00	9.513000e-01	4.849979e-07	
639	6.295000e-08	1.200000e+00	9.531000e-01	4.565957e-07	
640	6.305000e-08	1.200000e+00	9.549000e-01	4.269409e-07	
641	6.315000e-08	1.200000e+00	9.567000e-01	3.960151e-07	
642	6.325000e-08	1.200000e+00	9.585000e-01	3.898517e-07	
643	6.335000e-08	1.200000e+00	9.603000e-01	3.652898e-07	
644	6.345000e-08	1.200000e+00	9.621000e-01	3.257878e-07	
645	6.355000e-08	1.200000e+00	9.639000e-01	2.849697e-07	
646	6.365000e-08	1.200000e+00	9.657000e-01	2.431862e-07	
647	6.375000e-08	1.200000e+00	9.675000e-01	2.007282e-07	
648	6.385000e-08	1.200000e+00	9.693000e-01	1.572575e-07	
649	6.395000e-08	1.200000e+00	9.711000e-01	1.126413e-07	
650	6.405000e-08	1.200000e+00	9.729000e-01	6.662960e-08	
651	6.415000e-08	1.200000e+00	9.747000e-01	1.911694e-08	
652	6.425000e-08	1.200000e+00	9.765000e-01	-3.15563e-08	
653	6.435000e-08	1.200000e+00	9.783000e-01	-8.35328e-08	
654	6.445000e-08	1.200000e+00	9.801000e-01	-1.36563e-07	
655	6.455000e-08	1.200000e+00	9.819000e-01	-1.91626e-07	
656	6.465000e-08	1.200000e+00	9.837000e-01	-2.48866e-07	
657	6.475000e-08	1.200000e+00	9.855000e-01	-3.08332e-07	
658	6.485000e-08	1.200000e+00	9.873000e-01	-3.70187e-07	
659	6.495000e-08	1.200000e+00	9.891000e-01	-4.34470e-07	
660	6.505000e-08	1.200000e+00	9.909000e-01	-5.01344e-07	
661	6.515000e-08	1.200000e+00	9.927000e-01	-5.70850e-07	
662	6.525000e-08	1.200000e+00	9.945000e-01	-6.43150e-07	
663	6.535000e-08	1.200000e+00	9.963000e-01	-7.18289e-07	
664	6.545000e-08	1.200000e+00	9.981000e-01	-7.96433e-07	
665	6.555000e-08	1.200000e+00	9.999000e-01	-8.77630e-07	
666	6.565000e-08	1.200000e+00	1.001700e+00	-9.62053e-07	
667	6.575000e-08	1.200000e+00	1.003500e+00	-1.04976e-06	
668	6.585000e-08	1.200000e+00	1.005300e+00	-1.14091e-06	
669	6.595000e-08	1.200000e+00	1.007100e+00	-1.23559e-06	
670	6.605000e-08	1.200000e+00	1.008900e+00	-1.33396e-06	
671	6.615000e-08	1.200000e+00	1.010700e+00	-1.43610e-06	
672	6.625000e-08	1.200000e+00	1.012500e+00	-1.54219e-06	
673	6.635000e-08	1.200000e+00	1.014300e+00	-1.65231e-06	
674	6.645000e-08	1.200000e+00	1.016100e+00	-1.76665e-06	
675	6.655000e-08	1.200000e+00	1.017900e+00	-1.88530e-06	
676	6.665000e-08	1.200000e+00	1.019700e+00	-2.00846e-06	
677	6.675000e-08	1.200000e+00	1.021500e+00	-2.13621e-06	
678	6.685000e-08	1.200000e+00	1.023300e+00	-2.26877e-06	
679	6.695000e-08	1.200000e+00	1.025100e+00	-2.40623e-06	
680	6.705000e-08	1.200000e+00	1.026900e+00	-2.54881e-06	
681	6.715000e-08	1.200000e+00	1.028700e+00	-2.69661e-06	
682	6.725000e-08	1.200000e+00	1.030500e+00	-2.84986e-06	
683	6.735000e-08	1.200000e+00	1.032300e+00	-3.00866e-06	
684	6.745000e-08	1.200000e+00	1.034100e+00	-3.17326e-06	
685	6.755000e-08	1.200000e+00	1.035900e+00	-3.34375e-06	
686	6.765000e-08	1.200000e+00	1.037700e+00	-3.52040e-06	
687	6.775000e-08	1.200000e+00	1.039500e+00	-3.70331e-06	
688	6.785000e-08	1.200000e+00	1.041300e+00	-3.89275e-06	
689	6.795000e-08	1.200000e+00	1.043100e+00	-4.08883e-06	
690	6.805000e-08	1.200000e+00	1.044900e+00	-4.29182e-06	
691	6.815000e-08	1.200000e+00	1.046700e+00	-4.50185e-06	
692	6.825000e-08	1.200000e+00	1.048500e+00	-4.71919e-06	
693	6.835000e-08	1.200000e+00	1.050300e+00	-4.94398e-06	
694	6.845000e-08	1.200000e+00	1.052100e+00	-5.17649e-06	
695	6.855000e-08	1.200000e+00	1.053900e+00	-5.41688e-06	
696	6.865000e-08	1.200000e+00	1.055700e+00	-5.66542e-06	
697	6.875000e-08	1.200000e+00	1.057500e+00	-5.92227e-06	
698	6.885000e-08	1.200000e+00	1.059300e+00	-6.18772e-06	
699	6.895000e-08	1.200000e+00	1.061100e+00	-6.46193e-06	
700	6.905000e-08	1.200000e+00	1.062900e+00	-6.74521e-06	
701	6.915000e-08	1.200000e+00	1.064700e+00	-7.03771e-06	
702	6.925000e-08	1.200000e+00	1.066500e+00	-7.33975e-06	
703	6.935000e-08	1.200000e+00	1.068300e+00	-7.65150e-06	
704	6.945000e-08	1.200000e+00	1.070100e+00	-7.97328e-06	
705	6.955000e-08	1.200000e+00	1.071900e+00	-8.30528e-06	
706	6.965000e-08	1.200000e+00	1.073700e+00	-8.64782e-06	
707	6.975000e-08	1.200000e+00	1.075500e+00	-9.00111e-06	
708	6.985000e-08	1.200000e+00	1.077300e+00	-9.36547e-06	
709	6.995000e-08	1.200000e+00	1.079100e+00	-9.74111e-06	
710	7.005000e-08	1.200000e+00	1.080900e+00	-1.01284e-05	
711	7.015000e-08	1.200000e+00	1.082700e+00	-1.05275e-05	
712	7.025000e-08	1.200000e+00	1.084500e+00	-1.09389e-05	
713	7.035000e-08	1.200000e+00	1.086300e+00	-1.13628e-05	
714	7.045000e-08	1.200000e+00	1.088100e+00	-1.17994e-05	
715	7.055000e-08	1.200000e+00	1.089900e+00	-1.22493e-05	
716	7.065000e-08	1.200000e+00	1.091700e+00	-1.27126e-05	
717	7.075000e-08	1.200000e+00	1.093500e+00	-1.31897e-05	
718	7.085000e-08	1.200000e+00	1.095300e+00	-1.36811e-05	
719	7.095000e-08	1.200000e+00	1.097100e+00	-1.41871e-05	
720	7.105000e-08	1.200000e+00	1.098900e+00	-1.47080e-05	
721	7.115000e-08	1.200000e+00	1.100700e+00	-1.52444e-05	
722	7.125000e-08	1.200000e+00	1.102500e+00	-1.57967e-05	
723	7.135000e-08	1.200000e+00	1.104300e+00	-1.63653e-05	
724	7.145000e-08	1.200000e+00	1.106100e+00	-1.69507e-05	
725	7.155000e-08	1.200000e+00	1.107900e+00	-1.75534e-05	
726	7.165000e-08	1.200000e+00	1.109700e+00	-1.81741e-05	
727	7.175000e-08	1.200000e+00	1.111500e+00	-1.88132e-05	
728	7.185000e-08	1.200000e+00	1.113300e+00	-1.94715e-05	
729	7.195000e-08	1.200000e+00	1.115100e+00	-2.01495e-05	
730	7.205000e-08	1.200000e+00	1.116900e+00	-2.08481e-05	
731	7.215000e-08	1.200000e+00	1.118700e+00	-2.15678e-05	
732	7.225000e-08	1.200000e+00	1.120500e+00	-2.23097e-05	
733	7.235000e-08	1.200000e+00	1.122300e+00	-2.30746e-05	
734	7.245000e-08	1.200000e+00	1.124100e+00	-2.38634e-05	
735	7.255000e-08	1.200000e+00	1.125900e+00	-2.46771e-05	
736	7.265000e-08	1.200000e+00	1.127700e+00	-2.55168e-05	
737	7.275000e-08	1.200000e+00	1.129500e+00	-2.63838e-05	
738	7.285000e-08	1.200000e+00	1.131300e+00	-2.72794e-05	
739	7.295000e-08	1.200000e+00	1.133100e+00	-2.82048e-05	
740	7.305000e-08	1.200000e+00	1.134900e+00	-2.91618e-05	
741	7.315000e-08	1.200000e+00	1.136700e+00	-3.01519e-05	
742	7.325000e-08	1.200000e+00	1.138500e+00	-3.11770e-05	
743	7.335000e-08	1.200000e+00	1.140300e+00	-3.22389e-05	
744	7.345000e-08	1.200000e+00	1.142100e+00	-3.33400e-05	
745	7.355000e-08	1.200000e+00	1.143900e+00	-3.44825e-05	
746	7.365000e-08	1.200000e+00	1.145700e+00	-3.56691e-05	
747	7.375000e-08	1.200000e+00	1.147500e+00	-3.69026e-05	
748	7.385000e-08	1.200000e+00	1.149300e+00	-3.81861e-05	
749	7.395000e-08	1.200000e+00	1.151100e+00	-3.95231e-05	
750	7.405000e-08	1.200000e+00	1.152900e+00	-4.09174e-05	
751	7.415000e-08	1.200000e+00	1.154700e+00	-4.23732e-05	
752	7.425000e-08	1.200000e+00	1.156500e+00	-4.38952e-05	
753	7.435000e-08	1.200000e+00	1.158300e+00	-4.54886e-05	
754	7.445000e-08	1.200000e+00	1.160100e+00	-4.71592e-05	
755	7.455000e-08	1.200000e+00	1.161900e+00	-4.89134e-05	
756	7.465000e-08	1.200000e+00	1.163700e+00	-5.07584e-05	
757	7.475000e-08	1.200000e+00	1.165500e+00	-5.27022e-05	
758	7.485000e-08	1.200000e+00	1.167300e+00	-5.47539e-05	
759	7.495000e-08	1.200000e+00	1.169100e+00	-5.69235e-05	
760	7.505000e-08	1.200000e+00	1.170900e+00	-5.92224e-05	
761	7.515000e-08	1.200000e+00	1.172700e+00	-6.16635e-05	
762	7.525000e-08	1.200000e+00	1.174500e+00	-6.42611e-05	
763	7.535000e-08	1.200000e+00	1.176300e+00	-6.70315e-05	
764	7.545000e-08	1.200000e+00	1.178100e+00	-6.99930e-05	
765	7.555000e-08	1.200000e+00	1.179900e+00	-7.31663e-05	
766	7.565000e-08	1.200000e+00	1.181700e+00	-7.65745e-05	
767	7.575000e-08	1.200000e+00	1.183500e+00	-8.02437e-05	
768	7.585000e-08	1.200000e+00	1.185300e+00	-8.42029e-05	
769	7.595000e-08	1.200000e+00	1.187100e+00	-8.84842e-05	
770	7.605000e-08	1.200000e+00	1.188900e+00	-9.31229e-05	
771	7.615000e-08	1.200000e+00	1.190700e+00	-9.81572e-05	
772	7.625000e-08	1.200000e+00	1.192500e+00	-1.03628e-04	
773	7.635000e-08	1.200000e+00	1.194300e+00	-1.09577e-04	
774	7.645000e-08	1.200000e+00	1.196100e+00	-1.16045e-04	
775	7.655000e-08	1.200000e+00	1.197900e+00	-1.23074e-04	
776	7.665000e-08	1.200000e+00	1.199700e+00	-1.30697e-04	
777	7.675000e-08	1.200000e+00	1.201500e+00	-1.38940e-04	
778	7.685000e-08	1.200000e+00	1.203300e+00	-1.47816e-04	
779	7.695000e-08	1.200000e+00	1.205100e+00	-1.57324e-04	
780	7.705000e-08	1.200000e+00	1.206900e+00	-1.67443e-04	
781	7.715000e-08	1.200000e+00	1.208700e+00	-1.78134e-04	
782	7.725000e-08	1.200000e+00	1.210500e+00	-1.89341e-04	
783	7.735000e-08	1.200000e+00	1.212300e+00	-2.00990e-04	
784	7.745000e-08	1.200000e+00	1.214100e+00	-2.12999e-04	
785	7.755000e-08	1.200000e+00	1.215900e+00	-2.25277e-04	
786	7.765000e-08	1.200000e+00	1.217700e+00	-2.37730e-04	
787	7.775000e-08	1.200000e+00	1.219500e+00	-2.50261e-04	
788	7.785000e-08	1.200000e+00	1.221300e+00	-2.62768e-04	
789	7.795000e-08	1.200000e+00	1.223100e+00	-2.75143e-04	
790	7.805000e-08	1.200000e+00	1.224900e+00	-2.87268e-04	
791	7.815000e-08	1.200000e+00	1.226700e+00	-2.99003e-04	
792	7.825000e-08	1.200000e+00	1.228500e+00	-3.10184e-04	
793	7.835000e-08	1.200000e+00	1.230300e+00	-3.20603e-04	
794	7.845000e-08	1.200000e+00	1.232100e+00	-3.30002e-04	
795	7.855000e-08	1.200000e+00	1.233900e+00	-3.38046e-04	
796	7.865000e-08	1.200000e+00	1.235700e+00	-3.44307e-04	
797	7.875000e-08	1.200000e+00	1.237500e+00	-3.48225e-04	
798	7.885000e-08	1.200000e+00	1.239300e+00	-3.49074e-04	
799	7.895000e-08	1.200000e+00	1.241100e+00	-3.45905e-04	
800	7.905000e-08	1.200000e+00	1.242900e+00	-3.37474e-04	
801	7.915000e-08	1.200000e+00	1.244700e+00	-3.22147e-04	
802	7.925000e-08	1.200000e+00	1.246500e+00	-2.97776e-04	
803	7.935000e-08	1.200000e+00	1.248300e+00	-2.61517e-04	
804	7.945000e-08	1.200000e+00	1.250100e+00	-2.09602e-04	
805	7.955000e-08	1.200000e+00	1.251900e+00	-1.37010e-04	
806	7.965000e-08	1.200000e+00	1.253700e+00	-3.70241e-05	
807	7.975000e-08	1.200000e+00	1.255500e+00	9.427919e-05	
808	7.985000e-08	1.200000e+00	1.257300e+00	2.741447e-04	
809	7.995000e-08	1.200000e+00	1.259100e+00	5.199927e-04	
810	8.005000e-08	1.200000e+00	1.260900e+00	8.521253e-04	
811	8.015000e-08	1.200000e+00	1.262700e+00	1.300365e-03	
812	8.025000e-08	1.200000e+00	1.264500e+00	1.905527e-03	
813	8.035000e-08	1.200000e+00	1.266300e+00	2.723144e-03	
814	8.045000e-08	1.200000e+00	1.268100e+00	3.828484e-03	
815	8.055000e-08	1.200000e+00	1.269900e+00	5.322748e-03	
816	8.065000e-08	1.200000e+00	1.271700e+00	7.340100e-03	
817	8.075000e-08	1.200000e+00	1.273500e+00	1.005991e-02	
818	8.085000e-08	1.200000e+00	1.275300e+00	1.372105e-02	
819	8.095000e-08	1.200000e+00	1.277100e+00	1.864440e-02	
820	8.105000e-08	1.200000e+00	1.278900e+00	2.527891e-02	
821	8.115000e-08	1.200000e+00	1.280700e+00	3.429061e-02	
822	8.125000e-08	1.200000e+00	1.282500e+00	4.674613e-02	
823	8.135000e-08	1.200000e+00	1.284300e+00	6.452862e-02	
824	8.145000e-08	1.200000e+00	1.286100e+00	9.049298e-02	
825	8.155000e-08	1.200000e+00	1.287900e+00	1.276322e-01	
826	8.165000e-08	1.200000e+00	1.289700e+00	1.777289e-01	
827	8.175000e-08	1.200000e+00	1.291500e+00	2.408292e-01	
828	8.185000e-08	1.200000e+00	1.293300e+00	3.158471e-01	
829	8.195000e-08	1.200000e+00	1.295100e+00	4.012755e-01	
830	8.205000e-08	1.200000e+00	1.296900e+00	4.954139e-01	
831	8.215000e-08	1.200000e+00	1.298700e+00	5.964303e-01	
832	8.225000e-08	1.200000e+00	1.300500e+00	7.024373e-01	
833	8.235000e-08	1.200000e+00	1.302300e+00	8.115949e-01	
834	8.245000e-08	1.200000e+00	1.304100e+00	9.222061e-01	
835	8.255000e-08	1.200000e+00	1.305900e+00	1.032803e+00	
836	8.265000e-08	1.200000e+00	1.307700e+00	1.142184e+00	
837	8.275000e-08	1.200000e+00	1.309500e+00	1.249393e+00	
838	8.285000e-08	1.200000e+00	1.311300e+00	1.353597e+00	
839	8.295000e-08	1.200000e+00	1.313100e+00	1.453650e+00	
840	8.305000e-08	1.200000e+00	1.314900e+00	1.545763e+00	
841	8.315000e-08	1.200000e+00	1.316700e+00	1.619531e+00	
842	8.325000e-08	1.200000e+00	1.318500e+00	1.666856e+00	
843	8.335000e-08	1.200000e+00	1.320300e+00	1.694829e+00	
844	8.345000e-08	1.200000e+00	1.322100e+00	1.713022e+00	
845	8.355000e-08	1.200000e+00	1.323900e+00	1.725883e+00	
846	8.365000e-08	1.200000e+00	1.325700e+00	1.736181e+00	
847	8.375000e-08	1.200000e+00	1.327500e+00	1.744649e+00	
848	8.385000e-08	1.200000e+00	1.329300e+00	1.751655e+00	
849	8.395000e-08	1.200000e+00	1.331100e+00	1.757459e+00	
850	8.405000e-08	1.200000e+00	1.332900e+00	1.762278e+00	
851	8.415000e-08	1.200000e+00	1.334700e+00	1.766294e+00	
852	8.425000e-08	1.200000e+00	1.336500e+00	1.769656e+00	
853	8.435000e-08	1.200000e+00	1.338300e+00	1.772486e+00	
854	8.445000e-08	1.200000e+00	1.340100e+00	1.774884e+00	
855	8.455000e-08	1.200000e+00	1.341900e+00	1.776931e+00	
856	8.465000e-08	1.200000e+00	1.343700e+00	1.778691e+00	
857	8.475000e-08	1.200000e+00	1.345500e+00	1.780215e+00	
858	8.485000e-08	1.200000e+00	1.347300e+00	1.781544e+00	
859	8.495000e-08	1.200000e+00	1.349100e+00	1.782710e+00	
860	8.505000e-08	1.200000e+00	1.350900e+00	1.783741e+00	
861	8.515000e-08	1.200000e+00	1.352700e+00	1.784657e+00	
862	8.525000e-08	1.200000e+00	1.354500e+00	1.785475e+00	
863	8.535000e-08	1.200000e+00	1.356300e+00	1.786210e+00	
864	8.545000e-08	1.200000e+00	1.358100e+00	1.786873e+00	
865	8.555000e-08	1.200000e+00	1.359900e+00	1.787475e+00	
866	8.565000e-08	1.200000e+00	1.361700e+00	1.788023e+00	
867	8.575000e-08	1.200000e+00	1.363500e+00	1.788525e+00	
868	8.585000e-08	1.200000e+00	1.365300e+00	1.788984e+00	
869	8.595000e-08	1.200000e+00	1.367100e+00	1.789405e+00	
870	8.605000e-08	1.200000e+00	1.368900e+00	1.789791e+00	
871	8.615000e-08	1.200000e+00	1.370700e+00	1.790149e+00	
872	8.625000e-08	1.200000e+00	1.372500e+00	1.790489e+00	
873	8.635000e-08	1.200000e+00	1.374300e+00	1.790821e+00	
874	8.645000e-08	1.200000e+00	1.376100e+00	1.791147e+00	
875	8.655000e-08	1.200000e+00	1.377900e+00	1.791468e+00	
876	8.665000e-08	1.200000e+00	1.379700e+00	1.791780e+00	
877	8.675000e-08	1.200000e+00	1.381500e+00	1.792080e+00	
878	8.685000e-08	1.200000e+00	1.383300e+00	1.792366e+00	
879	8.695000e-08	1.200000e+00	1.385100e+00	1.792637e+00	
880	8.705000e-08	1.200000e+00	1.386900e+00	1.792891e+00	
881	8.715000e-08	1.200000e+00	1.388700e+00	1.793129e+00	
882	8.725000e-08	1.200000e+00	1.390500e+00	1.793352e+00	
883	8.735000e-08	1.200000e+00	1.392300e+00	1.793560e+00	
884	8.745000e-08	1.200000e+00	1.394100e+00	1.793754e+00	
885	8.755000e-08	1.200000e+00	1.395900e+00	1.793936e+00	
886	8.765000e-08	1.200000e+00	1.397700e+00	1.794107e+00	
887	8.775000e-08	1.200000e+00	1.399500e+00	1.794267e+00	
888	8.785000e-08	1.200000e+00	1.401300e+00	1.794419e+00	
889	8.795000e-08	1.200000e+00	1.403100e+00	1.794562e+00	
890	8.805000e-08	1.200000e+00	1.404900e+00	1.794697e+00	
891	8.815000e-08	1.200000e+00	1.406700e+00	1.794825e+00	
892	8.825000e-08	1.200000e+00	1.408500e+00	1.794947e+00	
893	8.835000e-08	1.200000e+00	1.410300e+00	1.795063e+00	
894	8.845000e-08	1.200000e+00	1.412100e+00	1.795174e+00	
895	8.855000e-08	1.200000e+00	1.413900e+00	1.795280e+00	
896	8.865000e-08	1.200000e+00	1.415700e+00	1.795381e+00	
897	8.875000e-08	1.200000e+00	1.417500e+00	1.795477e+00	
898	8.885000e-08	1.200000e+00	1.419300e+00	1.795570e+00	
899	8.895000e-08	1.200000e+00	1.421100e+00	1.795659e+00	
900	8.905000e-08	1.200000e+00	1.422900e+00	1.795744e+00	
901	8.915000e-08	1.200000e+00	1.424700e+00	1.795826e+00	
902	8.925000e-08	1.200000e+00	1.426500e+00	1.795905e+00	
903	8.935000e-08	1.200000e+00	1.428300e+00	1.795980e+00	
904	8.945000e-08	1.200000e+00	1.430100e+00	1.796053e+00	
905	8.955000e-08	1.200000e+00	1.431900e+00	1.796124e+00	
906	8.965000e-08	1.200000e+00	1.433700e+00	1.796192e+00	
907	8.975000e-08	1.200000e+00	1.435500e+00	1.796257e+00	
908	8.985000e-08	1.200000e+00	1.437300e+00	1.796321e+00	
909	8.995000e-08	1.200000e+00	1.439100e+00	1.796382e+00	
910	9.005000e-08	1.200000e+00	1.440900e+00	1.796441e+00	
911	9.015000e-08	1.200000e+00	1.442700e+00	1.796498e+00	
912	9.025000e-08	1.200000e+00	1.444500e+00	1.796553e+00	
913	9.035000e-08	1.200000e+00	1.446300e+00	1.796607e+00	
914	9.045000e-08	1.200000e+00	1.448100e+00	1.796659e+00	
915	9.055000e-08	1.200000e+00	1.449900e+00	1.796709e+00	
916	9.065000e-08	1.200000e+00	1.451700e+00	1.796758e+00	
917	9.075000e-08	1.200000e+00	1.453500e+00	1.796805e+00	
918	9.085000e-08	1.200000e+00	1.455300e+00	1.796851e+00	
919	9.095000e-08	1.200000e+00	1.457100e+00	1.796896e+00	
920	9.105000e-08	1.200000e+00	1.458900e+00	1.796939e+00	
921	9.115000e-08	1.200000e+00	1.460700e+00	1.796982e+00	
922	9.125000e-08	1.200000e+00	1.462500e+00	1.797023e+00	
923	9.135000e-08	1.200000e+00	1.464300e+00	1.797062e+00	
924	9.145000e-08	1.200000e+00	1.466100e+00	1.797101e+00	
925	9.155000e-08	1.200000e+00	1.467900e+00	1.797139e+00	
926	9.165000e-08	1.200000e+00	1.469700e+00	1.797176e+00	
927	9.175000e-08	1.200000e+00	1.471500e+00	1.797211e+00	
928	9.185000e-08	1.200000e+00	1.473300e+00	1.797246e+00	
929	9.195000e-08	1.200000e+00	1.475100e+00	1.797280e+00	
930	9.205000e-08	1.200000e+00	1.476900e+00	1.797313e+00	
931	9.215000e-08	1.200000e+00	1.478700e+00	1.797346e+00	
932	9.225000e-08	1.200000e+00	1.480500e+00	1.797377e+00	
933	9.235000e-08	1.200000e+00	1.482300e+00	1.797408e+00	
934	9.245000e-08	1.200000e+00	1.484100e+00	1.797438e+00	
935	9.255000e-08	1.200000e+00	1.485900e+00	1.797467e+00	
936	9.265000e-08	1.200000e+00	1.487700e+00	1.797496e+00	
937	9.275000e-08	1.200000e+00	1.489500e+00	1.797524e+00	
938	9.285000e-08	1.200000e+00	1.491300e+00	1.797551e+00	
939	9.295000e-08	1.200000e+00	1.493100e+00	1.797578e+00	
940	9.305000e-08	1.200000e+00	1.494900e+00	1.797604e+00	
941	9.315000e-08	1.200000e+00	1.496700e+00	1.797630e+00	
942	9.325000e-08	1.200000e+00	1.498500e+00	1.797655e+00	
943	9.335000e-08	1.200000e+00	1.500300e+00	1.797679e+00	
944	9.345000e-08	1.200000e+00	1.502100e+00	1.797703e+00	
945	9.355000e-08	1.200000e+00	1.503900e+00	1.797726e+00	
946	9.365000e-08	1.200000e+00	1.505700e+00	1.797749e+00	
947	9.375000e-08	1.200000e+00	1.507500e+00	1.797772e+00	
948	9.385000e-08	1.200000e+00	1.509300e+00	1.797794e+00	
949	9.395000e-08	1.200000e+00	1.511100e+00	1.797815e+00	
950	9.405000e-08	1.200000e+00	1.512900e+00	1.797836e+00	
951	9.415000e-08	1.200000e+00	1.514700e+00	1.797857e+00	
952	9.425000e-08	1.200000e+00	1.516500e+00	1.797877e+00	
953	9.435000e-08	1.200000e+00	1.518300e+00	1.797897e+00	
954	9.445000e-08	1.200000e+00	1.520100e+00	1.797917e+00	
955	9.455000e-08	1.200000e+00	1.521900e+00	1.797936e+00	
956	9.465000e-08	1.200000e+00	1.523700e+00	1.797955e+00	
957	9.475000e-08	1.200000e+00	1.525500e+00	1.797973e+00	
958	9.485000e-08	1.200000e+00	1.527300e+00	1.797991e+00	
959	9.495000e-08	1.200000e+00	1.529100e+00	1.798009e+00	
960	9.505000e-08	1.200000e+00	1.530900e+00	1.798026e+00	
961	9.515000e-08	1.200000e+00	1.532700e+00	1.798044e+00	
962	9.525000e-08	1.200000e+00	1.534500e+00	1.798060e+00	
963	9.535000e-08	1.200000e+00	1.536300e+00	1.798077e+00	
964	9.545000e-08	1.200000e+00	1.538100e+00	1.798093e+00	
965	9.555000e-08	1.200000e+00	1.539900e+00	1.798109e+00	
966	9.565000e-08	1.200000e+00	1.541700e+00	1.798125e+00	
967	9.575000e-08	1.200000e+00	1.543500e+00	1.798140e+00	
968	9.585000e-08	1.200000e+00	1.545300e+00	1.798155e+00	
969	9.595000e-08	1.200000e+00	1.547100e+00	1.798170e+00	
970	9.605000e-08	1.200000e+00	1.548900e+00	1.798185e+00	
971	9.615000e-08	1.200000e+00	1.550700e+00	1.798199e+00	
972	9.625000e-08	1.200000e+00	1.552500e+00	1.798213e+00	
973	9.635000e-08	1.200000e+00	1.554300e+00	1.798227e+00	
974	9.645000e-08	1.200000e+00	1.556100e+00	1.798241e+00	
975	9.655000e-08	1.200000e+00	1.557900e+00	1.798254e+00	
976	9.665000e-08	1.200000e+00	1.559700e+00	1.798267e+00	
977	9.675000e-08	1.200000e+00	1.561500e+00	1.798280e+00	
978	9.685000e-08	1.200000e+00	1.563300e+00	1.798293e+00	
979	9.695000e-08	1.200000e+00	1.565100e+00	1.798306e+00	
980	9.705000e-08	1.200000e+00	1.566900e+00	1.798318e+00	
981	9.715000e-08	1.200000e+00	1.568700e+00	1.798331e+00	
982	9.725000e-08	1.200000e+00	1.570500e+00	1.798343e+00	
983	9.735000e-08	1.200000e+00	1.572300e+00	1.798355e+00	
984	9.745000e-08	1.200000e+00	1.574100e+00	1.798366e+00	
985	9.755000e-08	1.200000e+00	1.575900e+00	1.798378e+00	
986	9.765000e-08	1.200000e+00	1.577700e+00	1.798389e+00	
987	9.775000e-08	1.200000e+00	1.579500e+00	1.798400e+00	
988	9.785000e-08	1.200000e+00	1.581300e+00	1.798411e+00	
989	9.795000e-08	1.200000e+00	1.583100e+00	1.798422e+00	
990	9.805000e-08	1.200000e+00	1.584900e+00	1.798433e+00	
991	9.815000e-08	1.200000e+00	1.586700e+00	1.798443e+00	
992	9.825000e-08	1.200000e+00	1.588500e+00	1.798454e+00	
993	9.835000e-08	1.200000e+00	1.590300e+00	1.798464e+00	
994	9.845000e-08	1.200000e+00	1.592100e+00	1.798474e+00	
995	9.855000e-08	1.200000e+00	1.593900e+00	1.798484e+00	
996	9.865000e-08	1.200000e+00	1.595700e+00	1.798494e+00	
997	9.875000e-08	1.200000e+00	1.597500e+00	1.798504e+00	
998	9.885000e-08	1.200000e+00	1.599300e+00	1.798513e+00	
999	9.895000e-08	1.200000e+00	1.601100e+00	1.798523e+00	
1000	9.905000e-08	1.200000e+00	1.602900e+00	1.798532e+00	
1001	9.915000e-08	1.200000e+00	1.604700e+00	1.798541e+00	
1002	9.925000e-08	1.200000e+00	1.606500e+00	1.798551e+00	
1003	9.935000e-08	1.200000e+00	1.608300e+00	1.798560e+00	
1004	9.945000e-08	1.200000e+00	1.610100e+00	1.798568e+00	
1005	9.955000e-08	1.200000e+00	1.611900e+00	1.798577e+00	
1006	9.965000e-08	1.200000e+00	1.613700e+00	1.798586e+00	
1007	9.975000e-08	1.200000e+00	1.615500e+00	1.798594e+00	
1008	9.985000e-08	1.200000e+00	1.617300e+00	1.798603e+00	
1009	9.995000e-08	1.200000e+00	1.619100e+00	1.798611e+00	
1010	1.000500e-07	1.200000e+00	1.620900e+00	1.798619e+00	
1011	1.001500e-07	1.200000e+00	1.622700e+00	1.798627e+00	
1012	1.002500e-07	1.200000e+00	1.624500e+00	1.798635e+00	
1013	1.003500e-07	1.200000e+00	1.626300e+00	1.798643e+00	
1014	1.004500e-07	1.200000e+00	1.628100e+00	1.798651e+00	
1015	1.005500e-07	1.200000e+00	1.629900e+00	1.798659e+00	
1016	1.006500e-07	1.200000e+00	1.631700e+00	1.798667e+00	
1017	1.007500e-07	1.200000e+00	1.633500e+00	1.798674e+00	
1018	1.008500e-07	1.200000e+00	1.635300e+00	1.798682e+00	
1019	1.009500e-07	1.200000e+00	1.637100e+00	1.798689e+00	
1020	1.010500e-07	1.200000e+00	1.638900e+00	1.798696e+00	
1021	1.011500e-07	1.200000e+00	1.640700e+00	1.798704e+00	
1022	1.012500e-07	1.200000e+00	1.642500e+00	1.798711e+00	
1023	1.013500e-07	1.200000e+00	1.644300e+00	1.798718e+00	
1024	1.014500e-07	1.200000e+00	1.646100e+00	1.798725e+00	
1025	1.015500e-07	1.200000e+00	1.647900e+00	1.798732e+00	
1026	1.016500e-07	1.200000e+00	1.649700e+00	1.798739e+00	
1027	1.017500e-07	1.200000e+00	1.651500e+00	1.798745e+00	
1028	1.018500e-07	1.200000e+00	1.653300e+00	1.798752e+00	
1029	1.019500e-07	1.200000e+00	1.655100e+00	1.798759e+00	
1030	1.020500e-07	1.200000e+00	1.656900e+00	1.798765e+00	
1031	1.021500e-07	1.200000e+00	1.658700e+00	1.798772e+00	
1032	1.022500e-07	1.200000e+00	1.660500e+00	1.798778e+00	
1033	1.023500e-07	1.200000e+00	1.662300e+00	1.798784e+00	
1034	1.024500e-07	1.200000e+00	1.664100e+00	1.798791e+00	
1035	1.025500e-07	1.200000e+00	1.665900e+00	1.798797e+00	
1036	1.026500e-07	1.200000e+00	1.667700e+00	1.798803e+00	
1037	1.027500e-07	1.200000e+00	1.669500e+00	1.798809e+00	
1038	1.028500e-07	1.200000e+00	1.671300e+00	1.798815e+00	
1039	1.029500e-07	1.200000e+00	1.673100e+00	1.798821e+00	
1040	1.030500e-07	1.200000e+00	1.674900e+00	1.798827e+00	
1041	1.031500e-07	1.200000e+00	1.676700e+00	1.798833e+00	
1042	1.032500e-07	1.200000e+00	1.678500e+00	1.798839e+00	
1043	1.033500e-07	1.200000e+00	1.680300e+00	1.798844e+00	
1044	1.034500e-07	1.200000e+00	1.682100e+00	1.798850e+00	
1045	1.035500e-07	1.200000e+00	1.683900e+00	1.798856e+00	
1046	1.036500e-07	1.200000e+00	1.685700e+00	1.798861e+00	
1047	1.037500e-07	1.200000e+00	1.687500e+00	1.798867e+00	
1048	1.038500e-07	1.200000e+00	1.689300e+00	1.798872e+00	
1049	1.039500e-07	1.200000e+00	1.691100e+00	1.798877e+00	
1050	1.040500e-07	1.200000e+00	1.692900e+00	1.798883e+00	
1051	1.041500e-07	1.200000e+00	1.694700e+00	1.798888e+00	
1052	1.042500e-07	1.200000e+00	1.696500e+00	1.798893e+00	
1053	1.043500e-07	1.200000e+00	1.698300e+00	1.798899e+00	
1054	1.044500e-07	1.200000e+00	1.700100e+00	1.798904e+00	
1055	1.045500e-07	1.200000e+00	1.701900e+00	1.798909e+00	
1056	1.046500e-07	1.200000e+00	1.703700e+00	1.798914e+00	
1057	1.047500e-07	1.200000e+00	1.705500e+00	1.798919e+00	
1058	1.048500e-07	1.200000e+00	1.707300e+00	1.798924e+00	
1059	1.049500e-07	1.200000e+00	1.709100e+00	1.798929e+00	
1060	1.050500e-07	1.200000e+00	1.710900e+00	1.798934e+00	
1061	1.051500e-07	1.200000e+00	1.712700e+00	1.798938e+00	
1062	1.052500e-07	1.200000e+00	1.714500e+00	1.798943e+00	
1063	1.053500e-07	1.200000e+00	1.716300e+00	1.798948e+00	
1064	1.054500e-07	1.200000e+00	1.718100e+00	1.798953e+00	
1065	1.055500e-07	1.200000e+00	1.719900e+00	1.798957e+00	
1066	1.056500e-07	1.200000e+00	1.721700e+00	1.798962e+00	
1067	1.057500e-07	1.200000e+00	1.723500e+00	1.798967e+00	
1068	1.058500e-07	1.200000e+00	1.725300e+00	1.798971e+00	
1069	1.059500e-07	1.200000e+00	1.727100e+00	1.798976e+00	
1070	1.060500e-07	1.200000e+00	1.728900e+00	1.798980e+00	
1071	1.061500e-07	1.200000e+00	1.730700e+00	1.798984e+00	
1072	1.062500e-07	1.200000e+00	1.732500e+00	1.798989e+00	
1073	1.063500e-07	1.200000e+00	1.734300e+00	1.798993e+00	
1074	1.064500e-07	1.200000e+00	1.736100e+00	1.798997e+00	
1075	1.065500e-07	1.200000e+00	1.737900e+00	1.799002e+00	
1076	1.066500e-07	1.200000e+00	1.739700e+00	1.799006e+00	
1077	1.067500e-07	1.200000e+00	1.741500e+00	1.799010e+00	
1078	1.068500e-07	1.200000e+00	1.743300e+00	1.799014e+00	
1079	1.069500e-07	1.200000e+00	1.745100e+00	1.799018e+00	
1080	1.070500e-07	1.200000e+00	1.746900e+00	1.799022e+00	
1081	1.071500e-07	1.200000e+00	1.748700e+00	1.799027e+00	
1082	1.072500e-07	1.200000e+00	1.750500e+00	1.799031e+00	
1083	1.073500e-07	1.200000e+00	1.752300e+00	1.799035e+00	
1084	1.074500e-07	1.200000e+00	1.754100e+00	1.799039e+00	
1085	1.075500e-07	1.200000e+00	1.755900e+00	1.799042e+00	
1086	1.076500e-07	1.200000e+00	1.757700e+00	1.799046e+00	
1087	1.077500e-07	1.200000e+00	1.759500e+00	1.799050e+00	
1088	1.078500e-07	1.200000e+00	1.761300e+00	1.799054e+00	
1089	1.079500e-07	1.200000e+00	1.763100e+00	1.799058e+00	
1090	1.080500e-07	1.200000e+00	1.764900e+00	1.799062e+00	
1091	1.081500e-07	1.200000e+00	1.766700e+00	1.799065e+00	
1092	1.082500e-07	1.200000e+00	1.768500e+00	1.799069e+00	
1093	1.083500e-07	1.200000e+00	1.770300e+00	1.799073e+00	
1094	1.084500e-07	1.200000e+00	1.772100e+00	1.799076e+00	
1095	1.085500e-07	1.200000e+00	1.773900e+00	1.799080e+00	
1096	1.086500e-07	1.200000e+00	1.775700e+00	1.799084e+00	
1097	1.087500e-07	1.200000e+00	1.777500e+00	1.799087e+00	
1098	1.088500e-07	1.200000e+00	1.779300e+00	1.799091e+00	
1099	1.089500e-07	1.200000e+00	1.781100e+00	1.799094e+00	
1100	1.090500e-07	1.200000e+00	1.782900e+00	1.799098e+00	
1101	1.091500e-07	1.200000e+00	1.784700e+00	1.799101e+00	
1102	1.092500e-07	1.200000e+00	1.786500e+00	1.799104e+00	
1103	1.093500e-07	1.200000e+00	1.788300e+00	1.799108e+00	
1104	1.094500e-07	1.200000e+00	1.790100e+00	1.799111e+00	
1105	1.095500e-07	1.200000e+00	1.791900e+00	1.799115e+00	
1106	1.096500e-07	1.200000e+00	1.793700e+00	1.799118e+00	
1107	1.097500e-07	1.200000e+00	1.795500e+00	1.799121e+00	
1108	1.098500e-07	1.200000e+00	1.797300e+00	1.799125e+00	
1109	1.099500e-07	1.200000e+00	1.799100e+00	1.799128e+00	
1110	1.100000e-07	1.200000e+00	1.800000e+00	1.799129e+00	
1111	1.100100e-07	1.200000e+00	1.799820e+00	1.799120e+00	
1112	1.100300e-07	1.200000e+00	1.799460e+00	1.799103e+00	
1113	1.100700e-07	1.200000e+00	1.798740e+00	1.799084e+00	
1114	1.101500e-07	1.200000e+00	1.797300e+00	1.799081e+00	
1115	1.102500e-07	1.200000e+00	1.795500e+00	1.799096e+00	
1116	1.103500e-07	1.200000e+00	1.793700e+00	1.799112e+00	
1117	1.104500e-07	1.200000e+00	1.791900e+00	1.799125e+00	
1118	1.105500e-07	1.200000e+00	1.790100e+00	1.799135e+00	
1119	1.106500e-07	1.200000e+00	1.788300e+00	1.799144e+00	
1120	1.107500e-07	1.200000e+00	1.786500e+00	1.799152e+00	
1121	1.108500e-07	1.200000e+00	1.784700e+00	1.799158e+00	
1122	1.109500e-07	1.200000e+00	1.782900e+00	1.799164e+00	
1123	1.110500e-07	1.200000e+00	1.781100e+00	1.799169e+00	
1124	1.111500e-07	1.200000e+00	1.779300e+00	1.799174e+00	
1125	1.112500e-07	1.200000e+00	1.777500e+00	1.799178e+00	
1126	1.113500e-07	1.200000e+00	1.775700e+00	1.799182e+00	
1127	1.114500e-07	1.200000e+00	1.773900e+00	1.799186e+00	
1128	1.115500e-07	1.200000e+00	1.772100e+00	1.799190e+00	
1129	1.116500e-07	1.200000e+00	1.770300e+00	1.799193e+00	
1130	1.117500e-07	1.200000e+00	1.768500e+00	1.799197e+00	
1131	1.118500e-07	1.200000e+00	1.766700e+00	1.799200e+00	
1132	1.119500e-07	1.200000e+00	1.764900e+00	1.799203e+00	
1133	1.120500e-07	1.200000e+00	1.763100e+00	1.799206e+00	
1134	1.121500e-07	1.200000e+00	1.761300e+00	1.799209e+00	
1135	1.122500e-07	1.200000e+00	1.759500e+00	1.799212e+00	
1136	1.123500e-07	1.200000e+00	1.757700e+00	1.799215e+00	
1137	1.124500e-07	1.200000e+00	1.755900e+00	1.799218e+00	
1138	1.125500e-07	1.200000e+00	1.754100e+00	1.799220e+00	
1139	1.126500e-07	1.200000e+00	1.752300e+00	1.799223e+00	
1140	1.127500e-07	1.200000e+00	1.750500e+00	1.799226e+00	
1141	1.128500e-07	1.200000e+00	1.748700e+00	1.799229e+00	
1142	1.129500e-07	1.200000e+00	1.746900e+00	1.799231e+00	
1143	1.130500e-07	1.200000e+00	1.745100e+00	1.799234e+00	
1144	1.131500e-07	1.200000e+00	1.743300e+00	1.799237e+00	
1145	1.132500e-07	1.200000e+00	1.741500e+00	1.799239e+00	
1146	1.133500e-07	1.200000e+00	1.739700e+00	1.799242e+00	
1147	1.134500e-07	1.200000e+00	1.737900e+00	1.799244e+00	
1148	1.135500e-07	1.200000e+00	1.736100e+00	1.799247e+00	
1149	1.136500e-07	1.200000e+00	1.734300e+00	1.799249e+00	
1150	1.137500e-07	1.200000e+00	1.732500e+00	1.799252e+00	
1151	1.138500e-07	1.200000e+00	1.730700e+00	1.799254e+00	
1152	1.139500e-07	1.200000e+00	1.728900e+00	1.799257e+00	
1153	1.140500e-07	1.200000e+00	1.727100e+00	1.799259e+00	
1154	1.141500e-07	1.200000e+00	1.725300e+00	1.799262e+00	
1155	1.142500e-07	1.200000e+00	1.723500e+00	1.799264e+00	
1156	1.143500e-07	1.200000e+00	1.721700e+00	1.799266e+00	
1157	1.144500e-07	1.200000e+00	1.719900e+00	1.799269e+00	
1158	1.145500e-07	1.200000e+00	1.718100e+00	1.799271e+00	
1159	1.146500e-07	1.200000e+00	1.716300e+00	1.799273e+00	
1160	1.147500e-07	1.200000e+00	1.714500e+00	1.799276e+00	
1161	1.148500e-07	1.200000e+00	1.712700e+00	1.799278e+00	
1162	1.149500e-07	1.200000e+00	1.710900e+00	1.799280e+00	
1163	1.150500e-07	1.200000e+00	1.709100e+00	1.799283e+00	
1164	1.151500e-07	1.200000e+00	1.707300e+00	1.799285e+00	
1165	1.152500e-07	1.200000e+00	1.705500e+00	1.799287e+00	
1166	1.153500e-07	1.200000e+00	1.703700e+00	1.799289e+00	
1167	1.154500e-07	1.200000e+00	1.701900e+00	1.799292e+00	
1168	1.155500e-07	1.200000e+00	1.700100e+00	1.799294e+00	
1169	1.156500e-07	1.200000e+00	1.698300e+00	1.799296e+00	
1170	1.157500e-07	1.200000e+00	1.696500e+00	1.799298e+00	
1171	1.158500e-07	1.200000e+00	1.694700e+00	1.799300e+00	
1172	1.159500e-07	1.200000e+00	1.692900e+00	1.799302e+00	
1173	1.160500e-07	1.200000e+00	1.691100e+00	1.799305e+00	
1174	1.161500e-07	1.200000e+00	1.689300e+00	1.799307e+00	
1175	1.162500e-07	1.200000e+00	1.687500e+00	1.799309e+00	
1176	1.163500e-07	1.200000e+00	1.685700e+00	1.799311e+00	
1177	1.164500e-07	1.200000e+00	1.683900e+00	1.799313e+00	
1178	1.165500e-07	1.200000e+00	1.682100e+00	1.799315e+00	
1179	1.166500e-07	1.200000e+00	1.680300e+00	1.799317e+00	
1180	1.167500e-07	1.200000e+00	1.678500e+00	1.799319e+00	
1181	1.168500e-07	1.200000e+00	1.676700e+00	1.799321e+00	
1182	1.169500e-07	1.200000e+00	1.674900e+00	1.799323e+00	
1183	1.170500e-07	1.200000e+00	1.673100e+00	1.799325e+00	
1184	1.171500e-07	1.200000e+00	1.671300e+00	1.799327e+00	
1185	1.172500e-07	1.200000e+00	1.669500e+00	1.799329e+00	
1186	1.173500e-07	1.200000e+00	1.667700e+00	1.799331e+00	
1187	1.174500e-07	1.200000e+00	1.665900e+00	1.799333e+00	
1188	1.175500e-07	1.200000e+00	1.664100e+00	1.799335e+00	
1189	1.176500e-07	1.200000e+00	1.662300e+00	1.799337e+00	
1190	1.177500e-07	1.200000e+00	1.660500e+00	1.799339e+00	
1191	1.178500e-07	1.200000e+00	1.658700e+00	1.799341e+00	
1192	1.179500e-07	1.200000e+00	1.656900e+00	1.799343e+00	
1193	1.180500e-07	1.200000e+00	1.655100e+00	1.799345e+00	
1194	1.181500e-07	1.200000e+00	1.653300e+00	1.799346e+00	
1195	1.182500e-07	1.200000e+00	1.651500e+00	1.799348e+00	
1196	1.183500e-07	1.200000e+00	1.649700e+00	1.799350e+00	
1197	1.184500e-07	1.200000e+00	1.647900e+00	1.799352e+00	
1198	1.185500e-07	1.200000e+00	1.646100e+00	1.799354e+00	
1199	1.186500e-07	1.200000e+00	1.644300e+00	1.799356e+00	
1200	1.187500e-07	1.200000e+00	1.642500e+00	1.799358e+00	
1201	1.188500e-07	1.200000e+00	1.640700e+00	1.799359e+00	
1202	1.189500e-07	1.200000e+00	1.638900e+00	1.799361e+00	
1203	1.190500e-07	1.200000e+00	1.637100e+00	1.799363e+00	
1204	1.191500e-07	1.200000e+00	1.635300e+00	1.799365e+00	
1205	1.192500e-07	1.200000e+00	1.633500e+00	1.799367e+00	
1206	1.193500e-07	1.200000e+00	1.631700e+00	1.799368e+00	
1207	1.194500e-07	1.200000e+00	1.629900e+00	1.799370e+00	
1208	1.195500e-07	1.200000e+00	1.628100e+00	1.799372e+00	
1209	1.196500e-07	1.200000e+00	1.626300e+00	1.799374e+00	
1210	1.197500e-07	1.200000e+00	1.624500e+00	1.799375e+00	
1211	1.198500e-07	1.200000e+00	1.622700e+00	1.799377e+00	
1212	1.199500e-07	1.200000e+00	1.620900e+00	1.799379e+00	
1213	1.200500e-07	1.200000e+00	1.619100e+00	1.799380e+00	
1214	1.201500e-07	1.200000e+00	1.617300e+00	1.799382e+00	
1215	1.202500e-07	1.200000e+00	1.615500e+00	1.799384e+00	
1216	1.203500e-07	1.200000e+00	1.613700e+00	1.799385e+00	
1217	1.204500e-07	1.200000e+00	1.611900e+00	1.799387e+00	
1218	1.205500e-07	1.200000e+00	1.610100e+00	1.799389e+00	
1219	1.206500e-07	1.200000e+00	1.608300e+00	1.799390e+00	
1220	1.207500e-07	1.200000e+00	1.606500e+00	1.799392e+00	
1221	1.208500e-07	1.200000e+00	1.604700e+00	1.799394e+00	
1222	1.209500e-07	1.200000e+00	1.602900e+00	1.799395e+00	
1223	1.210500e-07	1.200000e+00	1.601100e+00	1.799397e+00	
1224	1.211500e-07	1.200000e+00	1.599300e+00	1.799398e+00	
1225	1.212500e-07	1.200000e+00	1.597500e+00	1.799400e+00	
1226	1.213500e-07	1.200000e+00	1.595700e+00	1.799402e+00	
1227	1.214500e-07	1.200000e+00	1.593900e+00	1.799403e+00	
1228	1.215500e-07	1.200000e+00	1.592100e+00	1.799405e+00	
1229	1.216500e-07	1.200000e+00	1.590300e+00	1.799406e+00	
1230	1.217500e-07	1.200000e+00	1.588500e+00	1.799408e+00	
1231	1.218500e-07	1.200000e+00	1.586700e+00	1.799409e+00	
1232	1.219500e-07	1.200000e+00	1.584900e+00	1.799411e+00	
1233	1.220500e-07	1.200000e+00	1.583100e+00	1.799412e+00	
1234	1.221500e-07	1.200000e+00	1.581300e+00	1.799414e+00	
1235	1.222500e-07	1.200000e+00	1.579500e+00	1.799415e+00	
1236	1.223500e-07	1.200000e+00	1.577700e+00	1.799417e+00	
1237	1.224500e-07	1.200000e+00	1.575900e+00	1.799418e+00	
1238	1.225500e-07	1.200000e+00	1.574100e+00	1.799420e+00	
1239	1.226500e-07	1.200000e+00	1.572300e+00	1.799421e+00	
1240	1.227500e-07	1.200000e+00	1.570500e+00	1.799423e+00	
1241	1.228500e-07	1.200000e+00	1.568700e+00	1.799424e+00	
1242	1.229500e-07	1.200000e+00	1.566900e+00	1.799425e+00	
1243	1.230500e-07	1.200000e+00	1.565100e+00	1.799427e+00	
1244	1.231500e-07	1.200000e+00	1.563300e+00	1.799428e+00	
1245	1.232500e-07	1.200000e+00	1.561500e+00	1.799430e+00	
1246	1.233500e-07	1.200000e+00	1.559700e+00	1.799431e+00	
1247	1.234500e-07	1.200000e+00	1.557900e+00	1.799432e+00	
1248	1.235500e-07	1.200000e+00	1.556100e+00	1.799434e+00	
1249	1.236500e-07	1.200000e+00	1.554300e+00	1.799435e+00	
1250	1.237500e-07	1.200000e+00	1.552500e+00	1.799437e+00	
1251	1.238500e-07	1.200000e+00	1.550700e+00	1.799438e+00	
1252	1.239500e-07	1.200000e+00	1.548900e+00	1.799439e+00	
1253	1.240500e-07	1.200000e+00	1.547100e+00	1.799441e+00	
1254	1.241500e-07	1.200000e+00	1.545300e+00	1.799442e+00	
1255	1.242500e-07	1.200000e+00	1.543500e+00	1.799443e+00	
1256	1.243500e-07	1.200000e+00	1.541700e+00	1.799445e+00	
1257	1.244500e-07	1.200000e+00	1.539900e+00	1.799446e+00	
1258	1.245500e-07	1.200000e+00	1.538100e+00	1.799447e+00	
1259	1.246500e-07	1.200000e+00	1.536300e+00	1.799448e+00	
1260	1.247500e-07	1.200000e+00	1.534500e+00	1.799450e+00	
1261	1.248500e-07	1.200000e+00	1.532700e+00	1.799451e+00	
1262	1.249500e-07	1.200000e+00	1.530900e+00	1.799452e+00	
1263	1.250500e-07	1.200000e+00	1.529100e+00	1.799454e+00	
1264	1.251500e-07	1.200000e+00	1.527300e+00	1.799455e+00	
1265	1.252500e-07	1.200000e+00	1.525500e+00	1.799456e+00	
1266	1.253500e-07	1.200000e+00	1.523700e+00	1.799457e+00	
1267	1.254500e-07	1.200000e+00	1.521900e+00	1.799459e+00	
1268	1.255500e-07	1.200000e+00	1.520100e+00	1.799460e+00	
1269	1.256500e-07	1.200000e+00	1.518300e+00	1.799461e+00	
1270	1.257500e-07	1.200000e+00	1.516500e+00	1.799462e+00	
1271	1.258500e-07	1.200000e+00	1.514700e+00	1.799464e+00	
1272	1.259500e-07	1.200000e+00	1.512900e+00	1.799465e+00	
1273	1.260500e-07	1.200000e+00	1.511100e+00	1.799466e+00	
1274	1.261500e-07	1.200000e+00	1.509300e+00	1.799467e+00	
1275	1.262500e-07	1.200000e+00	1.507500e+00	1.799468e+00	
1276	1.263500e-07	1.200000e+00	1.505700e+00	1.799470e+00	
1277	1.264500e-07	1.200000e+00	1.503900e+00	1.799471e+00	
1278	1.265500e-07	1.200000e+00	1.502100e+00	1.799472e+00	
1279	1.266500e-07	1.200000e+00	1.500300e+00	1.799473e+00	
1280	1.267500e-07	1.200000e+00	1.498500e+00	1.799475e+00	
1281	1.268500e-07	1.200000e+00	1.496700e+00	1.799476e+00	
1282	1.269500e-07	1.200000e+00	1.494900e+00	1.799477e+00	
1283	1.270500e-07	1.200000e+00	1.493100e+00	1.799478e+00	
1284	1.271500e-07	1.200000e+00	1.491300e+00	1.799479e+00	
1285	1.272500e-07	1.200000e+00	1.489500e+00	1.799481e+00	
1286	1.273500e-07	1.200000e+00	1.487700e+00	1.799482e+00	
1287	1.274500e-07	1.200000e+00	1.485900e+00	1.799483e+00	
1288	1.275500e-07	1.200000e+00	1.484100e+00	1.799484e+00	
1289	1.276500e-07	1.200000e+00	1.482300e+00	1.799485e+00	
1290	1.277500e-07	1.200000e+00	1.480500e+00	1.799486e+00	
1291	1.278500e-07	1.200000e+00	1.478700e+00	1.799488e+00	
1292	1.279500e-07	1.200000e+00	1.476900e+00	1.799489e+00	
1293	1.280500e-07	1.200000e+00	1.475100e+00	1.799490e+00	
1294	1.281500e-07	1.200000e+00	1.473300e+00	1.799491e+00	
1295	1.282500e-07	1.200000e+00	1.471500e+00	1.799492e+00	
1296	1.283500e-07	1.200000e+00	1.469700e+00	1.799493e+00	
1297	1.284500e-07	1.200000e+00	1.467900e+00	1.799494e+00	
1298	1.285500e-07	1.200000e+00	1.466100e+00	1.799496e+00	
1299	1.286500e-07	1.200000e+00	1.464300e+00	1.799497e+00	
1300	1.287500e-07	1.200000e+00	1.462500e+00	1.799498e+00	
1301	1.288500e-07	1.200000e+00	1.460700e+00	1.799499e+00	
1302	1.289500e-07	1.200000e+00	1.458900e+00	1.799500e+00	
1303	1.290500e-07	1.200000e+00	1.457100e+00	1.799501e+00	
1304	1.291500e-07	1.200000e+00	1.455300e+00	1.799502e+00	
1305	1.292500e-07	1.200000e+00	1.453500e+00	1.799504e+00	
1306	1.293500e-07	1.200000e+00	1.451700e+00	1.799505e+00	
1307	1.294500e-07	1.200000e+00	1.449900e+00	1.799506e+00	
1308	1.295500e-07	1.200000e+00	1.448100e+00	1.799507e+00	
1309	1.296500e-07	1.200000e+00	1.446300e+00	1.799508e+00	
1310	1.297500e-07	1.200000e+00	1.444500e+00	1.799509e+00	
1311	1.298500e-07	1.200000e+00	1.442700e+00	1.799510e+00	
1312	1.299500e-07	1.200000e+00	1.440900e+00	1.799511e+00	
1313	1.300500e-07	1.200000e+00	1.439100e+00	1.799512e+00	
1314	1.301500e-07	1.200000e+00	1.437300e+00	1.799513e+00	
1315	1.302500e-07	1.200000e+00	1.435500e+00	1.799515e+00	
1316	1.303500e-07	1.200000e+00	1.433700e+00	1.799516e+00	
1317	1.304500e-07	1.200000e+00	1.431900e+00	1.799517e+00	
1318	1.305500e-07	1.200000e+00	1.430100e+00	1.799518e+00	
1319	1.306500e-07	1.200000e+00	1.428300e+00	1.799519e+00	
1320	1.307500e-07	1.200000e+00	1.426500e+00	1.799520e+00	
1321	1.308500e-07	1.200000e+00	1.424700e+00	1.799521e+00	
1322	1.309500e-07	1.200000e+00	1.422900e+00	1.799522e+00	
1323	1.310500e-07	1.200000e+00	1.421100e+00	1.799523e+00	
1324	1.311500e-07	1.200000e+00	1.419300e+00	1.799524e+00	
1325	1.312500e-07	1.200000e+00	1.417500e+00	1.799525e+00	
1326	1.313500e-07	1.200000e+00	1.415700e+00	1.799526e+00	
1327	1.314500e-07	1.200000e+00	1.413900e+00	1.799527e+00	
1328	1.315500e-07	1.200000e+00	1.412100e+00	1.799529e+00	
1329	1.316500e-07	1.200000e+00	1.410300e+00	1.799530e+00	
1330	1.317500e-07	1.200000e+00	1.408500e+00	1.799531e+00	
1331	1.318500e-07	1.200000e+00	1.406700e+00	1.799532e+00	
1332	1.319500e-07	1.200000e+00	1.404900e+00	1.799533e+00	
1333	1.320500e-07	1.200000e+00	1.403100e+00	1.799534e+00	
1334	1.321500e-07	1.200000e+00	1.401300e+00	1.799535e+00	
1335	1.322500e-07	1.200000e+00	1.399500e+00	1.799536e+00	
1336	1.323500e-07	1.200000e+00	1.397700e+00	1.799537e+00	
1337	1.324500e-07	1.200000e+00	1.395900e+00	1.799538e+00	
1338	1.325500e-07	1.200000e+00	1.394100e+00	1.799539e+00	
1339	1.326500e-07	1.200000e+00	1.392300e+00	1.799540e+00	
1340	1.327500e-07	1.200000e+00	1.390500e+00	1.799541e+00	
1341	1.328500e-07	1.200000e+00	1.388700e+00	1.799542e+00	
1342	1.329500e-07	1.200000e+00	1.386900e+00	1.799543e+00	
1343	1.330500e-07	1.200000e+00	1.385100e+00	1.799544e+00	
1344	1.331500e-07	1.200000e+00	1.383300e+00	1.799545e+00	
1345	1.332500e-07	1.200000e+00	1.381500e+00	1.799546e+00	
1346	1.333500e-07	1.200000e+00	1.379700e+00	1.799547e+00	
1347	1.334500e-07	1.200000e+00	1.377900e+00	1.799548e+00	
1348	1.335500e-07	1.200000e+00	1.376100e+00	1.799549e+00	
1349	1.336500e-07	1.200000e+00	1.374300e+00	1.799550e+00	
1350	1.337500e-07	1.200000e+00	1.372500e+00	1.799552e+00	
1351	1.338500e-07	1.200000e+00	1.370700e+00	1.799553e+00	
1352	1.339500e-07	1.200000e+00	1.368900e+00	1.799554e+00	
1353	1.340500e-07	1.200000e+00	1.367100e+00	1.799555e+00	
1354	1.341500e-07	1.200000e+00	1.365300e+00	1.799556e+00	
1355	1.342500e-07	1.200000e+00	1.363500e+00	1.799557e+00	
1356	1.343500e-07	1.200000e+00	1.361700e+00	1.799558e+00	
1357	1.344500e-07	1.200000e+00	1.359900e+00	1.799559e+00	
1358	1.345500e-07	1.200000e+00	1.358100e+00	1.799560e+00	
1359	1.346500e-07	1.200000e+00	1.356300e+00	1.799561e+00	
1360	1.347500e-07	1.200000e+00	1.354500e+00	1.799562e+00	
1361	1.348500e-07	1.200000e+00	1.352700e+00	1.799563e+00	
1362	1.349500e-07	1.200000e+00	1.350900e+00	1.799564e+00	
1363	1.350500e-07	1.200000e+00	1.349100e+00	1.799565e+00	
1364	1.351500e-07	1.200000e+00	1.347300e+00	1.799566e+00	
1365	1.352500e-07	1.200000e+00	1.345500e+00	1.799567e+00	
1366	1.353500e-07	1.200000e+00	1.343700e+00	1.799568e+00	
1367	1.354500e-07	1.200000e+00	1.341900e+00	1.799569e+00	
1368	1.355500e-07	1.200000e+00	1.340100e+00	1.799570e+00	
1369	1.356500e-07	1.200000e+00	1.338300e+00	1.799571e+00	
1370	1.357500e-07	1.200000e+00	1.336500e+00	1.799572e+00	
1371	1.358500e-07	1.200000e+00	1.334700e+00	1.799573e+00	
1372	1.359500e-07	1.200000e+00	1.332900e+00	1.799574e+00	
1373	1.360500e-07	1.200000e+00	1.331100e+00	1.799575e+00	
1374	1.361500e-07	1.200000e+00	1.329300e+00	1.799576e+00	
1375	1.362500e-07	1.200000e+00	1.327500e+00	1.799577e+00	
1376	1.363500e-07	1.200000e+00	1.325700e+00	1.799578e+00	
1377	1.364500e-07	1.200000e+00	1.323900e+00	1.799579e+00	
1378	1.365500e-07	1.200000e+00	1.322100e+00	1.799581e+00	
1379	1.366500e-07	1.200000e+00	1.320300e+00	1.799582e+00	
1380	1.367500e-07	1.200000e+00	1.318500e+00	1.799583e+00	
1381	1.368500e-07	1.200000e+00	1.316700e+00	1.799584e+00	
1382	1.369500e-07	1.200000e+00	1.314900e+00	1.799585e+00	
1383	1.370500e-07	1.200000e+00	1.313100e+00	1.799586e+00	
1384	1.371500e-07	1.200000e+00	1.311300e+00	1.799587e+00	
1385	1.372500e-07	1.200000e+00	1.309500e+00	1.799588e+00	
1386	1.373500e-07	1.200000e+00	1.307700e+00	1.799589e+00	
1387	1.374500e-07	1.200000e+00	1.305900e+00	1.799590e+00	
1388	1.375500e-07	1.200000e+00	1.304100e+00	1.799591e+00	
1389	1.376500e-07	1.200000e+00	1.302300e+00	1.799592e+00	
1390	1.377500e-07	1.200000e+00	1.300500e+00	1.799593e+00	
1391	1.378500e-07	1.200000e+00	1.298700e+00	1.799594e+00	
1392	1.379500e-07	1.200000e+00	1.296900e+00	1.799595e+00	
1393	1.380500e-07	1.200000e+00	1.295100e+00	1.799596e+00	
1394	1.381500e-07	1.200000e+00	1.293300e+00	1.799597e+00	
1395	1.382500e-07	1.200000e+00	1.291500e+00	1.799598e+00	
1396	1.383500e-07	1.200000e+00	1.289700e+00	1.799599e+00	
1397	1.384500e-07	1.200000e+00	1.287900e+00	1.799600e+00	
1398	1.385500e-07	1.200000e+00	1.286100e+00	1.799601e+00	
1399	1.386500e-07	1.200000e+00	1.284300e+00	1.799601e+00	
1400	1.387500e-07	1.200000e+00	1.282500e+00	1.799602e+00	
1401	1.388500e-07	1.200000e+00	1.280700e+00	1.799603e+00	
1402	1.389500e-07	1.200000e+00	1.278900e+00	1.799604e+00	
1403	1.390500e-07	1.200000e+00	1.277100e+00	1.799605e+00	
1404	1.391500e-07	1.200000e+00	1.275300e+00	1.799606e+00	
1405	1.392500e-07	1.200000e+00	1.273500e+00	1.799607e+00	
1406	1.393500e-07	1.200000e+00	1.271700e+00	1.799608e+00	
1407	1.394500e-07	1.200000e+00	1.269900e+00	1.799609e+00	
1408	1.395500e-07	1.200000e+00	1.268100e+00	1.799609e+00	
1409	1.396500e-07	1.200000e+00	1.266300e+00	1.799610e+00	
1410	1.397500e-07	1.200000e+00	1.264500e+00	1.799611e+00	
1411	1.398500e-07	1.200000e+00	1.262700e+00	1.799612e+00	
1412	1.399500e-07	1.200000e+00	1.260900e+00	1.799613e+00	
1413	1.400500e-07	1.200000e+00	1.259100e+00	1.799613e+00	
1414	1.401500e-07	1.200000e+00	1.257300e+00	1.799614e+00	
1415	1.402500e-07	1.200000e+00	1.255500e+00	1.799615e+00	
1416	1.403500e-07	1.200000e+00	1.253700e+00	1.799615e+00	
1417	1.404500e-07	1.200000e+00	1.251900e+00	1.799616e+00	
1418	1.405500e-07	1.200000e+00	1.250100e+00	1.799617e+00	
1419	1.406500e-07	1.200000e+00	1.248300e+00	1.799617e+00	
1420	1.407500e-07	1.200000e+00	1.246500e+00	1.799618e+00	
1421	1.408500e-07	1.200000e+00	1.244700e+00	1.799619e+00	
1422	1.409500e-07	1.200000e+00	1.242900e+00	1.799619e+00	
1423	1.410500e-07	1.200000e+00	1.241100e+00	1.799620e+00	
1424	1.411500e-07	1.200000e+00	1.239300e+00	1.799620e+00	
1425	1.412500e-07	1.200000e+00	1.237500e+00	1.799621e+00	
1426	1.413500e-07	1.200000e+00	1.235700e+00	1.799621e+00	
1427	1.414500e-07	1.200000e+00	1.233900e+00	1.799622e+00	
1428	1.415500e-07	1.200000e+00	1.232100e+00	1.799622e+00	
1429	1.416500e-07	1.200000e+00	1.230300e+00	1.799623e+00	
1430	1.417500e-07	1.200000e+00	1.228500e+00	1.799623e+00	
1431	1.418500e-07	1.200000e+00	1.226700e+00	1.799623e+00	
1432	1.419500e-07	1.200000e+00	1.224900e+00	1.799624e+00	
1433	1.420500e-07	1.200000e+00	1.223100e+00	1.799624e+00	
1434	1.421500e-07	1.200000e+00	1.221300e+00	1.799624e+00	
1435	1.422500e-07	1.200000e+00	1.219500e+00	1.799624e+00	
1436	1.423500e-07	1.200000e+00	1.217700e+00	1.799625e+00	
1437	1.424500e-07	1.200000e+00	1.215900e+00	1.799625e+00	
1438	1.425500e-07	1.200000e+00	1.214100e+00	1.799625e+00	
1439	1.426500e-07	1.200000e+00	1.212300e+00	1.799625e+00	
1440	1.427500e-07	1.200000e+00	1.210500e+00	1.799625e+00	
1441	1.428500e-07	1.200000e+00	1.208700e+00	1.799625e+00	
1442	1.429500e-07	1.200000e+00	1.206900e+00	1.799625e+00	
1443	1.430500e-07	1.200000e+00	1.205100e+00	1.799625e+00	
1444	1.431500e-07	1.200000e+00	1.203300e+00	1.799625e+00	
1445	1.432500e-07	1.200000e+00	1.201500e+00	1.799625e+00	
1446	1.433500e-07	1.200000e+00	1.199700e+00	1.799625e+00	
1447	1.434500e-07	1.200000e+00	1.197900e+00	1.799625e+00	
1448	1.435500e-07	1.200000e+00	1.196100e+00	1.799625e+00	
1449	1.436500e-07	1.200000e+00	1.194300e+00	1.799625e+00	
1450	1.437500e-07	1.200000e+00	1.192500e+00	1.799625e+00	
1451	1.438500e-07	1.200000e+00	1.190700e+00	1.799624e+00	
1452	1.439500e-07	1.200000e+00	1.188900e+00	1.799624e+00	
1453	1.440500e-07	1.200000e+00	1.187100e+00	1.799624e+00	
1454	1.441500e-07	1.200000e+00	1.185300e+00	1.799623e+00	
1455	1.442500e-07	1.200000e+00	1.183500e+00	1.799623e+00	
1456	1.443500e-07	1.200000e+00	1.181700e+00	1.799622e+00	
1457	1.444500e-07	1.200000e+00	1.179900e+00	1.799622e+00	
1458	1.445500e-07	1.200000e+00	1.178100e+00	1.799621e+00	
1459	1.446500e-07	1.200000e+00	1.176300e+00	1.799621e+00	
1460	1.447500e-07	1.200000e+00	1.174500e+00	1.799620e+00	
1461	1.448500e-07	1.200000e+00	1.172700e+00	1.799620e+00	
1462	1.449500e-07	1.200000e+00	1.170900e+00	1.799619e+00	
1463	1.450500e-07	1.200000e+00	1.169100e+00	1.799619e+00	
1464	1.451500e-07	1.200000e+00	1.167300e+00	1.799618e+00	
1465	1.452500e-07	1.200000e+00	1.165500e+00	1.799618e+00	
1466	1.453500e-07	1.200000e+00	1.163700e+00	1.799618e+00	
1467	1.454500e-07	1.200000e+00	1.161900e+00	1.799618e+00	
1468	1.455500e-07	1.200000e+00	1.160100e+00	1.799617e+00	
1469	1.456500e-07	1.200000e+00	1.158300e+00	1.799617e+00	
1470	1.457500e-07	1.200000e+00	1.156500e+00	1.799617e+00	
1471	1.458500e-07	1.200000e+00	1.154700e+00	1.799617e+00	
1472	1.459500e-07	1.200000e+00	1.152900e+00	1.799617e+00	
1473	1.460500e-07	1.200000e+00	1.151100e+00	1.799618e+00	
1474	1.461500e-07	1.200000e+00	1.149300e+00	1.799618e+00	
1475	1.462500e-07	1.200000e+00	1.147500e+00	1.799618e+00	
1476	1.463500e-07	1.200000e+00	1.145700e+00	1.799619e+00	
1477	1.464500e-07	1.200000e+00	1.143900e+00	1.799619e+00	
1478	1.465500e-07	1.200000e+00	1.142100e+00	1.799620e+00	
1479	1.466500e-07	1.200000e+00	1.140300e+00	1.799621e+00	
1480	1.467500e-07	1.200000e+00	1.138500e+00	1.799623e+00	
1481	1.468500e-07	1.200000e+00	1.136700e+00	1.799625e+00	
1482	1.469500e-07	1.200000e+00	1.134900e+00	1.799628e+00	
1483	1.470500e-07	1.200000e+00	1.133100e+00	1.799632e+00	
1484	1.471500e-07	1.200000e+00	1.131300e+00	1.799637e+00	
1485	1.472500e-07	1.200000e+00	1.129500e+00	1.799645e+00	
1486	1.473500e-07	1.200000e+00	1.127700e+00	1.799655e+00	
1487	1.474500e-07	1.200000e+00	1.125900e+00	1.799669e+00	
1488	1.475500e-07	1.200000e+00	1.124100e+00	1.799688e+00	
1489	1.476500e-07	1.200000e+00	1.122300e+00	1.799712e+00	
1490	1.477500e-07	1.200000e+00	1.120500e+00	1.799744e+00	
1491	1.478500e-07	1.200000e+00	1.118700e+00	1.799785e+00	
1492	1.479500e-07	1.200000e+00	1.116900e+00	1.799839e+00	
1493	1.480500e-07	1.200000e+00	1.115100e+00	1.799918e+00	
1494	1.481500e-07	1.200000e+00	1.113300e+00	1.800048e+00	
1495	1.482500e-07	1.200000e+00	1.111500e+00	1.800273e+00	
1496	1.483500e-07	1.200000e+00	1.109700e+00	1.800506e+00	
1497	1.484500e-07	1.200000e+00	1.107900e+00	1.800410e+00	
1498	1.485500e-07	1.200000e+00	1.106100e+00	1.799244e+00	
1499	1.486500e-07	1.200000e+00	1.104300e+00	1.795543e+00	
1500	1.487500e-07	1.200000e+00	1.102500e+00	1.785873e+00	
1501	1.488500e-07	1.200000e+00	1.100700e+00	1.764310e+00	
1502	1.489500e-07	1.200000e+00	1.098900e+00	1.724128e+00	
1503	1.490500e-07	1.200000e+00	1.097100e+00	1.658207e+00	
1504	1.491500e-07	1.200000e+00	1.095300e+00	1.561965e+00	
1505	1.492500e-07	1.200000e+00	1.093500e+00	1.443114e+00	
1506	1.493500e-07	1.200000e+00	1.091700e+00	1.315047e+00	
1507	1.494500e-07	1.200000e+00	1.089900e+00	1.187153e+00	
1508	1.495500e-07	1.200000e+00	1.088100e+00	1.062931e+00	
1509	1.496500e-07	1.200000e+00	1.086300e+00	9.431853e-01	
1510	1.497500e-07	1.200000e+00	1.084500e+00	8.278337e-01	
1511	1.498500e-07	1.200000e+00	1.082700e+00	7.166430e-01	
1512	1.499500e-07	1.200000e+00	1.080900e+00	6.094882e-01	
1513	1.500500e-07	1.200000e+00	1.079100e+00	5.064262e-01	
1514	1.501500e-07	1.200000e+00	1.077300e+00	4.077233e-01	
1515	1.502500e-07	1.200000e+00	1.075500e+00	3.138638e-01	
1516	1.503500e-07	1.200000e+00	1.073700e+00	2.256239e-01	
1517	1.504500e-07	1.200000e+00	1.071900e+00	1.445702e-01	
1518	1.505500e-07	1.200000e+00	1.070100e+00	7.622379e-02	
1519	1.506500e-07	1.200000e+00	1.068300e+00	3.244160e-02	
1520	1.507500e-07	1.200000e+00	1.066500e+00	1.396473e-02	
1521	1.508500e-07	1.200000e+00	1.064700e+00	8.219438e-03	
1522	1.509500e-07	1.200000e+00	1.062900e+00	5.799899e-03	
1523	1.510500e-07	1.200000e+00	1.061100e+00	4.314675e-03	
1524	1.511500e-07	1.200000e+00	1.059300e+00	3.300481e-03	
1525	1.512500e-07	1.200000e+00	1.057500e+00	2.587954e-03	
1526	1.513500e-07	1.200000e+00	1.055700e+00	2.079602e-03	
1527	1.514500e-07	1.200000e+00	1.053900e+00	1.712089e-03	
1528	1.515500e-07	1.200000e+00	1.052100e+00	1.442888e-03	
1529	1.516500e-07	1.200000e+00	1.050300e+00	1.242605e-03	
1530	1.517500e-07	1.200000e+00	1.048500e+00	1.091423e-03	
1531	1.518500e-07	1.200000e+00	1.046700e+00	9.754844e-04	
1532	1.519500e-07	1.200000e+00	1.044900e+00	8.851885e-04	
1533	1.520500e-07	1.200000e+00	1.043100e+00	8.135538e-04	
1534	1.521500e-07	1.200000e+00	1.041300e+00	7.555883e-04	
1535	1.522500e-07	1.200000e+00	1.039500e+00	7.073400e-04	
1536	1.523500e-07	1.200000e+00	1.037700e+00	6.656510e-04	
1537	1.524500e-07	1.200000e+00	1.035900e+00	6.273900e-04	
1538	1.525500e-07	1.200000e+00	1.034100e+00	5.892672e-04	
1539	1.526500e-07	1.200000e+00	1.032300e+00	5.474319e-04	
1540	1.527500e-07	1.200000e+00	1.030500e+00	4.987595e-04	
1541	1.528500e-07	1.200000e+00	1.028700e+00	4.428238e-04	
1542	1.529500e-07	1.200000e+00	1.026900e+00	3.830904e-04	
1543	1.530500e-07	1.200000e+00	1.025100e+00	3.244877e-04	
1544	1.531500e-07	1.200000e+00	1.023300e+00	2.707189e-04	
1545	1.532500e-07	1.200000e+00	1.021500e+00	2.236962e-04	
1546	1.533500e-07	1.200000e+00	1.019700e+00	1.838609e-04	
1547	1.534500e-07	1.200000e+00	1.017900e+00	1.504594e-04	
1548	1.535500e-07	1.200000e+00	1.016100e+00	1.226667e-04	
1549	1.536500e-07	1.200000e+00	1.014300e+00	9.957141e-05	
1550	1.537500e-07	1.200000e+00	1.012500e+00	8.063689e-05	
1551	1.538500e-07	1.200000e+00	1.010700e+00	6.515289e-05	
1552	1.539500e-07	1.200000e+00	1.008900e+00	5.261727e-05	
1553	1.540500e-07	1.200000e+00	1.007100e+00	4.247100e-05	
1554	1.541500e-07	1.200000e+00	1.005300e+00	3.435017e-05	
1555	1.542500e-07	1.200000e+00	1.003500e+00	2.782719e-05	
1556	1.543500e-07	1.200000e+00	1.001700e+00	2.265757e-05	
1557	1.544500e-07	1.200000e+00	9.999000e-01	1.852197e-05	
1558	1.545500e-07	1.200000e+00	9.981000e-01	1.527149e-05	
1559	1.546500e-07	1.200000e+00	9.963000e-01	1.267027e-05	
1560	1.547500e-07	1.200000e+00	9.945000e-01	1.064058e-05	
1561	1.548500e-07	1.200000e+00	9.927000e-01	9.006826e-06	
1562	1.549500e-07	1.200000e+00	9.909000e-01	7.741081e-06	
1563	1.550500e-07	1.200000e+00	9.891000e-01	6.708983e-06	
1564	1.551500e-07	1.200000e+00	9.873000e-01	5.915887e-06	
1565	1.552500e-07	1.200000e+00	9.855000e-01	5.254567e-06	
1566	1.553500e-07	1.200000e+00	9.837000e-01	4.751860e-06	
1567	1.554500e-07	1.200000e+00	9.819000e-01	4.317931e-06	
1568	1.555500e-07	1.200000e+00	9.801000e-01	3.993130e-06	
1569	1.556500e-07	1.200000e+00	9.783000e-01	3.698565e-06	
1570	1.557500e-07	1.200000e+00	9.765000e-01	3.482922e-06	
1571	1.558500e-07	1.200000e+00	9.747000e-01	3.274117e-06	
1572	1.559500e-07	1.200000e+00	9.729000e-01	3.125888e-06	
1573	1.560500e-07	1.200000e+00	9.711000e-01	2.970368e-06	
1574	1.561500e-07	1.200000e+00	9.693000e-01	2.864309e-06	
1575	1.562500e-07	1.200000e+00	9.675000e-01	2.742455e-06	
1576	1.563500e-07	1.200000e+00	9.657000e-01	2.663318e-06	
1577	1.564500e-07	1.200000e+00	9.639000e-01	2.563276e-06	
1578	1.565500e-07	1.200000e+00	9.621000e-01	2.501838e-06	
1579	1.566500e-07	1.200000e+00	9.603000e-01	2.416424e-06	
1580	1.567500e-07	1.200000e+00	9.585000e-01	2.367080e-06	
1581	1.568500e-07	1.200000e+00	9.567000e-01	2.291908e-06	
1582	1.569500e-07	1.200000e+00	9.549000e-01	2.251216e-06	
1583	1.570500e-07	1.200000e+00	9.531000e-01	2.183575e-06	
1584	1.571500e-07	1.200000e+00	9.513000e-01	2.149389e-06	
1585	1.572500e-07	1.200000e+00	9.495000e-01	2.087571e-06	
1586	1.573500e-07	1.200000e+00	9.477000e-01	2.058521e-06	
1587	1.574500e-07	1.200000e+00	9.459000e-01	2.001416e-06	
1588	1.575500e-07	1.200000e+00	9.441000e-01	1.976595e-06	
1589	1.576500e-07	1.200000e+00	9.423000e-01	1.923456e-06	
1590	1.577500e-07	1.200000e+00	9.405000e-01	1.902240e-06	
1591	1.578500e-07	1.200000e+00	9.387000e-01	1.852538e-06	
1592	1.579500e-07	1.200000e+00	9.369000e-01	1.834475e-06	
1593	1.580500e-07	1.200000e+00	9.351000e-01	1.787817e-06	
1594	1.581500e-07	1.200000e+00	9.333000e-01	1.772560e-06	
1595	1.582500e-07	1.200000e+00	9.315000e-01	1.728638e-06	
1596	1.583500e-07	1.200000e+00	9.297000e-01	1.715911e-06	
1597	1.584500e-07	1.200000e+00	9.279000e-01	1.674472e-06	
1598	1.585500e-07	1.200000e+00	9.261000e-01	1.664042e-06	
1599	1.586500e-07	1.200000e+00	9.243000e-01	1.624870e-06	
1600	1.587500e-07	1.200000e+00	9.225000e-01	1.616535e-06	
1601	1.588500e-07	1.200000e+00	9.207000e-01	1.579442e-06	
1602	1.589500e-07	1.200000e+00	9.189000e-01	1.573025e-06	
1603	1.590500e-07	1.200000e+00	9.171000e-01	1.537842e-06	
1604	1.591500e-07	1.200000e+00	9.153000e-01	1.533181e-06	
1605	1.592500e-07	1.200000e+00	9.135000e-01	1.499755e-06	
1606	1.593500e-07	1.200000e+00	9.117000e-01	1.496705e-06	
1607	1.594500e-07	1.200000e+00	9.099000e-01	1.464895e-06	
1608	1.595500e-07	1.200000e+00	9.081000e-01	1.463323e-06	
1609	1.596500e-07	1.200000e+00	9.063000e-01	1.433002e-06	
1610	1.597500e-07	1.200000e+00	9.045000e-01	1.432784e-06	
1611	1.598500e-07	1.200000e+00	9.027000e-01	1.403833e-06	
1612	1.599500e-07	1.200000e+00	9.009000e-01	1.404856e-06	
1613	1.600500e-07	1.200000e+00	8.991000e-01	1.377167e-06	
1614	1.601500e-07	1.200000e+00	8.973000e-01	1.379326e-06	
1615	1.602500e-07	1.200000e+00	8.955000e-01	1.352798e-06	
1616	1.603500e-07	1.200000e+00	8.937000e-01	1.355997e-06	
1617	1.604500e-07	1.200000e+00	8.919000e-01	1.330538e-06	
1618	1.605500e-07	1.200000e+00	8.901000e-01	1.334687e-06	
1619	1.606500e-07	1.200000e+00	8.883000e-01	1.310210e-06	
1620	1.607500e-07	1.200000e+00	8.865000e-01	1.315229e-06	
1621	1.608500e-07	1.200000e+00	8.847000e-01	1.291655e-06	
1622	1.609500e-07	1.200000e+00	8.829000e-01	1.297466e-06	
1623	1.610500e-07	1.200000e+00	8.811000e-01	1.274724e-06	
1624	1.611500e-07	1.200000e+00	8.793000e-01	1.281258e-06	
1625	1.612500e-07	1.200000e+00	8.775000e-01	1.259279e-06	
1626	1.613500e-07	1.200000e+00	8.757000e-01	1.266472e-06	
1627	1.614500e-07	1.200000e+00	8.739000e-01	1.245195e-06	
1628	1.615500e-07	1.200000e+00	8.721000e-01	1.252988e-06	
1629	1.616500e-07	1.200000e+00	8.703000e-01	1.232356e-06	
1630	1.617500e-07	1.200000e+00	8.685000e-01	1.240693e-06	
1631	1.618500e-07	1.200000e+00	8.667000e-01	1.220655e-06	
1632	1.619500e-07	1.200000e+00	8.649000e-01	1.229487e-06	
1633	1.620500e-07	1.200000e+00	8.631000e-01	1.209993e-06	
1634	1.621500e-07	1.200000e+00	8.613000e-01	1.219275e-06	
1635	1.622500e-07	1.200000e+00	8.595000e-01	1.200282e-06	
1636	1.623500e-07	1.200000e+00	8.577000e-01	1.209971e-06	
1637	1.624500e-07	1.200000e+00	8.559000e-01	1.191438e-06	
1638	1.625500e-07	1.200000e+00	8.541000e-01	1.201496e-06	
1639	1.626500e-07	1.200000e+00	8.523000e-01	1.183386e-06	
1640	1.627500e-07	1.200000e+00	8.505000e-01	1.193776e-06	
1641	1.628500e-07	1.200000e+00	8.487000e-01	1.176056e-06	
1642	1.629500e-07	1.200000e+00	8.469000e-01	1.186747e-06	
1643	1.630500e-07	1.200000e+00	8.451000e-01	1.169384e-06	
1644	1.631500e-07	1.200000e+00	8.433000e-01	1.180346e-06	
1645	1.632500e-07	1.200000e+00	8.415000e-01	1.163313e-06	
1646	1.633500e-07	1.200000e+00	8.397000e-01	1.174519e-06	
1647	1.634500e-07	1.200000e+00	8.379000e-01	1.157789e-06	
1648	1.635500e-07	1.200000e+00	8.361000e-01	1.169213e-06	
1649	1.636500e-07	1.200000e+00	8.343000e-01	1.152764e-06	
1650	1.637500e-07	1.200000e+00	8.325000e-01	1.164384e-06	
1651	1.638500e-07	1.200000e+00	8.307000e-01	1.148192e-06	
1652	1.639500e-07	1.200000e+00	8.289000e-01	1.159987e-06	
1653	1.640500e-07	1.200000e+00	8.271000e-01	1.144033e-06	
1654	1.641500e-07	1.200000e+00	8.253000e-01	1.155985e-06	
1655	1.642500e-07	1.200000e+00	8.235000e-01	1.140250e-06	
1656	1.643500e-07	1.200000e+00	8.217000e-01	1.152341e-06	
1657	1.644500e-07	1.200000e+00	8.199000e-01	1.136810e-06	
1658	1.645500e-07	1.200000e+00	8.181000e-01	1.149024e-06	
1659	1.646500e-07	1.200000e+00	8.163000e-01	1.133681e-06	
1660	1.647500e-07	1.200000e+00	8.145000e-01	1.146004e-06	
1661	1.648500e-07	1.200000e+00	8.127000e-01	1.130835e-06	
1662	1.649500e-07	1.200000e+00	8.109000e-01	1.143253e-06	
1663	1.650500e-07	1.200000e+00	8.091000e-01	1.128246e-06	
1664	1.651500e-07	1.200000e+00	8.073000e-01	1.140749e-06	
1665	1.652500e-07	1.200000e+00	8.055000e-01	1.125891e-06	
1666	1.653500e-07	1.200000e+00	8.037000e-01	1.138467e-06	
1667	1.654500e-07	1.200000e+00	8.019000e-01	1.123749e-06	
1668	1.655500e-07	1.200000e+00	8.001000e-01	1.136388e-06	
1669	1.656500e-07	1.200000e+00	7.983000e-01	1.121800e-06	
1670	1.657500e-07	1.200000e+00	7.965000e-01	1.134493e-06	
1671	1.658500e-07	1.200000e+00	7.947000e-01	1.120027e-06	
1672	1.659500e-07	1.200000e+00	7.929000e-01	1.132766e-06	
1673	1.660500e-07	1.200000e+00	7.911000e-01	1.118413e-06	
1674	1.661500e-07	1.200000e+00	7.893000e-01	1.131191e-06	
1675	1.662500e-07	1.200000e+00	7.875000e-01	1.116945e-06	
1676	1.663500e-07	1.200000e+00	7.857000e-01	1.129754e-06	
1677	1.664500e-07	1.200000e+00	7.839000e-01	1.115608e-06	
1678	1.665500e-07	1.200000e+00	7.821000e-01	1.128443e-06	
1679	1.666500e-07	1.200000e+00	7.803000e-01	1.114391e-06	
1680	1.667500e-07	1.200000e+00	7.785000e-01	1.127246e-06	
1681	1.668500e-07	1.200000e+00	7.767000e-01	1.113282e-06	
1682	1.669500e-07	1.200000e+00	7.749000e-01	1.126153e-06	
1683	1.670500e-07	1.200000e+00	7.731000e-01	1.112272e-06	
1684	1.671500e-07	1.200000e+00	7.713000e-01	1.125153e-06	
1685	1.672500e-07	1.200000e+00	7.695000e-01	1.111352e-06	
1686	1.673500e-07	1.200000e+00	7.677000e-01	1.124239e-06	
1687	1.674500e-07	1.200000e+00	7.659000e-01	1.110514e-06	
1688	1.675500e-07	1.200000e+00	7.641000e-01	1.123403e-06	
1689	1.676500e-07	1.200000e+00	7.623000e-01	1.109749e-06	
1690	1.677500e-07	1.200000e+00	7.605000e-01	1.122638e-06	
1691	1.678500e-07	1.200000e+00	7.587000e-01	1.109051e-06	
1692	1.679500e-07	1.200000e+00	7.569000e-01	1.121936e-06	
1693	1.680500e-07	1.200000e+00	7.551000e-01	1.108415e-06	
1694	1.681500e-07	1.200000e+00	7.533000e-01	1.121293e-06	
1695	1.682500e-07	1.200000e+00	7.515000e-01	1.107834e-06	
1696	1.683500e-07	1.200000e+00	7.497000e-01	1.120703e-06	
1697	1.684500e-07	1.200000e+00	7.479000e-01	1.107304e-06	
1698	1.685500e-07	1.200000e+00	7.461000e-01	1.120161e-06	
1699	1.686500e-07	1.200000e+00	7.443000e-01	1.106819e-06	
1700	1.687500e-07	1.200000e+00	7.425000e-01	1.119662e-06	
1701	1.688500e-07	1.200000e+00	7.407000e-01	1.106377e-06	
1702	1.689500e-07	1.200000e+00	7.389000e-01	1.119204e-06	
1703	1.690500e-07	1.200000e+00	7.371000e-01	1.105972e-06	
1704	1.691500e-07	1.200000e+00	7.353000e-01	1.118782e-06	
1705	1.692500e-07	1.200000e+00	7.335000e-01	1.105601e-06	
1706	1.693500e-07	1.200000e+00	7.317000e-01	1.118392e-06	
1707	1.694500e-07	1.200000e+00	7.299000e-01	1.105262e-06	
1708	1.695500e-07	1.200000e+00	7.281000e-01	1.118033e-06	
1709	1.696500e-07	1.200000e+00	7.263000e-01	1.104952e-06	
1710	1.697500e-07	1.200000e+00	7.245000e-01	1.117701e-06	
1711	1.698500e-07	1.200000e+00	7.227000e-01	1.104667e-06	
1712	1.699500e-07	1.200000e+00	7.209000e-01	1.117393e-06	
1713	1.700500e-07	1.200000e+00	7.191000e-01	1.104406e-06	
1714	1.701500e-07	1.200000e+00	7.173000e-01	1.117109e-06	
1715	1.702500e-07	1.200000e+00	7.155000e-01	1.104167e-06	
1716	1.703500e-07	1.200000e+00	7.137000e-01	1.116845e-06	
1717	1.704500e-07	1.200000e+00	7.119000e-01	1.103947e-06	
1718	1.705500e-07	1.200000e+00	7.101000e-01	1.116600e-06	
1719	1.706500e-07	1.200000e+00	7.083000e-01	1.103746e-06	
1720	1.707500e-07	1.200000e+00	7.065000e-01	1.116372e-06	
1721	1.708500e-07	1.200000e+00	7.047000e-01	1.103561e-06	
1722	1.709500e-07	1.200000e+00	7.029000e-01	1.116160e-06	
1723	1.710500e-07	1.200000e+00	7.011000e-01	1.103390e-06	
1724	1.711500e-07	1.200000e+00	6.993000e-01	1.115962e-06	
1725	1.712500e-07	1.200000e+00	6.975000e-01	1.103234e-06	
1726	1.713500e-07	1.200000e+00	6.957000e-01	1.115777e-06	
1727	1.714500e-07	1.200000e+00	6.939000e-01	1.103090e-06	
1728	1.715500e-07	1.200000e+00	6.921000e-01	1.115604e-06	
1729	1.716500e-07	1.200000e+00	6.903000e-01	1.102957e-06	
1730	1.717500e-07	1.200000e+00	6.885000e-01	1.115442e-06	
1731	1.718500e-07	1.200000e+00	6.867000e-01	1.102835e-06	
1732	1.719500e-07	1.200000e+00	6.849000e-01	1.115290e-06	
1733	1.720500e-07	1.200000e+00	6.831000e-01	1.102722e-06	
1734	1.721500e-07	1.200000e+00	6.813000e-01	1.115148e-06	
1735	1.722500e-07	1.200000e+00	6.795000e-01	1.102618e-06	
1736	1.723500e-07	1.200000e+00	6.777000e-01	1.115013e-06	
1737	1.724500e-07	1.200000e+00	6.759000e-01	1.102522e-06	
1738	1.725500e-07	1.200000e+00	6.741000e-01	1.114887e-06	
1739	1.726500e-07	1.200000e+00	6.723000e-01	1.102433e-06	
1740	1.727500e-07	1.200000e+00	6.705000e-01	1.114767e-06	
1741	1.728500e-07	1.200000e+00	6.687000e-01	1.102351e-06	
1742	1.729500e-07	1.200000e+00	6.669000e-01	1.114654e-06	
1743	1.730500e-07	1.200000e+00	6.651000e-01	1.102276e-06	
1744	1.731500e-07	1.200000e+00	6.633000e-01	1.114548e-06	
1745	1.732500e-07	1.200000e+00	6.615000e-01	1.102206e-06	
1746	1.733500e-07	1.200000e+00	6.597000e-01	1.114446e-06	
1747	1.734500e-07	1.200000e+00	6.579000e-01	1.102141e-06	
1748	1.735500e-07	1.200000e+00	6.561000e-01	1.114350e-06	
1749	1.736500e-07	1.200000e+00	6.543000e-01	1.102082e-06	
1750	1.737500e-07	1.200000e+00	6.525000e-01	1.114259e-06	
1751	1.738500e-07	1.200000e+00	6.507000e-01	1.102026e-06	
1752	1.739500e-07	1.200000e+00	6.489000e-01	1.114171e-06	
1753	1.740500e-07	1.200000e+00	6.471000e-01	1.101975e-06	
1754	1.741500e-07	1.200000e+00	6.453000e-01	1.114088e-06	
1755	1.742500e-07	1.200000e+00	6.435000e-01	1.101928e-06	
1756	1.743500e-07	1.200000e+00	6.417000e-01	1.114009e-06	
1757	1.744500e-07	1.200000e+00	6.399000e-01	1.101884e-06	
1758	1.745500e-07	1.200000e+00	6.381000e-01	1.113933e-06	
1759	1.746500e-07	1.200000e+00	6.363000e-01	1.101844e-06	
1760	1.747500e-07	1.200000e+00	6.345000e-01	1.113860e-06	
1761	1.748500e-07	1.200000e+00	6.327000e-01	1.101807e-06	
1762	1.749500e-07	1.200000e+00	6.309000e-01	1.113790e-06	
1763	1.750500e-07	1.200000e+00	6.291000e-01	1.101772e-06	
1764	1.751500e-07	1.200000e+00	6.273000e-01	1.113723e-06	
1765	1.752500e-07	1.200000e+00	6.255000e-01	1.101740e-06	
1766	1.753500e-07	1.200000e+00	6.237000e-01	1.113659e-06	
1767	1.754500e-07	1.200000e+00	6.219000e-01	1.101711e-06	
1768	1.755500e-07	1.200000e+00	6.201000e-01	1.113597e-06	
1769	1.756500e-07	1.200000e+00	6.183000e-01	1.101684e-06	
1770	1.757500e-07	1.200000e+00	6.165000e-01	1.113537e-06	
1771	1.758500e-07	1.200000e+00	6.147000e-01	1.101659e-06	
1772	1.759500e-07	1.200000e+00	6.129000e-01	1.113480e-06	
1773	1.760500e-07	1.200000e+00	6.111000e-01	1.101635e-06	
1774	1.761500e-07	1.200000e+00	6.093000e-01	1.113424e-06	
1775	1.762500e-07	1.200000e+00	6.075000e-01	1.101614e-06	
1776	1.763500e-07	1.200000e+00	6.057000e-01	1.113370e-06	
1777	1.764500e-07	1.200000e+00	6.039000e-01	1.101595e-06	
1778	1.765500e-07	1.200000e+00	6.021000e-01	1.113318e-06	
1779	1.766500e-07	1.200000e+00	6.003000e-01	1.101577e-06	
1780	1.767500e-07	1.200000e+00	5.985000e-01	1.113267e-06	
1781	1.768500e-07	1.200000e+00	5.967000e-01	1.101561e-06	
1782	1.769500e-07	1.200000e+00	5.949000e-01	1.113218e-06	
1783	1.770500e-07	1.200000e+00	5.931000e-01	1.101546e-06	
1784	1.771500e-07	1.200000e+00	5.913000e-01	1.113171e-06	
1785	1.772500e-07	1.200000e+00	5.895000e-01	1.101532e-06	
1786	1.773500e-07	1.200000e+00	5.877000e-01	1.113124e-06	
1787	1.774500e-07	1.200000e+00	5.859000e-01	1.101520e-06	
1788	1.775500e-07	1.200000e+00	5.841000e-01	1.113079e-06	
1789	1.776500e-07	1.200000e+00	5.823000e-01	1.101509e-06	
1790	1.777500e-07	1.200000e+00	5.805000e-01	1.113036e-06	
1791	1.778500e-07	1.200000e+00	5.787000e-01	1.101499e-06	
1792	1.779500e-07	1.200000e+00	5.769000e-01	1.112993e-06	
1793	1.780500e-07	1.200000e+00	5.751000e-01	1.101490e-06	
1794	1.781500e-07	1.200000e+00	5.733000e-01	1.112951e-06	
1795	1.782500e-07	1.200000e+00	5.715000e-01	1.101482e-06	
1796	1.783500e-07	1.200000e+00	5.697000e-01	1.112911e-06	
1797	1.784500e-07	1.200000e+00	5.679000e-01	1.101475e-06	
1798	1.785500e-07	1.200000e+00	5.661000e-01	1.112871e-06	
1799	1.786500e-07	1.200000e+00	5.643000e-01	1.101469e-06	
1800	1.787500e-07	1.200000e+00	5.625000e-01	1.112833e-06	
1801	1.788500e-07	1.200000e+00	5.607000e-01	1.101464e-06	
1802	1.789500e-07	1.200000e+00	5.589000e-01	1.112795e-06	
1803	1.790500e-07	1.200000e+00	5.571000e-01	1.101460e-06	
1804	1.791500e-07	1.200000e+00	5.553000e-01	1.112758e-06	
1805	1.792500e-07	1.200000e+00	5.535000e-01	1.101456e-06	
1806	1.793500e-07	1.200000e+00	5.517000e-01	1.112722e-06	
1807	1.794500e-07	1.200000e+00	5.499000e-01	1.101453e-06	
1808	1.795500e-07	1.200000e+00	5.481000e-01	1.112686e-06	
1809	1.796500e-07	1.200000e+00	5.463000e-01	1.101451e-06	
1810	1.797500e-07	1.200000e+00	5.445000e-01	1.112652e-06	
1811	1.798500e-07	1.200000e+00	5.427000e-01	1.101450e-06	
1812	1.799500e-07	1.200000e+00	5.409000e-01	1.112618e-06	
1813	1.800500e-07	1.200000e+00	5.391000e-01	1.101449e-06	
1814	1.801500e-07	1.200000e+00	5.373000e-01	1.112584e-06	
1815	1.802500e-07	1.200000e+00	5.355000e-01	1.101449e-06	
1816	1.803500e-07	1.200000e+00	5.337000e-01	1.112552e-06	
1817	1.804500e-07	1.200000e+00	5.319000e-01	1.101449e-06	
1818	1.805500e-07	1.200000e+00	5.301000e-01	1.112519e-06	
1819	1.806500e-07	1.200000e+00	5.283000e-01	1.101450e-06	
1820	1.807500e-07	1.200000e+00	5.265000e-01	1.112488e-06	
1821	1.808500e-07	1.200000e+00	5.247000e-01	1.101451e-06	
1822	1.809500e-07	1.200000e+00	5.229000e-01	1.112457e-06	
1823	1.810500e-07	1.200000e+00	5.211000e-01	1.101453e-06	
1824	1.811500e-07	1.200000e+00	5.193000e-01	1.112426e-06	
1825	1.812500e-07	1.200000e+00	5.175000e-01	1.101455e-06	
1826	1.813500e-07	1.200000e+00	5.157000e-01	1.112396e-06	
1827	1.814500e-07	1.200000e+00	5.139000e-01	1.101458e-06	
1828	1.815500e-07	1.200000e+00	5.121000e-01	1.112367e-06	
1829	1.816500e-07	1.200000e+00	5.103000e-01	1.101461e-06	
1830	1.817500e-07	1.200000e+00	5.085000e-01	1.112338e-06	
1831	1.818500e-07	1.200000e+00	5.067000e-01	1.101465e-06	
1832	1.819500e-07	1.200000e+00	5.049000e-01	1.112309e-06	
1833	1.820500e-07	1.200000e+00	5.031000e-01	1.101469e-06	
1834	1.821500e-07	1.200000e+00	5.013000e-01	1.112281e-06	
1835	1.822500e-07	1.200000e+00	4.995000e-01	1.101473e-06	
1836	1.823500e-07	1.200000e+00	4.977000e-01	1.112253e-06	
1837	1.824500e-07	1.200000e+00	4.959000e-01	1.101478e-06	
1838	1.825500e-07	1.200000e+00	4.941000e-01	1.112226e-06	
1839	1.826500e-07	1.200000e+00	4.923000e-01	1.101483e-06	
1840	1.827500e-07	1.200000e+00	4.905000e-01	1.112199e-06	
1841	1.828500e-07	1.200000e+00	4.887000e-01	1.101489e-06	
1842	1.829500e-07	1.200000e+00	4.869000e-01	1.112172e-06	
1843	1.830500e-07	1.200000e+00	4.851000e-01	1.101495e-06	
1844	1.831500e-07	1.200000e+00	4.833000e-01	1.112146e-06	
1845	1.832500e-07	1.200000e+00	4.815000e-01	1.101501e-06	
1846	1.833500e-07	1.200000e+00	4.797000e-01	1.112120e-06	
1847	1.834500e-07	1.200000e+00	4.779000e-01	1.101507e-06	
1848	1.835500e-07	1.200000e+00	4.761000e-01	1.112094e-06	
1849	1.836500e-07	1.200000e+00	4.743000e-01	1.101514e-06	
1850	1.837500e-07	1.200000e+00	4.725000e-01	1.112069e-06	
1851	1.838500e-07	1.200000e+00	4.707000e-01	1.101521e-06	
1852	1.839500e-07	1.200000e+00	4.689000e-01	1.112044e-06	
1853	1.840500e-07	1.200000e+00	4.671000e-01	1.101528e-06	
1854	1.841500e-07	1.200000e+00	4.653000e-01	1.112019e-06	
1855	1.842500e-07	1.200000e+00	4.635000e-01	1.101535e-06	
1856	1.843500e-07	1.200000e+00	4.617000e-01	1.111995e-06	
1857	1.844500e-07	1.200000e+00	4.599000e-01	1.101543e-06	
1858	1.845500e-07	1.200000e+00	4.581000e-01	1.111971e-06	
1859	1.846500e-07	1.200000e+00	4.563000e-01	1.101551e-06	
1860	1.847500e-07	1.200000e+00	4.545000e-01	1.111947e-06	
1861	1.848500e-07	1.200000e+00	4.527000e-01	1.101559e-06	
1862	1.849500e-07	1.200000e+00	4.509000e-01	1.111923e-06	
1863	1.850500e-07	1.200000e+00	4.491000e-01	1.101568e-06	
1864	1.851500e-07	1.200000e+00	4.473000e-01	1.111900e-06	
1865	1.852500e-07	1.200000e+00	4.455000e-01	1.101576e-06	
1866	1.853500e-07	1.200000e+00	4.437000e-01	1.111877e-06	
1867	1.854500e-07	1.200000e+00	4.419000e-01	1.101585e-06	
1868	1.855500e-07	1.200000e+00	4.401000e-01	1.111854e-06	
1869	1.856500e-07	1.200000e+00	4.383000e-01	1.101594e-06	
1870	1.857500e-07	1.200000e+00	4.365000e-01	1.111832e-06	
1871	1.858500e-07	1.200000e+00	4.347000e-01	1.101603e-06	
1872	1.859500e-07	1.200000e+00	4.329000e-01	1.111809e-06	
1873	1.860500e-07	1.200000e+00	4.311000e-01	1.101613e-06	
1874	1.861500e-07	1.200000e+00	4.293000e-01	1.111787e-06	
1875	1.862500e-07	1.200000e+00	4.275000e-01	1.101622e-06	
1876	1.863500e-07	1.200000e+00	4.257000e-01	1.111765e-06	
1877	1.864500e-07	1.200000e+00	4.239000e-01	1.101632e-06	
1878	1.865500e-07	1.200000e+00	4.221000e-01	1.111743e-06	
1879	1.866500e-07	1.200000e+00	4.203000e-01	1.101642e-06	
1880	1.867500e-07	1.200000e+00	4.185000e-01	1.111722e-06	
1881	1.868500e-07	1.200000e+00	4.167000e-01	1.101652e-06	
1882	1.869500e-07	1.200000e+00	4.149000e-01	1.111700e-06	
1883	1.870500e-07	1.200000e+00	4.131000e-01	1.101662e-06	
1884	1.871500e-07	1.200000e+00	4.113000e-01	1.111679e-06	
1885	1.872500e-07	1.200000e+00	4.095000e-01	1.101672e-06	
1886	1.873500e-07	1.200000e+00	4.077000e-01	1.111658e-06	
1887	1.874500e-07	1.200000e+00	4.059000e-01	1.101683e-06	
1888	1.875500e-07	1.200000e+00	4.041000e-01	1.111637e-06	
1889	1.876500e-07	1.200000e+00	4.023000e-01	1.101693e-06	
1890	1.877500e-07	1.200000e+00	4.005000e-01	1.111616e-06	
1891	1.878500e-07	1.200000e+00	3.987000e-01	1.101704e-06	
1892	1.879500e-07	1.200000e+00	3.969000e-01	1.111596e-06	
1893	1.880500e-07	1.200000e+00	3.951000e-01	1.101715e-06	
1894	1.881500e-07	1.200000e+00	3.933000e-01	1.111575e-06	
1895	1.882500e-07	1.200000e+00	3.915000e-01	1.101726e-06	
1896	1.883500e-07	1.200000e+00	3.897000e-01	1.111555e-06	
1897	1.884500e-07	1.200000e+00	3.879000e-01	1.101737e-06	
1898	1.885500e-07	1.200000e+00	3.861000e-01	1.111535e-06	
1899	1.886500e-07	1.200000e+00	3.843000e-01	1.101748e-06	
1900	1.887500e-07	1.200000e+00	3.825000e-01	1.111515e-06	
1901	1.888500e-07	1.200000e+00	3.807000e-01	1.101759e-06	
1902	1.889500e-07	1.200000e+00	3.789000e-01	1.111495e-06	
1903	1.890500e-07	1.200000e+00	3.771000e-01	1.101770e-06	
1904	1.891500e-07	1.200000e+00	3.753000e-01	1.111475e-06	
1905	1.892500e-07	1.200000e+00	3.735000e-01	1.101782e-06	
1906	1.893500e-07	1.200000e+00	3.717000e-01	1.111456e-06	
1907	1.894500e-07	1.200000e+00	3.699000e-01	1.101793e-06	
1908	1.895500e-07	1.200000e+00	3.681000e-01	1.111436e-06	
1909	1.896500e-07	1.200000e+00	3.663000e-01	1.101805e-06	
1910	1.897500e-07	1.200000e+00	3.645000e-01	1.111417e-06	
1911	1.898500e-07	1.200000e+00	3.627000e-01	1.101817e-06	
1912	1.899500e-07	1.200000e+00	3.609000e-01	1.111398e-06	
1913	1.900500e-07	1.200000e+00	3.591000e-01	1.101828e-06	
1914	1.901500e-07	1.200000e+00	3.573000e-01	1.111379e-06	
1915	1.902500e-07	1.200000e+00	3.555000e-01	1.101840e-06	
1916	1.903500e-07	1.200000e+00	3.537000e-01	1.111360e-06	
1917	1.904500e-07	1.200000e+00	3.519000e-01	1.101852e-06	
1918	1.905500e-07	1.200000e+00	3.501000e-01	1.111341e-06	
1919	1.906500e-07	1.200000e+00	3.483000e-01	1.101864e-06	
1920	1.907500e-07	1.200000e+00	3.465000e-01	1.111322e-06	
1921	1.908500e-07	1.200000e+00	3.447000e-01	1.101876e-06	
1922	1.909500e-07	1.200000e+00	3.429000e-01	1.111303e-06	
1923	1.910500e-07	1.200000e+00	3.411000e-01	1.101888e-06	
1924	1.911500e-07	1.200000e+00	3.393000e-01	1.111285e-06	
1925	1.912500e-07	1.200000e+00	3.375000e-01	1.101900e-06	
1926	1.913500e-07	1.200000e+00	3.357000e-01	1.111266e-06	
1927	1.914500e-07	1.200000e+00	3.339000e-01	1.101913e-06	
1928	1.915500e-07	1.200000e+00	3.321000e-01	1.111248e-06	
1929	1.916500e-07	1.200000e+00	3.303000e-01	1.101925e-06	
1930	1.917500e-07	1.200000e+00	3.285000e-01	1.111230e-06	
1931	1.918500e-07	1.200000e+00	3.267000e-01	1.101937e-06	
1932	1.919500e-07	1.200000e+00	3.249000e-01	1.111212e-06	
1933	1.920500e-07	1.200000e+00	3.231000e-01	1.101950e-06	
1934	1.921500e-07	1.200000e+00	3.213000e-01	1.111194e-06	
1935	1.922500e-07	1.200000e+00	3.195000e-01	1.101962e-06	
1936	1.923500e-07	1.200000e+00	3.177000e-01	1.111176e-06	
1937	1.924500e-07	1.200000e+00	3.159000e-01	1.101975e-06	
1938	1.925500e-07	1.200000e+00	3.141000e-01	1.111158e-06	
1939	1.926500e-07	1.200000e+00	3.123000e-01	1.101987e-06	
1940	1.927500e-07	1.200000e+00	3.105000e-01	1.111140e-06	
1941	1.928500e-07	1.200000e+00	3.087000e-01	1.102000e-06	
1942	1.929500e-07	1.200000e+00	3.069000e-01	1.111122e-06	
1943	1.930500e-07	1.200000e+00	3.051000e-01	1.102013e-06	
1944	1.931500e-07	1.200000e+00	3.033000e-01	1.111105e-06	
1945	1.932500e-07	1.200000e+00	3.015000e-01	1.102026e-06	
1946	1.933500e-07	1.200000e+00	2.997000e-01	1.111087e-06	
1947	1.934500e-07	1.200000e+00	2.979000e-01	1.102038e-06	
1948	1.935500e-07	1.200000e+00	2.961000e-01	1.111069e-06	
1949	1.936500e-07	1.200000e+00	2.943000e-01	1.102051e-06	
1950	1.937500e-07	1.200000e+00	2.925000e-01	1.111052e-06	
1951	1.938500e-07	1.200000e+00	2.907000e-01	1.102064e-06	
1952	1.939500e-07	1.200000e+00	2.889000e-01	1.111035e-06	
1953	1.940500e-07	1.200000e+00	2.871000e-01	1.102077e-06	
1954	1.941500e-07	1.200000e+00	2.853000e-01	1.111017e-06	
1955	1.942500e-07	1.200000e+00	2.835000e-01	1.102090e-06	
1956	1.943500e-07	1.200000e+00	2.817000e-01	1.111000e-06	
1957	1.944500e-07	1.200000e+00	2.799000e-01	1.102103e-06	
1958	1.945500e-07	1.200000e+00	2.781000e-01	1.110983e-06	
1959	1.946500e-07	1.200000e+00	2.763000e-01	1.102116e-06	
1960	1.947500e-07	1.200000e+00	2.745000e-01	1.110966e-06	
1961	1.948500e-07	1.200000e+00	2.727000e-01	1.102129e-06	
1962	1.949500e-07	1.200000e+00	2.709000e-01	1.110949e-06	
1963	1.950500e-07	1.200000e+00	2.691000e-01	1.102142e-06	
1964	1.951500e-07	1.200000e+00	2.673000e-01	1.110932e-06	
1965	1.952500e-07	1.200000e+00	2.655000e-01	1.102155e-06	
1966	1.953500e-07	1.200000e+00	2.637000e-01	1.110915e-06	
1967	1.954500e-07	1.200000e+00	2.619000e-01	1.102168e-06	
1968	1.955500e-07	1.200000e+00	2.601000e-01	1.110898e-06	
1969	1.956500e-07	1.200000e+00	2.583000e-01	1.102181e-06	
1970	1.957500e-07	1.200000e+00	2.565000e-01	1.110882e-06	
1971	1.958500e-07	1.200000e+00	2.547000e-01	1.102194e-06	
1972	1.959500e-07	1.200000e+00	2.529000e-01	1.110865e-06	
1973	1.960500e-07	1.200000e+00	2.511000e-01	1.102207e-06	
1974	1.961500e-07	1.200000e+00	2.493000e-01	1.110848e-06	
1975	1.962500e-07	1.200000e+00	2.475000e-01	1.102220e-06	
1976	1.963500e-07	1.200000e+00	2.457000e-01	1.110832e-06	
1977	1.964500e-07	1.200000e+00	2.439000e-01	1.102234e-06	
1978	1.965500e-07	1.200000e+00	2.421000e-01	1.110815e-06	
1979	1.966500e-07	1.200000e+00	2.403000e-01	1.102247e-06	
1980	1.967500e-07	1.200000e+00	2.385000e-01	1.110799e-06	
1981	1.968500e-07	1.200000e+00	2.367000e-01	1.102260e-06	
1982	1.969500e-07	1.200000e+00	2.349000e-01	1.110782e-06	
1983	1.970500e-07	1.200000e+00	2.331000e-01	1.102273e-06	
1984	1.971500e-07	1.200000e+00	2.313000e-01	1.110766e-06	
1985	1.972500e-07	1.200000e+00	2.295000e-01	1.102287e-06	
1986	1.973500e-07	1.200000e+00	2.277000e-01	1.110750e-06	
1987	1.974500e-07	1.200000e+00	2.259000e-01	1.102300e-06	
1988	1.975500e-07	1.200000e+00	2.241000e-01	1.110733e-06	
1989	1.976500e-07	1.200000e+00	2.223000e-01	1.102313e-06	
1990	1.977500e-07	1.200000e+00	2.205000e-01	1.110717e-06	
1991	1.978500e-07	1.200000e+00	2.187000e-01	1.102326e-06	
1992	1.979500e-07	1.200000e+00	2.169000e-01	1.110701e-06	
1993	1.980500e-07	1.200000e+00	2.151000e-01	1.102340e-06	
1994	1.981500e-07	1.200000e+00	2.133000e-01	1.110685e-06	
1995	1.982500e-07	1.200000e+00	2.115000e-01	1.102353e-06	
1996	1.983500e-07	1.200000e+00	2.097000e-01	1.110669e-06	
1997	1.984500e-07	1.200000e+00	2.079000e-01	1.102366e-06	
1998	1.985500e-07	1.200000e+00	2.061000e-01	1.110653e-06	
1999	1.986500e-07	1.200000e+00	2.043000e-01	1.102380e-06	
2000	1.987500e-07	1.200000e+00	2.025000e-01	1.110637e-06	
2001	1.988500e-07	1.200000e+00	2.007000e-01	1.102393e-06	
2002	1.989500e-07	1.200000e+00	1.989000e-01	1.110621e-06	
2003	1.990500e-07	1.200000e+00	1.971000e-01	1.102407e-06	
2004	1.991500e-07	1.200000e+00	1.953000e-01	1.110605e-06	
2005	1.992500e-07	1.200000e+00	1.935000e-01	1.102420e-06	
2006	1.993500e-07	1.200000e+00	1.917000e-01	1.110589e-06	
2007	1.994500e-07	1.200000e+00	1.899000e-01	1.102434e-06	
2008	1.995500e-07	1.200000e+00	1.881000e-01	1.110574e-06	
2009	1.996500e-07	1.200000e+00	1.863000e-01	1.102447e-06	
2010	1.997500e-07	1.200000e+00	1.845000e-01	1.110558e-06	
2011	1.998500e-07	1.200000e+00	1.827000e-01	1.102461e-06	
2012	1.999500e-07	1.200000e+00	1.809000e-01	1.110542e-06	
2013	2.000500e-07	1.200000e+00	1.791000e-01	1.102474e-06	
2014	2.001500e-07	1.200000e+00	1.773000e-01	1.110527e-06	
2015	2.002500e-07	1.200000e+00	1.755000e-01	1.102487e-06	
2016	2.003500e-07	1.200000e+00	1.737000e-01	1.110511e-06	
2017	2.004500e-07	1.200000e+00	1.719000e-01	1.102501e-06	
2018	2.005500e-07	1.200000e+00	1.701000e-01	1.110495e-06	
2019	2.006500e-07	1.200000e+00	1.683000e-01	1.102514e-06	
2020	2.007500e-07	1.200000e+00	1.665000e-01	1.110480e-06	
2021	2.008500e-07	1.200000e+00	1.647000e-01	1.102528e-06	
2022	2.009500e-07	1.200000e+00	1.629000e-01	1.110464e-06	
2023	2.010500e-07	1.200000e+00	1.611000e-01	1.102541e-06	
2024	2.011500e-07	1.200000e+00	1.593000e-01	1.110449e-06	
2025	2.012500e-07	1.200000e+00	1.575000e-01	1.102555e-06	
2026	2.013500e-07	1.200000e+00	1.557000e-01	1.110434e-06	
2027	2.014500e-07	1.200000e+00	1.539000e-01	1.102568e-06	
2028	2.015500e-07	1.200000e+00	1.521000e-01	1.110418e-06	
2029	2.016500e-07	1.200000e+00	1.503000e-01	1.102582e-06	
2030	2.017500e-07	1.200000e+00	1.485000e-01	1.110403e-06	
2031	2.018500e-07	1.200000e+00	1.467000e-01	1.102595e-06	
2032	2.019500e-07	1.200000e+00	1.449000e-01	1.110388e-06	
2033	2.020500e-07	1.200000e+00	1.431000e-01	1.102609e-06	
2034	2.021500e-07	1.200000e+00	1.413000e-01	1.110372e-06	
2035	2.022500e-07	1.200000e+00	1.395000e-01	1.102622e-06	
2036	2.023500e-07	1.200000e+00	1.377000e-01	1.110357e-06	
2037	2.024500e-07	1.200000e+00	1.359000e-01	1.102636e-06	
2038	2.025500e-07	1.200000e+00	1.341000e-01	1.110342e-06	
2039	2.026500e-07	1.200000e+00	1.323000e-01	1.102649e-06	
2040	2.027500e-07	1.200000e+00	1.305000e-01	1.110327e-06	
2041	2.028500e-07	1.200000e+00	1.287000e-01	1.102663e-06	
2042	2.029500e-07	1.200000e+00	1.269000e-01	1.110312e-06	
2043	2.030500e-07	1.200000e+00	1.251000e-01	1.102677e-06	
2044	2.031500e-07	1.200000e+00	1.233000e-01	1.110297e-06	
2045	2.032500e-07	1.200000e+00	1.215000e-01	1.102690e-06	
2046	2.033500e-07	1.200000e+00	1.197000e-01	1.110282e-06	
2047	2.034500e-07	1.200000e+00	1.179000e-01	1.102704e-06	
2048	2.035500e-07	1.200000e+00	1.161000e-01	1.110267e-06	
2049	2.036500e-07	1.200000e+00	1.143000e-01	1.102717e-06	
2050	2.037500e-07	1.200000e+00	1.125000e-01	1.110252e-06	
2051	2.038500e-07	1.200000e+00	1.107000e-01	1.102731e-06	
2052	2.039500e-07	1.200000e+00	1.089000e-01	1.110237e-06	
2053	2.040500e-07	1.200000e+00	1.071000e-01	1.102744e-06	
2054	2.041500e-07	1.200000e+00	1.053000e-01	1.110222e-06	
2055	2.042500e-07	1.200000e+00	1.035000e-01	1.102758e-06	
2056	2.043500e-07	1.200000e+00	1.017000e-01	1.110207e-06	
2057	2.044500e-07	1.200000e+00	9.990000e-02	1.102771e-06	
2058	2.045500e-07	1.200000e+00	9.810000e-02	1.110193e-06	
2059	2.046500e-07	1.200000e+00	9.630000e-02	1.102785e-06	
2060	2.047500e-07	1.200000e+00	9.450000e-02	1.110178e-06	
2061	2.048500e-07	1.200000e+00	9.270000e-02	1.102798e-06	
2062	2.049500e-07	1.200000e+00	9.090000e-02	1.110163e-06	
2063	2.050500e-07	1.200000e+00	8.910000e-02	1.102812e-06	
2064	2.051500e-07	1.200000e+00	8.730000e-02	1.110148e-06	
2065	2.052500e-07	1.200000e+00	8.550000e-02	1.102825e-06	
2066	2.053500e-07	1.200000e+00	8.370000e-02	1.110134e-06	
2067	2.054500e-07	1.200000e+00	8.190000e-02	1.102839e-06	
2068	2.055500e-07	1.200000e+00	8.010000e-02	1.110119e-06	
2069	2.056500e-07	1.200000e+00	7.830000e-02	1.102852e-06	
2070	2.057500e-07	1.200000e+00	7.650000e-02	1.110104e-06	
2071	2.058500e-07	1.200000e+00	7.470000e-02	1.102866e-06	
2072	2.059500e-07	1.200000e+00	7.290000e-02	1.110090e-06	
2073	2.060500e-07	1.200000e+00	7.110000e-02	1.102880e-06	
2074	2.061500e-07	1.200000e+00	6.930000e-02	1.110075e-06	
2075	2.062500e-07	1.200000e+00	6.750000e-02	1.102893e-06	
2076	2.063500e-07	1.200000e+00	6.570000e-02	1.110061e-06	
2077	2.064500e-07	1.200000e+00	6.390000e-02	1.102907e-06	
2078	2.065500e-07	1.200000e+00	6.210000e-02	1.110046e-06	
2079	2.066500e-07	1.200000e+00	6.030000e-02	1.102920e-06	
2080	2.067500e-07	1.200000e+00	5.850000e-02	1.110032e-06	
2081	2.068500e-07	1.200000e+00	5.670000e-02	1.102934e-06	
2082	2.069500e-07	1.200000e+00	5.490000e-02	1.110017e-06	
2083	2.070500e-07	1.200000e+00	5.310000e-02	1.102947e-06	
2084	2.071500e-07	1.200000e+00	5.130000e-02	1.110003e-06	
2085	2.072500e-07	1.200000e+00	4.950000e-02	1.102961e-06	
2086	2.073500e-07	1.200000e+00	4.770000e-02	1.109989e-06	
2087	2.074500e-07	1.200000e+00	4.590000e-02	1.102974e-06	
2088	2.075500e-07	1.200000e+00	4.410000e-02	1.109974e-06	
2089	2.076500e-07	1.200000e+00	4.230000e-02	1.102988e-06	
2090	2.077500e-07	1.200000e+00	4.050000e-02	1.109960e-06	
2091	2.078500e-07	1.200000e+00	3.870000e-02	1.103001e-06	
2092	2.079500e-07	1.200000e+00	3.690000e-02	1.109946e-06	
2093	2.080500e-07	1.200000e+00	3.510000e-02	1.103014e-06	
2094	2.081500e-07	1.200000e+00	3.330000e-02	1.109931e-06	
2095	2.082500e-07	1.200000e+00	3.150000e-02	1.103028e-06	
2096	2.083500e-07	1.200000e+00	2.970000e-02	1.109917e-06	
2097	2.084500e-07	1.200000e+00	2.790000e-02	1.103041e-06	
2098	2.085500e-07	1.200000e+00	2.610000e-02	1.109903e-06	
2099	2.086500e-07	1.200000e+00	2.430000e-02	1.103055e-06	
2100	2.087500e-07	1.200000e+00	2.250000e-02	1.109889e-06	
2101	2.088500e-07	1.200000e+00	2.070000e-02	1.103068e-06	
2102	2.089500e-07	1.200000e+00	1.890000e-02	1.109875e-06	
2103	2.090500e-07	1.200000e+00	1.710000e-02	1.103082e-06	
2104	2.091500e-07	1.200000e+00	1.530000e-02	1.109861e-06	
2105	2.092500e-07	1.200000e+00	1.350000e-02	1.103095e-06	
2106	2.093500e-07	1.200000e+00	1.170000e-02	1.109846e-06	
2107	2.094500e-07	1.200000e+00	9.900000e-03	1.103109e-06	
2108	2.095500e-07	1.200000e+00	8.100000e-03	1.109832e-06	
2109	2.096500e-07	1.200000e+00	6.300000e-03	1.103122e-06	
2110	2.097500e-07	1.200000e+00	4.500000e-03	1.109818e-06	
2111	2.098500e-07	1.200000e+00	2.700000e-03	1.103135e-06	
2112	2.099500e-07	1.200000e+00	9.000000e-04	1.109804e-06	
2113	2.100000e-07	1.200000e+00	0.000000e+00	1.103156e-06	
