Index   time            vinn            vinp            vout2           
0	0.000000e+00	0.000000e+00	6.000000e-01	1.800000e+00	
1	1.000000e-12	0.000000e+00	6.000000e-01	1.800000e+00	
2	2.000000e-12	0.000000e+00	6.000000e-01	1.800000e+00	
3	4.000000e-12	0.000000e+00	6.000000e-01	1.800000e+00	
4	8.000000e-12	0.000000e+00	6.000000e-01	1.800000e+00	
5	1.600000e-11	0.000000e+00	6.000000e-01	1.800000e+00	
6	3.200000e-11	0.000000e+00	6.000000e-01	1.800000e+00	
7	6.400000e-11	0.000000e+00	6.000000e-01	1.800000e+00	
8	1.280000e-10	0.000000e+00	6.000000e-01	1.800000e+00	
9	2.280000e-10	0.000000e+00	6.000000e-01	1.800000e+00	
10	3.280000e-10	0.000000e+00	6.000000e-01	1.800000e+00	
11	4.280000e-10	0.000000e+00	6.000000e-01	1.800000e+00	
12	5.280000e-10	0.000000e+00	6.000000e-01	1.800000e+00	
13	6.280000e-10	0.000000e+00	6.000000e-01	1.800000e+00	
14	7.280000e-10	0.000000e+00	6.000000e-01	1.800000e+00	
15	8.280000e-10	0.000000e+00	6.000000e-01	1.800000e+00	
16	9.280000e-10	0.000000e+00	6.000000e-01	1.800000e+00	
17	1.028000e-09	0.000000e+00	6.000000e-01	1.800000e+00	
18	1.128000e-09	0.000000e+00	6.000000e-01	1.800000e+00	
19	1.228000e-09	0.000000e+00	6.000000e-01	1.800000e+00	
20	1.328000e-09	0.000000e+00	6.000000e-01	1.800000e+00	
21	1.428000e-09	0.000000e+00	6.000000e-01	1.800000e+00	
22	1.528000e-09	0.000000e+00	6.000000e-01	1.800000e+00	
23	1.628000e-09	0.000000e+00	6.000000e-01	1.800000e+00	
24	1.728000e-09	0.000000e+00	6.000000e-01	1.800000e+00	
25	1.828000e-09	0.000000e+00	6.000000e-01	1.800000e+00	
26	1.928000e-09	0.000000e+00	6.000000e-01	1.800000e+00	
27	2.028000e-09	0.000000e+00	6.000000e-01	1.800000e+00	
28	2.128000e-09	0.000000e+00	6.000000e-01	1.800000e+00	
29	2.228000e-09	0.000000e+00	6.000000e-01	1.800000e+00	
30	2.328000e-09	0.000000e+00	6.000000e-01	1.800000e+00	
31	2.428000e-09	0.000000e+00	6.000000e-01	1.800000e+00	
32	2.528000e-09	0.000000e+00	6.000000e-01	1.800000e+00	
33	2.628000e-09	0.000000e+00	6.000000e-01	1.800000e+00	
34	2.728000e-09	0.000000e+00	6.000000e-01	1.800000e+00	
35	2.828000e-09	0.000000e+00	6.000000e-01	1.800000e+00	
36	2.928000e-09	0.000000e+00	6.000000e-01	1.800000e+00	
37	3.028000e-09	0.000000e+00	6.000000e-01	1.800000e+00	
38	3.128000e-09	0.000000e+00	6.000000e-01	1.800000e+00	
39	3.228000e-09	0.000000e+00	6.000000e-01	1.800000e+00	
40	3.328000e-09	0.000000e+00	6.000000e-01	1.800000e+00	
41	3.428000e-09	0.000000e+00	6.000000e-01	1.800000e+00	
42	3.528000e-09	0.000000e+00	6.000000e-01	1.800000e+00	
43	3.628000e-09	0.000000e+00	6.000000e-01	1.800000e+00	
44	3.728000e-09	0.000000e+00	6.000000e-01	1.800000e+00	
45	3.828000e-09	0.000000e+00	6.000000e-01	1.800000e+00	
46	3.928000e-09	0.000000e+00	6.000000e-01	1.800000e+00	
47	4.028000e-09	0.000000e+00	6.000000e-01	1.800000e+00	
48	4.128000e-09	0.000000e+00	6.000000e-01	1.800000e+00	
49	4.228000e-09	0.000000e+00	6.000000e-01	1.800000e+00	
50	4.328000e-09	0.000000e+00	6.000000e-01	1.800000e+00	
51	4.428000e-09	0.000000e+00	6.000000e-01	1.800000e+00	
52	4.528000e-09	0.000000e+00	6.000000e-01	1.800000e+00	
53	4.628000e-09	0.000000e+00	6.000000e-01	1.800000e+00	
54	4.728000e-09	0.000000e+00	6.000000e-01	1.800000e+00	
55	4.828000e-09	0.000000e+00	6.000000e-01	1.800000e+00	
56	4.928000e-09	0.000000e+00	6.000000e-01	1.800000e+00	
57	5.028000e-09	0.000000e+00	6.000000e-01	1.800000e+00	
58	5.128000e-09	0.000000e+00	6.000000e-01	1.800000e+00	
59	5.228000e-09	0.000000e+00	6.000000e-01	1.800000e+00	
60	5.328000e-09	0.000000e+00	6.000000e-01	1.800000e+00	
61	5.428000e-09	0.000000e+00	6.000000e-01	1.800000e+00	
62	5.528000e-09	0.000000e+00	6.000000e-01	1.800000e+00	
63	5.628000e-09	0.000000e+00	6.000000e-01	1.800000e+00	
64	5.728000e-09	0.000000e+00	6.000000e-01	1.800000e+00	
65	5.828000e-09	0.000000e+00	6.000000e-01	1.800000e+00	
66	5.928000e-09	0.000000e+00	6.000000e-01	1.800000e+00	
67	6.028000e-09	0.000000e+00	6.000000e-01	1.800000e+00	
68	6.128000e-09	0.000000e+00	6.000000e-01	1.800000e+00	
69	6.228000e-09	0.000000e+00	6.000000e-01	1.800000e+00	
70	6.328000e-09	0.000000e+00	6.000000e-01	1.800000e+00	
71	6.428000e-09	0.000000e+00	6.000000e-01	1.800000e+00	
72	6.528000e-09	0.000000e+00	6.000000e-01	1.800000e+00	
73	6.628000e-09	0.000000e+00	6.000000e-01	1.800000e+00	
74	6.728000e-09	0.000000e+00	6.000000e-01	1.800000e+00	
75	6.828000e-09	0.000000e+00	6.000000e-01	1.800000e+00	
76	6.928000e-09	0.000000e+00	6.000000e-01	1.800000e+00	
77	7.028000e-09	0.000000e+00	6.000000e-01	1.800000e+00	
78	7.128000e-09	0.000000e+00	6.000000e-01	1.800000e+00	
79	7.228000e-09	0.000000e+00	6.000000e-01	1.800000e+00	
80	7.328000e-09	0.000000e+00	6.000000e-01	1.800000e+00	
81	7.428000e-09	0.000000e+00	6.000000e-01	1.800000e+00	
82	7.528000e-09	0.000000e+00	6.000000e-01	1.800000e+00	
83	7.628000e-09	0.000000e+00	6.000000e-01	1.800000e+00	
84	7.728000e-09	0.000000e+00	6.000000e-01	1.800000e+00	
85	7.828000e-09	0.000000e+00	6.000000e-01	1.800000e+00	
86	7.928000e-09	0.000000e+00	6.000000e-01	1.800000e+00	
87	8.028000e-09	0.000000e+00	6.000000e-01	1.800000e+00	
88	8.128000e-09	0.000000e+00	6.000000e-01	1.800000e+00	
89	8.228000e-09	0.000000e+00	6.000000e-01	1.800000e+00	
90	8.328000e-09	0.000000e+00	6.000000e-01	1.800000e+00	
91	8.428000e-09	0.000000e+00	6.000000e-01	1.800000e+00	
92	8.528000e-09	0.000000e+00	6.000000e-01	1.800000e+00	
93	8.628000e-09	0.000000e+00	6.000000e-01	1.800000e+00	
94	8.728000e-09	0.000000e+00	6.000000e-01	1.800000e+00	
95	8.828000e-09	0.000000e+00	6.000000e-01	1.800000e+00	
96	8.928000e-09	0.000000e+00	6.000000e-01	1.800000e+00	
97	9.028000e-09	0.000000e+00	6.000000e-01	1.800000e+00	
98	9.128000e-09	0.000000e+00	6.000000e-01	1.800000e+00	
99	9.228000e-09	0.000000e+00	6.000000e-01	1.800000e+00	
100	9.328000e-09	0.000000e+00	6.000000e-01	1.800000e+00	
101	9.428000e-09	0.000000e+00	6.000000e-01	1.800000e+00	
102	9.528000e-09	0.000000e+00	6.000000e-01	1.800000e+00	
103	9.628000e-09	0.000000e+00	6.000000e-01	1.800000e+00	
104	9.728000e-09	0.000000e+00	6.000000e-01	1.800000e+00	
105	9.828000e-09	0.000000e+00	6.000000e-01	1.800000e+00	
106	9.928000e-09	0.000000e+00	6.000000e-01	1.800000e+00	
107	1.000000e-08	0.000000e+00	6.000000e-01	1.800000e+00	
108	1.001000e-08	1.800000e-04	6.000000e-01	1.800001e+00	
109	1.003000e-08	5.400000e-04	6.000000e-01	1.800003e+00	
110	1.007000e-08	1.260000e-03	6.000000e-01	1.800001e+00	
111	1.015000e-08	2.700000e-03	6.000000e-01	1.799996e+00	
112	1.025000e-08	4.500000e-03	6.000000e-01	1.800001e+00	
113	1.035000e-08	6.300000e-03	6.000000e-01	1.800025e+00	
114	1.045000e-08	8.100000e-03	6.000000e-01	1.800059e+00	
115	1.055000e-08	9.900000e-03	6.000000e-01	1.800093e+00	
116	1.065000e-08	1.170000e-02	6.000000e-01	1.800120e+00	
117	1.075000e-08	1.350000e-02	6.000000e-01	1.800138e+00	
118	1.085000e-08	1.530000e-02	6.000000e-01	1.800146e+00	
119	1.095000e-08	1.710000e-02	6.000000e-01	1.800147e+00	
120	1.105000e-08	1.890000e-02	6.000000e-01	1.800141e+00	
121	1.115000e-08	2.070000e-02	6.000000e-01	1.800132e+00	
122	1.125000e-08	2.250000e-02	6.000000e-01	1.800121e+00	
123	1.135000e-08	2.430000e-02	6.000000e-01	1.800109e+00	
124	1.145000e-08	2.610000e-02	6.000000e-01	1.800097e+00	
125	1.155000e-08	2.790000e-02	6.000000e-01	1.800086e+00	
126	1.165000e-08	2.970000e-02	6.000000e-01	1.800076e+00	
127	1.175000e-08	3.150000e-02	6.000000e-01	1.800067e+00	
128	1.185000e-08	3.330000e-02	6.000000e-01	1.800059e+00	
129	1.195000e-08	3.510000e-02	6.000000e-01	1.800052e+00	
130	1.205000e-08	3.690000e-02	6.000000e-01	1.800046e+00	
131	1.215000e-08	3.870000e-02	6.000000e-01	1.800042e+00	
132	1.225000e-08	4.050000e-02	6.000000e-01	1.800038e+00	
133	1.235000e-08	4.230000e-02	6.000000e-01	1.800034e+00	
134	1.245000e-08	4.410000e-02	6.000000e-01	1.800032e+00	
135	1.255000e-08	4.590000e-02	6.000000e-01	1.800029e+00	
136	1.265000e-08	4.770000e-02	6.000000e-01	1.800027e+00	
137	1.275000e-08	4.950000e-02	6.000000e-01	1.800026e+00	
138	1.285000e-08	5.130000e-02	6.000000e-01	1.800025e+00	
139	1.295000e-08	5.310000e-02	6.000000e-01	1.800024e+00	
140	1.305000e-08	5.490000e-02	6.000000e-01	1.800023e+00	
141	1.315000e-08	5.670000e-02	6.000000e-01	1.800022e+00	
142	1.325000e-08	5.850000e-02	6.000000e-01	1.800021e+00	
143	1.335000e-08	6.030000e-02	6.000000e-01	1.800021e+00	
144	1.345000e-08	6.210000e-02	6.000000e-01	1.800020e+00	
145	1.355000e-08	6.390000e-02	6.000000e-01	1.800020e+00	
146	1.365000e-08	6.570000e-02	6.000000e-01	1.800020e+00	
147	1.375000e-08	6.750000e-02	6.000000e-01	1.800019e+00	
148	1.385000e-08	6.930000e-02	6.000000e-01	1.800019e+00	
149	1.395000e-08	7.110000e-02	6.000000e-01	1.800019e+00	
150	1.405000e-08	7.290000e-02	6.000000e-01	1.800019e+00	
151	1.415000e-08	7.470000e-02	6.000000e-01	1.800019e+00	
152	1.425000e-08	7.650000e-02	6.000000e-01	1.800018e+00	
153	1.435000e-08	7.830000e-02	6.000000e-01	1.800018e+00	
154	1.445000e-08	8.010000e-02	6.000000e-01	1.800018e+00	
155	1.455000e-08	8.190000e-02	6.000000e-01	1.800018e+00	
156	1.465000e-08	8.370000e-02	6.000000e-01	1.800018e+00	
157	1.475000e-08	8.550000e-02	6.000000e-01	1.800018e+00	
158	1.485000e-08	8.730000e-02	6.000000e-01	1.800017e+00	
159	1.495000e-08	8.910000e-02	6.000000e-01	1.800017e+00	
160	1.505000e-08	9.090000e-02	6.000000e-01	1.800017e+00	
161	1.515000e-08	9.270000e-02	6.000000e-01	1.800017e+00	
162	1.525000e-08	9.450000e-02	6.000000e-01	1.800017e+00	
163	1.535000e-08	9.630000e-02	6.000000e-01	1.800017e+00	
164	1.545000e-08	9.810000e-02	6.000000e-01	1.800017e+00	
165	1.555000e-08	9.990000e-02	6.000000e-01	1.800017e+00	
166	1.565000e-08	1.017000e-01	6.000000e-01	1.800016e+00	
167	1.575000e-08	1.035000e-01	6.000000e-01	1.800016e+00	
168	1.585000e-08	1.053000e-01	6.000000e-01	1.800016e+00	
169	1.595000e-08	1.071000e-01	6.000000e-01	1.800016e+00	
170	1.605000e-08	1.089000e-01	6.000000e-01	1.800016e+00	
171	1.615000e-08	1.107000e-01	6.000000e-01	1.800016e+00	
172	1.625000e-08	1.125000e-01	6.000000e-01	1.800016e+00	
173	1.635000e-08	1.143000e-01	6.000000e-01	1.800016e+00	
174	1.645000e-08	1.161000e-01	6.000000e-01	1.800016e+00	
175	1.655000e-08	1.179000e-01	6.000000e-01	1.800016e+00	
176	1.665000e-08	1.197000e-01	6.000000e-01	1.800015e+00	
177	1.675000e-08	1.215000e-01	6.000000e-01	1.800015e+00	
178	1.685000e-08	1.233000e-01	6.000000e-01	1.800015e+00	
179	1.695000e-08	1.251000e-01	6.000000e-01	1.800015e+00	
180	1.705000e-08	1.269000e-01	6.000000e-01	1.800015e+00	
181	1.715000e-08	1.287000e-01	6.000000e-01	1.800015e+00	
182	1.725000e-08	1.305000e-01	6.000000e-01	1.800015e+00	
183	1.735000e-08	1.323000e-01	6.000000e-01	1.800015e+00	
184	1.745000e-08	1.341000e-01	6.000000e-01	1.800015e+00	
185	1.755000e-08	1.359000e-01	6.000000e-01	1.800015e+00	
186	1.765000e-08	1.377000e-01	6.000000e-01	1.800015e+00	
187	1.775000e-08	1.395000e-01	6.000000e-01	1.800015e+00	
188	1.785000e-08	1.413000e-01	6.000000e-01	1.800015e+00	
189	1.795000e-08	1.431000e-01	6.000000e-01	1.800014e+00	
190	1.805000e-08	1.449000e-01	6.000000e-01	1.800014e+00	
191	1.815000e-08	1.467000e-01	6.000000e-01	1.800014e+00	
192	1.825000e-08	1.485000e-01	6.000000e-01	1.800014e+00	
193	1.835000e-08	1.503000e-01	6.000000e-01	1.800014e+00	
194	1.845000e-08	1.521000e-01	6.000000e-01	1.800014e+00	
195	1.855000e-08	1.539000e-01	6.000000e-01	1.800014e+00	
196	1.865000e-08	1.557000e-01	6.000000e-01	1.800014e+00	
197	1.875000e-08	1.575000e-01	6.000000e-01	1.800014e+00	
198	1.885000e-08	1.593000e-01	6.000000e-01	1.800014e+00	
199	1.895000e-08	1.611000e-01	6.000000e-01	1.800014e+00	
200	1.905000e-08	1.629000e-01	6.000000e-01	1.800014e+00	
201	1.915000e-08	1.647000e-01	6.000000e-01	1.800014e+00	
202	1.925000e-08	1.665000e-01	6.000000e-01	1.800014e+00	
203	1.935000e-08	1.683000e-01	6.000000e-01	1.800014e+00	
204	1.945000e-08	1.701000e-01	6.000000e-01	1.800014e+00	
205	1.955000e-08	1.719000e-01	6.000000e-01	1.800014e+00	
206	1.965000e-08	1.737000e-01	6.000000e-01	1.800014e+00	
207	1.975000e-08	1.755000e-01	6.000000e-01	1.800014e+00	
208	1.985000e-08	1.773000e-01	6.000000e-01	1.800014e+00	
209	1.995000e-08	1.791000e-01	6.000000e-01	1.800014e+00	
210	2.005000e-08	1.809000e-01	6.000000e-01	1.800014e+00	
211	2.015000e-08	1.827000e-01	6.000000e-01	1.800014e+00	
212	2.025000e-08	1.845000e-01	6.000000e-01	1.800014e+00	
213	2.035000e-08	1.863000e-01	6.000000e-01	1.800014e+00	
214	2.045000e-08	1.881000e-01	6.000000e-01	1.800014e+00	
215	2.055000e-08	1.899000e-01	6.000000e-01	1.800014e+00	
216	2.065000e-08	1.917000e-01	6.000000e-01	1.800014e+00	
217	2.075000e-08	1.935000e-01	6.000000e-01	1.800014e+00	
218	2.085000e-08	1.953000e-01	6.000000e-01	1.800014e+00	
219	2.095000e-08	1.971000e-01	6.000000e-01	1.800014e+00	
220	2.105000e-08	1.989000e-01	6.000000e-01	1.800014e+00	
221	2.115000e-08	2.007000e-01	6.000000e-01	1.800014e+00	
222	2.125000e-08	2.025000e-01	6.000000e-01	1.800014e+00	
223	2.135000e-08	2.043000e-01	6.000000e-01	1.800014e+00	
224	2.145000e-08	2.061000e-01	6.000000e-01	1.800014e+00	
225	2.155000e-08	2.079000e-01	6.000000e-01	1.800014e+00	
226	2.165000e-08	2.097000e-01	6.000000e-01	1.800014e+00	
227	2.175000e-08	2.115000e-01	6.000000e-01	1.800014e+00	
228	2.185000e-08	2.133000e-01	6.000000e-01	1.800014e+00	
229	2.195000e-08	2.151000e-01	6.000000e-01	1.800014e+00	
230	2.205000e-08	2.169000e-01	6.000000e-01	1.800014e+00	
231	2.215000e-08	2.187000e-01	6.000000e-01	1.800014e+00	
232	2.225000e-08	2.205000e-01	6.000000e-01	1.800014e+00	
233	2.235000e-08	2.223000e-01	6.000000e-01	1.800014e+00	
234	2.245000e-08	2.241000e-01	6.000000e-01	1.800014e+00	
235	2.255000e-08	2.259000e-01	6.000000e-01	1.800014e+00	
236	2.265000e-08	2.277000e-01	6.000000e-01	1.800014e+00	
237	2.275000e-08	2.295000e-01	6.000000e-01	1.800014e+00	
238	2.285000e-08	2.313000e-01	6.000000e-01	1.800014e+00	
239	2.295000e-08	2.331000e-01	6.000000e-01	1.800014e+00	
240	2.305000e-08	2.349000e-01	6.000000e-01	1.800015e+00	
241	2.315000e-08	2.367000e-01	6.000000e-01	1.800015e+00	
242	2.325000e-08	2.385000e-01	6.000000e-01	1.800015e+00	
243	2.335000e-08	2.403000e-01	6.000000e-01	1.800015e+00	
244	2.345000e-08	2.421000e-01	6.000000e-01	1.800015e+00	
245	2.355000e-08	2.439000e-01	6.000000e-01	1.800015e+00	
246	2.365000e-08	2.457000e-01	6.000000e-01	1.800015e+00	
247	2.375000e-08	2.475000e-01	6.000000e-01	1.800015e+00	
248	2.385000e-08	2.493000e-01	6.000000e-01	1.800015e+00	
249	2.395000e-08	2.511000e-01	6.000000e-01	1.800015e+00	
250	2.405000e-08	2.529000e-01	6.000000e-01	1.800016e+00	
251	2.415000e-08	2.547000e-01	6.000000e-01	1.800016e+00	
252	2.425000e-08	2.565000e-01	6.000000e-01	1.800016e+00	
253	2.435000e-08	2.583000e-01	6.000000e-01	1.800016e+00	
254	2.445000e-08	2.601000e-01	6.000000e-01	1.800016e+00	
255	2.455000e-08	2.619000e-01	6.000000e-01	1.800016e+00	
256	2.465000e-08	2.637000e-01	6.000000e-01	1.800016e+00	
257	2.475000e-08	2.655000e-01	6.000000e-01	1.800017e+00	
258	2.485000e-08	2.673000e-01	6.000000e-01	1.800017e+00	
259	2.495000e-08	2.691000e-01	6.000000e-01	1.800017e+00	
260	2.505000e-08	2.709000e-01	6.000000e-01	1.800017e+00	
261	2.515000e-08	2.727000e-01	6.000000e-01	1.800017e+00	
262	2.525000e-08	2.745000e-01	6.000000e-01	1.800017e+00	
263	2.535000e-08	2.763000e-01	6.000000e-01	1.800018e+00	
264	2.545000e-08	2.781000e-01	6.000000e-01	1.800018e+00	
265	2.555000e-08	2.799000e-01	6.000000e-01	1.800018e+00	
266	2.565000e-08	2.817000e-01	6.000000e-01	1.800018e+00	
267	2.575000e-08	2.835000e-01	6.000000e-01	1.800018e+00	
268	2.585000e-08	2.853000e-01	6.000000e-01	1.800019e+00	
269	2.595000e-08	2.871000e-01	6.000000e-01	1.800019e+00	
270	2.605000e-08	2.889000e-01	6.000000e-01	1.800019e+00	
271	2.615000e-08	2.907000e-01	6.000000e-01	1.800019e+00	
272	2.625000e-08	2.925000e-01	6.000000e-01	1.800020e+00	
273	2.635000e-08	2.943000e-01	6.000000e-01	1.800020e+00	
274	2.645000e-08	2.961000e-01	6.000000e-01	1.800020e+00	
275	2.655000e-08	2.979000e-01	6.000000e-01	1.800021e+00	
276	2.665000e-08	2.997000e-01	6.000000e-01	1.800021e+00	
277	2.675000e-08	3.015000e-01	6.000000e-01	1.800021e+00	
278	2.685000e-08	3.033000e-01	6.000000e-01	1.800021e+00	
279	2.695000e-08	3.051000e-01	6.000000e-01	1.800022e+00	
280	2.705000e-08	3.069000e-01	6.000000e-01	1.800022e+00	
281	2.715000e-08	3.087000e-01	6.000000e-01	1.800022e+00	
282	2.725000e-08	3.105000e-01	6.000000e-01	1.800023e+00	
283	2.735000e-08	3.123000e-01	6.000000e-01	1.800023e+00	
284	2.745000e-08	3.141000e-01	6.000000e-01	1.800024e+00	
285	2.755000e-08	3.159000e-01	6.000000e-01	1.800024e+00	
286	2.765000e-08	3.177000e-01	6.000000e-01	1.800024e+00	
287	2.775000e-08	3.195000e-01	6.000000e-01	1.800025e+00	
288	2.785000e-08	3.213000e-01	6.000000e-01	1.800025e+00	
289	2.795000e-08	3.231000e-01	6.000000e-01	1.800026e+00	
290	2.805000e-08	3.249000e-01	6.000000e-01	1.800026e+00	
291	2.815000e-08	3.267000e-01	6.000000e-01	1.800026e+00	
292	2.825000e-08	3.285000e-01	6.000000e-01	1.800027e+00	
293	2.835000e-08	3.303000e-01	6.000000e-01	1.800027e+00	
294	2.845000e-08	3.321000e-01	6.000000e-01	1.800028e+00	
295	2.855000e-08	3.339000e-01	6.000000e-01	1.800028e+00	
296	2.865000e-08	3.357000e-01	6.000000e-01	1.800029e+00	
297	2.875000e-08	3.375000e-01	6.000000e-01	1.800030e+00	
298	2.885000e-08	3.393000e-01	6.000000e-01	1.800030e+00	
299	2.895000e-08	3.411000e-01	6.000000e-01	1.800031e+00	
300	2.905000e-08	3.429000e-01	6.000000e-01	1.800031e+00	
301	2.915000e-08	3.447000e-01	6.000000e-01	1.800032e+00	
302	2.925000e-08	3.465000e-01	6.000000e-01	1.800033e+00	
303	2.935000e-08	3.483000e-01	6.000000e-01	1.800033e+00	
304	2.945000e-08	3.501000e-01	6.000000e-01	1.800034e+00	
305	2.955000e-08	3.519000e-01	6.000000e-01	1.800035e+00	
306	2.965000e-08	3.537000e-01	6.000000e-01	1.800035e+00	
307	2.975000e-08	3.555000e-01	6.000000e-01	1.800036e+00	
308	2.985000e-08	3.573000e-01	6.000000e-01	1.800037e+00	
309	2.995000e-08	3.591000e-01	6.000000e-01	1.800038e+00	
310	3.005000e-08	3.609000e-01	6.000000e-01	1.800038e+00	
311	3.015000e-08	3.627000e-01	6.000000e-01	1.800039e+00	
312	3.025000e-08	3.645000e-01	6.000000e-01	1.800040e+00	
313	3.035000e-08	3.663000e-01	6.000000e-01	1.800041e+00	
314	3.045000e-08	3.681000e-01	6.000000e-01	1.800042e+00	
315	3.055000e-08	3.699000e-01	6.000000e-01	1.800043e+00	
316	3.065000e-08	3.717000e-01	6.000000e-01	1.800044e+00	
317	3.075000e-08	3.735000e-01	6.000000e-01	1.800045e+00	
318	3.085000e-08	3.753000e-01	6.000000e-01	1.800046e+00	
319	3.095000e-08	3.771000e-01	6.000000e-01	1.800047e+00	
320	3.105000e-08	3.789000e-01	6.000000e-01	1.800048e+00	
321	3.115000e-08	3.807000e-01	6.000000e-01	1.800049e+00	
322	3.125000e-08	3.825000e-01	6.000000e-01	1.800050e+00	
323	3.135000e-08	3.843000e-01	6.000000e-01	1.800051e+00	
324	3.145000e-08	3.861000e-01	6.000000e-01	1.800053e+00	
325	3.155000e-08	3.879000e-01	6.000000e-01	1.800054e+00	
326	3.165000e-08	3.897000e-01	6.000000e-01	1.800055e+00	
327	3.175000e-08	3.915000e-01	6.000000e-01	1.800057e+00	
328	3.185000e-08	3.933000e-01	6.000000e-01	1.800058e+00	
329	3.195000e-08	3.951000e-01	6.000000e-01	1.800059e+00	
330	3.205000e-08	3.969000e-01	6.000000e-01	1.800061e+00	
331	3.215000e-08	3.987000e-01	6.000000e-01	1.800062e+00	
332	3.225000e-08	4.005000e-01	6.000000e-01	1.800064e+00	
333	3.235000e-08	4.023000e-01	6.000000e-01	1.800066e+00	
334	3.245000e-08	4.041000e-01	6.000000e-01	1.800067e+00	
335	3.255000e-08	4.059000e-01	6.000000e-01	1.800069e+00	
336	3.265000e-08	4.077000e-01	6.000000e-01	1.800071e+00	
337	3.275000e-08	4.095000e-01	6.000000e-01	1.800073e+00	
338	3.285000e-08	4.113000e-01	6.000000e-01	1.800074e+00	
339	3.295000e-08	4.131000e-01	6.000000e-01	1.800076e+00	
340	3.305000e-08	4.149000e-01	6.000000e-01	1.800078e+00	
341	3.315000e-08	4.167000e-01	6.000000e-01	1.800080e+00	
342	3.325000e-08	4.185000e-01	6.000000e-01	1.800083e+00	
343	3.335000e-08	4.203000e-01	6.000000e-01	1.800085e+00	
344	3.345000e-08	4.221000e-01	6.000000e-01	1.800087e+00	
345	3.355000e-08	4.239000e-01	6.000000e-01	1.800089e+00	
346	3.365000e-08	4.257000e-01	6.000000e-01	1.800092e+00	
347	3.375000e-08	4.275000e-01	6.000000e-01	1.800094e+00	
348	3.385000e-08	4.293000e-01	6.000000e-01	1.800097e+00	
349	3.395000e-08	4.311000e-01	6.000000e-01	1.800100e+00	
350	3.405000e-08	4.329000e-01	6.000000e-01	1.800102e+00	
351	3.415000e-08	4.347000e-01	6.000000e-01	1.800105e+00	
352	3.425000e-08	4.365000e-01	6.000000e-01	1.800108e+00	
353	3.435000e-08	4.383000e-01	6.000000e-01	1.800111e+00	
354	3.445000e-08	4.401000e-01	6.000000e-01	1.800114e+00	
355	3.455000e-08	4.419000e-01	6.000000e-01	1.800117e+00	
356	3.465000e-08	4.437000e-01	6.000000e-01	1.800121e+00	
357	3.475000e-08	4.455000e-01	6.000000e-01	1.800124e+00	
358	3.485000e-08	4.473000e-01	6.000000e-01	1.800127e+00	
359	3.495000e-08	4.491000e-01	6.000000e-01	1.800131e+00	
360	3.505000e-08	4.509000e-01	6.000000e-01	1.800135e+00	
361	3.515000e-08	4.527000e-01	6.000000e-01	1.800139e+00	
362	3.525000e-08	4.545000e-01	6.000000e-01	1.800143e+00	
363	3.535000e-08	4.563000e-01	6.000000e-01	1.800147e+00	
364	3.545000e-08	4.581000e-01	6.000000e-01	1.800151e+00	
365	3.555000e-08	4.599000e-01	6.000000e-01	1.800155e+00	
366	3.565000e-08	4.617000e-01	6.000000e-01	1.800160e+00	
367	3.575000e-08	4.635000e-01	6.000000e-01	1.800164e+00	
368	3.585000e-08	4.653000e-01	6.000000e-01	1.800169e+00	
369	3.595000e-08	4.671000e-01	6.000000e-01	1.800174e+00	
370	3.605000e-08	4.689000e-01	6.000000e-01	1.800179e+00	
371	3.615000e-08	4.707000e-01	6.000000e-01	1.800184e+00	
372	3.625000e-08	4.725000e-01	6.000000e-01	1.800190e+00	
373	3.635000e-08	4.743000e-01	6.000000e-01	1.800195e+00	
374	3.645000e-08	4.761000e-01	6.000000e-01	1.800201e+00	
375	3.655000e-08	4.779000e-01	6.000000e-01	1.800207e+00	
376	3.665000e-08	4.797000e-01	6.000000e-01	1.800213e+00	
377	3.675000e-08	4.815000e-01	6.000000e-01	1.800219e+00	
378	3.685000e-08	4.833000e-01	6.000000e-01	1.800226e+00	
379	3.695000e-08	4.851000e-01	6.000000e-01	1.800233e+00	
380	3.705000e-08	4.869000e-01	6.000000e-01	1.800240e+00	
381	3.715000e-08	4.887000e-01	6.000000e-01	1.800247e+00	
382	3.725000e-08	4.905000e-01	6.000000e-01	1.800254e+00	
383	3.735000e-08	4.923000e-01	6.000000e-01	1.800262e+00	
384	3.745000e-08	4.941000e-01	6.000000e-01	1.800270e+00	
385	3.755000e-08	4.959000e-01	6.000000e-01	1.800278e+00	
386	3.765000e-08	4.977000e-01	6.000000e-01	1.800286e+00	
387	3.775000e-08	4.995000e-01	6.000000e-01	1.800295e+00	
388	3.785000e-08	5.013000e-01	6.000000e-01	1.800304e+00	
389	3.795000e-08	5.031000e-01	6.000000e-01	1.800314e+00	
390	3.805000e-08	5.049000e-01	6.000000e-01	1.800323e+00	
391	3.815000e-08	5.067000e-01	6.000000e-01	1.800334e+00	
392	3.825000e-08	5.085000e-01	6.000000e-01	1.800344e+00	
393	3.835000e-08	5.103000e-01	6.000000e-01	1.800355e+00	
394	3.845000e-08	5.121000e-01	6.000000e-01	1.800366e+00	
395	3.855000e-08	5.139000e-01	6.000000e-01	1.800378e+00	
396	3.865000e-08	5.157000e-01	6.000000e-01	1.800390e+00	
397	3.875000e-08	5.175000e-01	6.000000e-01	1.800402e+00	
398	3.885000e-08	5.193000e-01	6.000000e-01	1.800415e+00	
399	3.895000e-08	5.211000e-01	6.000000e-01	1.800429e+00	
400	3.905000e-08	5.229000e-01	6.000000e-01	1.800443e+00	
401	3.915000e-08	5.247000e-01	6.000000e-01	1.800458e+00	
402	3.925000e-08	5.265000e-01	6.000000e-01	1.800473e+00	
403	3.935000e-08	5.283000e-01	6.000000e-01	1.800489e+00	
404	3.945000e-08	5.301000e-01	6.000000e-01	1.800506e+00	
405	3.955000e-08	5.319000e-01	6.000000e-01	1.800524e+00	
406	3.965000e-08	5.337000e-01	6.000000e-01	1.800542e+00	
407	3.975000e-08	5.355000e-01	6.000000e-01	1.800561e+00	
408	3.985000e-08	5.373000e-01	6.000000e-01	1.800582e+00	
409	3.995000e-08	5.391000e-01	6.000000e-01	1.800603e+00	
410	4.005000e-08	5.409000e-01	6.000000e-01	1.800625e+00	
411	4.015000e-08	5.427000e-01	6.000000e-01	1.800648e+00	
412	4.025000e-08	5.445000e-01	6.000000e-01	1.800673e+00	
413	4.035000e-08	5.463000e-01	6.000000e-01	1.800699e+00	
414	4.045000e-08	5.481000e-01	6.000000e-01	1.800726e+00	
415	4.055000e-08	5.499000e-01	6.000000e-01	1.800755e+00	
416	4.065000e-08	5.517000e-01	6.000000e-01	1.800785e+00	
417	4.075000e-08	5.535000e-01	6.000000e-01	1.800816e+00	
418	4.085000e-08	5.553000e-01	6.000000e-01	1.800849e+00	
419	4.095000e-08	5.571000e-01	6.000000e-01	1.800884e+00	
420	4.105000e-08	5.589000e-01	6.000000e-01	1.800921e+00	
421	4.115000e-08	5.607000e-01	6.000000e-01	1.800959e+00	
422	4.125000e-08	5.625000e-01	6.000000e-01	1.800999e+00	
423	4.135000e-08	5.643000e-01	6.000000e-01	1.801041e+00	
424	4.145000e-08	5.661000e-01	6.000000e-01	1.801085e+00	
425	4.155000e-08	5.679000e-01	6.000000e-01	1.801130e+00	
426	4.165000e-08	5.697000e-01	6.000000e-01	1.801177e+00	
427	4.175000e-08	5.715000e-01	6.000000e-01	1.801225e+00	
428	4.185000e-08	5.733000e-01	6.000000e-01	1.801276e+00	
429	4.195000e-08	5.751000e-01	6.000000e-01	1.801327e+00	
430	4.205000e-08	5.769000e-01	6.000000e-01	1.801380e+00	
431	4.215000e-08	5.787000e-01	6.000000e-01	1.801435e+00	
432	4.225000e-08	5.805000e-01	6.000000e-01	1.801491e+00	
433	4.235000e-08	5.823000e-01	6.000000e-01	1.801548e+00	
434	4.245000e-08	5.841000e-01	6.000000e-01	1.801606e+00	
435	4.255000e-08	5.859000e-01	6.000000e-01	1.801665e+00	
436	4.265000e-08	5.877000e-01	6.000000e-01	1.801726e+00	
437	4.275000e-08	5.895000e-01	6.000000e-01	1.801787e+00	
438	4.285000e-08	5.913000e-01	6.000000e-01	1.801850e+00	
439	4.295000e-08	5.931000e-01	6.000000e-01	1.801913e+00	
440	4.305000e-08	5.949000e-01	6.000000e-01	1.801978e+00	
441	4.315000e-08	5.967000e-01	6.000000e-01	1.802043e+00	
442	4.325000e-08	5.985000e-01	6.000000e-01	1.802109e+00	
443	4.335000e-08	6.003000e-01	6.000000e-01	1.802176e+00	
444	4.345000e-08	6.021000e-01	6.000000e-01	1.802244e+00	
445	4.355000e-08	6.039000e-01	6.000000e-01	1.802313e+00	
446	4.365000e-08	6.057000e-01	6.000000e-01	1.802383e+00	
447	4.375000e-08	6.075000e-01	6.000000e-01	1.802454e+00	
448	4.385000e-08	6.093000e-01	6.000000e-01	1.802525e+00	
449	4.395000e-08	6.111000e-01	6.000000e-01	1.802597e+00	
450	4.405000e-08	6.129000e-01	6.000000e-01	1.802671e+00	
451	4.415000e-08	6.147000e-01	6.000000e-01	1.802745e+00	
452	4.425000e-08	6.165000e-01	6.000000e-01	1.802820e+00	
453	4.435000e-08	6.183000e-01	6.000000e-01	1.802895e+00	
454	4.445000e-08	6.201000e-01	6.000000e-01	1.802972e+00	
455	4.455000e-08	6.219000e-01	6.000000e-01	1.803049e+00	
456	4.465000e-08	6.237000e-01	6.000000e-01	1.803127e+00	
457	4.475000e-08	6.255000e-01	6.000000e-01	1.803205e+00	
458	4.485000e-08	6.273000e-01	6.000000e-01	1.803283e+00	
459	4.495000e-08	6.291000e-01	6.000000e-01	1.803361e+00	
460	4.505000e-08	6.309000e-01	6.000000e-01	1.803439e+00	
461	4.515000e-08	6.327000e-01	6.000000e-01	1.803516e+00	
462	4.525000e-08	6.345000e-01	6.000000e-01	1.803590e+00	
463	4.535000e-08	6.363000e-01	6.000000e-01	1.803662e+00	
464	4.545000e-08	6.381000e-01	6.000000e-01	1.803728e+00	
465	4.555000e-08	6.399000e-01	6.000000e-01	1.803787e+00	
466	4.565000e-08	6.417000e-01	6.000000e-01	1.803836e+00	
467	4.575000e-08	6.435000e-01	6.000000e-01	1.803869e+00	
468	4.585000e-08	6.453000e-01	6.000000e-01	1.803881e+00	
469	4.595000e-08	6.471000e-01	6.000000e-01	1.803863e+00	
470	4.605000e-08	6.489000e-01	6.000000e-01	1.803803e+00	
471	4.615000e-08	6.507000e-01	6.000000e-01	1.803683e+00	
472	4.625000e-08	6.525000e-01	6.000000e-01	1.803481e+00	
473	4.635000e-08	6.543000e-01	6.000000e-01	1.803165e+00	
474	4.645000e-08	6.561000e-01	6.000000e-01	1.802690e+00	
475	4.655000e-08	6.579000e-01	6.000000e-01	1.801996e+00	
476	4.665000e-08	6.597000e-01	6.000000e-01	1.800999e+00	
477	4.675000e-08	6.615000e-01	6.000000e-01	1.799586e+00	
478	4.685000e-08	6.633000e-01	6.000000e-01	1.797723e+00	
479	4.695000e-08	6.651000e-01	6.000000e-01	1.795156e+00	
480	4.705000e-08	6.669000e-01	6.000000e-01	1.791596e+00	
481	4.715000e-08	6.687000e-01	6.000000e-01	1.786711e+00	
482	4.725000e-08	6.705000e-01	6.000000e-01	1.780070e+00	
483	4.735000e-08	6.723000e-01	6.000000e-01	1.771106e+00	
484	4.745000e-08	6.741000e-01	6.000000e-01	1.759076e+00	
485	4.755000e-08	6.759000e-01	6.000000e-01	1.742985e+00	
486	4.765000e-08	6.777000e-01	6.000000e-01	1.721541e+00	
487	4.775000e-08	6.795000e-01	6.000000e-01	1.693311e+00	
488	4.785000e-08	6.813000e-01	6.000000e-01	1.657221e+00	
489	4.795000e-08	6.831000e-01	6.000000e-01	1.612955e+00	
490	4.805000e-08	6.849000e-01	6.000000e-01	1.560896e+00	
491	4.815000e-08	6.867000e-01	6.000000e-01	1.501914e+00	
492	4.825000e-08	6.885000e-01	6.000000e-01	1.437203e+00	
493	4.835000e-08	6.903000e-01	6.000000e-01	1.368183e+00	
494	4.845000e-08	6.921000e-01	6.000000e-01	1.296350e+00	
495	4.855000e-08	6.939000e-01	6.000000e-01	1.223159e+00	
496	4.865000e-08	6.957000e-01	6.000000e-01	1.149935e+00	
497	4.875000e-08	6.975000e-01	6.000000e-01	1.077800e+00	
498	4.885000e-08	6.993000e-01	6.000000e-01	1.007642e+00	
499	4.895000e-08	7.011000e-01	6.000000e-01	9.401164e-01	
500	4.905000e-08	7.029000e-01	6.000000e-01	8.756664e-01	
501	4.915000e-08	7.047000e-01	6.000000e-01	8.145532e-01	
502	4.925000e-08	7.065000e-01	6.000000e-01	7.568912e-01	
503	4.935000e-08	7.083000e-01	6.000000e-01	7.026843e-01	
504	4.945000e-08	7.101000e-01	6.000000e-01	6.518564e-01	
505	4.955000e-08	7.119000e-01	6.000000e-01	6.042778e-01	
506	4.965000e-08	7.137000e-01	6.000000e-01	5.597859e-01	
507	4.975000e-08	7.155000e-01	6.000000e-01	5.182004e-01	
508	4.985000e-08	7.173000e-01	6.000000e-01	4.793346e-01	
509	4.995000e-08	7.191000e-01	6.000000e-01	4.430026e-01	
510	5.005000e-08	7.209000e-01	6.000000e-01	4.090247e-01	
511	5.015000e-08	7.227000e-01	6.000000e-01	3.772303e-01	
512	5.025000e-08	7.245000e-01	6.000000e-01	3.474597e-01	
513	5.035000e-08	7.263000e-01	6.000000e-01	3.195651e-01	
514	5.045000e-08	7.281000e-01	6.000000e-01	2.934105e-01	
515	5.055000e-08	7.299000e-01	6.000000e-01	2.688722e-01	
516	5.065000e-08	7.317000e-01	6.000000e-01	2.458382e-01	
517	5.075000e-08	7.335000e-01	6.000000e-01	2.242081e-01	
518	5.085000e-08	7.353000e-01	6.000000e-01	2.038930e-01	
519	5.095000e-08	7.371000e-01	6.000000e-01	1.848157e-01	
520	5.105000e-08	7.389000e-01	6.000000e-01	1.669115e-01	
521	5.115000e-08	7.407000e-01	6.000000e-01	1.501288e-01	
522	5.125000e-08	7.425000e-01	6.000000e-01	1.344313e-01	
523	5.135000e-08	7.443000e-01	6.000000e-01	1.198008e-01	
524	5.145000e-08	7.461000e-01	6.000000e-01	1.062404e-01	
525	5.155000e-08	7.479000e-01	6.000000e-01	9.377861e-02	
526	5.165000e-08	7.497000e-01	6.000000e-01	8.246967e-02	
527	5.175000e-08	7.515000e-01	6.000000e-01	7.238754e-02	
528	5.185000e-08	7.533000e-01	6.000000e-01	6.360516e-02	
529	5.195000e-08	7.551000e-01	6.000000e-01	5.616053e-02	
530	5.205000e-08	7.569000e-01	6.000000e-01	5.002330e-02	
531	5.215000e-08	7.587000e-01	6.000000e-01	4.508334e-02	
532	5.225000e-08	7.605000e-01	6.000000e-01	4.116866e-02	
533	5.235000e-08	7.623000e-01	6.000000e-01	3.808080e-02	
534	5.245000e-08	7.641000e-01	6.000000e-01	3.562842e-02	
535	5.255000e-08	7.659000e-01	6.000000e-01	3.364792e-02	
536	5.265000e-08	7.677000e-01	6.000000e-01	3.201020e-02	
537	5.275000e-08	7.695000e-01	6.000000e-01	3.061859e-02	
538	5.285000e-08	7.713000e-01	6.000000e-01	2.940292e-02	
539	5.295000e-08	7.731000e-01	6.000000e-01	2.831356e-02	
540	5.305000e-08	7.749000e-01	6.000000e-01	2.731630e-02	
541	5.315000e-08	7.767000e-01	6.000000e-01	2.638870e-02	
542	5.325000e-08	7.785000e-01	6.000000e-01	2.551689e-02	
543	5.335000e-08	7.803000e-01	6.000000e-01	2.469312e-02	
544	5.345000e-08	7.821000e-01	6.000000e-01	2.391339e-02	
545	5.355000e-08	7.839000e-01	6.000000e-01	2.317578e-02	
546	5.365000e-08	7.857000e-01	6.000000e-01	2.247910e-02	
547	5.375000e-08	7.875000e-01	6.000000e-01	2.182223e-02	
548	5.385000e-08	7.893000e-01	6.000000e-01	2.120368e-02	
549	5.395000e-08	7.911000e-01	6.000000e-01	2.062156e-02	
550	5.405000e-08	7.929000e-01	6.000000e-01	2.007361e-02	
551	5.415000e-08	7.947000e-01	6.000000e-01	1.955740e-02	
552	5.425000e-08	7.965000e-01	6.000000e-01	1.907043e-02	
553	5.435000e-08	7.983000e-01	6.000000e-01	1.861025e-02	
554	5.445000e-08	8.001000e-01	6.000000e-01	1.817455e-02	
555	5.455000e-08	8.019000e-01	6.000000e-01	1.776121e-02	
556	5.465000e-08	8.037000e-01	6.000000e-01	1.736829e-02	
557	5.475000e-08	8.055000e-01	6.000000e-01	1.699410e-02	
558	5.485000e-08	8.073000e-01	6.000000e-01	1.663710e-02	
559	5.495000e-08	8.091000e-01	6.000000e-01	1.629595e-02	
560	5.505000e-08	8.109000e-01	6.000000e-01	1.596944e-02	
561	5.515000e-08	8.127000e-01	6.000000e-01	1.565655e-02	
562	5.525000e-08	8.145000e-01	6.000000e-01	1.535631e-02	
563	5.535000e-08	8.163000e-01	6.000000e-01	1.506791e-02	
564	5.545000e-08	8.181000e-01	6.000000e-01	1.479059e-02	
565	5.555000e-08	8.199000e-01	6.000000e-01	1.452369e-02	
566	5.565000e-08	8.217000e-01	6.000000e-01	1.426659e-02	
567	5.575000e-08	8.235000e-01	6.000000e-01	1.401873e-02	
568	5.585000e-08	8.253000e-01	6.000000e-01	1.377961e-02	
569	5.595000e-08	8.271000e-01	6.000000e-01	1.354877e-02	
570	5.605000e-08	8.289000e-01	6.000000e-01	1.332576e-02	
571	5.615000e-08	8.307000e-01	6.000000e-01	1.311020e-02	
572	5.625000e-08	8.325000e-01	6.000000e-01	1.290172e-02	
573	5.635000e-08	8.343000e-01	6.000000e-01	1.269996e-02	
574	5.645000e-08	8.361000e-01	6.000000e-01	1.250461e-02	
575	5.655000e-08	8.379000e-01	6.000000e-01	1.231538e-02	
576	5.665000e-08	8.397000e-01	6.000000e-01	1.213197e-02	
577	5.675000e-08	8.415000e-01	6.000000e-01	1.195413e-02	
578	5.685000e-08	8.433000e-01	6.000000e-01	1.178159e-02	
579	5.695000e-08	8.451000e-01	6.000000e-01	1.161415e-02	
580	5.705000e-08	8.469000e-01	6.000000e-01	1.145155e-02	
581	5.715000e-08	8.487000e-01	6.000000e-01	1.129362e-02	
582	5.725000e-08	8.505000e-01	6.000000e-01	1.114014e-02	
583	5.735000e-08	8.523000e-01	6.000000e-01	1.099095e-02	
584	5.745000e-08	8.541000e-01	6.000000e-01	1.084584e-02	
585	5.755000e-08	8.559000e-01	6.000000e-01	1.070466e-02	
586	5.765000e-08	8.577000e-01	6.000000e-01	1.056726e-02	
587	5.775000e-08	8.595000e-01	6.000000e-01	1.043349e-02	
588	5.785000e-08	8.613000e-01	6.000000e-01	1.030320e-02	
589	5.795000e-08	8.631000e-01	6.000000e-01	1.017626e-02	
590	5.805000e-08	8.649000e-01	6.000000e-01	1.005254e-02	
591	5.815000e-08	8.667000e-01	6.000000e-01	9.931926e-03	
592	5.825000e-08	8.685000e-01	6.000000e-01	9.814292e-03	
593	5.835000e-08	8.703000e-01	6.000000e-01	9.699542e-03	
594	5.845000e-08	8.721000e-01	6.000000e-01	9.587557e-03	
595	5.855000e-08	8.739000e-01	6.000000e-01	9.478252e-03	
596	5.865000e-08	8.757000e-01	6.000000e-01	9.371518e-03	
597	5.875000e-08	8.775000e-01	6.000000e-01	9.267279e-03	
598	5.885000e-08	8.793000e-01	6.000000e-01	9.165435e-03	
599	5.895000e-08	8.811000e-01	6.000000e-01	9.065916e-03	
600	5.905000e-08	8.829000e-01	6.000000e-01	8.968631e-03	
601	5.915000e-08	8.847000e-01	6.000000e-01	8.873518e-03	
602	5.925000e-08	8.865000e-01	6.000000e-01	8.780491e-03	
603	5.935000e-08	8.883000e-01	6.000000e-01	8.689496e-03	
604	5.945000e-08	8.901000e-01	6.000000e-01	8.600452e-03	
605	5.955000e-08	8.919000e-01	6.000000e-01	8.513312e-03	
606	5.965000e-08	8.937000e-01	6.000000e-01	8.428000e-03	
607	5.975000e-08	8.955000e-01	6.000000e-01	8.344473e-03	
608	5.985000e-08	8.973000e-01	6.000000e-01	8.262661e-03	
609	5.995000e-08	8.991000e-01	6.000000e-01	8.182526e-03	
610	6.005000e-08	9.009000e-01	6.000000e-01	8.104001e-03	
611	6.015000e-08	9.027000e-01	6.000000e-01	8.027053e-03	
612	6.025000e-08	9.045000e-01	6.000000e-01	7.951620e-03	
613	6.035000e-08	9.063000e-01	6.000000e-01	7.877671e-03	
614	6.045000e-08	9.081000e-01	6.000000e-01	7.805149e-03	
615	6.055000e-08	9.099000e-01	6.000000e-01	7.734025e-03	
616	6.065000e-08	9.117000e-01	6.000000e-01	7.664247e-03	
617	6.075000e-08	9.135000e-01	6.000000e-01	7.595788e-03	
618	6.085000e-08	9.153000e-01	6.000000e-01	7.528599e-03	
619	6.095000e-08	9.171000e-01	6.000000e-01	7.462657e-03	
620	6.105000e-08	9.189000e-01	6.000000e-01	7.397914e-03	
621	6.115000e-08	9.207000e-01	6.000000e-01	7.334351e-03	
622	6.125000e-08	9.225000e-01	6.000000e-01	7.271922e-03	
623	6.135000e-08	9.243000e-01	6.000000e-01	7.210609e-03	
624	6.145000e-08	9.261000e-01	6.000000e-01	7.150370e-03	
625	6.155000e-08	9.279000e-01	6.000000e-01	7.091189e-03	
626	6.165000e-08	9.297000e-01	6.000000e-01	7.033026e-03	
627	6.175000e-08	9.315000e-01	6.000000e-01	6.975866e-03	
628	6.185000e-08	9.333000e-01	6.000000e-01	6.919671e-03	
629	6.195000e-08	9.351000e-01	6.000000e-01	6.864429e-03	
630	6.205000e-08	9.369000e-01	6.000000e-01	6.810103e-03	
631	6.215000e-08	9.387000e-01	6.000000e-01	6.756683e-03	
632	6.225000e-08	9.405000e-01	6.000000e-01	6.704133e-03	
633	6.235000e-08	9.423000e-01	6.000000e-01	6.652445e-03	
634	6.245000e-08	9.441000e-01	6.000000e-01	6.601584e-03	
635	6.255000e-08	9.459000e-01	6.000000e-01	6.551543e-03	
636	6.265000e-08	9.477000e-01	6.000000e-01	6.502289e-03	
637	6.275000e-08	9.495000e-01	6.000000e-01	6.453818e-03	
638	6.285000e-08	9.513000e-01	6.000000e-01	6.406096e-03	
639	6.295000e-08	9.531000e-01	6.000000e-01	6.359119e-03	
640	6.305000e-08	9.549000e-01	6.000000e-01	6.312857e-03	
641	6.315000e-08	9.567000e-01	6.000000e-01	6.267306e-03	
642	6.325000e-08	9.585000e-01	6.000000e-01	6.222437e-03	
643	6.335000e-08	9.603000e-01	6.000000e-01	6.178247e-03	
644	6.345000e-08	9.621000e-01	6.000000e-01	6.134708e-03	
645	6.355000e-08	9.639000e-01	6.000000e-01	6.091818e-03	
646	6.365000e-08	9.657000e-01	6.000000e-01	6.049549e-03	
647	6.375000e-08	9.675000e-01	6.000000e-01	6.007901e-03	
648	6.385000e-08	9.693000e-01	6.000000e-01	5.966847e-03	
649	6.395000e-08	9.711000e-01	6.000000e-01	5.926387e-03	
650	6.405000e-08	9.729000e-01	6.000000e-01	5.886496e-03	
651	6.415000e-08	9.747000e-01	6.000000e-01	5.847173e-03	
652	6.425000e-08	9.765000e-01	6.000000e-01	5.808394e-03	
653	6.435000e-08	9.783000e-01	6.000000e-01	5.770161e-03	
654	6.445000e-08	9.801000e-01	6.000000e-01	5.732447e-03	
655	6.455000e-08	9.819000e-01	6.000000e-01	5.695257e-03	
656	6.465000e-08	9.837000e-01	6.000000e-01	5.658566e-03	
657	6.475000e-08	9.855000e-01	6.000000e-01	5.622376e-03	
658	6.485000e-08	9.873000e-01	6.000000e-01	5.586665e-03	
659	6.495000e-08	9.891000e-01	6.000000e-01	5.551435e-03	
660	6.505000e-08	9.909000e-01	6.000000e-01	5.516664e-03	
661	6.515000e-08	9.927000e-01	6.000000e-01	5.482356e-03	
662	6.525000e-08	9.945000e-01	6.000000e-01	5.448488e-03	
663	6.535000e-08	9.963000e-01	6.000000e-01	5.415065e-03	
664	6.545000e-08	9.981000e-01	6.000000e-01	5.382065e-03	
665	6.555000e-08	9.999000e-01	6.000000e-01	5.349493e-03	
666	6.565000e-08	1.001700e+00	6.000000e-01	5.317326e-03	
667	6.575000e-08	1.003500e+00	6.000000e-01	5.285572e-03	
668	6.585000e-08	1.005300e+00	6.000000e-01	5.254208e-03	
669	6.595000e-08	1.007100e+00	6.000000e-01	5.223240e-03	
670	6.605000e-08	1.008900e+00	6.000000e-01	5.192647e-03	
671	6.615000e-08	1.010700e+00	6.000000e-01	5.162437e-03	
672	6.625000e-08	1.012500e+00	6.000000e-01	5.132588e-03	
673	6.635000e-08	1.014300e+00	6.000000e-01	5.103106e-03	
674	6.645000e-08	1.016100e+00	6.000000e-01	5.073973e-03	
675	6.655000e-08	1.017900e+00	6.000000e-01	5.045194e-03	
676	6.665000e-08	1.019700e+00	6.000000e-01	5.016751e-03	
677	6.675000e-08	1.021500e+00	6.000000e-01	4.988649e-03	
678	6.685000e-08	1.023300e+00	6.000000e-01	4.960870e-03	
679	6.695000e-08	1.025100e+00	6.000000e-01	4.933422e-03	
680	6.705000e-08	1.026900e+00	6.000000e-01	4.906285e-03	
681	6.715000e-08	1.028700e+00	6.000000e-01	4.879466e-03	
682	6.725000e-08	1.030500e+00	6.000000e-01	4.852948e-03	
683	6.735000e-08	1.032300e+00	6.000000e-01	4.826738e-03	
684	6.745000e-08	1.034100e+00	6.000000e-01	4.800817e-03	
685	6.755000e-08	1.035900e+00	6.000000e-01	4.775194e-03	
686	6.765000e-08	1.037700e+00	6.000000e-01	4.749851e-03	
687	6.775000e-08	1.039500e+00	6.000000e-01	4.724795e-03	
688	6.785000e-08	1.041300e+00	6.000000e-01	4.700009e-03	
689	6.795000e-08	1.043100e+00	6.000000e-01	4.675501e-03	
690	6.805000e-08	1.044900e+00	6.000000e-01	4.651254e-03	
691	6.815000e-08	1.046700e+00	6.000000e-01	4.627276e-03	
692	6.825000e-08	1.048500e+00	6.000000e-01	4.603550e-03	
693	6.835000e-08	1.050300e+00	6.000000e-01	4.580085e-03	
694	6.845000e-08	1.052100e+00	6.000000e-01	4.556863e-03	
695	6.855000e-08	1.053900e+00	6.000000e-01	4.533894e-03	
696	6.865000e-08	1.055700e+00	6.000000e-01	4.511160e-03	
697	6.875000e-08	1.057500e+00	6.000000e-01	4.488671e-03	
698	6.885000e-08	1.059300e+00	6.000000e-01	4.466410e-03	
699	6.895000e-08	1.061100e+00	6.000000e-01	4.444385e-03	
700	6.905000e-08	1.062900e+00	6.000000e-01	4.422581e-03	
701	6.915000e-08	1.064700e+00	6.000000e-01	4.401007e-03	
702	6.925000e-08	1.066500e+00	6.000000e-01	4.379646e-03	
703	6.935000e-08	1.068300e+00	6.000000e-01	4.358508e-03	
704	6.945000e-08	1.070100e+00	6.000000e-01	4.337576e-03	
705	6.955000e-08	1.071900e+00	6.000000e-01	4.316861e-03	
706	6.965000e-08	1.073700e+00	6.000000e-01	4.296345e-03	
707	6.975000e-08	1.075500e+00	6.000000e-01	4.276040e-03	
708	6.985000e-08	1.077300e+00	6.000000e-01	4.255928e-03	
709	6.995000e-08	1.079100e+00	6.000000e-01	4.236021e-03	
710	7.005000e-08	1.080900e+00	6.000000e-01	4.216301e-03	
711	7.015000e-08	1.082700e+00	6.000000e-01	4.196779e-03	
712	7.025000e-08	1.084500e+00	6.000000e-01	4.177439e-03	
713	7.035000e-08	1.086300e+00	6.000000e-01	4.158291e-03	
714	7.045000e-08	1.088100e+00	6.000000e-01	4.139320e-03	
715	7.055000e-08	1.089900e+00	6.000000e-01	4.120537e-03	
716	7.065000e-08	1.091700e+00	6.000000e-01	4.101924e-03	
717	7.075000e-08	1.093500e+00	6.000000e-01	4.083493e-03	
718	7.085000e-08	1.095300e+00	6.000000e-01	4.065228e-03	
719	7.095000e-08	1.097100e+00	6.000000e-01	4.047140e-03	
720	7.105000e-08	1.098900e+00	6.000000e-01	4.029214e-03	
721	7.115000e-08	1.100700e+00	6.000000e-01	4.011459e-03	
722	7.125000e-08	1.102500e+00	6.000000e-01	3.993861e-03	
723	7.135000e-08	1.104300e+00	6.000000e-01	3.976431e-03	
724	7.145000e-08	1.106100e+00	6.000000e-01	3.959152e-03	
725	7.155000e-08	1.107900e+00	6.000000e-01	3.942037e-03	
726	7.165000e-08	1.109700e+00	6.000000e-01	3.925069e-03	
727	7.175000e-08	1.111500e+00	6.000000e-01	3.908260e-03	
728	7.185000e-08	1.113300e+00	6.000000e-01	3.891594e-03	
729	7.195000e-08	1.115100e+00	6.000000e-01	3.875083e-03	
730	7.205000e-08	1.116900e+00	6.000000e-01	3.858711e-03	
731	7.215000e-08	1.118700e+00	6.000000e-01	3.842490e-03	
732	7.225000e-08	1.120500e+00	6.000000e-01	3.826405e-03	
733	7.235000e-08	1.122300e+00	6.000000e-01	3.810466e-03	
734	7.245000e-08	1.124100e+00	6.000000e-01	3.794659e-03	
735	7.255000e-08	1.125900e+00	6.000000e-01	3.778995e-03	
736	7.265000e-08	1.127700e+00	6.000000e-01	3.763459e-03	
737	7.275000e-08	1.129500e+00	6.000000e-01	3.748063e-03	
738	7.285000e-08	1.131300e+00	6.000000e-01	3.732792e-03	
739	7.295000e-08	1.133100e+00	6.000000e-01	3.717657e-03	
740	7.305000e-08	1.134900e+00	6.000000e-01	3.702643e-03	
741	7.315000e-08	1.136700e+00	6.000000e-01	3.687761e-03	
742	7.325000e-08	1.138500e+00	6.000000e-01	3.672998e-03	
743	7.335000e-08	1.140300e+00	6.000000e-01	3.658365e-03	
744	7.345000e-08	1.142100e+00	6.000000e-01	3.643846e-03	
745	7.355000e-08	1.143900e+00	6.000000e-01	3.629454e-03	
746	7.365000e-08	1.145700e+00	6.000000e-01	3.615173e-03	
747	7.375000e-08	1.147500e+00	6.000000e-01	3.601017e-03	
748	7.385000e-08	1.149300e+00	6.000000e-01	3.586969e-03	
749	7.395000e-08	1.151100e+00	6.000000e-01	3.573041e-03	
750	7.405000e-08	1.152900e+00	6.000000e-01	3.559220e-03	
751	7.415000e-08	1.154700e+00	6.000000e-01	3.545517e-03	
752	7.425000e-08	1.156500e+00	6.000000e-01	3.531917e-03	
753	7.435000e-08	1.158300e+00	6.000000e-01	3.518432e-03	
754	7.445000e-08	1.160100e+00	6.000000e-01	3.505048e-03	
755	7.455000e-08	1.161900e+00	6.000000e-01	3.491776e-03	
756	7.465000e-08	1.163700e+00	6.000000e-01	3.478603e-03	
757	7.475000e-08	1.165500e+00	6.000000e-01	3.465539e-03	
758	7.485000e-08	1.167300e+00	6.000000e-01	3.452572e-03	
759	7.495000e-08	1.169100e+00	6.000000e-01	3.439711e-03	
760	7.505000e-08	1.170900e+00	6.000000e-01	3.426944e-03	
761	7.515000e-08	1.172700e+00	6.000000e-01	3.414282e-03	
762	7.525000e-08	1.174500e+00	6.000000e-01	3.401711e-03	
763	7.535000e-08	1.176300e+00	6.000000e-01	3.389243e-03	
764	7.545000e-08	1.178100e+00	6.000000e-01	3.376864e-03	
765	7.555000e-08	1.179900e+00	6.000000e-01	3.364585e-03	
766	7.565000e-08	1.181700e+00	6.000000e-01	3.352393e-03	
767	7.575000e-08	1.183500e+00	6.000000e-01	3.340299e-03	
768	7.585000e-08	1.185300e+00	6.000000e-01	3.328290e-03	
769	7.595000e-08	1.187100e+00	6.000000e-01	3.316376e-03	
770	7.605000e-08	1.188900e+00	6.000000e-01	3.304546e-03	
771	7.615000e-08	1.190700e+00	6.000000e-01	3.292809e-03	
772	7.625000e-08	1.192500e+00	6.000000e-01	3.281153e-03	
773	7.635000e-08	1.194300e+00	6.000000e-01	3.269590e-03	
774	7.645000e-08	1.196100e+00	6.000000e-01	3.258105e-03	
775	7.655000e-08	1.197900e+00	6.000000e-01	3.246710e-03	
776	7.665000e-08	1.199700e+00	6.000000e-01	3.235392e-03	
777	7.675000e-08	1.201500e+00	6.000000e-01	3.224162e-03	
778	7.685000e-08	1.203300e+00	6.000000e-01	3.213007e-03	
779	7.695000e-08	1.205100e+00	6.000000e-01	3.201939e-03	
780	7.705000e-08	1.206900e+00	6.000000e-01	3.190944e-03	
781	7.715000e-08	1.208700e+00	6.000000e-01	3.180034e-03	
782	7.725000e-08	1.210500e+00	6.000000e-01	3.169196e-03	
783	7.735000e-08	1.212300e+00	6.000000e-01	3.158440e-03	
784	7.745000e-08	1.214100e+00	6.000000e-01	3.147755e-03	
785	7.755000e-08	1.215900e+00	6.000000e-01	3.137151e-03	
786	7.765000e-08	1.217700e+00	6.000000e-01	3.126615e-03	
787	7.775000e-08	1.219500e+00	6.000000e-01	3.116159e-03	
788	7.785000e-08	1.221300e+00	6.000000e-01	3.105769e-03	
789	7.795000e-08	1.223100e+00	6.000000e-01	3.095458e-03	
790	7.805000e-08	1.224900e+00	6.000000e-01	3.085213e-03	
791	7.815000e-08	1.226700e+00	6.000000e-01	3.075044e-03	
792	7.825000e-08	1.228500e+00	6.000000e-01	3.064938e-03	
793	7.835000e-08	1.230300e+00	6.000000e-01	3.054908e-03	
794	7.845000e-08	1.232100e+00	6.000000e-01	3.044940e-03	
795	7.855000e-08	1.233900e+00	6.000000e-01	3.035047e-03	
796	7.865000e-08	1.235700e+00	6.000000e-01	3.025214e-03	
797	7.875000e-08	1.237500e+00	6.000000e-01	3.015453e-03	
798	7.885000e-08	1.239300e+00	6.000000e-01	3.005752e-03	
799	7.895000e-08	1.241100e+00	6.000000e-01	2.996122e-03	
800	7.905000e-08	1.242900e+00	6.000000e-01	2.986551e-03	
801	7.915000e-08	1.244700e+00	6.000000e-01	2.977049e-03	
802	7.925000e-08	1.246500e+00	6.000000e-01	2.967604e-03	
803	7.935000e-08	1.248300e+00	6.000000e-01	2.958228e-03	
804	7.945000e-08	1.250100e+00	6.000000e-01	2.948907e-03	
805	7.955000e-08	1.251900e+00	6.000000e-01	2.939653e-03	
806	7.965000e-08	1.253700e+00	6.000000e-01	2.930454e-03	
807	7.975000e-08	1.255500e+00	6.000000e-01	2.921322e-03	
808	7.985000e-08	1.257300e+00	6.000000e-01	2.912242e-03	
809	7.995000e-08	1.259100e+00	6.000000e-01	2.903227e-03	
810	8.005000e-08	1.260900e+00	6.000000e-01	2.894264e-03	
811	8.015000e-08	1.262700e+00	6.000000e-01	2.885366e-03	
812	8.025000e-08	1.264500e+00	6.000000e-01	2.876518e-03	
813	8.035000e-08	1.266300e+00	6.000000e-01	2.867732e-03	
814	8.045000e-08	1.268100e+00	6.000000e-01	2.858997e-03	
815	8.055000e-08	1.269900e+00	6.000000e-01	2.850323e-03	
816	8.065000e-08	1.271700e+00	6.000000e-01	2.841698e-03	
817	8.075000e-08	1.273500e+00	6.000000e-01	2.833133e-03	
818	8.085000e-08	1.275300e+00	6.000000e-01	2.824616e-03	
819	8.095000e-08	1.277100e+00	6.000000e-01	2.816159e-03	
820	8.105000e-08	1.278900e+00	6.000000e-01	2.807748e-03	
821	8.115000e-08	1.280700e+00	6.000000e-01	2.799396e-03	
822	8.125000e-08	1.282500e+00	6.000000e-01	2.791089e-03	
823	8.135000e-08	1.284300e+00	6.000000e-01	2.782840e-03	
824	8.145000e-08	1.286100e+00	6.000000e-01	2.774636e-03	
825	8.155000e-08	1.287900e+00	6.000000e-01	2.766488e-03	
826	8.165000e-08	1.289700e+00	6.000000e-01	2.758384e-03	
827	8.175000e-08	1.291500e+00	6.000000e-01	2.750336e-03	
828	8.185000e-08	1.293300e+00	6.000000e-01	2.742331e-03	
829	8.195000e-08	1.295100e+00	6.000000e-01	2.734380e-03	
830	8.205000e-08	1.296900e+00	6.000000e-01	2.726471e-03	
831	8.215000e-08	1.298700e+00	6.000000e-01	2.718616e-03	
832	8.225000e-08	1.300500e+00	6.000000e-01	2.710802e-03	
833	8.235000e-08	1.302300e+00	6.000000e-01	2.703041e-03	
834	8.245000e-08	1.304100e+00	6.000000e-01	2.695320e-03	
835	8.255000e-08	1.305900e+00	6.000000e-01	2.687652e-03	
836	8.265000e-08	1.307700e+00	6.000000e-01	2.680023e-03	
837	8.275000e-08	1.309500e+00	6.000000e-01	2.672445e-03	
838	8.285000e-08	1.311300e+00	6.000000e-01	2.664906e-03	
839	8.295000e-08	1.313100e+00	6.000000e-01	2.657417e-03	
840	8.305000e-08	1.314900e+00	6.000000e-01	2.649966e-03	
841	8.315000e-08	1.316700e+00	6.000000e-01	2.642564e-03	
842	8.325000e-08	1.318500e+00	6.000000e-01	2.635200e-03	
843	8.335000e-08	1.320300e+00	6.000000e-01	2.627885e-03	
844	8.345000e-08	1.322100e+00	6.000000e-01	2.620606e-03	
845	8.355000e-08	1.323900e+00	6.000000e-01	2.613375e-03	
846	8.365000e-08	1.325700e+00	6.000000e-01	2.606179e-03	
847	8.375000e-08	1.327500e+00	6.000000e-01	2.599031e-03	
848	8.385000e-08	1.329300e+00	6.000000e-01	2.591918e-03	
849	8.395000e-08	1.331100e+00	6.000000e-01	2.584852e-03	
850	8.405000e-08	1.332900e+00	6.000000e-01	2.577819e-03	
851	8.415000e-08	1.334700e+00	6.000000e-01	2.570833e-03	
852	8.425000e-08	1.336500e+00	6.000000e-01	2.563880e-03	
853	8.435000e-08	1.338300e+00	6.000000e-01	2.556972e-03	
854	8.445000e-08	1.340100e+00	6.000000e-01	2.550098e-03	
855	8.455000e-08	1.341900e+00	6.000000e-01	2.543267e-03	
856	8.465000e-08	1.343700e+00	6.000000e-01	2.536469e-03	
857	8.475000e-08	1.345500e+00	6.000000e-01	2.529715e-03	
858	8.485000e-08	1.347300e+00	6.000000e-01	2.522993e-03	
859	8.495000e-08	1.349100e+00	6.000000e-01	2.516314e-03	
860	8.505000e-08	1.350900e+00	6.000000e-01	2.509665e-03	
861	8.515000e-08	1.352700e+00	6.000000e-01	2.503060e-03	
862	8.525000e-08	1.354500e+00	6.000000e-01	2.496484e-03	
863	8.535000e-08	1.356300e+00	6.000000e-01	2.489951e-03	
864	8.545000e-08	1.358100e+00	6.000000e-01	2.483447e-03	
865	8.555000e-08	1.359900e+00	6.000000e-01	2.476985e-03	
866	8.565000e-08	1.361700e+00	6.000000e-01	2.470552e-03	
867	8.575000e-08	1.363500e+00	6.000000e-01	2.464160e-03	
868	8.585000e-08	1.365300e+00	6.000000e-01	2.457796e-03	
869	8.595000e-08	1.367100e+00	6.000000e-01	2.451473e-03	
870	8.605000e-08	1.368900e+00	6.000000e-01	2.445177e-03	
871	8.615000e-08	1.370700e+00	6.000000e-01	2.438922e-03	
872	8.625000e-08	1.372500e+00	6.000000e-01	2.432693e-03	
873	8.635000e-08	1.374300e+00	6.000000e-01	2.426504e-03	
874	8.645000e-08	1.376100e+00	6.000000e-01	2.420342e-03	
875	8.655000e-08	1.377900e+00	6.000000e-01	2.414219e-03	
876	8.665000e-08	1.379700e+00	6.000000e-01	2.408122e-03	
877	8.675000e-08	1.381500e+00	6.000000e-01	2.402063e-03	
878	8.685000e-08	1.383300e+00	6.000000e-01	2.396030e-03	
879	8.695000e-08	1.385100e+00	6.000000e-01	2.390034e-03	
880	8.705000e-08	1.386900e+00	6.000000e-01	2.384064e-03	
881	8.715000e-08	1.388700e+00	6.000000e-01	2.378131e-03	
882	8.725000e-08	1.390500e+00	6.000000e-01	2.372223e-03	
883	8.735000e-08	1.392300e+00	6.000000e-01	2.366351e-03	
884	8.745000e-08	1.394100e+00	6.000000e-01	2.360504e-03	
885	8.755000e-08	1.395900e+00	6.000000e-01	2.354693e-03	
886	8.765000e-08	1.397700e+00	6.000000e-01	2.348906e-03	
887	8.775000e-08	1.399500e+00	6.000000e-01	2.343154e-03	
888	8.785000e-08	1.401300e+00	6.000000e-01	2.337426e-03	
889	8.795000e-08	1.403100e+00	6.000000e-01	2.331734e-03	
890	8.805000e-08	1.404900e+00	6.000000e-01	2.326064e-03	
891	8.815000e-08	1.406700e+00	6.000000e-01	2.320429e-03	
892	8.825000e-08	1.408500e+00	6.000000e-01	2.314816e-03	
893	8.835000e-08	1.410300e+00	6.000000e-01	2.309238e-03	
894	8.845000e-08	1.412100e+00	6.000000e-01	2.303682e-03	
895	8.855000e-08	1.413900e+00	6.000000e-01	2.298160e-03	
896	8.865000e-08	1.415700e+00	6.000000e-01	2.292660e-03	
897	8.875000e-08	1.417500e+00	6.000000e-01	2.287192e-03	
898	8.885000e-08	1.419300e+00	6.000000e-01	2.281747e-03	
899	8.895000e-08	1.421100e+00	6.000000e-01	2.276334e-03	
900	8.905000e-08	1.422900e+00	6.000000e-01	2.270942e-03	
901	8.915000e-08	1.424700e+00	6.000000e-01	2.265583e-03	
902	8.925000e-08	1.426500e+00	6.000000e-01	2.260244e-03	
903	8.935000e-08	1.428300e+00	6.000000e-01	2.254938e-03	
904	8.945000e-08	1.430100e+00	6.000000e-01	2.249651e-03	
905	8.955000e-08	1.431900e+00	6.000000e-01	2.244397e-03	
906	8.965000e-08	1.433700e+00	6.000000e-01	2.239162e-03	
907	8.975000e-08	1.435500e+00	6.000000e-01	2.233959e-03	
908	8.985000e-08	1.437300e+00	6.000000e-01	2.228774e-03	
909	8.995000e-08	1.439100e+00	6.000000e-01	2.223621e-03	
910	9.005000e-08	1.440900e+00	6.000000e-01	2.218487e-03	
911	9.015000e-08	1.442700e+00	6.000000e-01	2.213384e-03	
912	9.025000e-08	1.444500e+00	6.000000e-01	2.208299e-03	
913	9.035000e-08	1.446300e+00	6.000000e-01	2.203245e-03	
914	9.045000e-08	1.448100e+00	6.000000e-01	2.198209e-03	
915	9.055000e-08	1.449900e+00	6.000000e-01	2.193202e-03	
916	9.065000e-08	1.451700e+00	6.000000e-01	2.188214e-03	
917	9.075000e-08	1.453500e+00	6.000000e-01	2.183255e-03	
918	9.085000e-08	1.455300e+00	6.000000e-01	2.178314e-03	
919	9.095000e-08	1.457100e+00	6.000000e-01	2.173402e-03	
920	9.105000e-08	1.458900e+00	6.000000e-01	2.168508e-03	
921	9.115000e-08	1.460700e+00	6.000000e-01	2.163642e-03	
922	9.125000e-08	1.462500e+00	6.000000e-01	2.158794e-03	
923	9.135000e-08	1.464300e+00	6.000000e-01	2.153973e-03	
924	9.145000e-08	1.466100e+00	6.000000e-01	2.149170e-03	
925	9.155000e-08	1.467900e+00	6.000000e-01	2.144395e-03	
926	9.165000e-08	1.469700e+00	6.000000e-01	2.139636e-03	
927	9.175000e-08	1.471500e+00	6.000000e-01	2.134905e-03	
928	9.185000e-08	1.473300e+00	6.000000e-01	2.130190e-03	
929	9.195000e-08	1.475100e+00	6.000000e-01	2.125502e-03	
930	9.205000e-08	1.476900e+00	6.000000e-01	2.120830e-03	
931	9.215000e-08	1.478700e+00	6.000000e-01	2.116186e-03	
932	9.225000e-08	1.480500e+00	6.000000e-01	2.111557e-03	
933	9.235000e-08	1.482300e+00	6.000000e-01	2.106955e-03	
934	9.245000e-08	1.484100e+00	6.000000e-01	2.102368e-03	
935	9.255000e-08	1.485900e+00	6.000000e-01	2.097808e-03	
936	9.265000e-08	1.487700e+00	6.000000e-01	2.093263e-03	
937	9.275000e-08	1.489500e+00	6.000000e-01	2.088744e-03	
938	9.285000e-08	1.491300e+00	6.000000e-01	2.084240e-03	
939	9.295000e-08	1.493100e+00	6.000000e-01	2.079761e-03	
940	9.305000e-08	1.494900e+00	6.000000e-01	2.075298e-03	
941	9.315000e-08	1.496700e+00	6.000000e-01	2.070859e-03	
942	9.325000e-08	1.498500e+00	6.000000e-01	2.066436e-03	
943	9.335000e-08	1.500300e+00	6.000000e-01	2.062037e-03	
944	9.345000e-08	1.502100e+00	6.000000e-01	2.057652e-03	
945	9.355000e-08	1.503900e+00	6.000000e-01	2.053293e-03	
946	9.365000e-08	1.505700e+00	6.000000e-01	2.048947e-03	
947	9.375000e-08	1.507500e+00	6.000000e-01	2.044626e-03	
948	9.385000e-08	1.509300e+00	6.000000e-01	2.040319e-03	
949	9.395000e-08	1.511100e+00	6.000000e-01	2.036036e-03	
950	9.405000e-08	1.512900e+00	6.000000e-01	2.031766e-03	
951	9.415000e-08	1.514700e+00	6.000000e-01	2.027521e-03	
952	9.425000e-08	1.516500e+00	6.000000e-01	2.023288e-03	
953	9.435000e-08	1.518300e+00	6.000000e-01	2.019080e-03	
954	9.445000e-08	1.520100e+00	6.000000e-01	2.014884e-03	
955	9.455000e-08	1.521900e+00	6.000000e-01	2.010712e-03	
956	9.465000e-08	1.523700e+00	6.000000e-01	2.006553e-03	
957	9.475000e-08	1.525500e+00	6.000000e-01	2.002417e-03	
958	9.485000e-08	1.527300e+00	6.000000e-01	1.998293e-03	
959	9.495000e-08	1.529100e+00	6.000000e-01	1.994193e-03	
960	9.505000e-08	1.530900e+00	6.000000e-01	1.990105e-03	
961	9.515000e-08	1.532700e+00	6.000000e-01	1.986040e-03	
962	9.525000e-08	1.534500e+00	6.000000e-01	1.981986e-03	
963	9.535000e-08	1.536300e+00	6.000000e-01	1.977956e-03	
964	9.545000e-08	1.538100e+00	6.000000e-01	1.973937e-03	
965	9.555000e-08	1.539900e+00	6.000000e-01	1.969941e-03	
966	9.565000e-08	1.541700e+00	6.000000e-01	1.965956e-03	
967	9.575000e-08	1.543500e+00	6.000000e-01	1.961993e-03	
968	9.585000e-08	1.545300e+00	6.000000e-01	1.958042e-03	
969	9.595000e-08	1.547100e+00	6.000000e-01	1.954113e-03	
970	9.605000e-08	1.548900e+00	6.000000e-01	1.950194e-03	
971	9.615000e-08	1.550700e+00	6.000000e-01	1.946298e-03	
972	9.625000e-08	1.552500e+00	6.000000e-01	1.942413e-03	
973	9.635000e-08	1.554300e+00	6.000000e-01	1.938549e-03	
974	9.645000e-08	1.556100e+00	6.000000e-01	1.934696e-03	
975	9.655000e-08	1.557900e+00	6.000000e-01	1.930864e-03	
976	9.665000e-08	1.559700e+00	6.000000e-01	1.927043e-03	
977	9.675000e-08	1.561500e+00	6.000000e-01	1.923243e-03	
978	9.685000e-08	1.563300e+00	6.000000e-01	1.919453e-03	
979	9.695000e-08	1.565100e+00	6.000000e-01	1.915684e-03	
980	9.705000e-08	1.566900e+00	6.000000e-01	1.911925e-03	
981	9.715000e-08	1.568700e+00	6.000000e-01	1.908187e-03	
982	9.725000e-08	1.570500e+00	6.000000e-01	1.904459e-03	
983	9.735000e-08	1.572300e+00	6.000000e-01	1.900752e-03	
984	9.745000e-08	1.574100e+00	6.000000e-01	1.897054e-03	
985	9.755000e-08	1.575900e+00	6.000000e-01	1.893377e-03	
986	9.765000e-08	1.577700e+00	6.000000e-01	1.889709e-03	
987	9.775000e-08	1.579500e+00	6.000000e-01	1.886062e-03	
988	9.785000e-08	1.581300e+00	6.000000e-01	1.882424e-03	
989	9.795000e-08	1.583100e+00	6.000000e-01	1.878806e-03	
990	9.805000e-08	1.584900e+00	6.000000e-01	1.875197e-03	
991	9.815000e-08	1.586700e+00	6.000000e-01	1.871608e-03	
992	9.825000e-08	1.588500e+00	6.000000e-01	1.868028e-03	
993	9.835000e-08	1.590300e+00	6.000000e-01	1.864468e-03	
994	9.845000e-08	1.592100e+00	6.000000e-01	1.860916e-03	
995	9.855000e-08	1.593900e+00	6.000000e-01	1.857384e-03	
996	9.865000e-08	1.595700e+00	6.000000e-01	1.853861e-03	
997	9.875000e-08	1.597500e+00	6.000000e-01	1.850357e-03	
998	9.885000e-08	1.599300e+00	6.000000e-01	1.846861e-03	
999	9.895000e-08	1.601100e+00	6.000000e-01	1.843385e-03	
1000	9.905000e-08	1.602900e+00	6.000000e-01	1.839917e-03	
1001	9.915000e-08	1.604700e+00	6.000000e-01	1.836468e-03	
1002	9.925000e-08	1.606500e+00	6.000000e-01	1.833027e-03	
1003	9.935000e-08	1.608300e+00	6.000000e-01	1.829605e-03	
1004	9.945000e-08	1.610100e+00	6.000000e-01	1.826191e-03	
1005	9.955000e-08	1.611900e+00	6.000000e-01	1.822796e-03	
1006	9.965000e-08	1.613700e+00	6.000000e-01	1.819409e-03	
1007	9.975000e-08	1.615500e+00	6.000000e-01	1.816040e-03	
1008	9.985000e-08	1.617300e+00	6.000000e-01	1.812679e-03	
1009	9.995000e-08	1.619100e+00	6.000000e-01	1.809336e-03	
1010	1.000500e-07	1.620900e+00	6.000000e-01	1.806000e-03	
1011	1.001500e-07	1.622700e+00	6.000000e-01	1.802683e-03	
1012	1.002500e-07	1.624500e+00	6.000000e-01	1.799374e-03	
1013	1.003500e-07	1.626300e+00	6.000000e-01	1.796082e-03	
1014	1.004500e-07	1.628100e+00	6.000000e-01	1.792798e-03	
1015	1.005500e-07	1.629900e+00	6.000000e-01	1.789531e-03	
1016	1.006500e-07	1.631700e+00	6.000000e-01	1.786272e-03	
1017	1.007500e-07	1.633500e+00	6.000000e-01	1.783030e-03	
1018	1.008500e-07	1.635300e+00	6.000000e-01	1.779796e-03	
1019	1.009500e-07	1.637100e+00	6.000000e-01	1.776579e-03	
1020	1.010500e-07	1.638900e+00	6.000000e-01	1.773369e-03	
1021	1.011500e-07	1.640700e+00	6.000000e-01	1.770176e-03	
1022	1.012500e-07	1.642500e+00	6.000000e-01	1.766990e-03	
1023	1.013500e-07	1.644300e+00	6.000000e-01	1.763821e-03	
1024	1.014500e-07	1.646100e+00	6.000000e-01	1.760659e-03	
1025	1.015500e-07	1.647900e+00	6.000000e-01	1.757514e-03	
1026	1.016500e-07	1.649700e+00	6.000000e-01	1.754376e-03	
1027	1.017500e-07	1.651500e+00	6.000000e-01	1.751254e-03	
1028	1.018500e-07	1.653300e+00	6.000000e-01	1.748139e-03	
1029	1.019500e-07	1.655100e+00	6.000000e-01	1.745041e-03	
1030	1.020500e-07	1.656900e+00	6.000000e-01	1.741949e-03	
1031	1.021500e-07	1.658700e+00	6.000000e-01	1.738873e-03	
1032	1.022500e-07	1.660500e+00	6.000000e-01	1.735804e-03	
1033	1.023500e-07	1.662300e+00	6.000000e-01	1.732752e-03	
1034	1.024500e-07	1.664100e+00	6.000000e-01	1.729705e-03	
1035	1.025500e-07	1.665900e+00	6.000000e-01	1.726675e-03	
1036	1.026500e-07	1.667700e+00	6.000000e-01	1.723650e-03	
1037	1.027500e-07	1.669500e+00	6.000000e-01	1.720642e-03	
1038	1.028500e-07	1.671300e+00	6.000000e-01	1.717640e-03	
1039	1.029500e-07	1.673100e+00	6.000000e-01	1.714654e-03	
1040	1.030500e-07	1.674900e+00	6.000000e-01	1.711674e-03	
1041	1.031500e-07	1.676700e+00	6.000000e-01	1.708709e-03	
1042	1.032500e-07	1.678500e+00	6.000000e-01	1.705750e-03	
1043	1.033500e-07	1.680300e+00	6.000000e-01	1.702808e-03	
1044	1.034500e-07	1.682100e+00	6.000000e-01	1.699870e-03	
1045	1.035500e-07	1.683900e+00	6.000000e-01	1.696948e-03	
1046	1.036500e-07	1.685700e+00	6.000000e-01	1.694032e-03	
1047	1.037500e-07	1.687500e+00	6.000000e-01	1.691131e-03	
1048	1.038500e-07	1.689300e+00	6.000000e-01	1.688236e-03	
1049	1.039500e-07	1.691100e+00	6.000000e-01	1.685356e-03	
1050	1.040500e-07	1.692900e+00	6.000000e-01	1.682481e-03	
1051	1.041500e-07	1.694700e+00	6.000000e-01	1.679622e-03	
1052	1.042500e-07	1.696500e+00	6.000000e-01	1.676767e-03	
1053	1.043500e-07	1.698300e+00	6.000000e-01	1.673928e-03	
1054	1.044500e-07	1.700100e+00	6.000000e-01	1.671094e-03	
1055	1.045500e-07	1.701900e+00	6.000000e-01	1.668275e-03	
1056	1.046500e-07	1.703700e+00	6.000000e-01	1.665461e-03	
1057	1.047500e-07	1.705500e+00	6.000000e-01	1.662662e-03	
1058	1.048500e-07	1.707300e+00	6.000000e-01	1.659868e-03	
1059	1.049500e-07	1.709100e+00	6.000000e-01	1.657088e-03	
1060	1.050500e-07	1.710900e+00	6.000000e-01	1.654313e-03	
1061	1.051500e-07	1.712700e+00	6.000000e-01	1.651553e-03	
1062	1.052500e-07	1.714500e+00	6.000000e-01	1.648798e-03	
1063	1.053500e-07	1.716300e+00	6.000000e-01	1.646057e-03	
1064	1.054500e-07	1.718100e+00	6.000000e-01	1.643321e-03	
1065	1.055500e-07	1.719900e+00	6.000000e-01	1.640599e-03	
1066	1.056500e-07	1.721700e+00	6.000000e-01	1.637882e-03	
1067	1.057500e-07	1.723500e+00	6.000000e-01	1.635179e-03	
1068	1.058500e-07	1.725300e+00	6.000000e-01	1.632481e-03	
1069	1.059500e-07	1.727100e+00	6.000000e-01	1.629797e-03	
1070	1.060500e-07	1.728900e+00	6.000000e-01	1.627116e-03	
1071	1.061500e-07	1.730700e+00	6.000000e-01	1.624451e-03	
1072	1.062500e-07	1.732500e+00	6.000000e-01	1.621789e-03	
1073	1.063500e-07	1.734300e+00	6.000000e-01	1.619142e-03	
1074	1.064500e-07	1.736100e+00	6.000000e-01	1.616498e-03	
1075	1.065500e-07	1.737900e+00	6.000000e-01	1.613869e-03	
1076	1.066500e-07	1.739700e+00	6.000000e-01	1.611243e-03	
1077	1.067500e-07	1.741500e+00	6.000000e-01	1.608632e-03	
1078	1.068500e-07	1.743300e+00	6.000000e-01	1.606024e-03	
1079	1.069500e-07	1.745100e+00	6.000000e-01	1.603431e-03	
1080	1.070500e-07	1.746900e+00	6.000000e-01	1.600840e-03	
1081	1.071500e-07	1.748700e+00	6.000000e-01	1.598264e-03	
1082	1.072500e-07	1.750500e+00	6.000000e-01	1.595692e-03	
1083	1.073500e-07	1.752300e+00	6.000000e-01	1.593133e-03	
1084	1.074500e-07	1.754100e+00	6.000000e-01	1.590577e-03	
1085	1.075500e-07	1.755900e+00	6.000000e-01	1.588036e-03	
1086	1.076500e-07	1.757700e+00	6.000000e-01	1.585497e-03	
1087	1.077500e-07	1.759500e+00	6.000000e-01	1.582973e-03	
1088	1.078500e-07	1.761300e+00	6.000000e-01	1.580451e-03	
1089	1.079500e-07	1.763100e+00	6.000000e-01	1.577943e-03	
1090	1.080500e-07	1.764900e+00	6.000000e-01	1.575439e-03	
1091	1.081500e-07	1.766700e+00	6.000000e-01	1.572947e-03	
1092	1.082500e-07	1.768500e+00	6.000000e-01	1.570459e-03	
1093	1.083500e-07	1.770300e+00	6.000000e-01	1.567985e-03	
1094	1.084500e-07	1.772100e+00	6.000000e-01	1.565513e-03	
1095	1.085500e-07	1.773900e+00	6.000000e-01	1.563054e-03	
1096	1.086500e-07	1.775700e+00	6.000000e-01	1.560599e-03	
1097	1.087500e-07	1.777500e+00	6.000000e-01	1.558157e-03	
1098	1.088500e-07	1.779300e+00	6.000000e-01	1.555717e-03	
1099	1.089500e-07	1.781100e+00	6.000000e-01	1.553291e-03	
1100	1.090500e-07	1.782900e+00	6.000000e-01	1.550867e-03	
1101	1.091500e-07	1.784700e+00	6.000000e-01	1.548457e-03	
1102	1.092500e-07	1.786500e+00	6.000000e-01	1.546049e-03	
1103	1.093500e-07	1.788300e+00	6.000000e-01	1.543654e-03	
1104	1.094500e-07	1.790100e+00	6.000000e-01	1.541262e-03	
1105	1.095500e-07	1.791900e+00	6.000000e-01	1.538883e-03	
1106	1.096500e-07	1.793700e+00	6.000000e-01	1.536506e-03	
1107	1.097500e-07	1.795500e+00	6.000000e-01	1.534143e-03	
1108	1.098500e-07	1.797300e+00	6.000000e-01	1.531781e-03	
1109	1.099500e-07	1.799100e+00	6.000000e-01	1.529432e-03	
1110	1.100000e-07	1.800000e+00	6.000000e-01	1.528257e-03	
1111	1.100100e-07	1.799820e+00	6.000000e-01	1.527461e-03	
1112	1.100300e-07	1.799460e+00	6.000000e-01	1.525920e-03	
1113	1.100700e-07	1.798740e+00	6.000000e-01	1.523178e-03	
1114	1.101500e-07	1.797300e+00	6.000000e-01	1.519064e-03	
1115	1.102500e-07	1.795500e+00	6.000000e-01	1.516116e-03	
1116	1.103500e-07	1.793700e+00	6.000000e-01	1.514709e-03	
1117	1.104500e-07	1.791900e+00	6.000000e-01	1.513996e-03	
1118	1.105500e-07	1.790100e+00	6.000000e-01	1.513493e-03	
1119	1.106500e-07	1.788300e+00	6.000000e-01	1.512914e-03	
1120	1.107500e-07	1.786500e+00	6.000000e-01	1.512123e-03	
1121	1.108500e-07	1.784700e+00	6.000000e-01	1.511081e-03	
1122	1.109500e-07	1.782900e+00	6.000000e-01	1.509796e-03	
1123	1.110500e-07	1.781100e+00	6.000000e-01	1.508299e-03	
1124	1.111500e-07	1.779300e+00	6.000000e-01	1.506628e-03	
1125	1.112500e-07	1.777500e+00	6.000000e-01	1.504818e-03	
1126	1.113500e-07	1.775700e+00	6.000000e-01	1.502903e-03	
1127	1.114500e-07	1.773900e+00	6.000000e-01	1.500908e-03	
1128	1.115500e-07	1.772100e+00	6.000000e-01	1.498855e-03	
1129	1.116500e-07	1.770300e+00	6.000000e-01	1.496761e-03	
1130	1.117500e-07	1.768500e+00	6.000000e-01	1.494638e-03	
1131	1.118500e-07	1.766700e+00	6.000000e-01	1.492495e-03	
1132	1.119500e-07	1.764900e+00	6.000000e-01	1.490340e-03	
1133	1.120500e-07	1.763100e+00	6.000000e-01	1.488178e-03	
1134	1.121500e-07	1.761300e+00	6.000000e-01	1.486012e-03	
1135	1.122500e-07	1.759500e+00	6.000000e-01	1.483846e-03	
1136	1.123500e-07	1.757700e+00	6.000000e-01	1.481681e-03	
1137	1.124500e-07	1.755900e+00	6.000000e-01	1.479520e-03	
1138	1.125500e-07	1.754100e+00	6.000000e-01	1.477362e-03	
1139	1.126500e-07	1.752300e+00	6.000000e-01	1.475209e-03	
1140	1.127500e-07	1.750500e+00	6.000000e-01	1.473062e-03	
1141	1.128500e-07	1.748700e+00	6.000000e-01	1.470920e-03	
1142	1.129500e-07	1.746900e+00	6.000000e-01	1.468784e-03	
1143	1.130500e-07	1.745100e+00	6.000000e-01	1.466654e-03	
1144	1.131500e-07	1.743300e+00	6.000000e-01	1.464530e-03	
1145	1.132500e-07	1.741500e+00	6.000000e-01	1.462413e-03	
1146	1.133500e-07	1.739700e+00	6.000000e-01	1.460302e-03	
1147	1.134500e-07	1.737900e+00	6.000000e-01	1.458198e-03	
1148	1.135500e-07	1.736100e+00	6.000000e-01	1.456099e-03	
1149	1.136500e-07	1.734300e+00	6.000000e-01	1.454008e-03	
1150	1.137500e-07	1.732500e+00	6.000000e-01	1.451923e-03	
1151	1.138500e-07	1.730700e+00	6.000000e-01	1.449844e-03	
1152	1.139500e-07	1.728900e+00	6.000000e-01	1.447771e-03	
1153	1.140500e-07	1.727100e+00	6.000000e-01	1.445705e-03	
1154	1.141500e-07	1.725300e+00	6.000000e-01	1.443645e-03	
1155	1.142500e-07	1.723500e+00	6.000000e-01	1.441592e-03	
1156	1.143500e-07	1.721700e+00	6.000000e-01	1.439545e-03	
1157	1.144500e-07	1.719900e+00	6.000000e-01	1.437504e-03	
1158	1.145500e-07	1.718100e+00	6.000000e-01	1.435469e-03	
1159	1.146500e-07	1.716300e+00	6.000000e-01	1.433440e-03	
1160	1.147500e-07	1.714500e+00	6.000000e-01	1.431418e-03	
1161	1.148500e-07	1.712700e+00	6.000000e-01	1.429402e-03	
1162	1.149500e-07	1.710900e+00	6.000000e-01	1.427392e-03	
1163	1.150500e-07	1.709100e+00	6.000000e-01	1.425388e-03	
1164	1.151500e-07	1.707300e+00	6.000000e-01	1.423390e-03	
1165	1.152500e-07	1.705500e+00	6.000000e-01	1.421398e-03	
1166	1.153500e-07	1.703700e+00	6.000000e-01	1.419412e-03	
1167	1.154500e-07	1.701900e+00	6.000000e-01	1.417432e-03	
1168	1.155500e-07	1.700100e+00	6.000000e-01	1.415458e-03	
1169	1.156500e-07	1.698300e+00	6.000000e-01	1.413490e-03	
1170	1.157500e-07	1.696500e+00	6.000000e-01	1.411528e-03	
1171	1.158500e-07	1.694700e+00	6.000000e-01	1.409572e-03	
1172	1.159500e-07	1.692900e+00	6.000000e-01	1.407621e-03	
1173	1.160500e-07	1.691100e+00	6.000000e-01	1.405677e-03	
1174	1.161500e-07	1.689300e+00	6.000000e-01	1.403738e-03	
1175	1.162500e-07	1.687500e+00	6.000000e-01	1.401805e-03	
1176	1.163500e-07	1.685700e+00	6.000000e-01	1.399877e-03	
1177	1.164500e-07	1.683900e+00	6.000000e-01	1.397955e-03	
1178	1.165500e-07	1.682100e+00	6.000000e-01	1.396040e-03	
1179	1.166500e-07	1.680300e+00	6.000000e-01	1.394129e-03	
1180	1.167500e-07	1.678500e+00	6.000000e-01	1.392224e-03	
1181	1.168500e-07	1.676700e+00	6.000000e-01	1.390325e-03	
1182	1.169500e-07	1.674900e+00	6.000000e-01	1.388432e-03	
1183	1.170500e-07	1.673100e+00	6.000000e-01	1.386544e-03	
1184	1.171500e-07	1.671300e+00	6.000000e-01	1.384661e-03	
1185	1.172500e-07	1.669500e+00	6.000000e-01	1.382784e-03	
1186	1.173500e-07	1.667700e+00	6.000000e-01	1.380913e-03	
1187	1.174500e-07	1.665900e+00	6.000000e-01	1.379047e-03	
1188	1.175500e-07	1.664100e+00	6.000000e-01	1.377186e-03	
1189	1.176500e-07	1.662300e+00	6.000000e-01	1.375331e-03	
1190	1.177500e-07	1.660500e+00	6.000000e-01	1.373481e-03	
1191	1.178500e-07	1.658700e+00	6.000000e-01	1.371636e-03	
1192	1.179500e-07	1.656900e+00	6.000000e-01	1.369797e-03	
1193	1.180500e-07	1.655100e+00	6.000000e-01	1.367963e-03	
1194	1.181500e-07	1.653300e+00	6.000000e-01	1.366134e-03	
1195	1.182500e-07	1.651500e+00	6.000000e-01	1.364311e-03	
1196	1.183500e-07	1.649700e+00	6.000000e-01	1.362493e-03	
1197	1.184500e-07	1.647900e+00	6.000000e-01	1.360680e-03	
1198	1.185500e-07	1.646100e+00	6.000000e-01	1.358872e-03	
1199	1.186500e-07	1.644300e+00	6.000000e-01	1.357069e-03	
1200	1.187500e-07	1.642500e+00	6.000000e-01	1.355272e-03	
1201	1.188500e-07	1.640700e+00	6.000000e-01	1.353479e-03	
1202	1.189500e-07	1.638900e+00	6.000000e-01	1.351692e-03	
1203	1.190500e-07	1.637100e+00	6.000000e-01	1.349910e-03	
1204	1.191500e-07	1.635300e+00	6.000000e-01	1.348132e-03	
1205	1.192500e-07	1.633500e+00	6.000000e-01	1.346360e-03	
1206	1.193500e-07	1.631700e+00	6.000000e-01	1.344593e-03	
1207	1.194500e-07	1.629900e+00	6.000000e-01	1.342831e-03	
1208	1.195500e-07	1.628100e+00	6.000000e-01	1.341074e-03	
1209	1.196500e-07	1.626300e+00	6.000000e-01	1.339321e-03	
1210	1.197500e-07	1.624500e+00	6.000000e-01	1.337574e-03	
1211	1.198500e-07	1.622700e+00	6.000000e-01	1.335831e-03	
1212	1.199500e-07	1.620900e+00	6.000000e-01	1.334094e-03	
1213	1.200500e-07	1.619100e+00	6.000000e-01	1.332361e-03	
1214	1.201500e-07	1.617300e+00	6.000000e-01	1.330633e-03	
1215	1.202500e-07	1.615500e+00	6.000000e-01	1.328909e-03	
1216	1.203500e-07	1.613700e+00	6.000000e-01	1.327191e-03	
1217	1.204500e-07	1.611900e+00	6.000000e-01	1.325477e-03	
1218	1.205500e-07	1.610100e+00	6.000000e-01	1.323768e-03	
1219	1.206500e-07	1.608300e+00	6.000000e-01	1.322064e-03	
1220	1.207500e-07	1.606500e+00	6.000000e-01	1.320365e-03	
1221	1.208500e-07	1.604700e+00	6.000000e-01	1.318670e-03	
1222	1.209500e-07	1.602900e+00	6.000000e-01	1.316980e-03	
1223	1.210500e-07	1.601100e+00	6.000000e-01	1.315294e-03	
1224	1.211500e-07	1.599300e+00	6.000000e-01	1.313613e-03	
1225	1.212500e-07	1.597500e+00	6.000000e-01	1.311937e-03	
1226	1.213500e-07	1.595700e+00	6.000000e-01	1.310265e-03	
1227	1.214500e-07	1.593900e+00	6.000000e-01	1.308598e-03	
1228	1.215500e-07	1.592100e+00	6.000000e-01	1.306936e-03	
1229	1.216500e-07	1.590300e+00	6.000000e-01	1.305278e-03	
1230	1.217500e-07	1.588500e+00	6.000000e-01	1.303624e-03	
1231	1.218500e-07	1.586700e+00	6.000000e-01	1.301975e-03	
1232	1.219500e-07	1.584900e+00	6.000000e-01	1.300330e-03	
1233	1.220500e-07	1.583100e+00	6.000000e-01	1.298690e-03	
1234	1.221500e-07	1.581300e+00	6.000000e-01	1.297054e-03	
1235	1.222500e-07	1.579500e+00	6.000000e-01	1.295423e-03	
1236	1.223500e-07	1.577700e+00	6.000000e-01	1.293796e-03	
1237	1.224500e-07	1.575900e+00	6.000000e-01	1.292174e-03	
1238	1.225500e-07	1.574100e+00	6.000000e-01	1.290555e-03	
1239	1.226500e-07	1.572300e+00	6.000000e-01	1.288942e-03	
1240	1.227500e-07	1.570500e+00	6.000000e-01	1.287332e-03	
1241	1.228500e-07	1.568700e+00	6.000000e-01	1.285727e-03	
1242	1.229500e-07	1.566900e+00	6.000000e-01	1.284126e-03	
1243	1.230500e-07	1.565100e+00	6.000000e-01	1.282529e-03	
1244	1.231500e-07	1.563300e+00	6.000000e-01	1.280937e-03	
1245	1.232500e-07	1.561500e+00	6.000000e-01	1.279348e-03	
1246	1.233500e-07	1.559700e+00	6.000000e-01	1.277765e-03	
1247	1.234500e-07	1.557900e+00	6.000000e-01	1.276185e-03	
1248	1.235500e-07	1.556100e+00	6.000000e-01	1.274609e-03	
1249	1.236500e-07	1.554300e+00	6.000000e-01	1.273038e-03	
1250	1.237500e-07	1.552500e+00	6.000000e-01	1.271470e-03	
1251	1.238500e-07	1.550700e+00	6.000000e-01	1.269907e-03	
1252	1.239500e-07	1.548900e+00	6.000000e-01	1.268348e-03	
1253	1.240500e-07	1.547100e+00	6.000000e-01	1.266793e-03	
1254	1.241500e-07	1.545300e+00	6.000000e-01	1.265242e-03	
1255	1.242500e-07	1.543500e+00	6.000000e-01	1.263695e-03	
1256	1.243500e-07	1.541700e+00	6.000000e-01	1.262153e-03	
1257	1.244500e-07	1.539900e+00	6.000000e-01	1.260614e-03	
1258	1.245500e-07	1.538100e+00	6.000000e-01	1.259079e-03	
1259	1.246500e-07	1.536300e+00	6.000000e-01	1.257548e-03	
1260	1.247500e-07	1.534500e+00	6.000000e-01	1.256022e-03	
1261	1.248500e-07	1.532700e+00	6.000000e-01	1.254499e-03	
1262	1.249500e-07	1.530900e+00	6.000000e-01	1.252980e-03	
1263	1.250500e-07	1.529100e+00	6.000000e-01	1.251465e-03	
1264	1.251500e-07	1.527300e+00	6.000000e-01	1.249954e-03	
1265	1.252500e-07	1.525500e+00	6.000000e-01	1.248447e-03	
1266	1.253500e-07	1.523700e+00	6.000000e-01	1.246944e-03	
1267	1.254500e-07	1.521900e+00	6.000000e-01	1.245445e-03	
1268	1.255500e-07	1.520100e+00	6.000000e-01	1.243949e-03	
1269	1.256500e-07	1.518300e+00	6.000000e-01	1.242457e-03	
1270	1.257500e-07	1.516500e+00	6.000000e-01	1.240970e-03	
1271	1.258500e-07	1.514700e+00	6.000000e-01	1.239486e-03	
1272	1.259500e-07	1.512900e+00	6.000000e-01	1.238006e-03	
1273	1.260500e-07	1.511100e+00	6.000000e-01	1.236529e-03	
1274	1.261500e-07	1.509300e+00	6.000000e-01	1.235056e-03	
1275	1.262500e-07	1.507500e+00	6.000000e-01	1.233588e-03	
1276	1.263500e-07	1.505700e+00	6.000000e-01	1.232122e-03	
1277	1.264500e-07	1.503900e+00	6.000000e-01	1.230661e-03	
1278	1.265500e-07	1.502100e+00	6.000000e-01	1.229203e-03	
1279	1.266500e-07	1.500300e+00	6.000000e-01	1.227749e-03	
1280	1.267500e-07	1.498500e+00	6.000000e-01	1.226299e-03	
1281	1.268500e-07	1.496700e+00	6.000000e-01	1.224852e-03	
1282	1.269500e-07	1.494900e+00	6.000000e-01	1.223409e-03	
1283	1.270500e-07	1.493100e+00	6.000000e-01	1.221970e-03	
1284	1.271500e-07	1.491300e+00	6.000000e-01	1.220534e-03	
1285	1.272500e-07	1.489500e+00	6.000000e-01	1.219102e-03	
1286	1.273500e-07	1.487700e+00	6.000000e-01	1.217673e-03	
1287	1.274500e-07	1.485900e+00	6.000000e-01	1.216249e-03	
1288	1.275500e-07	1.484100e+00	6.000000e-01	1.214827e-03	
1289	1.276500e-07	1.482300e+00	6.000000e-01	1.213409e-03	
1290	1.277500e-07	1.480500e+00	6.000000e-01	1.211995e-03	
1291	1.278500e-07	1.478700e+00	6.000000e-01	1.210584e-03	
1292	1.279500e-07	1.476900e+00	6.000000e-01	1.209177e-03	
1293	1.280500e-07	1.475100e+00	6.000000e-01	1.207773e-03	
1294	1.281500e-07	1.473300e+00	6.000000e-01	1.206373e-03	
1295	1.282500e-07	1.471500e+00	6.000000e-01	1.204976e-03	
1296	1.283500e-07	1.469700e+00	6.000000e-01	1.203583e-03	
1297	1.284500e-07	1.467900e+00	6.000000e-01	1.202193e-03	
1298	1.285500e-07	1.466100e+00	6.000000e-01	1.200807e-03	
1299	1.286500e-07	1.464300e+00	6.000000e-01	1.199424e-03	
1300	1.287500e-07	1.462500e+00	6.000000e-01	1.198044e-03	
1301	1.288500e-07	1.460700e+00	6.000000e-01	1.196668e-03	
1302	1.289500e-07	1.458900e+00	6.000000e-01	1.195295e-03	
1303	1.290500e-07	1.457100e+00	6.000000e-01	1.193926e-03	
1304	1.291500e-07	1.455300e+00	6.000000e-01	1.192559e-03	
1305	1.292500e-07	1.453500e+00	6.000000e-01	1.191197e-03	
1306	1.293500e-07	1.451700e+00	6.000000e-01	1.189837e-03	
1307	1.294500e-07	1.449900e+00	6.000000e-01	1.188481e-03	
1308	1.295500e-07	1.448100e+00	6.000000e-01	1.187129e-03	
1309	1.296500e-07	1.446300e+00	6.000000e-01	1.185779e-03	
1310	1.297500e-07	1.444500e+00	6.000000e-01	1.184433e-03	
1311	1.298500e-07	1.442700e+00	6.000000e-01	1.183090e-03	
1312	1.299500e-07	1.440900e+00	6.000000e-01	1.181750e-03	
1313	1.300500e-07	1.439100e+00	6.000000e-01	1.180414e-03	
1314	1.301500e-07	1.437300e+00	6.000000e-01	1.179081e-03	
1315	1.302500e-07	1.435500e+00	6.000000e-01	1.177751e-03	
1316	1.303500e-07	1.433700e+00	6.000000e-01	1.176424e-03	
1317	1.304500e-07	1.431900e+00	6.000000e-01	1.175101e-03	
1318	1.305500e-07	1.430100e+00	6.000000e-01	1.173781e-03	
1319	1.306500e-07	1.428300e+00	6.000000e-01	1.172463e-03	
1320	1.307500e-07	1.426500e+00	6.000000e-01	1.171150e-03	
1321	1.308500e-07	1.424700e+00	6.000000e-01	1.169839e-03	
1322	1.309500e-07	1.422900e+00	6.000000e-01	1.168531e-03	
1323	1.310500e-07	1.421100e+00	6.000000e-01	1.167227e-03	
1324	1.311500e-07	1.419300e+00	6.000000e-01	1.165925e-03	
1325	1.312500e-07	1.417500e+00	6.000000e-01	1.164627e-03	
1326	1.313500e-07	1.415700e+00	6.000000e-01	1.163332e-03	
1327	1.314500e-07	1.413900e+00	6.000000e-01	1.162040e-03	
1328	1.315500e-07	1.412100e+00	6.000000e-01	1.160751e-03	
1329	1.316500e-07	1.410300e+00	6.000000e-01	1.159465e-03	
1330	1.317500e-07	1.408500e+00	6.000000e-01	1.158182e-03	
1331	1.318500e-07	1.406700e+00	6.000000e-01	1.156902e-03	
1332	1.319500e-07	1.404900e+00	6.000000e-01	1.155626e-03	
1333	1.320500e-07	1.403100e+00	6.000000e-01	1.154352e-03	
1334	1.321500e-07	1.401300e+00	6.000000e-01	1.153081e-03	
1335	1.322500e-07	1.399500e+00	6.000000e-01	1.151813e-03	
1336	1.323500e-07	1.397700e+00	6.000000e-01	1.150549e-03	
1337	1.324500e-07	1.395900e+00	6.000000e-01	1.149287e-03	
1338	1.325500e-07	1.394100e+00	6.000000e-01	1.148028e-03	
1339	1.326500e-07	1.392300e+00	6.000000e-01	1.146772e-03	
1340	1.327500e-07	1.390500e+00	6.000000e-01	1.145520e-03	
1341	1.328500e-07	1.388700e+00	6.000000e-01	1.144270e-03	
1342	1.329500e-07	1.386900e+00	6.000000e-01	1.143023e-03	
1343	1.330500e-07	1.385100e+00	6.000000e-01	1.141779e-03	
1344	1.331500e-07	1.383300e+00	6.000000e-01	1.140538e-03	
1345	1.332500e-07	1.381500e+00	6.000000e-01	1.139299e-03	
1346	1.333500e-07	1.379700e+00	6.000000e-01	1.138064e-03	
1347	1.334500e-07	1.377900e+00	6.000000e-01	1.136832e-03	
1348	1.335500e-07	1.376100e+00	6.000000e-01	1.135602e-03	
1349	1.336500e-07	1.374300e+00	6.000000e-01	1.134375e-03	
1350	1.337500e-07	1.372500e+00	6.000000e-01	1.133152e-03	
1351	1.338500e-07	1.370700e+00	6.000000e-01	1.131931e-03	
1352	1.339500e-07	1.368900e+00	6.000000e-01	1.130712e-03	
1353	1.340500e-07	1.367100e+00	6.000000e-01	1.129497e-03	
1354	1.341500e-07	1.365300e+00	6.000000e-01	1.128285e-03	
1355	1.342500e-07	1.363500e+00	6.000000e-01	1.127075e-03	
1356	1.343500e-07	1.361700e+00	6.000000e-01	1.125868e-03	
1357	1.344500e-07	1.359900e+00	6.000000e-01	1.124664e-03	
1358	1.345500e-07	1.358100e+00	6.000000e-01	1.123463e-03	
1359	1.346500e-07	1.356300e+00	6.000000e-01	1.122264e-03	
1360	1.347500e-07	1.354500e+00	6.000000e-01	1.121068e-03	
1361	1.348500e-07	1.352700e+00	6.000000e-01	1.119875e-03	
1362	1.349500e-07	1.350900e+00	6.000000e-01	1.118685e-03	
1363	1.350500e-07	1.349100e+00	6.000000e-01	1.117497e-03	
1364	1.351500e-07	1.347300e+00	6.000000e-01	1.116312e-03	
1365	1.352500e-07	1.345500e+00	6.000000e-01	1.115130e-03	
1366	1.353500e-07	1.343700e+00	6.000000e-01	1.113951e-03	
1367	1.354500e-07	1.341900e+00	6.000000e-01	1.112774e-03	
1368	1.355500e-07	1.340100e+00	6.000000e-01	1.111600e-03	
1369	1.356500e-07	1.338300e+00	6.000000e-01	1.110429e-03	
1370	1.357500e-07	1.336500e+00	6.000000e-01	1.109260e-03	
1371	1.358500e-07	1.334700e+00	6.000000e-01	1.108094e-03	
1372	1.359500e-07	1.332900e+00	6.000000e-01	1.106931e-03	
1373	1.360500e-07	1.331100e+00	6.000000e-01	1.105770e-03	
1374	1.361500e-07	1.329300e+00	6.000000e-01	1.104612e-03	
1375	1.362500e-07	1.327500e+00	6.000000e-01	1.103457e-03	
1376	1.363500e-07	1.325700e+00	6.000000e-01	1.102304e-03	
1377	1.364500e-07	1.323900e+00	6.000000e-01	1.101154e-03	
1378	1.365500e-07	1.322100e+00	6.000000e-01	1.100006e-03	
1379	1.366500e-07	1.320300e+00	6.000000e-01	1.098861e-03	
1380	1.367500e-07	1.318500e+00	6.000000e-01	1.097719e-03	
1381	1.368500e-07	1.316700e+00	6.000000e-01	1.096579e-03	
1382	1.369500e-07	1.314900e+00	6.000000e-01	1.095441e-03	
1383	1.370500e-07	1.313100e+00	6.000000e-01	1.094307e-03	
1384	1.371500e-07	1.311300e+00	6.000000e-01	1.093175e-03	
1385	1.372500e-07	1.309500e+00	6.000000e-01	1.092045e-03	
1386	1.373500e-07	1.307700e+00	6.000000e-01	1.090918e-03	
1387	1.374500e-07	1.305900e+00	6.000000e-01	1.089794e-03	
1388	1.375500e-07	1.304100e+00	6.000000e-01	1.088672e-03	
1389	1.376500e-07	1.302300e+00	6.000000e-01	1.087552e-03	
1390	1.377500e-07	1.300500e+00	6.000000e-01	1.086435e-03	
1391	1.378500e-07	1.298700e+00	6.000000e-01	1.085321e-03	
1392	1.379500e-07	1.296900e+00	6.000000e-01	1.084209e-03	
1393	1.380500e-07	1.295100e+00	6.000000e-01	1.083099e-03	
1394	1.381500e-07	1.293300e+00	6.000000e-01	1.081992e-03	
1395	1.382500e-07	1.291500e+00	6.000000e-01	1.080888e-03	
1396	1.383500e-07	1.289700e+00	6.000000e-01	1.079786e-03	
1397	1.384500e-07	1.287900e+00	6.000000e-01	1.078686e-03	
1398	1.385500e-07	1.286100e+00	6.000000e-01	1.077589e-03	
1399	1.386500e-07	1.284300e+00	6.000000e-01	1.076494e-03	
1400	1.387500e-07	1.282500e+00	6.000000e-01	1.075402e-03	
1401	1.388500e-07	1.280700e+00	6.000000e-01	1.074312e-03	
1402	1.389500e-07	1.278900e+00	6.000000e-01	1.073225e-03	
1403	1.390500e-07	1.277100e+00	6.000000e-01	1.072140e-03	
1404	1.391500e-07	1.275300e+00	6.000000e-01	1.071057e-03	
1405	1.392500e-07	1.273500e+00	6.000000e-01	1.069977e-03	
1406	1.393500e-07	1.271700e+00	6.000000e-01	1.068899e-03	
1407	1.394500e-07	1.269900e+00	6.000000e-01	1.067824e-03	
1408	1.395500e-07	1.268100e+00	6.000000e-01	1.066751e-03	
1409	1.396500e-07	1.266300e+00	6.000000e-01	1.065680e-03	
1410	1.397500e-07	1.264500e+00	6.000000e-01	1.064612e-03	
1411	1.398500e-07	1.262700e+00	6.000000e-01	1.063546e-03	
1412	1.399500e-07	1.260900e+00	6.000000e-01	1.062482e-03	
1413	1.400500e-07	1.259100e+00	6.000000e-01	1.061421e-03	
1414	1.401500e-07	1.257300e+00	6.000000e-01	1.060362e-03	
1415	1.402500e-07	1.255500e+00	6.000000e-01	1.059305e-03	
1416	1.403500e-07	1.253700e+00	6.000000e-01	1.058251e-03	
1417	1.404500e-07	1.251900e+00	6.000000e-01	1.057199e-03	
1418	1.405500e-07	1.250100e+00	6.000000e-01	1.056150e-03	
1419	1.406500e-07	1.248300e+00	6.000000e-01	1.055102e-03	
1420	1.407500e-07	1.246500e+00	6.000000e-01	1.054057e-03	
1421	1.408500e-07	1.244700e+00	6.000000e-01	1.053015e-03	
1422	1.409500e-07	1.242900e+00	6.000000e-01	1.051974e-03	
1423	1.410500e-07	1.241100e+00	6.000000e-01	1.050936e-03	
1424	1.411500e-07	1.239300e+00	6.000000e-01	1.049900e-03	
1425	1.412500e-07	1.237500e+00	6.000000e-01	1.048867e-03	
1426	1.413500e-07	1.235700e+00	6.000000e-01	1.047835e-03	
1427	1.414500e-07	1.233900e+00	6.000000e-01	1.046806e-03	
1428	1.415500e-07	1.232100e+00	6.000000e-01	1.045780e-03	
1429	1.416500e-07	1.230300e+00	6.000000e-01	1.044755e-03	
1430	1.417500e-07	1.228500e+00	6.000000e-01	1.043733e-03	
1431	1.418500e-07	1.226700e+00	6.000000e-01	1.042713e-03	
1432	1.419500e-07	1.224900e+00	6.000000e-01	1.041695e-03	
1433	1.420500e-07	1.223100e+00	6.000000e-01	1.040679e-03	
1434	1.421500e-07	1.221300e+00	6.000000e-01	1.039666e-03	
1435	1.422500e-07	1.219500e+00	6.000000e-01	1.038655e-03	
1436	1.423500e-07	1.217700e+00	6.000000e-01	1.037646e-03	
1437	1.424500e-07	1.215900e+00	6.000000e-01	1.036639e-03	
1438	1.425500e-07	1.214100e+00	6.000000e-01	1.035634e-03	
1439	1.426500e-07	1.212300e+00	6.000000e-01	1.034632e-03	
1440	1.427500e-07	1.210500e+00	6.000000e-01	1.033632e-03	
1441	1.428500e-07	1.208700e+00	6.000000e-01	1.032634e-03	
1442	1.429500e-07	1.206900e+00	6.000000e-01	1.031638e-03	
1443	1.430500e-07	1.205100e+00	6.000000e-01	1.030644e-03	
1444	1.431500e-07	1.203300e+00	6.000000e-01	1.029652e-03	
1445	1.432500e-07	1.201500e+00	6.000000e-01	1.028663e-03	
1446	1.433500e-07	1.199700e+00	6.000000e-01	1.027676e-03	
1447	1.434500e-07	1.197900e+00	6.000000e-01	1.026691e-03	
1448	1.435500e-07	1.196100e+00	6.000000e-01	1.025708e-03	
1449	1.436500e-07	1.194300e+00	6.000000e-01	1.024727e-03	
1450	1.437500e-07	1.192500e+00	6.000000e-01	1.023748e-03	
1451	1.438500e-07	1.190700e+00	6.000000e-01	1.022772e-03	
1452	1.439500e-07	1.188900e+00	6.000000e-01	1.021797e-03	
1453	1.440500e-07	1.187100e+00	6.000000e-01	1.020825e-03	
1454	1.441500e-07	1.185300e+00	6.000000e-01	1.019855e-03	
1455	1.442500e-07	1.183500e+00	6.000000e-01	1.018887e-03	
1456	1.443500e-07	1.181700e+00	6.000000e-01	1.017921e-03	
1457	1.444500e-07	1.179900e+00	6.000000e-01	1.016957e-03	
1458	1.445500e-07	1.178100e+00	6.000000e-01	1.015995e-03	
1459	1.446500e-07	1.176300e+00	6.000000e-01	1.015036e-03	
1460	1.447500e-07	1.174500e+00	6.000000e-01	1.014078e-03	
1461	1.448500e-07	1.172700e+00	6.000000e-01	1.013123e-03	
1462	1.449500e-07	1.170900e+00	6.000000e-01	1.012169e-03	
1463	1.450500e-07	1.169100e+00	6.000000e-01	1.011218e-03	
1464	1.451500e-07	1.167300e+00	6.000000e-01	1.010269e-03	
1465	1.452500e-07	1.165500e+00	6.000000e-01	1.009321e-03	
1466	1.453500e-07	1.163700e+00	6.000000e-01	1.008376e-03	
1467	1.454500e-07	1.161900e+00	6.000000e-01	1.007433e-03	
1468	1.455500e-07	1.160100e+00	6.000000e-01	1.006492e-03	
1469	1.456500e-07	1.158300e+00	6.000000e-01	1.005553e-03	
1470	1.457500e-07	1.156500e+00	6.000000e-01	1.004616e-03	
1471	1.458500e-07	1.154700e+00	6.000000e-01	1.003681e-03	
1472	1.459500e-07	1.152900e+00	6.000000e-01	1.002749e-03	
1473	1.460500e-07	1.151100e+00	6.000000e-01	1.001818e-03	
1474	1.461500e-07	1.149300e+00	6.000000e-01	1.000889e-03	
1475	1.462500e-07	1.147500e+00	6.000000e-01	9.999622e-04	
1476	1.463500e-07	1.145700e+00	6.000000e-01	9.990375e-04	
1477	1.464500e-07	1.143900e+00	6.000000e-01	9.981148e-04	
1478	1.465500e-07	1.142100e+00	6.000000e-01	9.971941e-04	
1479	1.466500e-07	1.140300e+00	6.000000e-01	9.962754e-04	
1480	1.467500e-07	1.138500e+00	6.000000e-01	9.953588e-04	
1481	1.468500e-07	1.136700e+00	6.000000e-01	9.944441e-04	
1482	1.469500e-07	1.134900e+00	6.000000e-01	9.935315e-04	
1483	1.470500e-07	1.133100e+00	6.000000e-01	9.926208e-04	
1484	1.471500e-07	1.131300e+00	6.000000e-01	9.917122e-04	
1485	1.472500e-07	1.129500e+00	6.000000e-01	9.908055e-04	
1486	1.473500e-07	1.127700e+00	6.000000e-01	9.899009e-04	
1487	1.474500e-07	1.125900e+00	6.000000e-01	9.889982e-04	
1488	1.475500e-07	1.124100e+00	6.000000e-01	9.880976e-04	
1489	1.476500e-07	1.122300e+00	6.000000e-01	9.871989e-04	
1490	1.477500e-07	1.120500e+00	6.000000e-01	9.863022e-04	
1491	1.478500e-07	1.118700e+00	6.000000e-01	9.854075e-04	
1492	1.479500e-07	1.116900e+00	6.000000e-01	9.845148e-04	
1493	1.480500e-07	1.115100e+00	6.000000e-01	9.836240e-04	
1494	1.481500e-07	1.113300e+00	6.000000e-01	9.827352e-04	
1495	1.482500e-07	1.111500e+00	6.000000e-01	9.818485e-04	
1496	1.483500e-07	1.109700e+00	6.000000e-01	9.809636e-04	
1497	1.484500e-07	1.107900e+00	6.000000e-01	9.800808e-04	
1498	1.485500e-07	1.106100e+00	6.000000e-01	9.791999e-04	
1499	1.486500e-07	1.104300e+00	6.000000e-01	9.783210e-04	
1500	1.487500e-07	1.102500e+00	6.000000e-01	9.774441e-04	
1501	1.488500e-07	1.100700e+00	6.000000e-01	9.765691e-04	
1502	1.489500e-07	1.098900e+00	6.000000e-01	9.756961e-04	
1503	1.490500e-07	1.097100e+00	6.000000e-01	9.748250e-04	
1504	1.491500e-07	1.095300e+00	6.000000e-01	9.739560e-04	
1505	1.492500e-07	1.093500e+00	6.000000e-01	9.730889e-04	
1506	1.493500e-07	1.091700e+00	6.000000e-01	9.722237e-04	
1507	1.494500e-07	1.089900e+00	6.000000e-01	9.713605e-04	
1508	1.495500e-07	1.088100e+00	6.000000e-01	9.704993e-04	
1509	1.496500e-07	1.086300e+00	6.000000e-01	9.696401e-04	
1510	1.497500e-07	1.084500e+00	6.000000e-01	9.687828e-04	
1511	1.498500e-07	1.082700e+00	6.000000e-01	9.679274e-04	
1512	1.499500e-07	1.080900e+00	6.000000e-01	9.670741e-04	
1513	1.500500e-07	1.079100e+00	6.000000e-01	9.662227e-04	
1514	1.501500e-07	1.077300e+00	6.000000e-01	9.653732e-04	
1515	1.502500e-07	1.075500e+00	6.000000e-01	9.645258e-04	
1516	1.503500e-07	1.073700e+00	6.000000e-01	9.636803e-04	
1517	1.504500e-07	1.071900e+00	6.000000e-01	9.628368e-04	
1518	1.505500e-07	1.070100e+00	6.000000e-01	9.619952e-04	
1519	1.506500e-07	1.068300e+00	6.000000e-01	9.611556e-04	
1520	1.507500e-07	1.066500e+00	6.000000e-01	9.603180e-04	
1521	1.508500e-07	1.064700e+00	6.000000e-01	9.594824e-04	
1522	1.509500e-07	1.062900e+00	6.000000e-01	9.586488e-04	
1523	1.510500e-07	1.061100e+00	6.000000e-01	9.578171e-04	
1524	1.511500e-07	1.059300e+00	6.000000e-01	9.569875e-04	
1525	1.512500e-07	1.057500e+00	6.000000e-01	9.561598e-04	
1526	1.513500e-07	1.055700e+00	6.000000e-01	9.553341e-04	
1527	1.514500e-07	1.053900e+00	6.000000e-01	9.545104e-04	
1528	1.515500e-07	1.052100e+00	6.000000e-01	9.536887e-04	
1529	1.516500e-07	1.050300e+00	6.000000e-01	9.528691e-04	
1530	1.517500e-07	1.048500e+00	6.000000e-01	9.520514e-04	
1531	1.518500e-07	1.046700e+00	6.000000e-01	9.512357e-04	
1532	1.519500e-07	1.044900e+00	6.000000e-01	9.504221e-04	
1533	1.520500e-07	1.043100e+00	6.000000e-01	9.496105e-04	
1534	1.521500e-07	1.041300e+00	6.000000e-01	9.488009e-04	
1535	1.522500e-07	1.039500e+00	6.000000e-01	9.479934e-04	
1536	1.523500e-07	1.037700e+00	6.000000e-01	9.471879e-04	
1537	1.524500e-07	1.035900e+00	6.000000e-01	9.463845e-04	
1538	1.525500e-07	1.034100e+00	6.000000e-01	9.455831e-04	
1539	1.526500e-07	1.032300e+00	6.000000e-01	9.447838e-04	
1540	1.527500e-07	1.030500e+00	6.000000e-01	9.439866e-04	
1541	1.528500e-07	1.028700e+00	6.000000e-01	9.431914e-04	
1542	1.529500e-07	1.026900e+00	6.000000e-01	9.423983e-04	
1543	1.530500e-07	1.025100e+00	6.000000e-01	9.416074e-04	
1544	1.531500e-07	1.023300e+00	6.000000e-01	9.408185e-04	
1545	1.532500e-07	1.021500e+00	6.000000e-01	9.400318e-04	
1546	1.533500e-07	1.019700e+00	6.000000e-01	9.392472e-04	
1547	1.534500e-07	1.017900e+00	6.000000e-01	9.384647e-04	
1548	1.535500e-07	1.016100e+00	6.000000e-01	9.376843e-04	
1549	1.536500e-07	1.014300e+00	6.000000e-01	9.369062e-04	
1550	1.537500e-07	1.012500e+00	6.000000e-01	9.361302e-04	
1551	1.538500e-07	1.010700e+00	6.000000e-01	9.353564e-04	
1552	1.539500e-07	1.008900e+00	6.000000e-01	9.345847e-04	
1553	1.540500e-07	1.007100e+00	6.000000e-01	9.338153e-04	
1554	1.541500e-07	1.005300e+00	6.000000e-01	9.330481e-04	
1555	1.542500e-07	1.003500e+00	6.000000e-01	9.322832e-04	
1556	1.543500e-07	1.001700e+00	6.000000e-01	9.315204e-04	
1557	1.544500e-07	9.999000e-01	6.000000e-01	9.307600e-04	
1558	1.545500e-07	9.981000e-01	6.000000e-01	9.300018e-04	
1559	1.546500e-07	9.963000e-01	6.000000e-01	9.292459e-04	
1560	1.547500e-07	9.945000e-01	6.000000e-01	9.284924e-04	
1561	1.548500e-07	9.927000e-01	6.000000e-01	9.277411e-04	
1562	1.549500e-07	9.909000e-01	6.000000e-01	9.269922e-04	
1563	1.550500e-07	9.891000e-01	6.000000e-01	9.262456e-04	
1564	1.551500e-07	9.873000e-01	6.000000e-01	9.255015e-04	
1565	1.552500e-07	9.855000e-01	6.000000e-01	9.247597e-04	
1566	1.553500e-07	9.837000e-01	6.000000e-01	9.240203e-04	
1567	1.554500e-07	9.819000e-01	6.000000e-01	9.232834e-04	
1568	1.555500e-07	9.801000e-01	6.000000e-01	9.225489e-04	
1569	1.556500e-07	9.783000e-01	6.000000e-01	9.218169e-04	
1570	1.557500e-07	9.765000e-01	6.000000e-01	9.210873e-04	
1571	1.558500e-07	9.747000e-01	6.000000e-01	9.203603e-04	
1572	1.559500e-07	9.729000e-01	6.000000e-01	9.196358e-04	
1573	1.560500e-07	9.711000e-01	6.000000e-01	9.189139e-04	
1574	1.561500e-07	9.693000e-01	6.000000e-01	9.181946e-04	
1575	1.562500e-07	9.675000e-01	6.000000e-01	9.174778e-04	
1576	1.563500e-07	9.657000e-01	6.000000e-01	9.167637e-04	
1577	1.564500e-07	9.639000e-01	6.000000e-01	9.160522e-04	
1578	1.565500e-07	9.621000e-01	6.000000e-01	9.153434e-04	
1579	1.566500e-07	9.603000e-01	6.000000e-01	9.146374e-04	
1580	1.567500e-07	9.585000e-01	6.000000e-01	9.139340e-04	
1581	1.568500e-07	9.567000e-01	6.000000e-01	9.132334e-04	
1582	1.569500e-07	9.549000e-01	6.000000e-01	9.125356e-04	
1583	1.570500e-07	9.531000e-01	6.000000e-01	9.118406e-04	
1584	1.571500e-07	9.513000e-01	6.000000e-01	9.111484e-04	
1585	1.572500e-07	9.495000e-01	6.000000e-01	9.104591e-04	
1586	1.573500e-07	9.477000e-01	6.000000e-01	9.097727e-04	
1587	1.574500e-07	9.459000e-01	6.000000e-01	9.090892e-04	
1588	1.575500e-07	9.441000e-01	6.000000e-01	9.084087e-04	
1589	1.576500e-07	9.423000e-01	6.000000e-01	9.077312e-04	
1590	1.577500e-07	9.405000e-01	6.000000e-01	9.070568e-04	
1591	1.578500e-07	9.387000e-01	6.000000e-01	9.063854e-04	
1592	1.579500e-07	9.369000e-01	6.000000e-01	9.057171e-04	
1593	1.580500e-07	9.351000e-01	6.000000e-01	9.050519e-04	
1594	1.581500e-07	9.333000e-01	6.000000e-01	9.043899e-04	
1595	1.582500e-07	9.315000e-01	6.000000e-01	9.037311e-04	
1596	1.583500e-07	9.297000e-01	6.000000e-01	9.030756e-04	
1597	1.584500e-07	9.279000e-01	6.000000e-01	9.024234e-04	
1598	1.585500e-07	9.261000e-01	6.000000e-01	9.017744e-04	
1599	1.586500e-07	9.243000e-01	6.000000e-01	9.011289e-04	
1600	1.587500e-07	9.225000e-01	6.000000e-01	9.004868e-04	
1601	1.588500e-07	9.207000e-01	6.000000e-01	8.998481e-04	
1602	1.589500e-07	9.189000e-01	6.000000e-01	8.992130e-04	
1603	1.590500e-07	9.171000e-01	6.000000e-01	8.985814e-04	
1604	1.591500e-07	9.153000e-01	6.000000e-01	8.979534e-04	
1605	1.592500e-07	9.135000e-01	6.000000e-01	8.973291e-04	
1606	1.593500e-07	9.117000e-01	6.000000e-01	8.967084e-04	
1607	1.594500e-07	9.099000e-01	6.000000e-01	8.960916e-04	
1608	1.595500e-07	9.081000e-01	6.000000e-01	8.954785e-04	
1609	1.596500e-07	9.063000e-01	6.000000e-01	8.948693e-04	
1610	1.597500e-07	9.045000e-01	6.000000e-01	8.942640e-04	
1611	1.598500e-07	9.027000e-01	6.000000e-01	8.936627e-04	
1612	1.599500e-07	9.009000e-01	6.000000e-01	8.930654e-04	
1613	1.600500e-07	8.991000e-01	6.000000e-01	8.924722e-04	
1614	1.601500e-07	8.973000e-01	6.000000e-01	8.918831e-04	
1615	1.602500e-07	8.955000e-01	6.000000e-01	8.912983e-04	
1616	1.603500e-07	8.937000e-01	6.000000e-01	8.907178e-04	
1617	1.604500e-07	8.919000e-01	6.000000e-01	8.901417e-04	
1618	1.605500e-07	8.901000e-01	6.000000e-01	8.895700e-04	
1619	1.606500e-07	8.883000e-01	6.000000e-01	8.890027e-04	
1620	1.607500e-07	8.865000e-01	6.000000e-01	8.884401e-04	
1621	1.608500e-07	8.847000e-01	6.000000e-01	8.878821e-04	
1622	1.609500e-07	8.829000e-01	6.000000e-01	8.873288e-04	
1623	1.610500e-07	8.811000e-01	6.000000e-01	8.867804e-04	
1624	1.611500e-07	8.793000e-01	6.000000e-01	8.862384e-04	
1625	1.612500e-07	8.775000e-01	6.000000e-01	8.857193e-04	
1626	1.613500e-07	8.757000e-01	6.000000e-01	8.851843e-04	
1627	1.614500e-07	8.739000e-01	6.000000e-01	8.846501e-04	
1628	1.615500e-07	8.721000e-01	6.000000e-01	8.841213e-04	
1629	1.616500e-07	8.703000e-01	6.000000e-01	8.835991e-04	
1630	1.617500e-07	8.685000e-01	6.000000e-01	8.830835e-04	
1631	1.618500e-07	8.667000e-01	6.000000e-01	8.825744e-04	
1632	1.619500e-07	8.649000e-01	6.000000e-01	8.820716e-04	
1633	1.620500e-07	8.631000e-01	6.000000e-01	8.815750e-04	
1634	1.621500e-07	8.613000e-01	6.000000e-01	8.810845e-04	
1635	1.622500e-07	8.595000e-01	6.000000e-01	8.806003e-04	
1636	1.623500e-07	8.577000e-01	6.000000e-01	8.801223e-04	
1637	1.624500e-07	8.559000e-01	6.000000e-01	8.796507e-04	
1638	1.625500e-07	8.541000e-01	6.000000e-01	8.791855e-04	
1639	1.626500e-07	8.523000e-01	6.000000e-01	8.787269e-04	
1640	1.627500e-07	8.505000e-01	6.000000e-01	8.782749e-04	
1641	1.628500e-07	8.487000e-01	6.000000e-01	8.778298e-04	
1642	1.629500e-07	8.469000e-01	6.000000e-01	8.773915e-04	
1643	1.630500e-07	8.451000e-01	6.000000e-01	8.769604e-04	
1644	1.631500e-07	8.433000e-01	6.000000e-01	8.765365e-04	
1645	1.632500e-07	8.415000e-01	6.000000e-01	8.761200e-04	
1646	1.633500e-07	8.397000e-01	6.000000e-01	8.757110e-04	
1647	1.634500e-07	8.379000e-01	6.000000e-01	8.753098e-04	
1648	1.635500e-07	8.361000e-01	6.000000e-01	8.749164e-04	
1649	1.636500e-07	8.343000e-01	6.000000e-01	8.745311e-04	
1650	1.637500e-07	8.325000e-01	6.000000e-01	8.741540e-04	
1651	1.638500e-07	8.307000e-01	6.000000e-01	8.737855e-04	
1652	1.639500e-07	8.289000e-01	6.000000e-01	8.734255e-04	
1653	1.640500e-07	8.271000e-01	6.000000e-01	8.730745e-04	
1654	1.641500e-07	8.253000e-01	6.000000e-01	8.727324e-04	
1655	1.642500e-07	8.235000e-01	6.000000e-01	8.723997e-04	
1656	1.643500e-07	8.217000e-01	6.000000e-01	8.720765e-04	
1657	1.644500e-07	8.199000e-01	6.000000e-01	8.717630e-04	
1658	1.645500e-07	8.181000e-01	6.000000e-01	8.714595e-04	
1659	1.646500e-07	8.163000e-01	6.000000e-01	8.711663e-04	
1660	1.647500e-07	8.145000e-01	6.000000e-01	8.708835e-04	
1661	1.648500e-07	8.127000e-01	6.000000e-01	8.706116e-04	
1662	1.649500e-07	8.109000e-01	6.000000e-01	8.703506e-04	
1663	1.650500e-07	8.091000e-01	6.000000e-01	8.701010e-04	
1664	1.651500e-07	8.073000e-01	6.000000e-01	8.698630e-04	
1665	1.652500e-07	8.055000e-01	6.000000e-01	8.696369e-04	
1666	1.653500e-07	8.037000e-01	6.000000e-01	8.694231e-04	
1667	1.654500e-07	8.019000e-01	6.000000e-01	8.692219e-04	
1668	1.655500e-07	8.001000e-01	6.000000e-01	8.690335e-04	
1669	1.656500e-07	7.983000e-01	6.000000e-01	8.688585e-04	
1670	1.657500e-07	7.965000e-01	6.000000e-01	8.686970e-04	
1671	1.658500e-07	7.947000e-01	6.000000e-01	8.685496e-04	
1672	1.659500e-07	7.929000e-01	6.000000e-01	8.684165e-04	
1673	1.660500e-07	7.911000e-01	6.000000e-01	8.682982e-04	
1674	1.661500e-07	7.893000e-01	6.000000e-01	8.681951e-04	
1675	1.662500e-07	7.875000e-01	6.000000e-01	8.681077e-04	
1676	1.663500e-07	7.857000e-01	6.000000e-01	8.680363e-04	
1677	1.664500e-07	7.839000e-01	6.000000e-01	8.679816e-04	
1678	1.665500e-07	7.821000e-01	6.000000e-01	8.679437e-04	
1679	1.666500e-07	7.803000e-01	6.000000e-01	8.679235e-04	
1680	1.667500e-07	7.785000e-01	6.000000e-01	8.679212e-04	
1681	1.668500e-07	7.767000e-01	6.000000e-01	8.679375e-04	
1682	1.669500e-07	7.749000e-01	6.000000e-01	8.679729e-04	
1683	1.670500e-07	7.731000e-01	6.000000e-01	8.680280e-04	
1684	1.671500e-07	7.713000e-01	6.000000e-01	8.681033e-04	
1685	1.672500e-07	7.695000e-01	6.000000e-01	8.681996e-04	
1686	1.673500e-07	7.677000e-01	6.000000e-01	8.683172e-04	
1687	1.674500e-07	7.659000e-01	6.000000e-01	8.684571e-04	
1688	1.675500e-07	7.641000e-01	6.000000e-01	8.686198e-04	
1689	1.676500e-07	7.623000e-01	6.000000e-01	8.688060e-04	
1690	1.677500e-07	7.605000e-01	6.000000e-01	8.690165e-04	
1691	1.678500e-07	7.587000e-01	6.000000e-01	8.692520e-04	
1692	1.679500e-07	7.569000e-01	6.000000e-01	8.695133e-04	
1693	1.680500e-07	7.551000e-01	6.000000e-01	8.698012e-04	
1694	1.681500e-07	7.533000e-01	6.000000e-01	8.701165e-04	
1695	1.682500e-07	7.515000e-01	6.000000e-01	8.704602e-04	
1696	1.683500e-07	7.497000e-01	6.000000e-01	8.708330e-04	
1697	1.684500e-07	7.479000e-01	6.000000e-01	8.712361e-04	
1698	1.685500e-07	7.461000e-01	6.000000e-01	8.716702e-04	
1699	1.686500e-07	7.443000e-01	6.000000e-01	8.721364e-04	
1700	1.687500e-07	7.425000e-01	6.000000e-01	8.726358e-04	
1701	1.688500e-07	7.407000e-01	6.000000e-01	8.731694e-04	
1702	1.689500e-07	7.389000e-01	6.000000e-01	8.737383e-04	
1703	1.690500e-07	7.371000e-01	6.000000e-01	8.743438e-04	
1704	1.691500e-07	7.353000e-01	6.000000e-01	8.749869e-04	
1705	1.692500e-07	7.335000e-01	6.000000e-01	8.756691e-04	
1706	1.693500e-07	7.317000e-01	6.000000e-01	8.763914e-04	
1707	1.694500e-07	7.299000e-01	6.000000e-01	8.771554e-04	
1708	1.695500e-07	7.281000e-01	6.000000e-01	8.779623e-04	
1709	1.696500e-07	7.263000e-01	6.000000e-01	8.788137e-04	
1710	1.697500e-07	7.245000e-01	6.000000e-01	8.797109e-04	
1711	1.698500e-07	7.227000e-01	6.000000e-01	8.806557e-04	
1712	1.699500e-07	7.209000e-01	6.000000e-01	8.816496e-04	
1713	1.700500e-07	7.191000e-01	6.000000e-01	8.826943e-04	
1714	1.701500e-07	7.173000e-01	6.000000e-01	8.837915e-04	
1715	1.702500e-07	7.155000e-01	6.000000e-01	8.849431e-04	
1716	1.703500e-07	7.137000e-01	6.000000e-01	8.861510e-04	
1717	1.704500e-07	7.119000e-01	6.000000e-01	8.874171e-04	
1718	1.705500e-07	7.101000e-01	6.000000e-01	8.887436e-04	
1719	1.706500e-07	7.083000e-01	6.000000e-01	8.901326e-04	
1720	1.707500e-07	7.065000e-01	6.000000e-01	8.915862e-04	
1721	1.708500e-07	7.047000e-01	6.000000e-01	8.931070e-04	
1722	1.709500e-07	7.029000e-01	6.000000e-01	8.946973e-04	
1723	1.710500e-07	7.011000e-01	6.000000e-01	8.963597e-04	
1724	1.711500e-07	6.993000e-01	6.000000e-01	8.980969e-04	
1725	1.712500e-07	6.975000e-01	6.000000e-01	8.999118e-04	
1726	1.713500e-07	6.957000e-01	6.000000e-01	9.018073e-04	
1727	1.714500e-07	6.939000e-01	6.000000e-01	9.037866e-04	
1728	1.715500e-07	6.921000e-01	6.000000e-01	9.058529e-04	
1729	1.716500e-07	6.903000e-01	6.000000e-01	9.080099e-04	
1730	1.717500e-07	6.885000e-01	6.000000e-01	9.102610e-04	
1731	1.718500e-07	6.867000e-01	6.000000e-01	9.126103e-04	
1732	1.719500e-07	6.849000e-01	6.000000e-01	9.150619e-04	
1733	1.720500e-07	6.831000e-01	6.000000e-01	9.176202e-04	
1734	1.721500e-07	6.813000e-01	6.000000e-01	9.202897e-04	
1735	1.722500e-07	6.795000e-01	6.000000e-01	9.230756e-04	
1736	1.723500e-07	6.777000e-01	6.000000e-01	9.259830e-04	
1737	1.724500e-07	6.759000e-01	6.000000e-01	9.290177e-04	
1738	1.725500e-07	6.741000e-01	6.000000e-01	9.321855e-04	
1739	1.726500e-07	6.723000e-01	6.000000e-01	9.354929e-04	
1740	1.727500e-07	6.705000e-01	6.000000e-01	9.389466e-04	
1741	1.728500e-07	6.687000e-01	6.000000e-01	9.425539e-04	
1742	1.729500e-07	6.669000e-01	6.000000e-01	9.463223e-04	
1743	1.730500e-07	6.651000e-01	6.000000e-01	9.502601e-04	
1744	1.731500e-07	6.633000e-01	6.000000e-01	9.543755e-04	
1745	1.732500e-07	6.615000e-01	6.000000e-01	9.586775e-04	
1746	1.733500e-07	6.597000e-01	6.000000e-01	9.631750e-04	
1747	1.734500e-07	6.579000e-01	6.000000e-01	9.678773e-04	
1748	1.735500e-07	6.561000e-01	6.000000e-01	9.727937e-04	
1749	1.736500e-07	6.543000e-01	6.000000e-01	9.779332e-04	
1750	1.737500e-07	6.525000e-01	6.000000e-01	9.833046e-04	
1751	1.738500e-07	6.507000e-01	6.000000e-01	9.889158e-04	
1752	1.739500e-07	6.489000e-01	6.000000e-01	9.947738e-04	
1753	1.740500e-07	6.471000e-01	6.000000e-01	1.000884e-03	
1754	1.741500e-07	6.453000e-01	6.000000e-01	1.007252e-03	
1755	1.742500e-07	6.435000e-01	6.000000e-01	1.013878e-03	
1756	1.743500e-07	6.417000e-01	6.000000e-01	1.020765e-03	
1757	1.744500e-07	6.399000e-01	6.000000e-01	1.027909e-03	
1758	1.745500e-07	6.381000e-01	6.000000e-01	1.035308e-03	
1759	1.746500e-07	6.363000e-01	6.000000e-01	1.042957e-03	
1760	1.747500e-07	6.345000e-01	6.000000e-01	1.050849e-03	
1761	1.748500e-07	6.327000e-01	6.000000e-01	1.058977e-03	
1762	1.749500e-07	6.309000e-01	6.000000e-01	1.067334e-03	
1763	1.750500e-07	6.291000e-01	6.000000e-01	1.075910e-03	
1764	1.751500e-07	6.273000e-01	6.000000e-01	1.084699e-03	
1765	1.752500e-07	6.255000e-01	6.000000e-01	1.093693e-03	
1766	1.753500e-07	6.237000e-01	6.000000e-01	1.102886e-03	
1767	1.754500e-07	6.219000e-01	6.000000e-01	1.112272e-03	
1768	1.755500e-07	6.201000e-01	6.000000e-01	1.121847e-03	
1769	1.756500e-07	6.183000e-01	6.000000e-01	1.131607e-03	
1770	1.757500e-07	6.165000e-01	6.000000e-01	1.141550e-03	
1771	1.758500e-07	6.147000e-01	6.000000e-01	1.151675e-03	
1772	1.759500e-07	6.129000e-01	6.000000e-01	1.161982e-03	
1773	1.760500e-07	6.111000e-01	6.000000e-01	1.172472e-03	
1774	1.761500e-07	6.093000e-01	6.000000e-01	1.183146e-03	
1775	1.762500e-07	6.075000e-01	6.000000e-01	1.194007e-03	
1776	1.763500e-07	6.057000e-01	6.000000e-01	1.205057e-03	
1777	1.764500e-07	6.039000e-01	6.000000e-01	1.216301e-03	
1778	1.765500e-07	6.021000e-01	6.000000e-01	1.227742e-03	
1779	1.766500e-07	6.003000e-01	6.000000e-01	1.239384e-03	
1780	1.767500e-07	5.985000e-01	6.000000e-01	1.251232e-03	
1781	1.768500e-07	5.967000e-01	6.000000e-01	1.263290e-03	
1782	1.769500e-07	5.949000e-01	6.000000e-01	1.275563e-03	
1783	1.770500e-07	5.931000e-01	6.000000e-01	1.288054e-03	
1784	1.771500e-07	5.913000e-01	6.000000e-01	1.300769e-03	
1785	1.772500e-07	5.895000e-01	6.000000e-01	1.313711e-03	
1786	1.773500e-07	5.877000e-01	6.000000e-01	1.326882e-03	
1787	1.774500e-07	5.859000e-01	6.000000e-01	1.340285e-03	
1788	1.775500e-07	5.841000e-01	6.000000e-01	1.353919e-03	
1789	1.776500e-07	5.823000e-01	6.000000e-01	1.367782e-03	
1790	1.777500e-07	5.805000e-01	6.000000e-01	1.381869e-03	
1791	1.778500e-07	5.787000e-01	6.000000e-01	1.396168e-03	
1792	1.779500e-07	5.769000e-01	6.000000e-01	1.410661e-03	
1793	1.780500e-07	5.751000e-01	6.000000e-01	1.425319e-03	
1794	1.781500e-07	5.733000e-01	6.000000e-01	1.440097e-03	
1795	1.782500e-07	5.715000e-01	6.000000e-01	1.454930e-03	
1796	1.783500e-07	5.697000e-01	6.000000e-01	1.469715e-03	
1797	1.784500e-07	5.679000e-01	6.000000e-01	1.484306e-03	
1798	1.785500e-07	5.661000e-01	6.000000e-01	1.498484e-03	
1799	1.786500e-07	5.643000e-01	6.000000e-01	1.511933e-03	
1800	1.787500e-07	5.625000e-01	6.000000e-01	1.524185e-03	
1801	1.788500e-07	5.607000e-01	6.000000e-01	1.534566e-03	
1802	1.789500e-07	5.589000e-01	6.000000e-01	1.542095e-03	
1803	1.790500e-07	5.571000e-01	6.000000e-01	1.545356e-03	
1804	1.791500e-07	5.553000e-01	6.000000e-01	1.542320e-03	
1805	1.792500e-07	5.535000e-01	6.000000e-01	1.530101e-03	
1806	1.793500e-07	5.517000e-01	6.000000e-01	1.504636e-03	
1807	1.794500e-07	5.499000e-01	6.000000e-01	1.460295e-03	
1808	1.795500e-07	5.481000e-01	6.000000e-01	1.389423e-03	
1809	1.796500e-07	5.463000e-01	6.000000e-01	1.281884e-03	
1810	1.797500e-07	5.445000e-01	6.000000e-01	1.124602e-03	
1811	1.798500e-07	5.427000e-01	6.000000e-01	9.014639e-04	
1812	1.799500e-07	5.409000e-01	6.000000e-01	5.936182e-04	
1813	1.800500e-07	5.391000e-01	6.000000e-01	1.802663e-04	
1814	1.801500e-07	5.373000e-01	6.000000e-01	-3.86695e-04	
1815	1.802500e-07	5.355000e-01	6.000000e-01	-1.11570e-03	
1816	1.803500e-07	5.337000e-01	6.000000e-01	-2.00541e-03	
1817	1.804500e-07	5.319000e-01	6.000000e-01	-3.06907e-03	
1818	1.805500e-07	5.301000e-01	6.000000e-01	-4.31409e-03	
1819	1.806500e-07	5.283000e-01	6.000000e-01	-5.74159e-03	
1820	1.807500e-07	5.265000e-01	6.000000e-01	-7.34823e-03	
1821	1.808500e-07	5.247000e-01	6.000000e-01	-9.12704e-03	
1822	1.809500e-07	5.229000e-01	6.000000e-01	-1.10675e-02	
1823	1.810500e-07	5.211000e-01	6.000000e-01	-1.31539e-02	
1824	1.811500e-07	5.193000e-01	6.000000e-01	-1.53585e-02	
1825	1.812500e-07	5.175000e-01	6.000000e-01	-1.76258e-02	
1826	1.813500e-07	5.157000e-01	6.000000e-01	-1.98459e-02	
1827	1.814500e-07	5.139000e-01	6.000000e-01	-2.18266e-02	
1828	1.815500e-07	5.121000e-01	6.000000e-01	-2.32684e-02	
1829	1.816500e-07	5.103000e-01	6.000000e-01	-2.37439e-02	
1830	1.817500e-07	5.085000e-01	6.000000e-01	-2.26755e-02	
1831	1.818500e-07	5.067000e-01	6.000000e-01	-1.93175e-02	
1832	1.819500e-07	5.049000e-01	6.000000e-01	-1.27535e-02	
1833	1.820500e-07	5.031000e-01	6.000000e-01	-1.90174e-03	
1834	1.821500e-07	5.013000e-01	6.000000e-01	1.355861e-02	
1835	1.822500e-07	4.995000e-01	6.000000e-01	3.530512e-02	
1836	1.823500e-07	4.977000e-01	6.000000e-01	6.382662e-02	
1837	1.824500e-07	4.959000e-01	6.000000e-01	9.896345e-02	
1838	1.825500e-07	4.941000e-01	6.000000e-01	1.402263e-01	
1839	1.826500e-07	4.923000e-01	6.000000e-01	1.868747e-01	
1840	1.827500e-07	4.905000e-01	6.000000e-01	2.379936e-01	
1841	1.828500e-07	4.887000e-01	6.000000e-01	2.925981e-01	
1842	1.829500e-07	4.869000e-01	6.000000e-01	3.497278e-01	
1843	1.830500e-07	4.851000e-01	6.000000e-01	4.085091e-01	
1844	1.831500e-07	4.833000e-01	6.000000e-01	4.681891e-01	
1845	1.832500e-07	4.815000e-01	6.000000e-01	5.281441e-01	
1846	1.833500e-07	4.797000e-01	6.000000e-01	5.878749e-01	
1847	1.834500e-07	4.779000e-01	6.000000e-01	6.469939e-01	
1848	1.835500e-07	4.761000e-01	6.000000e-01	7.052084e-01	
1849	1.836500e-07	4.743000e-01	6.000000e-01	7.623044e-01	
1850	1.837500e-07	4.725000e-01	6.000000e-01	8.181313e-01	
1851	1.838500e-07	4.707000e-01	6.000000e-01	8.725888e-01	
1852	1.839500e-07	4.689000e-01	6.000000e-01	9.256154e-01	
1853	1.840500e-07	4.671000e-01	6.000000e-01	9.771797e-01	
1854	1.841500e-07	4.653000e-01	6.000000e-01	1.027273e+00	
1855	1.842500e-07	4.635000e-01	6.000000e-01	1.075903e+00	
1856	1.843500e-07	4.617000e-01	6.000000e-01	1.123091e+00	
1857	1.844500e-07	4.599000e-01	6.000000e-01	1.168864e+00	
1858	1.845500e-07	4.581000e-01	6.000000e-01	1.213257e+00	
1859	1.846500e-07	4.563000e-01	6.000000e-01	1.256307e+00	
1860	1.847500e-07	4.545000e-01	6.000000e-01	1.298053e+00	
1861	1.848500e-07	4.527000e-01	6.000000e-01	1.338533e+00	
1862	1.849500e-07	4.509000e-01	6.000000e-01	1.377786e+00	
1863	1.850500e-07	4.491000e-01	6.000000e-01	1.415848e+00	
1864	1.851500e-07	4.473000e-01	6.000000e-01	1.452754e+00	
1865	1.852500e-07	4.455000e-01	6.000000e-01	1.488535e+00	
1866	1.853500e-07	4.437000e-01	6.000000e-01	1.523213e+00	
1867	1.854500e-07	4.419000e-01	6.000000e-01	1.556803e+00	
1868	1.855500e-07	4.401000e-01	6.000000e-01	1.589295e+00	
1869	1.856500e-07	4.383000e-01	6.000000e-01	1.620638e+00	
1870	1.857500e-07	4.365000e-01	6.000000e-01	1.650679e+00	
1871	1.858500e-07	4.347000e-01	6.000000e-01	1.679049e+00	
1872	1.859500e-07	4.329000e-01	6.000000e-01	1.705043e+00	
1873	1.860500e-07	4.311000e-01	6.000000e-01	1.727751e+00	
1874	1.861500e-07	4.293000e-01	6.000000e-01	1.746527e+00	
1875	1.862500e-07	4.275000e-01	6.000000e-01	1.761293e+00	
1876	1.863500e-07	4.257000e-01	6.000000e-01	1.772442e+00	
1877	1.864500e-07	4.239000e-01	6.000000e-01	1.780598e+00	
1878	1.865500e-07	4.221000e-01	6.000000e-01	1.786426e+00	
1879	1.866500e-07	4.203000e-01	6.000000e-01	1.790521e+00	
1880	1.867500e-07	4.185000e-01	6.000000e-01	1.793368e+00	
1881	1.868500e-07	4.167000e-01	6.000000e-01	1.795334e+00	
1882	1.869500e-07	4.149000e-01	6.000000e-01	1.796688e+00	
1883	1.870500e-07	4.131000e-01	6.000000e-01	1.797622e+00	
1884	1.871500e-07	4.113000e-01	6.000000e-01	1.798269e+00	
1885	1.872500e-07	4.095000e-01	6.000000e-01	1.798719e+00	
1886	1.873500e-07	4.077000e-01	6.000000e-01	1.799035e+00	
1887	1.874500e-07	4.059000e-01	6.000000e-01	1.799259e+00	
1888	1.875500e-07	4.041000e-01	6.000000e-01	1.799421e+00	
1889	1.876500e-07	4.023000e-01	6.000000e-01	1.799538e+00	
1890	1.877500e-07	4.005000e-01	6.000000e-01	1.799625e+00	
1891	1.878500e-07	3.987000e-01	6.000000e-01	1.799690e+00	
1892	1.879500e-07	3.969000e-01	6.000000e-01	1.799739e+00	
1893	1.880500e-07	3.951000e-01	6.000000e-01	1.799778e+00	
1894	1.881500e-07	3.933000e-01	6.000000e-01	1.799808e+00	
1895	1.882500e-07	3.915000e-01	6.000000e-01	1.799832e+00	
1896	1.883500e-07	3.897000e-01	6.000000e-01	1.799851e+00	
1897	1.884500e-07	3.879000e-01	6.000000e-01	1.799866e+00	
1898	1.885500e-07	3.861000e-01	6.000000e-01	1.799879e+00	
1899	1.886500e-07	3.843000e-01	6.000000e-01	1.799890e+00	
1900	1.887500e-07	3.825000e-01	6.000000e-01	1.799898e+00	
1901	1.888500e-07	3.807000e-01	6.000000e-01	1.799906e+00	
1902	1.889500e-07	3.789000e-01	6.000000e-01	1.799912e+00	
1903	1.890500e-07	3.771000e-01	6.000000e-01	1.799918e+00	
1904	1.891500e-07	3.753000e-01	6.000000e-01	1.799922e+00	
1905	1.892500e-07	3.735000e-01	6.000000e-01	1.799926e+00	
1906	1.893500e-07	3.717000e-01	6.000000e-01	1.799930e+00	
1907	1.894500e-07	3.699000e-01	6.000000e-01	1.799933e+00	
1908	1.895500e-07	3.681000e-01	6.000000e-01	1.799936e+00	
1909	1.896500e-07	3.663000e-01	6.000000e-01	1.799939e+00	
1910	1.897500e-07	3.645000e-01	6.000000e-01	1.799941e+00	
1911	1.898500e-07	3.627000e-01	6.000000e-01	1.799943e+00	
1912	1.899500e-07	3.609000e-01	6.000000e-01	1.799946e+00	
1913	1.900500e-07	3.591000e-01	6.000000e-01	1.799947e+00	
1914	1.901500e-07	3.573000e-01	6.000000e-01	1.799949e+00	
1915	1.902500e-07	3.555000e-01	6.000000e-01	1.799951e+00	
1916	1.903500e-07	3.537000e-01	6.000000e-01	1.799953e+00	
1917	1.904500e-07	3.519000e-01	6.000000e-01	1.799954e+00	
1918	1.905500e-07	3.501000e-01	6.000000e-01	1.799956e+00	
1919	1.906500e-07	3.483000e-01	6.000000e-01	1.799957e+00	
1920	1.907500e-07	3.465000e-01	6.000000e-01	1.799958e+00	
1921	1.908500e-07	3.447000e-01	6.000000e-01	1.799959e+00	
1922	1.909500e-07	3.429000e-01	6.000000e-01	1.799961e+00	
1923	1.910500e-07	3.411000e-01	6.000000e-01	1.799962e+00	
1924	1.911500e-07	3.393000e-01	6.000000e-01	1.799963e+00	
1925	1.912500e-07	3.375000e-01	6.000000e-01	1.799964e+00	
1926	1.913500e-07	3.357000e-01	6.000000e-01	1.799965e+00	
1927	1.914500e-07	3.339000e-01	6.000000e-01	1.799966e+00	
1928	1.915500e-07	3.321000e-01	6.000000e-01	1.799967e+00	
1929	1.916500e-07	3.303000e-01	6.000000e-01	1.799968e+00	
1930	1.917500e-07	3.285000e-01	6.000000e-01	1.799969e+00	
1931	1.918500e-07	3.267000e-01	6.000000e-01	1.799970e+00	
1932	1.919500e-07	3.249000e-01	6.000000e-01	1.799971e+00	
1933	1.920500e-07	3.231000e-01	6.000000e-01	1.799972e+00	
1934	1.921500e-07	3.213000e-01	6.000000e-01	1.799972e+00	
1935	1.922500e-07	3.195000e-01	6.000000e-01	1.799973e+00	
1936	1.923500e-07	3.177000e-01	6.000000e-01	1.799974e+00	
1937	1.924500e-07	3.159000e-01	6.000000e-01	1.799975e+00	
1938	1.925500e-07	3.141000e-01	6.000000e-01	1.799975e+00	
1939	1.926500e-07	3.123000e-01	6.000000e-01	1.799976e+00	
1940	1.927500e-07	3.105000e-01	6.000000e-01	1.799977e+00	
1941	1.928500e-07	3.087000e-01	6.000000e-01	1.799977e+00	
1942	1.929500e-07	3.069000e-01	6.000000e-01	1.799978e+00	
1943	1.930500e-07	3.051000e-01	6.000000e-01	1.799979e+00	
1944	1.931500e-07	3.033000e-01	6.000000e-01	1.799979e+00	
1945	1.932500e-07	3.015000e-01	6.000000e-01	1.799980e+00	
1946	1.933500e-07	2.997000e-01	6.000000e-01	1.799980e+00	
1947	1.934500e-07	2.979000e-01	6.000000e-01	1.799981e+00	
1948	1.935500e-07	2.961000e-01	6.000000e-01	1.799982e+00	
1949	1.936500e-07	2.943000e-01	6.000000e-01	1.799982e+00	
1950	1.937500e-07	2.925000e-01	6.000000e-01	1.799983e+00	
1951	1.938500e-07	2.907000e-01	6.000000e-01	1.799983e+00	
1952	1.939500e-07	2.889000e-01	6.000000e-01	1.799983e+00	
1953	1.940500e-07	2.871000e-01	6.000000e-01	1.799984e+00	
1954	1.941500e-07	2.853000e-01	6.000000e-01	1.799984e+00	
1955	1.942500e-07	2.835000e-01	6.000000e-01	1.799985e+00	
1956	1.943500e-07	2.817000e-01	6.000000e-01	1.799985e+00	
1957	1.944500e-07	2.799000e-01	6.000000e-01	1.799986e+00	
1958	1.945500e-07	2.781000e-01	6.000000e-01	1.799986e+00	
1959	1.946500e-07	2.763000e-01	6.000000e-01	1.799986e+00	
1960	1.947500e-07	2.745000e-01	6.000000e-01	1.799987e+00	
1961	1.948500e-07	2.727000e-01	6.000000e-01	1.799987e+00	
1962	1.949500e-07	2.709000e-01	6.000000e-01	1.799987e+00	
1963	1.950500e-07	2.691000e-01	6.000000e-01	1.799988e+00	
1964	1.951500e-07	2.673000e-01	6.000000e-01	1.799988e+00	
1965	1.952500e-07	2.655000e-01	6.000000e-01	1.799988e+00	
1966	1.953500e-07	2.637000e-01	6.000000e-01	1.799989e+00	
1967	1.954500e-07	2.619000e-01	6.000000e-01	1.799989e+00	
1968	1.955500e-07	2.601000e-01	6.000000e-01	1.799989e+00	
1969	1.956500e-07	2.583000e-01	6.000000e-01	1.799989e+00	
1970	1.957500e-07	2.565000e-01	6.000000e-01	1.799990e+00	
1971	1.958500e-07	2.547000e-01	6.000000e-01	1.799990e+00	
1972	1.959500e-07	2.529000e-01	6.000000e-01	1.799990e+00	
1973	1.960500e-07	2.511000e-01	6.000000e-01	1.799990e+00	
1974	1.961500e-07	2.493000e-01	6.000000e-01	1.799991e+00	
1975	1.962500e-07	2.475000e-01	6.000000e-01	1.799991e+00	
1976	1.963500e-07	2.457000e-01	6.000000e-01	1.799991e+00	
1977	1.964500e-07	2.439000e-01	6.000000e-01	1.799991e+00	
1978	1.965500e-07	2.421000e-01	6.000000e-01	1.799992e+00	
1979	1.966500e-07	2.403000e-01	6.000000e-01	1.799992e+00	
1980	1.967500e-07	2.385000e-01	6.000000e-01	1.799992e+00	
1981	1.968500e-07	2.367000e-01	6.000000e-01	1.799992e+00	
1982	1.969500e-07	2.349000e-01	6.000000e-01	1.799992e+00	
1983	1.970500e-07	2.331000e-01	6.000000e-01	1.799992e+00	
1984	1.971500e-07	2.313000e-01	6.000000e-01	1.799993e+00	
1985	1.972500e-07	2.295000e-01	6.000000e-01	1.799993e+00	
1986	1.973500e-07	2.277000e-01	6.000000e-01	1.799993e+00	
1987	1.974500e-07	2.259000e-01	6.000000e-01	1.799993e+00	
1988	1.975500e-07	2.241000e-01	6.000000e-01	1.799993e+00	
1989	1.976500e-07	2.223000e-01	6.000000e-01	1.799993e+00	
1990	1.977500e-07	2.205000e-01	6.000000e-01	1.799994e+00	
1991	1.978500e-07	2.187000e-01	6.000000e-01	1.799994e+00	
1992	1.979500e-07	2.169000e-01	6.000000e-01	1.799994e+00	
1993	1.980500e-07	2.151000e-01	6.000000e-01	1.799994e+00	
1994	1.981500e-07	2.133000e-01	6.000000e-01	1.799994e+00	
1995	1.982500e-07	2.115000e-01	6.000000e-01	1.799994e+00	
1996	1.983500e-07	2.097000e-01	6.000000e-01	1.799994e+00	
1997	1.984500e-07	2.079000e-01	6.000000e-01	1.799994e+00	
1998	1.985500e-07	2.061000e-01	6.000000e-01	1.799995e+00	
1999	1.986500e-07	2.043000e-01	6.000000e-01	1.799995e+00	
2000	1.987500e-07	2.025000e-01	6.000000e-01	1.799995e+00	
2001	1.988500e-07	2.007000e-01	6.000000e-01	1.799995e+00	
2002	1.989500e-07	1.989000e-01	6.000000e-01	1.799995e+00	
2003	1.990500e-07	1.971000e-01	6.000000e-01	1.799995e+00	
2004	1.991500e-07	1.953000e-01	6.000000e-01	1.799995e+00	
2005	1.992500e-07	1.935000e-01	6.000000e-01	1.799995e+00	
2006	1.993500e-07	1.917000e-01	6.000000e-01	1.799995e+00	
2007	1.994500e-07	1.899000e-01	6.000000e-01	1.799995e+00	
2008	1.995500e-07	1.881000e-01	6.000000e-01	1.799995e+00	
2009	1.996500e-07	1.863000e-01	6.000000e-01	1.799995e+00	
2010	1.997500e-07	1.845000e-01	6.000000e-01	1.799996e+00	
2011	1.998500e-07	1.827000e-01	6.000000e-01	1.799996e+00	
2012	1.999500e-07	1.809000e-01	6.000000e-01	1.799996e+00	
2013	2.000500e-07	1.791000e-01	6.000000e-01	1.799996e+00	
2014	2.001500e-07	1.773000e-01	6.000000e-01	1.799996e+00	
2015	2.002500e-07	1.755000e-01	6.000000e-01	1.799996e+00	
2016	2.003500e-07	1.737000e-01	6.000000e-01	1.799996e+00	
2017	2.004500e-07	1.719000e-01	6.000000e-01	1.799996e+00	
2018	2.005500e-07	1.701000e-01	6.000000e-01	1.799996e+00	
2019	2.006500e-07	1.683000e-01	6.000000e-01	1.799996e+00	
2020	2.007500e-07	1.665000e-01	6.000000e-01	1.799996e+00	
2021	2.008500e-07	1.647000e-01	6.000000e-01	1.799996e+00	
2022	2.009500e-07	1.629000e-01	6.000000e-01	1.799996e+00	
2023	2.010500e-07	1.611000e-01	6.000000e-01	1.799996e+00	
2024	2.011500e-07	1.593000e-01	6.000000e-01	1.799996e+00	
2025	2.012500e-07	1.575000e-01	6.000000e-01	1.799996e+00	
2026	2.013500e-07	1.557000e-01	6.000000e-01	1.799996e+00	
2027	2.014500e-07	1.539000e-01	6.000000e-01	1.799996e+00	
2028	2.015500e-07	1.521000e-01	6.000000e-01	1.799997e+00	
2029	2.016500e-07	1.503000e-01	6.000000e-01	1.799997e+00	
2030	2.017500e-07	1.485000e-01	6.000000e-01	1.799997e+00	
2031	2.018500e-07	1.467000e-01	6.000000e-01	1.799997e+00	
2032	2.019500e-07	1.449000e-01	6.000000e-01	1.799997e+00	
2033	2.020500e-07	1.431000e-01	6.000000e-01	1.799997e+00	
2034	2.021500e-07	1.413000e-01	6.000000e-01	1.799997e+00	
2035	2.022500e-07	1.395000e-01	6.000000e-01	1.799997e+00	
2036	2.023500e-07	1.377000e-01	6.000000e-01	1.799997e+00	
2037	2.024500e-07	1.359000e-01	6.000000e-01	1.799997e+00	
2038	2.025500e-07	1.341000e-01	6.000000e-01	1.799997e+00	
2039	2.026500e-07	1.323000e-01	6.000000e-01	1.799997e+00	
2040	2.027500e-07	1.305000e-01	6.000000e-01	1.799997e+00	
2041	2.028500e-07	1.287000e-01	6.000000e-01	1.799997e+00	
2042	2.029500e-07	1.269000e-01	6.000000e-01	1.799997e+00	
2043	2.030500e-07	1.251000e-01	6.000000e-01	1.799997e+00	
2044	2.031500e-07	1.233000e-01	6.000000e-01	1.799997e+00	
2045	2.032500e-07	1.215000e-01	6.000000e-01	1.799997e+00	
2046	2.033500e-07	1.197000e-01	6.000000e-01	1.799997e+00	
2047	2.034500e-07	1.179000e-01	6.000000e-01	1.799997e+00	
2048	2.035500e-07	1.161000e-01	6.000000e-01	1.799997e+00	
2049	2.036500e-07	1.143000e-01	6.000000e-01	1.799997e+00	
2050	2.037500e-07	1.125000e-01	6.000000e-01	1.799997e+00	
2051	2.038500e-07	1.107000e-01	6.000000e-01	1.799997e+00	
2052	2.039500e-07	1.089000e-01	6.000000e-01	1.799997e+00	
2053	2.040500e-07	1.071000e-01	6.000000e-01	1.799997e+00	
2054	2.041500e-07	1.053000e-01	6.000000e-01	1.799997e+00	
2055	2.042500e-07	1.035000e-01	6.000000e-01	1.799997e+00	
2056	2.043500e-07	1.017000e-01	6.000000e-01	1.799997e+00	
2057	2.044500e-07	9.990000e-02	6.000000e-01	1.799997e+00	
2058	2.045500e-07	9.810000e-02	6.000000e-01	1.799997e+00	
2059	2.046500e-07	9.630000e-02	6.000000e-01	1.799997e+00	
2060	2.047500e-07	9.450000e-02	6.000000e-01	1.799997e+00	
2061	2.048500e-07	9.270000e-02	6.000000e-01	1.799997e+00	
2062	2.049500e-07	9.090000e-02	6.000000e-01	1.799997e+00	
2063	2.050500e-07	8.910000e-02	6.000000e-01	1.799997e+00	
2064	2.051500e-07	8.730000e-02	6.000000e-01	1.799997e+00	
2065	2.052500e-07	8.550000e-02	6.000000e-01	1.799997e+00	
2066	2.053500e-07	8.370000e-02	6.000000e-01	1.799997e+00	
2067	2.054500e-07	8.190000e-02	6.000000e-01	1.799997e+00	
2068	2.055500e-07	8.010000e-02	6.000000e-01	1.799997e+00	
2069	2.056500e-07	7.830000e-02	6.000000e-01	1.799997e+00	
2070	2.057500e-07	7.650000e-02	6.000000e-01	1.799997e+00	
2071	2.058500e-07	7.470000e-02	6.000000e-01	1.799997e+00	
2072	2.059500e-07	7.290000e-02	6.000000e-01	1.799997e+00	
2073	2.060500e-07	7.110000e-02	6.000000e-01	1.799997e+00	
2074	2.061500e-07	6.930000e-02	6.000000e-01	1.799997e+00	
2075	2.062500e-07	6.750000e-02	6.000000e-01	1.799997e+00	
2076	2.063500e-07	6.570000e-02	6.000000e-01	1.799997e+00	
2077	2.064500e-07	6.390000e-02	6.000000e-01	1.799997e+00	
2078	2.065500e-07	6.210000e-02	6.000000e-01	1.799997e+00	
2079	2.066500e-07	6.030000e-02	6.000000e-01	1.799997e+00	
2080	2.067500e-07	5.850000e-02	6.000000e-01	1.799997e+00	
2081	2.068500e-07	5.670000e-02	6.000000e-01	1.799997e+00	
2082	2.069500e-07	5.490000e-02	6.000000e-01	1.799997e+00	
2083	2.070500e-07	5.310000e-02	6.000000e-01	1.799997e+00	
2084	2.071500e-07	5.130000e-02	6.000000e-01	1.799997e+00	
2085	2.072500e-07	4.950000e-02	6.000000e-01	1.799997e+00	
2086	2.073500e-07	4.770000e-02	6.000000e-01	1.799997e+00	
2087	2.074500e-07	4.590000e-02	6.000000e-01	1.799997e+00	
2088	2.075500e-07	4.410000e-02	6.000000e-01	1.799997e+00	
2089	2.076500e-07	4.230000e-02	6.000000e-01	1.799997e+00	
2090	2.077500e-07	4.050000e-02	6.000000e-01	1.799997e+00	
2091	2.078500e-07	3.870000e-02	6.000000e-01	1.799997e+00	
2092	2.079500e-07	3.690000e-02	6.000000e-01	1.799997e+00	
2093	2.080500e-07	3.510000e-02	6.000000e-01	1.799997e+00	
2094	2.081500e-07	3.330000e-02	6.000000e-01	1.799997e+00	
2095	2.082500e-07	3.150000e-02	6.000000e-01	1.799997e+00	
2096	2.083500e-07	2.970000e-02	6.000000e-01	1.799997e+00	
2097	2.084500e-07	2.790000e-02	6.000000e-01	1.799997e+00	
2098	2.085500e-07	2.610000e-02	6.000000e-01	1.799997e+00	
2099	2.086500e-07	2.430000e-02	6.000000e-01	1.799997e+00	
2100	2.087500e-07	2.250000e-02	6.000000e-01	1.799997e+00	
2101	2.088500e-07	2.070000e-02	6.000000e-01	1.799997e+00	
2102	2.089500e-07	1.890000e-02	6.000000e-01	1.799997e+00	
2103	2.090500e-07	1.710000e-02	6.000000e-01	1.799997e+00	
2104	2.091500e-07	1.530000e-02	6.000000e-01	1.799997e+00	
2105	2.092500e-07	1.350000e-02	6.000000e-01	1.799997e+00	
2106	2.093500e-07	1.170000e-02	6.000000e-01	1.799997e+00	
2107	2.094500e-07	9.900000e-03	6.000000e-01	1.799997e+00	
2108	2.095500e-07	8.100000e-03	6.000000e-01	1.799997e+00	
2109	2.096500e-07	6.300000e-03	6.000000e-01	1.799997e+00	
2110	2.097500e-07	4.500000e-03	6.000000e-01	1.799997e+00	
2111	2.098500e-07	2.700000e-03	6.000000e-01	1.799997e+00	
2112	2.099500e-07	9.000000e-04	6.000000e-01	1.799997e+00	
2113	2.100000e-07	0.000000e+00	6.000000e-01	1.799997e+00	
