VOUT2 v(x2.comp_p_0/VIN_N)
       ** sch_path: /home/zhixuan/projects/fyp_vco/schem/sym_full_tb.sch
       Transient Analysis  Tue Apr 28 16:21:07  2026
--------------------------------------------------------------------------------
Index   time            vout2           v(x2.comp_p_0/v 
--------------------------------------------------------------------------------
0	0.000000e+00	-1.80368e-03	1.155535e+00	
1	1.000000e-12	-1.50181e-03	1.155544e+00	
2	2.000000e-12	-1.26863e-03	1.155552e+00	
3	4.000000e-12	-9.09424e-04	1.155568e+00	
4	8.000000e-12	-5.84573e-04	1.155602e+00	
5	1.600000e-11	-4.11792e-04	1.155668e+00	
6	3.200000e-11	-2.96810e-04	1.155801e+00	
7	6.400000e-11	-1.36507e-04	1.156067e+00	
8	1.280000e-10	-2.71523e-05	1.156599e+00	
9	2.280000e-10	2.436269e-06	1.157428e+00	
10	3.280000e-10	-1.93253e-06	1.158256e+00	
11	4.280000e-10	1.507817e-06	1.159082e+00	
12	5.280000e-10	-1.30801e-06	1.159908e+00	
13	6.280000e-10	1.154960e-06	1.160733e+00	
14	7.280000e-10	-9.62149e-07	1.161556e+00	
15	8.280000e-10	8.682430e-07	1.162379e+00	
16	9.280000e-10	-7.21600e-07	1.163200e+00	
17	1.028000e-09	6.524736e-07	1.164021e+00	
18	1.128000e-09	-5.40937e-07	1.164840e+00	
19	1.228000e-09	4.903079e-07	1.165658e+00	
20	1.328000e-09	-4.05082e-07	1.166475e+00	
21	1.428000e-09	3.683174e-07	1.167292e+00	
22	1.528000e-09	-3.02852e-07	1.168107e+00	
23	1.628000e-09	2.765047e-07	1.168921e+00	
24	1.728000e-09	-2.25896e-07	1.169734e+00	
25	1.828000e-09	2.073876e-07	1.170546e+00	
26	1.928000e-09	-1.67959e-07	1.171357e+00	
27	2.028000e-09	1.553547e-07	1.172167e+00	
28	2.128000e-09	-1.24333e-07	1.172975e+00	
29	2.228000e-09	1.161732e-07	1.173783e+00	
30	2.328000e-09	-9.14799e-08	1.174590e+00	
31	2.428000e-09	8.667167e-08	1.175396e+00	
32	2.528000e-09	-6.67408e-08	1.176200e+00	
33	2.628000e-09	6.446134e-08	1.177004e+00	
34	2.728000e-09	-4.81144e-08	1.177806e+00	
35	2.828000e-09	4.774514e-08	1.178608e+00	
36	2.928000e-09	-3.40898e-08	1.179408e+00	
37	3.028000e-09	3.516232e-08	1.180208e+00	
38	3.128000e-09	-2.35346e-08	1.181006e+00	
39	3.228000e-09	2.569134e-08	1.181804e+00	
40	3.328000e-09	-1.55833e-08	1.182600e+00	
41	3.428000e-09	1.856898e-08	1.183395e+00	
42	3.528000e-09	-9.60056e-09	1.184190e+00	
43	3.628000e-09	1.321056e-08	1.184983e+00	
44	3.728000e-09	-5.09594e-09	1.185775e+00	
45	3.828000e-09	9.180357e-09	1.186566e+00	
46	3.928000e-09	-1.70388e-09	1.187356e+00	
47	4.028000e-09	6.149141e-09	1.188145e+00	
48	4.128000e-09	8.510062e-10	1.188933e+00	
49	4.228000e-09	3.896018e-09	1.189720e+00	
50	4.328000e-09	2.754818e-09	1.190506e+00	
51	4.428000e-09	2.225949e-09	1.191291e+00	
52	4.528000e-09	4.136767e-09	1.192075e+00	
53	4.628000e-09	1.059704e-09	1.192858e+00	
54	4.728000e-09	5.226986e-09	1.193640e+00	

Index   time            vout2           v(x2.comp_p_0/v 
--------------------------------------------------------------------------------
55	4.828000e-09	2.250476e-10	1.194421e+00	
56	4.928000e-09	5.968563e-09	1.195201e+00	
57	5.028000e-09	-3.80841e-10	1.195980e+00	
58	5.128000e-09	6.521745e-09	1.196757e+00	
59	5.228000e-09	-8.28094e-10	1.197534e+00	
60	5.328000e-09	6.939389e-09	1.198310e+00	
61	5.428000e-09	-1.16139e-09	1.199085e+00	
62	5.528000e-09	7.254801e-09	1.199858e+00	
63	5.628000e-09	-1.40885e-09	1.200631e+00	
64	5.728000e-09	7.493237e-09	1.201402e+00	
65	5.828000e-09	-1.59163e-09	1.202173e+00	
66	5.928000e-09	7.673715e-09	1.202943e+00	
67	6.028000e-09	-1.72569e-09	1.203711e+00	
68	6.128000e-09	7.810553e-09	1.204479e+00	
69	6.228000e-09	-1.82306e-09	1.205245e+00	
70	6.328000e-09	7.914531e-09	1.206011e+00	
71	6.428000e-09	-1.89277e-09	1.206775e+00	
72	6.528000e-09	7.993763e-09	1.207538e+00	
73	6.628000e-09	-1.94166e-09	1.208301e+00	
74	6.728000e-09	8.054356e-09	1.209062e+00	
75	6.828000e-09	-1.97487e-09	1.209822e+00	
76	6.928000e-09	8.100906e-09	1.210582e+00	
77	7.028000e-09	-1.99626e-09	1.211340e+00	
78	7.128000e-09	8.136874e-09	1.212097e+00	
79	7.228000e-09	-2.00877e-09	1.212854e+00	
80	7.328000e-09	8.164859e-09	1.213609e+00	
81	7.428000e-09	-2.01459e-09	1.214363e+00	
82	7.528000e-09	8.186822e-09	1.215116e+00	
83	7.628000e-09	-2.01539e-09	1.215868e+00	
84	7.728000e-09	8.204232e-09	1.216620e+00	
85	7.828000e-09	-2.01243e-09	1.217370e+00	
86	7.928000e-09	8.218213e-09	1.218119e+00	
87	8.028000e-09	-2.00672e-09	1.218867e+00	
88	8.128000e-09	8.229718e-09	1.219614e+00	
89	8.228000e-09	-1.99902e-09	1.220360e+00	
90	8.328000e-09	8.239345e-09	1.221106e+00	
91	8.428000e-09	-1.98985e-09	1.221850e+00	
92	8.528000e-09	8.247538e-09	1.222593e+00	
93	8.628000e-09	-1.97957e-09	1.223335e+00	
94	8.728000e-09	8.254631e-09	1.224076e+00	
95	8.828000e-09	-1.96849e-09	1.224816e+00	
96	8.928000e-09	8.260877e-09	1.225555e+00	
97	9.028000e-09	-1.95683e-09	1.226293e+00	
98	9.128000e-09	8.266463e-09	1.227031e+00	
99	9.228000e-09	-1.94475e-09	1.227767e+00	
100	9.328000e-09	8.271531e-09	1.228502e+00	
101	9.428000e-09	-1.93237e-09	1.229236e+00	
102	9.528000e-09	8.276188e-09	1.229969e+00	
103	9.628000e-09	-1.91980e-09	1.230701e+00	
104	9.728000e-09	8.280514e-09	1.231433e+00	
105	9.828000e-09	-1.90710e-09	1.232163e+00	
106	9.928000e-09	8.284567e-09	1.232892e+00	
107	1.002800e-08	-1.89433e-09	1.233620e+00	
108	1.012800e-08	8.288393e-09	1.234348e+00	
109	1.022800e-08	-1.88153e-09	1.235074e+00	
110	1.032800e-08	8.292025e-09	1.235799e+00	
111	1.042800e-08	-1.86873e-09	1.236524e+00	
112	1.052800e-08	8.295487e-09	1.237247e+00	

Index   time            vout2           v(x2.comp_p_0/v 
--------------------------------------------------------------------------------
113	1.062800e-08	-1.85596e-09	1.237969e+00	
114	1.072800e-08	8.298797e-09	1.238691e+00	
115	1.082800e-08	-1.84324e-09	1.239411e+00	
116	1.092800e-08	8.301969e-09	1.240131e+00	
117	1.102800e-08	-1.83058e-09	1.240849e+00	
118	1.112800e-08	8.305012e-09	1.241567e+00	
119	1.122800e-08	-1.81799e-09	1.242284e+00	
120	1.132800e-08	8.307932e-09	1.242999e+00	
121	1.142800e-08	-1.80549e-09	1.243714e+00	
122	1.152800e-08	8.310732e-09	1.244428e+00	
123	1.162800e-08	-1.79308e-09	1.245140e+00	
124	1.172800e-08	8.313416e-09	1.245852e+00	
125	1.182800e-08	-1.78076e-09	1.246563e+00	
126	1.192800e-08	8.315985e-09	1.247273e+00	
127	1.202800e-08	-1.76856e-09	1.247982e+00	
128	1.212800e-08	8.318437e-09	1.248690e+00	
129	1.222800e-08	-1.75647e-09	1.249397e+00	
130	1.232800e-08	8.320771e-09	1.250103e+00	
131	1.242800e-08	-1.74449e-09	1.250808e+00	
132	1.252800e-08	8.322985e-09	1.251512e+00	
133	1.262800e-08	-1.73264e-09	1.252216e+00	
134	1.272800e-08	8.324483e-09	1.252918e+00	
135	1.282800e-08	-1.72079e-09	1.253619e+00	
136	1.292800e-08	8.328104e-09	1.254320e+00	
137	1.302800e-08	-1.71075e-09	1.255019e+00	
138	1.312800e-08	8.330334e-09	1.255718e+00	
139	1.322800e-08	-1.69934e-09	1.256416e+00	
140	1.332800e-08	8.332007e-09	1.257112e+00	
141	1.342800e-08	-1.68803e-09	1.257808e+00	
142	1.352800e-08	8.333536e-09	1.258503e+00	
143	1.362800e-08	-1.67690e-09	1.259197e+00	
144	1.372800e-08	8.334922e-09	1.259890e+00	
145	1.382800e-08	-1.66594e-09	1.260582e+00	
146	1.392800e-08	8.336153e-09	1.261273e+00	
147	1.402800e-08	-1.65517e-09	1.261963e+00	
148	1.412800e-08	8.337221e-09	1.262653e+00	
149	1.422800e-08	-1.64460e-09	1.263341e+00	
150	1.432800e-08	8.338114e-09	1.264029e+00	
151	1.442800e-08	-1.63423e-09	1.264715e+00	
152	1.452800e-08	8.338819e-09	1.265401e+00	
153	1.462800e-08	-1.62407e-09	1.266086e+00	
154	1.472800e-08	8.339323e-09	1.266769e+00	
155	1.482800e-08	-1.61414e-09	1.267452e+00	
156	1.492800e-08	8.339652e-09	1.268134e+00	
157	1.502800e-08	-1.60457e-09	1.268816e+00	
158	1.512800e-08	8.339697e-09	1.269496e+00	
159	1.522800e-08	-1.59520e-09	1.270175e+00	
160	1.532800e-08	8.339838e-09	1.270854e+00	
161	1.542800e-08	-1.58640e-09	1.271531e+00	
162	1.552800e-08	8.339665e-09	1.272208e+00	
163	1.562800e-08	-1.57779e-09	1.272883e+00	
164	1.572800e-08	8.339140e-09	1.273558e+00	
165	1.582800e-08	-1.56944e-09	1.274232e+00	
166	1.592800e-08	8.338256e-09	1.274905e+00	
167	1.602800e-08	-1.56136e-09	1.275578e+00	
168	1.612800e-08	8.337011e-09	1.276249e+00	
169	1.622800e-08	-1.55358e-09	1.276919e+00	
170	1.632800e-08	8.335418e-09	1.277589e+00	

Index   time            vout2           v(x2.comp_p_0/v 
--------------------------------------------------------------------------------
171	1.642800e-08	-1.54622e-09	1.278258e+00	
172	1.652800e-08	8.333828e-09	1.278925e+00	
173	1.662800e-08	-1.53977e-09	1.279592e+00	
174	1.672800e-08	8.333184e-09	1.280258e+00	
175	1.682800e-08	-1.53440e-09	1.280924e+00	
176	1.692800e-08	8.333809e-09	1.281588e+00	
177	1.702800e-08	-1.52977e-09	1.282251e+00	
178	1.712800e-08	8.336331e-09	1.282914e+00	
179	1.722800e-08	-1.52521e-09	1.283576e+00	
180	1.732800e-08	8.341866e-09	1.284237e+00	
181	1.742800e-08	-1.51964e-09	1.284897e+00	
182	1.752800e-08	8.352187e-09	1.285556e+00	
183	1.762800e-08	-1.51137e-09	1.286214e+00	
184	1.772800e-08	8.369748e-09	1.286872e+00	
185	1.782800e-08	-1.49851e-09	1.287528e+00	
186	1.792800e-08	8.396928e-09	1.288184e+00	
187	1.802800e-08	-1.48054e-09	1.288839e+00	
188	1.812800e-08	8.433304e-09	1.289494e+00	
189	1.822800e-08	-1.46237e-09	1.290147e+00	
190	1.832800e-08	8.466885e-09	1.290799e+00	
191	1.842800e-08	-1.44905e-09	1.291451e+00	
192	1.852800e-08	8.480858e-09	1.292102e+00	
193	1.862800e-08	-1.45270e-09	1.292752e+00	
194	1.872800e-08	8.487621e-09	1.293402e+00	
195	1.882800e-08	-1.48516e-09	1.294050e+00	
196	1.892800e-08	8.464957e-09	1.294698e+00	
197	1.902800e-08	-1.51046e-09	1.295345e+00	
198	1.912800e-08	8.434472e-09	1.295991e+00	
199	1.922800e-08	-1.54126e-09	1.296636e+00	
200	1.932800e-08	8.398629e-09	1.297281e+00	
201	1.942800e-08	-1.57752e-09	1.297925e+00	
202	1.952800e-08	8.357593e-09	1.298568e+00	
203	1.962800e-08	-1.61926e-09	1.299210e+00	
204	1.972800e-08	8.311629e-09	1.299852e+00	
205	1.982800e-08	-1.66664e-09	1.300493e+00	
206	1.992800e-08	8.259981e-09	1.301133e+00	
207	2.002800e-08	-1.72249e-09	1.301772e+00	
208	2.012800e-08	8.195497e-09	1.302411e+00	
209	2.022800e-08	-1.80401e-09	1.303049e+00	
210	2.032800e-08	8.079370e-09	1.303686e+00	
211	2.042800e-08	-1.99855e-09	1.304323e+00	
212	2.052800e-08	7.711250e-09	1.304958e+00	
213	2.062800e-08	-2.71433e-09	1.305594e+00	
214	2.072800e-08	6.251657e-09	1.306228e+00	
215	2.082800e-08	-5.72464e-09	1.306862e+00	
216	2.092800e-08	1.534088e-10	1.307495e+00	
217	2.102800e-08	-1.69609e-08	1.308128e+00	
218	2.112800e-08	-1.78768e-08	1.308759e+00	
219	2.122800e-08	-4.83378e-08	1.309391e+00	
220	2.132800e-08	-5.83798e-08	1.310021e+00	
221	2.142800e-08	-1.00344e-07	1.310651e+00	
222	2.152800e-08	-1.28846e-07	1.311280e+00	
223	2.162800e-08	-2.09606e-07	1.311909e+00	
224	2.172800e-08	-3.82028e-07	1.312536e+00	
225	2.182800e-08	-8.65161e-07	1.313163e+00	
226	2.192800e-08	-1.11032e-06	1.313790e+00	
227	2.202800e-08	-5.54514e-08	1.314415e+00	
228	2.212800e-08	1.393112e-05	1.315042e+00	

Index   time            vout2           v(x2.comp_p_0/v 
--------------------------------------------------------------------------------
229	2.222800e-08	5.852586e-05	1.315674e+00	
230	2.232800e-08	9.409778e-05	1.316319e+00	
231	2.242800e-08	9.066110e-05	1.316977e+00	
232	2.252800e-08	6.771859e-05	1.317646e+00	
233	2.262800e-08	-3.10634e-04	1.318303e+00	
234	2.272800e-08	-2.20507e-03	1.318671e+00	
235	2.282800e-08	-6.70389e-03	1.317906e+00	
236	2.292800e-08	-1.80243e-02	1.316344e+00	
237	2.302166e-08	-4.69027e-02	1.314769e+00	
238	2.312166e-08	1.395083e+00	1.313076e+00	
239	2.322166e-08	1.858534e+00	1.311387e+00	
240	2.332166e-08	1.757110e+00	1.309692e+00	
241	2.342166e-08	1.829346e+00	1.308001e+00	
242	2.352166e-08	1.778663e+00	1.306309e+00	
243	2.362166e-08	1.814570e+00	1.304620e+00	
244	2.372166e-08	1.789238e+00	1.302930e+00	
245	2.382166e-08	1.807296e+00	1.301244e+00	
246	2.392166e-08	1.794443e+00	1.299559e+00	
247	2.402166e-08	1.803666e+00	1.297876e+00	
248	2.412166e-08	1.797050e+00	1.296195e+00	
249	2.422166e-08	1.801832e+00	1.294517e+00	
250	2.432166e-08	1.798371e+00	1.292841e+00	
251	2.442166e-08	1.800899e+00	1.291166e+00	
252	2.452166e-08	1.799045e+00	1.289494e+00	
253	2.462166e-08	1.800422e+00	1.287825e+00	
254	2.472166e-08	1.799389e+00	1.286157e+00	
255	2.482166e-08	1.800178e+00	1.284491e+00	
256	2.492166e-08	1.799566e+00	1.282828e+00	
257	2.502166e-08	1.800053e+00	1.281167e+00	
258	2.509392e-08	1.799668e+00	1.279968e+00	
259	2.516804e-08	1.799974e+00	1.278739e+00	
260	2.525605e-08	1.799717e+00	1.277282e+00	
261	2.533607e-08	1.799944e+00	1.275959e+00	
262	2.543607e-08	1.799737e+00	1.274307e+00	
263	2.553607e-08	1.799933e+00	1.272657e+00	
264	2.563607e-08	1.799746e+00	1.271009e+00	
265	2.573607e-08	1.799927e+00	1.269364e+00	
266	2.583607e-08	1.799751e+00	1.267720e+00	
267	2.593607e-08	1.799923e+00	1.266079e+00	
268	2.603607e-08	1.799753e+00	1.264440e+00	
269	2.613607e-08	1.799922e+00	1.262804e+00	
270	2.623607e-08	1.799755e+00	1.261169e+00	
271	2.633607e-08	1.799921e+00	1.259537e+00	
272	2.643607e-08	1.799756e+00	1.257906e+00	
273	2.653607e-08	1.799920e+00	1.256278e+00	
274	2.663607e-08	1.799757e+00	1.254653e+00	
275	2.673607e-08	1.799920e+00	1.253029e+00	
276	2.683607e-08	1.799758e+00	1.251407e+00	
277	2.693607e-08	1.799920e+00	1.249788e+00	
278	2.703607e-08	1.799758e+00	1.248170e+00	
279	2.713607e-08	1.799920e+00	1.246555e+00	
280	2.723607e-08	1.799759e+00	1.244942e+00	
281	2.733607e-08	1.799920e+00	1.243331e+00	
282	2.743607e-08	1.799760e+00	1.241723e+00	
283	2.753607e-08	1.799919e+00	1.240116e+00	
284	2.763607e-08	1.799760e+00	1.238512e+00	
285	2.773607e-08	1.799919e+00	1.236909e+00	
286	2.783607e-08	1.799761e+00	1.235309e+00	

Index   time            vout2           v(x2.comp_p_0/v 
--------------------------------------------------------------------------------
287	2.793607e-08	1.799919e+00	1.233711e+00	
288	2.803607e-08	1.799758e+00	1.232115e+00	
289	2.813607e-08	1.799918e+00	1.230521e+00	
290	2.823607e-08	1.799759e+00	1.228930e+00	
291	2.833607e-08	1.799917e+00	1.227340e+00	
292	2.843607e-08	1.799760e+00	1.225753e+00	
293	2.853607e-08	1.799917e+00	1.224168e+00	
294	2.863607e-08	1.799761e+00	1.222584e+00	
295	2.873607e-08	1.799917e+00	1.221003e+00	
296	2.883607e-08	1.799761e+00	1.219424e+00	
297	2.893607e-08	1.799913e+00	1.217847e+00	
298	2.903607e-08	1.799761e+00	1.216273e+00	
299	2.913607e-08	1.799914e+00	1.214700e+00	
300	2.923607e-08	1.799761e+00	1.213129e+00	
301	2.933607e-08	1.799914e+00	1.211561e+00	
302	2.943607e-08	1.799761e+00	1.209995e+00	
303	2.953607e-08	1.799914e+00	1.208430e+00	
304	2.963607e-08	1.799762e+00	1.206868e+00	
305	2.973607e-08	1.799914e+00	1.205308e+00	
306	2.983607e-08	1.799762e+00	1.203750e+00	
307	2.993607e-08	1.799914e+00	1.202194e+00	
308	3.003607e-08	1.799763e+00	1.200640e+00	
309	3.013607e-08	1.799914e+00	1.199088e+00	
310	3.023607e-08	1.799763e+00	1.197538e+00	
311	3.033607e-08	1.799914e+00	1.195990e+00	
312	3.043607e-08	1.799764e+00	1.194445e+00	
313	3.053607e-08	1.799914e+00	1.192901e+00	
314	3.063607e-08	1.799764e+00	1.191360e+00	
315	3.073607e-08	1.799914e+00	1.189820e+00	
316	3.083607e-08	1.799765e+00	1.188283e+00	
317	3.093607e-08	1.799914e+00	1.186747e+00	
318	3.103607e-08	1.799765e+00	1.185214e+00	
319	3.113607e-08	1.799914e+00	1.183682e+00	
320	3.123607e-08	1.799766e+00	1.182153e+00	
321	3.133607e-08	1.799914e+00	1.180626e+00	
322	3.143607e-08	1.799766e+00	1.179100e+00	
323	3.153607e-08	1.799914e+00	1.177577e+00	
324	3.163607e-08	1.799770e+00	1.176056e+00	
325	3.173607e-08	1.799915e+00	1.174537e+00	
326	3.183607e-08	1.799770e+00	1.173019e+00	
327	3.193607e-08	1.799916e+00	1.171504e+00	
328	3.203607e-08	1.799770e+00	1.169991e+00	
329	3.213607e-08	1.799916e+00	1.168480e+00	
330	3.223607e-08	1.799770e+00	1.166971e+00	
331	3.233607e-08	1.799916e+00	1.165463e+00	
332	3.243607e-08	1.799771e+00	1.163958e+00	
333	3.253607e-08	1.799916e+00	1.162455e+00	
334	3.263607e-08	1.799771e+00	1.160954e+00	
335	3.273607e-08	1.799919e+00	1.159454e+00	
336	3.283607e-08	1.799773e+00	1.157957e+00	
337	3.293607e-08	1.799919e+00	1.156462e+00	
338	3.303607e-08	1.799773e+00	1.154968e+00	
339	3.313607e-08	1.799918e+00	1.153477e+00	
340	3.323607e-08	1.799774e+00	1.151987e+00	
341	3.333607e-08	1.799915e+00	1.150500e+00	
342	3.343607e-08	1.799774e+00	1.149014e+00	
343	3.353607e-08	1.799916e+00	1.147531e+00	
344	3.363607e-08	1.799774e+00	1.146049e+00	

Index   time            vout2           v(x2.comp_p_0/v 
--------------------------------------------------------------------------------
345	3.373607e-08	1.799916e+00	1.144569e+00	
346	3.383607e-08	1.799774e+00	1.143092e+00	
347	3.393607e-08	1.799916e+00	1.141616e+00	
348	3.403607e-08	1.799771e+00	1.140142e+00	
349	3.413607e-08	1.799914e+00	1.138670e+00	
350	3.423607e-08	1.799773e+00	1.137200e+00	
351	3.433607e-08	1.799914e+00	1.135732e+00	
352	3.443607e-08	1.799777e+00	1.134265e+00	
353	3.453607e-08	1.799918e+00	1.132801e+00	
354	3.463607e-08	1.799777e+00	1.131339e+00	
355	3.473607e-08	1.799918e+00	1.129878e+00	
356	3.483607e-08	1.799778e+00	1.128420e+00	
357	3.493607e-08	1.799918e+00	1.126963e+00	
358	3.503607e-08	1.799775e+00	1.125508e+00	
359	3.513607e-08	1.799913e+00	1.124055e+00	
360	3.523607e-08	1.799776e+00	1.122604e+00	
361	3.533607e-08	1.799913e+00	1.121155e+00	
362	3.543607e-08	1.799776e+00	1.119708e+00	
363	3.553607e-08	1.799913e+00	1.118263e+00	
364	3.563607e-08	1.799777e+00	1.116819e+00	
365	3.573607e-08	1.799913e+00	1.115378e+00	
366	3.583607e-08	1.799777e+00	1.113938e+00	
367	3.593607e-08	1.799913e+00	1.112500e+00	
368	3.603607e-08	1.799777e+00	1.111064e+00	
369	3.613607e-08	1.799913e+00	1.109630e+00	
370	3.623607e-08	1.799778e+00	1.108198e+00	
371	3.633607e-08	1.799916e+00	1.106767e+00	
372	3.643607e-08	1.799779e+00	1.105339e+00	
373	3.653607e-08	1.799916e+00	1.103912e+00	
374	3.663607e-08	1.799780e+00	1.102488e+00	
375	3.673607e-08	1.799915e+00	1.101065e+00	
376	3.683607e-08	1.799781e+00	1.099643e+00	
377	3.693607e-08	1.799915e+00	1.098224e+00	
378	3.703607e-08	1.799781e+00	1.096807e+00	
379	3.713607e-08	1.799915e+00	1.095391e+00	
380	3.723607e-08	1.799782e+00	1.093977e+00	
381	3.733607e-08	1.799912e+00	1.092565e+00	
382	3.743607e-08	1.799781e+00	1.091156e+00	
383	3.753607e-08	1.799913e+00	1.089747e+00	
384	3.763607e-08	1.799781e+00	1.088341e+00	
385	3.773607e-08	1.799913e+00	1.086936e+00	
386	3.783607e-08	1.799782e+00	1.085534e+00	
387	3.793607e-08	1.799913e+00	1.084133e+00	
388	3.803607e-08	1.799782e+00	1.082734e+00	
389	3.813607e-08	1.799913e+00	1.081337e+00	
390	3.823607e-08	1.799783e+00	1.079941e+00	
391	3.833607e-08	1.799913e+00	1.078548e+00	
392	3.843607e-08	1.799783e+00	1.077156e+00	
393	3.853607e-08	1.799913e+00	1.075766e+00	
394	3.863607e-08	1.799783e+00	1.074378e+00	
395	3.873607e-08	1.799913e+00	1.072992e+00	
396	3.883607e-08	1.799784e+00	1.071608e+00	
397	3.893607e-08	1.799913e+00	1.070225e+00	
398	3.903607e-08	1.799784e+00	1.068845e+00	
399	3.913607e-08	1.799913e+00	1.067466e+00	
400	3.923607e-08	1.799785e+00	1.066089e+00	
401	3.933607e-08	1.799913e+00	1.064714e+00	
402	3.943607e-08	1.799785e+00	1.063340e+00	

Index   time            vout2           v(x2.comp_p_0/v 
--------------------------------------------------------------------------------
403	3.953607e-08	1.799913e+00	1.061969e+00	
404	3.963607e-08	1.799785e+00	1.060600e+00	
405	3.973607e-08	1.799913e+00	1.059232e+00	
406	3.983607e-08	1.799786e+00	1.057866e+00	
407	3.993607e-08	1.799913e+00	1.056502e+00	
408	4.003607e-08	1.799786e+00	1.055140e+00	
409	4.013607e-08	1.799913e+00	1.053780e+00	
410	4.023607e-08	1.799787e+00	1.052422e+00	
411	4.033607e-08	1.799912e+00	1.051066e+00	
412	4.043607e-08	1.799787e+00	1.049712e+00	
413	4.053607e-08	1.799912e+00	1.048359e+00	
414	4.063607e-08	1.799787e+00	1.047009e+00	
415	4.073607e-08	1.799912e+00	1.045661e+00	
416	4.083607e-08	1.799788e+00	1.044314e+00	
417	4.093607e-08	1.799912e+00	1.042970e+00	
418	4.103607e-08	1.799788e+00	1.041627e+00	
419	4.113607e-08	1.799912e+00	1.040286e+00	
420	4.123607e-08	1.799788e+00	1.038948e+00	
421	4.133607e-08	1.799912e+00	1.037611e+00	
422	4.143607e-08	1.799789e+00	1.036276e+00	
423	4.153607e-08	1.799912e+00	1.034943e+00	
424	4.163607e-08	1.799789e+00	1.033612e+00	
425	4.173607e-08	1.799912e+00	1.032283e+00	
426	4.183607e-08	1.799789e+00	1.030955e+00	
427	4.193607e-08	1.799912e+00	1.029630e+00	
428	4.203607e-08	1.799790e+00	1.028306e+00	
429	4.213607e-08	1.799911e+00	1.026984e+00	
430	4.223607e-08	1.799793e+00	1.025664e+00	
431	4.233607e-08	1.799915e+00	1.024346e+00	
432	4.243607e-08	1.799790e+00	1.023029e+00	
433	4.253607e-08	1.799911e+00	1.021715e+00	
434	4.263607e-08	1.799790e+00	1.020402e+00	
435	4.273607e-08	1.799911e+00	1.019091e+00	
436	4.283607e-08	1.799791e+00	1.017781e+00	
437	4.293607e-08	1.799911e+00	1.016474e+00	
438	4.303607e-08	1.799791e+00	1.015168e+00	
439	4.313607e-08	1.799911e+00	1.013864e+00	
440	4.323607e-08	1.799791e+00	1.012561e+00	
441	4.333607e-08	1.799911e+00	1.011260e+00	
442	4.343607e-08	1.799792e+00	1.009961e+00	
443	4.353607e-08	1.799911e+00	1.008664e+00	
444	4.363607e-08	1.799792e+00	1.007368e+00	
445	4.373607e-08	1.799910e+00	1.006074e+00	
446	4.383607e-08	1.799792e+00	1.004782e+00	
447	4.393607e-08	1.799910e+00	1.003492e+00	
448	4.403607e-08	1.799793e+00	1.002203e+00	
449	4.413607e-08	1.799910e+00	1.000915e+00	
450	4.423607e-08	1.799793e+00	9.996300e-01	
451	4.433607e-08	1.799910e+00	9.983460e-01	
452	4.443607e-08	1.799793e+00	9.970638e-01	
453	4.453607e-08	1.799910e+00	9.957831e-01	
454	4.463607e-08	1.799794e+00	9.945042e-01	
455	4.473607e-08	1.799910e+00	9.932268e-01	
456	4.483607e-08	1.799794e+00	9.919512e-01	
457	4.493607e-08	1.799910e+00	9.906771e-01	
458	4.503607e-08	1.799794e+00	9.894048e-01	
459	4.513607e-08	1.799910e+00	9.881340e-01	
460	4.523607e-08	1.799795e+00	9.868649e-01	

Index   time            vout2           v(x2.comp_p_0/v 
--------------------------------------------------------------------------------
461	4.533607e-08	1.799910e+00	9.855973e-01	
462	4.543607e-08	1.799795e+00	9.843315e-01	
463	4.553607e-08	1.799909e+00	9.830671e-01	
464	4.563607e-08	1.799795e+00	9.818045e-01	
465	4.573607e-08	1.799909e+00	9.805434e-01	
466	4.583607e-08	1.799796e+00	9.792840e-01	
467	4.593607e-08	1.799909e+00	9.780261e-01	
468	4.603607e-08	1.799796e+00	9.767700e-01	
469	4.613607e-08	1.799909e+00	9.755153e-01	
470	4.623607e-08	1.799796e+00	9.742624e-01	
471	4.633607e-08	1.799909e+00	9.730109e-01	
472	4.643607e-08	1.799796e+00	9.717612e-01	
473	4.653607e-08	1.799909e+00	9.705129e-01	
474	4.663607e-08	1.799797e+00	9.692663e-01	
475	4.673607e-08	1.799909e+00	9.680212e-01	
476	4.683607e-08	1.799797e+00	9.667778e-01	
477	4.693607e-08	1.799909e+00	9.655358e-01	
478	4.703607e-08	1.799797e+00	9.642956e-01	
479	4.713607e-08	1.799909e+00	9.630568e-01	
480	4.723607e-08	1.799798e+00	9.618197e-01	
481	4.733607e-08	1.799909e+00	9.605840e-01	
482	4.743607e-08	1.799798e+00	9.593501e-01	
483	4.753607e-08	1.799909e+00	9.581175e-01	
484	4.763607e-08	1.799798e+00	9.568867e-01	
485	4.773607e-08	1.799908e+00	9.556573e-01	
486	4.783607e-08	1.799799e+00	9.544296e-01	
487	4.793607e-08	1.799908e+00	9.532033e-01	
488	4.803607e-08	1.799799e+00	9.519787e-01	
489	4.813607e-08	1.799908e+00	9.507555e-01	
490	4.823607e-08	1.799799e+00	9.495340e-01	
491	4.833607e-08	1.799908e+00	9.483139e-01	
492	4.843607e-08	1.799800e+00	9.470955e-01	
493	4.853607e-08	1.799908e+00	9.458785e-01	
494	4.863607e-08	1.799800e+00	9.446632e-01	
495	4.873607e-08	1.799908e+00	9.434493e-01	
496	4.883607e-08	1.799800e+00	9.422370e-01	
497	4.893607e-08	1.799908e+00	9.410261e-01	
498	4.903607e-08	1.799801e+00	9.398170e-01	
499	4.913607e-08	1.799908e+00	9.386091e-01	
500	4.923607e-08	1.799801e+00	9.374030e-01	
501	4.933607e-08	1.799908e+00	9.361982e-01	
502	4.943607e-08	1.799801e+00	9.349951e-01	
503	4.953607e-08	1.799908e+00	9.337934e-01	
504	4.963607e-08	1.799802e+00	9.325932e-01	
505	4.973607e-08	1.799908e+00	9.313945e-01	
506	4.983607e-08	1.799802e+00	9.301974e-01	
507	4.993607e-08	1.799908e+00	9.290016e-01	
508	5.003607e-08	1.799802e+00	9.278074e-01	
509	5.013607e-08	1.799907e+00	9.266145e-01	
510	5.023607e-08	1.799802e+00	9.254232e-01	
511	5.033607e-08	1.799907e+00	9.242332e-01	
512	5.043607e-08	1.799803e+00	9.230447e-01	
513	5.053607e-08	1.799907e+00	9.218575e-01	
514	5.063607e-08	1.799803e+00	9.206718e-01	
515	5.073607e-08	1.799907e+00	9.194873e-01	
516	5.083607e-08	1.799803e+00	9.183043e-01	
517	5.093607e-08	1.799907e+00	9.171224e-01	
518	5.103607e-08	1.799804e+00	9.159420e-01	

Index   time            vout2           v(x2.comp_p_0/v 
--------------------------------------------------------------------------------
519	5.113607e-08	1.799907e+00	9.147627e-01	
520	5.123607e-08	1.799804e+00	9.135848e-01	
521	5.133607e-08	1.799907e+00	9.124081e-01	
522	5.143607e-08	1.799804e+00	9.112328e-01	
523	5.153607e-08	1.799907e+00	9.100586e-01	
524	5.163607e-08	1.799805e+00	9.088858e-01	
525	5.173607e-08	1.799907e+00	9.077142e-01	
526	5.183607e-08	1.799805e+00	9.065440e-01	
527	5.193607e-08	1.799907e+00	9.053750e-01	
528	5.203607e-08	1.799805e+00	9.042075e-01	
529	5.213607e-08	1.799907e+00	9.030411e-01	
530	5.223607e-08	1.799805e+00	9.018762e-01	
531	5.233607e-08	1.799907e+00	9.007126e-01	
532	5.243607e-08	1.799806e+00	8.995504e-01	
533	5.253607e-08	1.799907e+00	8.983895e-01	
534	5.263607e-08	1.799806e+00	8.972301e-01	
535	5.273607e-08	1.799907e+00	8.960720e-01	
536	5.283607e-08	1.799806e+00	8.949154e-01	
537	5.293607e-08	1.799906e+00	8.937601e-01	
538	5.303607e-08	1.799807e+00	8.926064e-01	
539	5.313607e-08	1.799906e+00	8.914539e-01	
540	5.323607e-08	1.799807e+00	8.903031e-01	
541	5.333607e-08	1.799906e+00	8.891535e-01	
542	5.343607e-08	1.799807e+00	8.880055e-01	
543	5.353607e-08	1.799906e+00	8.868588e-01	
544	5.363607e-08	1.799808e+00	8.857137e-01	
545	5.373607e-08	1.799906e+00	8.845699e-01	
546	5.383607e-08	1.799808e+00	8.834277e-01	
547	5.393607e-08	1.799906e+00	8.822869e-01	
548	5.403607e-08	1.799808e+00	8.811476e-01	
549	5.413607e-08	1.799906e+00	8.800096e-01	
550	5.423607e-08	1.799808e+00	8.788733e-01	
551	5.433607e-08	1.799906e+00	8.777382e-01	
552	5.443607e-08	1.799809e+00	8.766048e-01	
553	5.453607e-08	1.799906e+00	8.754727e-01	
554	5.463607e-08	1.799809e+00	8.743422e-01	
555	5.473607e-08	1.799906e+00	8.732130e-01	
556	5.483607e-08	1.799809e+00	8.720854e-01	
557	5.493607e-08	1.799906e+00	8.709591e-01	
558	5.503607e-08	1.799810e+00	8.698345e-01	
559	5.513607e-08	1.799906e+00	8.687111e-01	
560	5.523607e-08	1.799810e+00	8.675894e-01	
561	5.533607e-08	1.799906e+00	8.664689e-01	
562	5.543607e-08	1.799810e+00	8.653501e-01	
563	5.553607e-08	1.799906e+00	8.642325e-01	
564	5.563607e-08	1.799810e+00	8.631166e-01	
565	5.573607e-08	1.799905e+00	8.620019e-01	
566	5.583607e-08	1.799811e+00	8.608889e-01	
567	5.593607e-08	1.799905e+00	8.597772e-01	
568	5.603607e-08	1.799811e+00	8.586670e-01	
569	5.613607e-08	1.799905e+00	8.575582e-01	
570	5.623607e-08	1.799811e+00	8.564509e-01	
571	5.633607e-08	1.799905e+00	8.553449e-01	
572	5.643607e-08	1.799812e+00	8.542405e-01	
573	5.653607e-08	1.799905e+00	8.531375e-01	
574	5.663607e-08	1.799812e+00	8.520359e-01	
575	5.673607e-08	1.799905e+00	8.509357e-01	
576	5.683607e-08	1.799812e+00	8.498371e-01	

Index   time            vout2           v(x2.comp_p_0/v 
--------------------------------------------------------------------------------
577	5.693607e-08	1.799905e+00	8.487397e-01	
578	5.703607e-08	1.799812e+00	8.476440e-01	
579	5.713607e-08	1.799905e+00	8.465495e-01	
580	5.723607e-08	1.799813e+00	8.454565e-01	
581	5.733607e-08	1.799905e+00	8.443649e-01	
582	5.743607e-08	1.799813e+00	8.432748e-01	
583	5.753607e-08	1.799905e+00	8.421860e-01	
584	5.763607e-08	1.799813e+00	8.410988e-01	
585	5.773607e-08	1.799905e+00	8.400128e-01	
586	5.783607e-08	1.799813e+00	8.389284e-01	
587	5.793607e-08	1.799905e+00	8.378453e-01	
588	5.803607e-08	1.799814e+00	8.367637e-01	
589	5.813607e-08	1.799905e+00	8.356834e-01	
590	5.823607e-08	1.799814e+00	8.346046e-01	
591	5.833607e-08	1.799905e+00	8.335271e-01	
592	5.843607e-08	1.799814e+00	8.324512e-01	
593	5.853607e-08	1.799905e+00	8.313765e-01	
594	5.863607e-08	1.799815e+00	8.303033e-01	
595	5.873607e-08	1.799904e+00	8.292315e-01	
596	5.883607e-08	1.799815e+00	8.281611e-01	
597	5.893607e-08	1.799904e+00	8.270920e-01	
598	5.903607e-08	1.799815e+00	8.260245e-01	
599	5.913607e-08	1.799904e+00	8.249582e-01	
600	5.923607e-08	1.799815e+00	8.238934e-01	
601	5.933607e-08	1.799904e+00	8.228299e-01	
602	5.943607e-08	1.799816e+00	8.217679e-01	
603	5.953607e-08	1.799904e+00	8.207071e-01	
604	5.963607e-08	1.799816e+00	8.196479e-01	
605	5.973607e-08	1.799904e+00	8.185899e-01	
606	5.983607e-08	1.799816e+00	8.175335e-01	
607	5.993607e-08	1.799904e+00	8.164783e-01	
608	6.003607e-08	1.799816e+00	8.154246e-01	
609	6.013607e-08	1.799904e+00	8.143721e-01	
610	6.023607e-08	1.799817e+00	8.133211e-01	
611	6.033607e-08	1.799904e+00	8.122714e-01	
612	6.043607e-08	1.799817e+00	8.112232e-01	
613	6.053607e-08	1.799904e+00	8.101762e-01	
614	6.063607e-08	1.799817e+00	8.091307e-01	
615	6.073607e-08	1.799904e+00	8.080865e-01	
616	6.083607e-08	1.799817e+00	8.070437e-01	
617	6.093607e-08	1.799904e+00	8.060022e-01	
618	6.103607e-08	1.799818e+00	8.049622e-01	
619	6.113607e-08	1.799904e+00	8.039234e-01	
620	6.123607e-08	1.799818e+00	8.028860e-01	
621	6.133607e-08	1.799904e+00	8.018499e-01	
622	6.143607e-08	1.799818e+00	8.008153e-01	
623	6.153607e-08	1.799904e+00	7.997819e-01	
624	6.163607e-08	1.799818e+00	7.987500e-01	
625	6.173607e-08	1.799904e+00	7.977193e-01	
626	6.183607e-08	1.799819e+00	7.966901e-01	
627	6.193607e-08	1.799903e+00	7.956621e-01	
628	6.203607e-08	1.799819e+00	7.946356e-01	
629	6.213607e-08	1.799903e+00	7.936102e-01	
630	6.223607e-08	1.799819e+00	7.925864e-01	
631	6.233607e-08	1.799903e+00	7.915637e-01	
632	6.243607e-08	1.799819e+00	7.905425e-01	
633	6.253607e-08	1.799903e+00	7.895225e-01	
634	6.263607e-08	1.799820e+00	7.885040e-01	

Index   time            vout2           v(x2.comp_p_0/v 
--------------------------------------------------------------------------------
635	6.273607e-08	1.799903e+00	7.874867e-01	
636	6.283607e-08	1.799820e+00	7.864708e-01	
637	6.293607e-08	1.799903e+00	7.854562e-01	
638	6.303607e-08	1.799820e+00	7.844430e-01	
639	6.313607e-08	1.799903e+00	7.834309e-01	
640	6.323607e-08	1.799820e+00	7.824204e-01	
641	6.333607e-08	1.799903e+00	7.814110e-01	
642	6.343607e-08	1.799821e+00	7.804030e-01	
643	6.353607e-08	1.799903e+00	7.793963e-01	
644	6.363607e-08	1.799821e+00	7.783910e-01	
645	6.373607e-08	1.799903e+00	7.773869e-01	
646	6.383607e-08	1.799821e+00	7.763842e-01	
647	6.393607e-08	1.799903e+00	7.753827e-01	
648	6.403607e-08	1.799821e+00	7.743826e-01	
649	6.413607e-08	1.799903e+00	7.733837e-01	
650	6.423607e-08	1.799822e+00	7.723863e-01	
651	6.433607e-08	1.799903e+00	7.713900e-01	
652	6.443607e-08	1.799822e+00	7.703951e-01	
653	6.453607e-08	1.799903e+00	7.694014e-01	
654	6.463607e-08	1.799822e+00	7.684091e-01	
655	6.473607e-08	1.799903e+00	7.674180e-01	
656	6.483607e-08	1.799822e+00	7.664284e-01	
657	6.493607e-08	1.799903e+00	7.654398e-01	
658	6.503607e-08	1.799823e+00	7.644527e-01	
659	6.513607e-08	1.799903e+00	7.634668e-01	
660	6.523607e-08	1.799823e+00	7.624823e-01	
661	6.533607e-08	1.799902e+00	7.614989e-01	
662	6.543607e-08	1.799823e+00	7.605169e-01	
663	6.553607e-08	1.799902e+00	7.595361e-01	
664	6.563607e-08	1.799823e+00	7.585567e-01	
665	6.573607e-08	1.799902e+00	7.575785e-01	
666	6.583607e-08	1.799824e+00	7.566016e-01	
667	6.593607e-08	1.799902e+00	7.556259e-01	
668	6.603607e-08	1.799824e+00	7.546516e-01	
669	6.613607e-08	1.799902e+00	7.536784e-01	
670	6.623607e-08	1.799824e+00	7.527067e-01	
671	6.633607e-08	1.799902e+00	7.517360e-01	
672	6.643607e-08	1.799824e+00	7.507668e-01	
673	6.653607e-08	1.799902e+00	7.497987e-01	
674	6.663607e-08	1.799824e+00	7.488320e-01	
675	6.673607e-08	1.799902e+00	7.478664e-01	
676	6.683607e-08	1.799825e+00	7.469022e-01	
677	6.693607e-08	1.799902e+00	7.459391e-01	
678	6.703607e-08	1.799825e+00	7.449775e-01	
679	6.713607e-08	1.799902e+00	7.440169e-01	
680	6.723607e-08	1.799825e+00	7.430577e-01	
681	6.733607e-08	1.799902e+00	7.420996e-01	
682	6.743607e-08	1.799825e+00	7.411430e-01	
683	6.753607e-08	1.799902e+00	7.401874e-01	
684	6.763607e-08	1.799826e+00	7.392332e-01	
685	6.773607e-08	1.799902e+00	7.382801e-01	
686	6.783607e-08	1.799826e+00	7.373284e-01	
687	6.793607e-08	1.799902e+00	7.363778e-01	
688	6.803607e-08	1.799826e+00	7.354286e-01	
689	6.813607e-08	1.799902e+00	7.344804e-01	
690	6.823607e-08	1.799826e+00	7.335336e-01	
691	6.833607e-08	1.799902e+00	7.325880e-01	
692	6.843607e-08	1.799827e+00	7.316437e-01	

Index   time            vout2           v(x2.comp_p_0/v 
--------------------------------------------------------------------------------
693	6.853607e-08	1.799902e+00	7.307004e-01	
694	6.863607e-08	1.799827e+00	7.297586e-01	
695	6.873607e-08	1.799901e+00	7.288178e-01	
696	6.883607e-08	1.799827e+00	7.278784e-01	
697	6.893607e-08	1.799901e+00	7.269401e-01	
698	6.903607e-08	1.799827e+00	7.260031e-01	
699	6.913607e-08	1.799901e+00	7.250672e-01	
700	6.923607e-08	1.799827e+00	7.241327e-01	
701	6.933607e-08	1.799901e+00	7.231993e-01	
702	6.943607e-08	1.799828e+00	7.222672e-01	
703	6.953607e-08	1.799901e+00	7.213361e-01	
704	6.963607e-08	1.799828e+00	7.204064e-01	
705	6.973607e-08	1.799901e+00	7.194778e-01	
706	6.983607e-08	1.799828e+00	7.185506e-01	
707	6.993607e-08	1.799901e+00	7.176244e-01	
708	7.003607e-08	1.799828e+00	7.166995e-01	
709	7.013607e-08	1.799901e+00	7.157757e-01	
710	7.023607e-08	1.799829e+00	7.148532e-01	
711	7.033607e-08	1.799901e+00	7.139318e-01	
712	7.043607e-08	1.799829e+00	7.130117e-01	
713	7.053607e-08	1.799901e+00	7.120927e-01	
714	7.063607e-08	1.799829e+00	7.111750e-01	
715	7.073607e-08	1.799901e+00	7.102584e-01	
716	7.083607e-08	1.799829e+00	7.093431e-01	
717	7.093607e-08	1.799901e+00	7.084288e-01	
718	7.103607e-08	1.799829e+00	7.075159e-01	
719	7.113607e-08	1.799901e+00	7.066040e-01	
720	7.123607e-08	1.799830e+00	7.056935e-01	
721	7.133607e-08	1.799901e+00	7.047839e-01	
722	7.143607e-08	1.799830e+00	7.038757e-01	
723	7.153607e-08	1.799901e+00	7.029685e-01	
724	7.163607e-08	1.799830e+00	7.020627e-01	
725	7.173607e-08	1.799901e+00	7.011579e-01	
726	7.183607e-08	1.799830e+00	7.002544e-01	
727	7.193607e-08	1.799901e+00	6.993519e-01	
728	7.203607e-08	1.799830e+00	6.984507e-01	
729	7.213607e-08	1.799900e+00	6.975506e-01	
730	7.223607e-08	1.799831e+00	6.966517e-01	
731	7.233607e-08	1.799900e+00	6.957539e-01	
732	7.243607e-08	1.799831e+00	6.948574e-01	
733	7.253607e-08	1.799900e+00	6.939619e-01	
734	7.263607e-08	1.799831e+00	6.930677e-01	
735	7.273607e-08	1.799900e+00	6.921746e-01	
736	7.283607e-08	1.799831e+00	6.912827e-01	
737	7.293607e-08	1.799900e+00	6.903918e-01	
738	7.303607e-08	1.799831e+00	6.895023e-01	
739	7.313607e-08	1.799900e+00	6.886137e-01	
740	7.323607e-08	1.799832e+00	6.877264e-01	
741	7.333607e-08	1.799900e+00	6.868402e-01	
742	7.343607e-08	1.799832e+00	6.859552e-01	
743	7.353607e-08	1.799900e+00	6.850713e-01	
744	7.363607e-08	1.799832e+00	6.841886e-01	
745	7.373607e-08	1.799900e+00	6.833069e-01	
746	7.383607e-08	1.799832e+00	6.824265e-01	
747	7.393607e-08	1.799900e+00	6.815471e-01	
748	7.403607e-08	1.799832e+00	6.806690e-01	
749	7.413607e-08	1.799900e+00	6.797918e-01	
750	7.423607e-08	1.799833e+00	6.789160e-01	

Index   time            vout2           v(x2.comp_p_0/v 
--------------------------------------------------------------------------------
751	7.433607e-08	1.799900e+00	6.780411e-01	
752	7.443607e-08	1.799833e+00	6.771676e-01	
753	7.453607e-08	1.799900e+00	6.762950e-01	
754	7.463607e-08	1.799833e+00	6.754236e-01	
755	7.473607e-08	1.799900e+00	6.745533e-01	
756	7.483607e-08	1.799833e+00	6.736842e-01	
757	7.493607e-08	1.799900e+00	6.728161e-01	
758	7.503607e-08	1.799833e+00	6.719493e-01	
759	7.513607e-08	1.799900e+00	6.710835e-01	
760	7.523607e-08	1.799834e+00	6.702189e-01	
761	7.533607e-08	1.799900e+00	6.693553e-01	
762	7.543607e-08	1.799834e+00	6.684930e-01	
763	7.553607e-08	1.799900e+00	6.676316e-01	
764	7.563607e-08	1.799834e+00	6.667715e-01	
765	7.573607e-08	1.799900e+00	6.659124e-01	
766	7.583607e-08	1.799834e+00	6.650545e-01	
767	7.593607e-08	1.799899e+00	6.641976e-01	
768	7.603607e-08	1.799834e+00	6.633419e-01	
769	7.613607e-08	1.799899e+00	6.624872e-01	
770	7.623607e-08	1.799835e+00	6.616338e-01	
771	7.633607e-08	1.799899e+00	6.607813e-01	
772	7.643607e-08	1.799835e+00	6.599301e-01	
773	7.653607e-08	1.799899e+00	6.590799e-01	
774	7.663607e-08	1.799835e+00	6.582308e-01	
775	7.673607e-08	1.799899e+00	6.573828e-01	
776	7.683607e-08	1.799835e+00	6.565360e-01	
777	7.693607e-08	1.799899e+00	6.556901e-01	
778	7.703607e-08	1.799835e+00	6.548455e-01	
779	7.713607e-08	1.799899e+00	6.540019e-01	
780	7.723607e-08	1.799836e+00	6.531595e-01	
781	7.733607e-08	1.799899e+00	6.523180e-01	
782	7.743607e-08	1.799836e+00	6.514778e-01	
783	7.753607e-08	1.799899e+00	6.506385e-01	
784	7.763607e-08	1.799836e+00	6.498005e-01	
785	7.773607e-08	1.799899e+00	6.489634e-01	
786	7.783607e-08	1.799836e+00	6.481276e-01	
787	7.793607e-08	1.799899e+00	6.472927e-01	
788	7.803607e-08	1.799836e+00	6.464591e-01	
789	7.813607e-08	1.799899e+00	6.456263e-01	
790	7.823607e-08	1.799837e+00	6.447949e-01	
791	7.833607e-08	1.799899e+00	6.439643e-01	
792	7.843607e-08	1.799837e+00	6.431350e-01	
793	7.853607e-08	1.799899e+00	6.423067e-01	
794	7.863607e-08	1.799837e+00	6.414795e-01	
795	7.873607e-08	1.799899e+00	6.406533e-01	
796	7.883607e-08	1.799837e+00	6.398284e-01	
797	7.893607e-08	1.799899e+00	6.390044e-01	
798	7.903607e-08	1.799837e+00	6.381816e-01	
799	7.913607e-08	1.799899e+00	6.373597e-01	
800	7.923607e-08	1.799838e+00	6.365391e-01	
801	7.933607e-08	1.799899e+00	6.357194e-01	
802	7.943607e-08	1.799838e+00	6.349009e-01	
803	7.953607e-08	1.799899e+00	6.340833e-01	
804	7.963607e-08	1.799838e+00	6.332670e-01	
805	7.973607e-08	1.799899e+00	6.324516e-01	
806	7.983607e-08	1.799838e+00	6.316374e-01	
807	7.993607e-08	1.799898e+00	6.308241e-01	
808	8.003607e-08	1.799838e+00	6.300121e-01	

Index   time            vout2           v(x2.comp_p_0/v 
--------------------------------------------------------------------------------
809	8.013607e-08	1.799898e+00	6.292010e-01	
810	8.023607e-08	1.799838e+00	6.283911e-01	
811	8.033607e-08	1.799898e+00	6.275821e-01	
812	8.043607e-08	1.799840e+00	6.267743e-01	
813	8.053607e-08	1.799899e+00	6.259675e-01	
814	8.063607e-08	1.799838e+00	6.251618e-01	
815	8.073607e-08	1.799898e+00	6.243571e-01	
816	8.083607e-08	1.799839e+00	6.235536e-01	
817	8.093607e-08	1.799898e+00	6.227510e-01	
818	8.103607e-08	1.799839e+00	6.219496e-01	
819	8.113607e-08	1.799898e+00	6.211491e-01	
820	8.123607e-08	1.799839e+00	6.203498e-01	
821	8.133607e-08	1.799898e+00	6.195514e-01	
822	8.143607e-08	1.799840e+00	6.187542e-01	
823	8.153607e-08	1.799898e+00	6.179580e-01	
824	8.163607e-08	1.799840e+00	6.171629e-01	
825	8.173607e-08	1.799898e+00	6.163687e-01	
826	8.183607e-08	1.799840e+00	6.155757e-01	
827	8.193607e-08	1.799898e+00	6.147836e-01	
828	8.203607e-08	1.799840e+00	6.139927e-01	
829	8.213607e-08	1.799898e+00	6.132027e-01	
830	8.223607e-08	1.799840e+00	6.124139e-01	
831	8.233607e-08	1.799898e+00	6.116260e-01	
832	8.243607e-08	1.799840e+00	6.108392e-01	
833	8.253607e-08	1.799898e+00	6.100534e-01	
834	8.263607e-08	1.799841e+00	6.092687e-01	
835	8.273607e-08	1.799898e+00	6.084850e-01	
836	8.283607e-08	1.799841e+00	6.077024e-01	
837	8.293607e-08	1.799898e+00	6.069207e-01	
838	8.303607e-08	1.799841e+00	6.061401e-01	
839	8.313607e-08	1.799898e+00	6.053605e-01	
840	8.323607e-08	1.799841e+00	6.045820e-01	
841	8.333607e-08	1.799898e+00	6.038044e-01	
842	8.343607e-08	1.799841e+00	6.030280e-01	
843	8.353607e-08	1.799898e+00	6.022524e-01	
844	8.363607e-08	1.799841e+00	6.014781e-01	
845	8.373607e-08	1.799898e+00	6.007046e-01	
846	8.383607e-08	1.799842e+00	5.999322e-01	
847	8.393607e-08	1.799897e+00	5.991607e-01	
848	8.403607e-08	1.799843e+00	5.983904e-01	
849	8.413607e-08	1.799898e+00	5.976210e-01	
850	8.423607e-08	1.799843e+00	5.968527e-01	
851	8.433607e-08	1.799898e+00	5.960853e-01	
852	8.443607e-08	1.799842e+00	5.953191e-01	
853	8.453607e-08	1.799898e+00	5.945537e-01	
854	8.463607e-08	1.799843e+00	5.937894e-01	
855	8.473607e-08	1.799899e+00	5.930261e-01	
856	8.483607e-08	1.799844e+00	5.922638e-01	
857	8.493607e-08	1.799899e+00	5.915025e-01	
858	8.503607e-08	1.799844e+00	5.907423e-01	
859	8.513607e-08	1.799899e+00	5.899829e-01	
860	8.523607e-08	1.799844e+00	5.892247e-01	
861	8.533607e-08	1.799899e+00	5.884673e-01	
862	8.543607e-08	1.799844e+00	5.877111e-01	
863	8.544857e-08	1.799870e+00	5.876166e-01	
864	8.547357e-08	1.799872e+00	5.874277e-01	
865	8.552357e-08	1.799871e+00	5.870501e-01	
866	8.559170e-08	1.799872e+00	5.865360e-01	

Index   time            vout2           v(x2.comp_p_0/v 
--------------------------------------------------------------------------------
867	8.565309e-08	1.799871e+00	5.860731e-01	
868	8.571686e-08	1.799872e+00	5.855928e-01	
869	8.580369e-08	1.799872e+00	5.849394e-01	
870	8.589336e-08	1.799872e+00	5.842653e-01	
871	8.599336e-08	1.799872e+00	5.835145e-01	
872	8.609336e-08	1.799872e+00	5.827647e-01	
873	8.619336e-08	1.799872e+00	5.820160e-01	
874	8.629336e-08	1.799872e+00	5.812682e-01	
875	8.639336e-08	1.799872e+00	5.805213e-01	
876	8.649336e-08	1.799872e+00	5.797755e-01	
877	8.659336e-08	1.799872e+00	5.790307e-01	
878	8.669336e-08	1.799872e+00	5.782868e-01	
879	8.679336e-08	1.799872e+00	5.775439e-01	
880	8.689336e-08	1.799872e+00	5.768020e-01	
881	8.699336e-08	1.799872e+00	5.760610e-01	
882	8.709336e-08	1.799872e+00	5.753211e-01	
883	8.719336e-08	1.799872e+00	5.745821e-01	
884	8.729336e-08	1.799872e+00	5.738441e-01	
885	8.739336e-08	1.799872e+00	5.731070e-01	
886	8.749336e-08	1.799872e+00	5.723709e-01	
887	8.759336e-08	1.799872e+00	5.716358e-01	
888	8.769336e-08	1.799872e+00	5.709017e-01	
889	8.779336e-08	1.799872e+00	5.701685e-01	
890	8.789336e-08	1.799872e+00	5.694362e-01	
891	8.799336e-08	1.799872e+00	5.687050e-01	
892	8.809336e-08	1.799872e+00	5.679747e-01	
893	8.819336e-08	1.799872e+00	5.672453e-01	
894	8.829336e-08	1.799872e+00	5.665169e-01	
895	8.839336e-08	1.799872e+00	5.657895e-01	
896	8.849336e-08	1.799872e+00	5.650630e-01	
897	8.859336e-08	1.799872e+00	5.643375e-01	
898	8.869336e-08	1.799873e+00	5.636129e-01	
899	8.879336e-08	1.799872e+00	5.628892e-01	
900	8.889336e-08	1.799873e+00	5.621665e-01	
901	8.899336e-08	1.799872e+00	5.614448e-01	
902	8.909336e-08	1.799873e+00	5.607239e-01	
903	8.919336e-08	1.799872e+00	5.600040e-01	
904	8.929336e-08	1.799873e+00	5.592851e-01	
905	8.939336e-08	1.799873e+00	5.585670e-01	
906	8.949336e-08	1.799873e+00	5.578499e-01	
907	8.959336e-08	1.799873e+00	5.571337e-01	
908	8.969336e-08	1.799873e+00	5.564184e-01	
909	8.979336e-08	1.799873e+00	5.557040e-01	
910	8.989336e-08	1.799873e+00	5.549906e-01	
911	8.999336e-08	1.799873e+00	5.542780e-01	
912	9.009336e-08	1.799873e+00	5.535663e-01	
913	9.019336e-08	1.799873e+00	5.528554e-01	
914	9.029336e-08	1.799873e+00	5.521454e-01	
915	9.039336e-08	1.799873e+00	5.514363e-01	
916	9.049336e-08	1.799873e+00	5.507280e-01	
917	9.059336e-08	1.799873e+00	5.500206e-01	
918	9.069336e-08	1.799873e+00	5.493139e-01	
919	9.079336e-08	1.799873e+00	5.486081e-01	
920	9.089336e-08	1.799873e+00	5.479030e-01	
921	9.099336e-08	1.799873e+00	5.471988e-01	
922	9.109336e-08	1.799873e+00	5.464952e-01	
923	9.119336e-08	1.799873e+00	5.457924e-01	
924	9.129336e-08	1.799873e+00	5.450903e-01	

Index   time            vout2           v(x2.comp_p_0/v 
--------------------------------------------------------------------------------
925	9.139336e-08	1.799873e+00	5.443889e-01	
926	9.149336e-08	1.799873e+00	5.436883e-01	
927	9.159336e-08	1.799873e+00	5.429882e-01	
928	9.169336e-08	1.799873e+00	5.422889e-01	
929	9.179336e-08	1.799873e+00	5.415902e-01	
930	9.189336e-08	1.799873e+00	5.408921e-01	
931	9.199336e-08	1.799873e+00	5.401947e-01	
932	9.209336e-08	1.799873e+00	5.394980e-01	
933	9.219336e-08	1.799873e+00	5.388019e-01	
934	9.229336e-08	1.799873e+00	5.381064e-01	
935	9.239336e-08	1.799873e+00	5.374117e-01	
936	9.249336e-08	1.799873e+00	5.367175e-01	
937	9.259336e-08	1.799873e+00	5.360241e-01	
938	9.269336e-08	1.799873e+00	5.353314e-01	
939	9.279336e-08	1.799873e+00	5.346393e-01	
940	9.289336e-08	1.799873e+00	5.339480e-01	
941	9.299336e-08	1.799873e+00	5.332574e-01	
942	9.309336e-08	1.799873e+00	5.325676e-01	
943	9.319336e-08	1.799873e+00	5.318785e-01	
944	9.329336e-08	1.799874e+00	5.311902e-01	
945	9.339336e-08	1.799873e+00	5.305027e-01	
946	9.349336e-08	1.799874e+00	5.298160e-01	
947	9.359336e-08	1.799873e+00	5.291301e-01	
948	9.369336e-08	1.799874e+00	5.284450e-01	
949	9.379336e-08	1.799873e+00	5.277607e-01	
950	9.389336e-08	1.799874e+00	5.270772e-01	
951	9.399336e-08	1.799873e+00	5.263946e-01	
952	9.409336e-08	1.799874e+00	5.257128e-01	
953	9.419336e-08	1.799874e+00	5.250318e-01	
954	9.429336e-08	1.799874e+00	5.243517e-01	
955	9.439336e-08	1.799874e+00	5.236724e-01	
956	9.449336e-08	1.799874e+00	5.229939e-01	
957	9.459336e-08	1.799874e+00	5.223163e-01	
958	9.469336e-08	1.799874e+00	5.216396e-01	
959	9.479336e-08	1.799874e+00	5.209637e-01	
960	9.489336e-08	1.799874e+00	5.202887e-01	
961	9.499336e-08	1.799874e+00	5.196145e-01	
962	9.509336e-08	1.799874e+00	5.189413e-01	
963	9.519336e-08	1.799874e+00	5.182689e-01	
964	9.529336e-08	1.799874e+00	5.175973e-01	
965	9.539336e-08	1.799874e+00	5.169267e-01	
966	9.549336e-08	1.799874e+00	5.162569e-01	
967	9.559336e-08	1.799874e+00	5.155880e-01	
968	9.569336e-08	1.799874e+00	5.149200e-01	
969	9.579336e-08	1.799874e+00	5.142529e-01	
970	9.589336e-08	1.799874e+00	5.135866e-01	
971	9.599336e-08	1.799874e+00	5.129212e-01	
972	9.609336e-08	1.799874e+00	5.122567e-01	
973	9.619336e-08	1.799874e+00	5.115930e-01	
974	9.629336e-08	1.799874e+00	5.109302e-01	
975	9.639336e-08	1.799874e+00	5.102683e-01	
976	9.649336e-08	1.799874e+00	5.096072e-01	
977	9.659336e-08	1.799874e+00	5.089470e-01	
978	9.669336e-08	1.799874e+00	5.082876e-01	
979	9.679336e-08	1.799874e+00	5.076291e-01	
980	9.689336e-08	1.799874e+00	5.069715e-01	
981	9.699336e-08	1.799874e+00	5.063147e-01	
982	9.709336e-08	1.799874e+00	5.056587e-01	

Index   time            vout2           v(x2.comp_p_0/v 
--------------------------------------------------------------------------------
983	9.719336e-08	1.799874e+00	5.050036e-01	
984	9.729336e-08	1.799874e+00	5.043494e-01	
985	9.739336e-08	1.799874e+00	5.036959e-01	
986	9.749336e-08	1.799874e+00	5.030434e-01	
987	9.759336e-08	1.799874e+00	5.023916e-01	
988	9.769336e-08	1.799874e+00	5.017408e-01	
989	9.779336e-08	1.799874e+00	5.010907e-01	
990	9.789336e-08	1.799874e+00	5.004415e-01	
991	9.799336e-08	1.799874e+00	4.997931e-01	
992	9.809336e-08	1.799874e+00	4.991456e-01	
993	9.819336e-08	1.799874e+00	4.984988e-01	
994	9.829336e-08	1.799874e+00	4.978530e-01	
995	9.839336e-08	1.799874e+00	4.972079e-01	
996	9.849336e-08	1.799874e+00	4.965637e-01	
997	9.859336e-08	1.799874e+00	4.959203e-01	
998	9.869336e-08	1.799874e+00	4.952778e-01	
999	9.879336e-08	1.799874e+00	4.946360e-01	
1000	9.889336e-08	1.799874e+00	4.939951e-01	
1001	9.899336e-08	1.799874e+00	4.933551e-01	
1002	9.909336e-08	1.799874e+00	4.927158e-01	
1003	9.919336e-08	1.799874e+00	4.920774e-01	
1004	9.929336e-08	1.799874e+00	4.914398e-01	
1005	9.939336e-08	1.799874e+00	4.908030e-01	
1006	9.949336e-08	1.799874e+00	4.901670e-01	
1007	9.959336e-08	1.799874e+00	4.895319e-01	
1008	9.969336e-08	1.799874e+00	4.888976e-01	
1009	9.979336e-08	1.799874e+00	4.882641e-01	
1010	9.989336e-08	1.799874e+00	4.876314e-01	
1011	9.999336e-08	1.799874e+00	4.869995e-01	
1012	1.000934e-07	1.799874e+00	4.863685e-01	
1013	1.001934e-07	1.799874e+00	4.857382e-01	
1014	1.002934e-07	1.799874e+00	4.851088e-01	
1015	1.003934e-07	1.799874e+00	4.844802e-01	
1016	1.004934e-07	1.799874e+00	4.838524e-01	
1017	1.005934e-07	1.799874e+00	4.832254e-01	
1018	1.006934e-07	1.799874e+00	4.825992e-01	
1019	1.007934e-07	1.799874e+00	4.819739e-01	
1020	1.008934e-07	1.799874e+00	4.813493e-01	
1021	1.009934e-07	1.799874e+00	4.807255e-01	
1022	1.010934e-07	1.799874e+00	4.801026e-01	
1023	1.011934e-07	1.799874e+00	4.794804e-01	
1024	1.012934e-07	1.799874e+00	4.788591e-01	
1025	1.013934e-07	1.799874e+00	4.782385e-01	
1026	1.014934e-07	1.799874e+00	4.776188e-01	
1027	1.015934e-07	1.799874e+00	4.769998e-01	
1028	1.016934e-07	1.799874e+00	4.763817e-01	
1029	1.017934e-07	1.799874e+00	4.757643e-01	
1030	1.018934e-07	1.799874e+00	4.751478e-01	
1031	1.019934e-07	1.799874e+00	4.745320e-01	
1032	1.020934e-07	1.799874e+00	4.739170e-01	
1033	1.021934e-07	1.799874e+00	4.733028e-01	
1034	1.022934e-07	1.799874e+00	4.726894e-01	
1035	1.023934e-07	1.799874e+00	4.720768e-01	
1036	1.024934e-07	1.799874e+00	4.714650e-01	
1037	1.025934e-07	1.799873e+00	4.708539e-01	
1038	1.026934e-07	1.799873e+00	4.702437e-01	
1039	1.027934e-07	1.799873e+00	4.696342e-01	
1040	1.028934e-07	1.799873e+00	4.690254e-01	

Index   time            vout2           v(x2.comp_p_0/v 
--------------------------------------------------------------------------------
1041	1.029934e-07	1.799873e+00	4.684175e-01	
1042	1.030934e-07	1.799873e+00	4.678103e-01	
1043	1.031934e-07	1.799872e+00	4.672039e-01	
1044	1.032934e-07	1.799872e+00	4.665983e-01	
1045	1.033934e-07	1.799872e+00	4.659935e-01	
1046	1.034934e-07	1.799872e+00	4.653894e-01	
1047	1.035934e-07	1.799871e+00	4.647861e-01	
1048	1.036934e-07	1.799871e+00	4.641835e-01	
1049	1.037934e-07	1.799871e+00	4.635817e-01	
1050	1.038934e-07	1.799871e+00	4.629807e-01	
1051	1.039934e-07	1.799870e+00	4.623805e-01	
1052	1.040934e-07	1.799870e+00	4.617810e-01	
1053	1.041934e-07	1.799870e+00	4.611822e-01	
1054	1.042934e-07	1.799869e+00	4.605843e-01	
1055	1.043934e-07	1.799869e+00	4.599871e-01	
1056	1.044934e-07	1.799869e+00	4.593907e-01	
1057	1.045934e-07	1.799868e+00	4.587950e-01	
1058	1.046934e-07	1.799868e+00	4.582001e-01	
1059	1.047934e-07	1.799867e+00	4.576060e-01	
1060	1.048934e-07	1.799867e+00	4.570126e-01	
1061	1.049934e-07	1.799866e+00	4.564200e-01	
1062	1.050934e-07	1.799866e+00	4.558282e-01	
1063	1.051934e-07	1.799865e+00	4.552371e-01	
1064	1.052934e-07	1.799865e+00	4.546467e-01	
1065	1.053934e-07	1.799864e+00	4.540571e-01	
1066	1.054934e-07	1.799863e+00	4.534682e-01	
1067	1.055934e-07	1.799862e+00	4.528801e-01	
1068	1.056934e-07	1.799862e+00	4.522926e-01	
1069	1.057934e-07	1.799861e+00	4.517059e-01	
1070	1.058934e-07	1.799861e+00	4.511199e-01	
1071	1.059934e-07	1.799861e+00	4.505347e-01	
1072	1.060934e-07	1.799860e+00	4.499501e-01	
1073	1.061934e-07	1.799860e+00	4.493663e-01	
1074	1.062934e-07	1.799861e+00	4.487832e-01	
1075	1.063934e-07	1.799861e+00	4.482008e-01	
1076	1.064934e-07	1.799863e+00	4.476192e-01	
1077	1.065934e-07	1.799865e+00	4.470382e-01	
1078	1.066934e-07	1.799870e+00	4.464580e-01	
1079	1.067934e-07	1.799877e+00	4.458786e-01	
1080	1.068934e-07	1.799887e+00	4.452998e-01	
1081	1.069934e-07	1.799903e+00	4.447218e-01	
1082	1.070934e-07	1.799926e+00	4.441446e-01	
1083	1.071934e-07	1.799958e+00	4.435680e-01	
1084	1.072934e-07	1.800002e+00	4.429922e-01	
1085	1.073934e-07	1.800060e+00	4.424171e-01	
1086	1.074934e-07	1.800136e+00	4.418427e-01	
1087	1.075934e-07	1.800235e+00	4.412692e-01	
1088	1.076934e-07	1.800365e+00	4.406964e-01	
1089	1.077934e-07	1.800540e+00	4.401245e-01	
1090	1.078934e-07	1.800783e+00	4.395535e-01	
1091	1.079934e-07	1.801136e+00	4.389837e-01	
1092	1.080934e-07	1.801685e+00	4.384154e-01	
1093	1.081934e-07	1.802593e+00	4.378491e-01	
1094	1.082934e-07	1.804193e+00	4.372860e-01	
1095	1.083934e-07	1.806780e+00	4.367279e-01	
1096	1.084934e-07	1.810397e+00	4.361788e-01	
1097	1.085934e-07	1.815634e+00	4.356471e-01	
1098	1.086934e-07	1.825285e+00	4.351593e-01	

Index   time            vout2           v(x2.comp_p_0/v 
--------------------------------------------------------------------------------
1099	1.087934e-07	1.836826e+00	4.349487e-01	
1100	1.088934e-07	1.093250e+00	4.358190e-01	
1101	1.089934e-07	3.685295e-02	4.374209e-01	
1102	1.090875e-07	-8.86108e-03	4.390469e-01	
1103	1.091875e-07	9.687198e-03	4.407982e-01	
1104	1.092875e-07	-8.39863e-03	4.425470e-01	
1105	1.093875e-07	7.342385e-03	4.442980e-01	
1106	1.094875e-07	-6.34406e-03	4.460457e-01	
1107	1.095875e-07	5.533934e-03	4.477929e-01	
1108	1.096875e-07	-4.78466e-03	4.495377e-01	
1109	1.097875e-07	4.169594e-03	4.512811e-01	
1110	1.098875e-07	-3.60740e-03	4.530225e-01	
1111	1.099875e-07	3.141659e-03	4.547620e-01	
1112	1.100875e-07	-2.71966e-03	4.564996e-01	
1113	1.101875e-07	2.367567e-03	4.582351e-01	
1114	1.102875e-07	-2.05061e-03	4.599686e-01	
1115	1.103875e-07	1.784699e-03	4.617000e-01	
1116	1.104875e-07	-1.54649e-03	4.634294e-01	
1117	1.105875e-07	1.345796e-03	4.651564e-01	
1118	1.106875e-07	-1.16666e-03	4.668816e-01	
1119	1.107875e-07	1.015266e-03	4.686043e-01	
1120	1.108875e-07	-8.80498e-04	4.703251e-01	
1121	1.109875e-07	7.663200e-04	4.720435e-01	
1122	1.110875e-07	-6.64891e-04	4.737599e-01	
1123	1.111875e-07	5.788008e-04	4.754738e-01	
1124	1.112875e-07	-5.02440e-04	4.771858e-01	
1125	1.113875e-07	4.375377e-04	4.788954e-01	
1126	1.114875e-07	-3.80036e-04	4.806029e-01	
1127	1.115875e-07	3.311117e-04	4.823080e-01	
1128	1.116875e-07	-2.87803e-04	4.840111e-01	
1129	1.117875e-07	2.509256e-04	4.857117e-01	
1130	1.118875e-07	-2.18302e-04	4.874104e-01	
1131	1.119875e-07	1.905056e-04	4.891065e-01	
1132	1.120875e-07	-1.65927e-04	4.908007e-01	
1133	1.121875e-07	1.449762e-04	4.924924e-01	
1134	1.122875e-07	-1.26457e-04	4.941822e-01	
1135	1.123875e-07	1.106651e-04	4.958694e-01	
1136	1.124875e-07	-9.67095e-05	4.975547e-01	
1137	1.125875e-07	8.480615e-05	4.992375e-01	
1138	1.126875e-07	-7.32520e-05	5.009184e-01	
1139	1.127875e-07	6.646333e-05	5.025968e-01	
1140	1.128875e-07	-5.64943e-05	5.042731e-01	
1141	1.129875e-07	5.147167e-05	5.059471e-01	
1142	1.130875e-07	-4.39119e-05	5.076190e-01	
1143	1.131875e-07	4.018012e-05	5.092885e-01	
1144	1.132875e-07	-3.44351e-05	5.109561e-01	
1145	1.133875e-07	3.167188e-05	5.126212e-01	
1146	1.134875e-07	-2.72948e-05	5.142843e-01	
1147	1.135875e-07	2.525903e-05	5.159450e-01	
1148	1.136875e-07	-2.19129e-05	5.176037e-01	
1149	1.137875e-07	2.042377e-05	5.192599e-01	
1150	1.138875e-07	-1.78545e-05	5.209142e-01	
1151	1.139875e-07	1.677640e-05	5.225661e-01	
1152	1.140875e-07	-1.47926e-05	5.242160e-01	
1153	1.141875e-07	1.402341e-05	5.258635e-01	
1154	1.142875e-07	-1.24808e-05	5.275090e-01	
1155	1.143875e-07	1.194389e-05	5.291522e-01	
1156	1.144875e-07	-1.07339e-05	5.307933e-01	

Index   time            vout2           v(x2.comp_p_0/v 
--------------------------------------------------------------------------------
1157	1.145875e-07	1.037152e-05	5.324321e-01	
1158	1.146875e-07	-9.41213e-06	5.340689e-01	
1159	1.147875e-07	9.181054e-06	5.357033e-01	
1160	1.148875e-07	-8.41064e-06	5.373357e-01	
1161	1.149875e-07	8.278182e-06	5.389657e-01	
1162	1.150875e-07	-7.65029e-06	5.405938e-01	
1163	1.151875e-07	7.591898e-06	5.422196e-01	
1164	1.152875e-07	-7.07155e-06	5.438433e-01	
1165	1.153875e-07	7.068734e-06	5.454647e-01	
1166	1.154875e-07	-6.62957e-06	5.470842e-01	
1167	1.155875e-07	6.668427e-06	5.487013e-01	
1168	1.156875e-07	-6.29062e-06	5.503164e-01	
1169	1.157875e-07	6.360660e-06	5.519292e-01	
1170	1.158875e-07	-6.02925e-06	5.535401e-01	
1171	1.159875e-07	6.122604e-06	5.551486e-01	
1172	1.160875e-07	-5.82635e-06	5.567551e-01	
1173	1.161875e-07	5.937069e-06	5.583594e-01	
1174	1.162875e-07	-5.66749e-06	5.599617e-01	
1175	1.163875e-07	5.791109e-06	5.615616e-01	
1176	1.164875e-07	-5.54182e-06	5.631597e-01	
1177	1.165875e-07	5.674977e-06	5.647554e-01	
1178	1.166875e-07	-5.44117e-06	5.663492e-01	
1179	1.167875e-07	5.581333e-06	5.679407e-01	
1180	1.168875e-07	-5.35938e-06	5.695303e-01	
1181	1.169875e-07	5.505060e-06	5.711176e-01	
1182	1.170875e-07	-5.29258e-06	5.727029e-01	
1183	1.171875e-07	5.441536e-06	5.742860e-01	
1184	1.172875e-07	-5.23571e-06	5.758672e-01	
1185	1.173875e-07	5.387180e-06	5.774460e-01	
1186	1.174875e-07	-5.18688e-06	5.790230e-01	
1187	1.175875e-07	5.340116e-06	5.805977e-01	
1188	1.176875e-07	-5.14419e-06	5.821705e-01	
1189	1.177875e-07	5.298595e-06	5.837410e-01	
1190	1.178875e-07	-5.10616e-06	5.853097e-01	
1191	1.179875e-07	5.261286e-06	5.868760e-01	
1192	1.180875e-07	-5.07169e-06	5.884405e-01	
1193	1.181875e-07	5.227177e-06	5.900027e-01	
1194	1.182875e-07	-5.03991e-06	5.915631e-01	
1195	1.183875e-07	5.195506e-06	5.931212e-01	
1196	1.184875e-07	-5.01019e-06	5.946774e-01	
1197	1.185875e-07	5.165696e-06	5.962314e-01	
1198	1.186875e-07	-4.98204e-06	5.977836e-01	
1199	1.187875e-07	5.137314e-06	5.993334e-01	
1200	1.188875e-07	-4.95511e-06	6.008815e-01	
1201	1.189875e-07	5.110033e-06	6.024273e-01	
1202	1.190875e-07	-4.92911e-06	6.039712e-01	
1203	1.191875e-07	5.083605e-06	6.055129e-01	
1204	1.192875e-07	-4.90384e-06	6.070528e-01	
1205	1.193875e-07	5.057846e-06	6.085905e-01	
1206	1.194875e-07	-4.87914e-06	6.101263e-01	
1207	1.195875e-07	5.032614e-06	6.116599e-01	
1208	1.196875e-07	-4.85490e-06	6.131917e-01	
1209	1.197875e-07	5.007806e-06	6.147213e-01	
1210	1.198875e-07	-4.83103e-06	6.162491e-01	
1211	1.199875e-07	4.983340e-06	6.177746e-01	
1212	1.200875e-07	-4.80746e-06	6.192984e-01	
1213	1.201875e-07	4.959158e-06	6.208199e-01	
1214	1.202875e-07	-4.78414e-06	6.223397e-01	

Index   time            vout2           v(x2.comp_p_0/v 
--------------------------------------------------------------------------------
1215	1.203875e-07	4.935214e-06	6.238572e-01	
1216	1.204875e-07	-4.76103e-06	6.253730e-01	
1217	1.205875e-07	4.911473e-06	6.268866e-01	
1218	1.206875e-07	-4.73811e-06	6.283984e-01	
1219	1.207875e-07	4.887910e-06	6.299080e-01	
1220	1.208875e-07	-4.71534e-06	6.314158e-01	
1221	1.209875e-07	4.864505e-06	6.329215e-01	
1222	1.210875e-07	-4.69273e-06	6.344254e-01	
1223	1.211875e-07	4.841243e-06	6.359271e-01	
1224	1.212875e-07	-4.67024e-06	6.374271e-01	
1225	1.213875e-07	4.818112e-06	6.389249e-01	
1226	1.214875e-07	-4.64788e-06	6.404209e-01	
1227	1.215875e-07	4.795103e-06	6.419148e-01	
1228	1.216875e-07	-4.62564e-06	6.434070e-01	
1229	1.217875e-07	4.772211e-06	6.448970e-01	
1230	1.218875e-07	-4.60350e-06	6.463853e-01	
1231	1.219875e-07	4.749430e-06	6.478714e-01	
1232	1.220875e-07	-4.58147e-06	6.493558e-01	
1233	1.221875e-07	4.726757e-06	6.508380e-01	
1234	1.222875e-07	-4.55954e-06	6.523186e-01	
1235	1.223875e-07	4.704189e-06	6.537970e-01	
1236	1.224875e-07	-4.53772e-06	6.552737e-01	
1237	1.225875e-07	4.681723e-06	6.567483e-01	
1238	1.226875e-07	-4.51599e-06	6.582211e-01	
1239	1.227875e-07	4.659357e-06	6.596919e-01	
1240	1.228875e-07	-4.49436e-06	6.611609e-01	
1241	1.229875e-07	4.637091e-06	6.626278e-01	
1242	1.230875e-07	-4.47283e-06	6.640931e-01	
1243	1.231875e-07	4.614922e-06	6.655562e-01	
1244	1.232875e-07	-4.45140e-06	6.670177e-01	
1245	1.233875e-07	4.592850e-06	6.684770e-01	
1246	1.234875e-07	-4.43005e-06	6.699347e-01	
1247	1.235875e-07	4.570873e-06	6.713903e-01	
1248	1.236875e-07	-4.40881e-06	6.728442e-01	
1249	1.237875e-07	4.548989e-06	6.742960e-01	
1250	1.238875e-07	-4.38766e-06	6.757461e-01	
1251	1.239875e-07	4.527198e-06	6.771942e-01	
1252	1.240875e-07	-4.36660e-06	6.786406e-01	
1253	1.241875e-07	4.505496e-06	6.800849e-01	
1254	1.242875e-07	-4.34564e-06	6.815276e-01	
1255	1.243875e-07	4.483880e-06	6.829682e-01	
1256	1.244875e-07	-4.32478e-06	6.844071e-01	
1257	1.245875e-07	4.462347e-06	6.858440e-01	
1258	1.246875e-07	-4.30402e-06	6.872792e-01	
1259	1.247875e-07	4.440890e-06	6.887123e-01	
1260	1.248875e-07	-4.28336e-06	6.901438e-01	
1261	1.249875e-07	4.419502e-06	6.915732e-01	
1262	1.250875e-07	-4.26282e-06	6.930010e-01	
1263	1.251875e-07	4.398179e-06	6.944266e-01	
1264	1.252875e-07	-4.24241e-06	6.958506e-01	
1265	1.253875e-07	4.376910e-06	6.972725e-01	
1266	1.254875e-07	-4.22211e-06	6.986927e-01	
1267	1.255875e-07	4.355675e-06	7.001108e-01	
1268	1.256875e-07	-4.20198e-06	7.015272e-01	
1269	1.257875e-07	4.334567e-06	7.029414e-01	
1270	1.258875e-07	-4.18213e-06	7.043539e-01	
1271	1.259875e-07	4.313686e-06	7.057642e-01	
1272	1.260875e-07	-4.16262e-06	7.071727e-01	

Index   time            vout2           v(x2.comp_p_0/v 
--------------------------------------------------------------------------------
1273	1.261875e-07	4.293112e-06	7.085789e-01	
1274	1.262875e-07	-4.14346e-06	7.099833e-01	
1275	1.263875e-07	4.272956e-06	7.113853e-01	
1276	1.264875e-07	-4.12464e-06	7.127855e-01	
1277	1.265875e-07	4.253186e-06	7.141832e-01	
1278	1.266875e-07	-4.10587e-06	7.155790e-01	
1279	1.267875e-07	4.233527e-06	7.169724e-01	
1280	1.268875e-07	-4.08730e-06	7.183637e-01	
1281	1.269875e-07	4.214755e-06	7.197526e-01	
1282	1.270875e-07	-4.06862e-06	7.211395e-01	
1283	1.271875e-07	4.195469e-06	7.225240e-01	
1284	1.272875e-07	-4.04942e-06	7.239065e-01	
1285	1.273875e-07	4.176123e-06	7.252866e-01	
1286	1.274875e-07	-4.03011e-06	7.266648e-01	
1287	1.275875e-07	4.156846e-06	7.280406e-01	
1288	1.276875e-07	-4.01091e-06	7.294146e-01	
1289	1.277875e-07	4.137640e-06	7.307864e-01	
1290	1.278875e-07	-3.99182e-06	7.321564e-01	
1291	1.279875e-07	4.118453e-06	7.335242e-01	
1292	1.280875e-07	-3.97284e-06	7.348904e-01	
1293	1.281875e-07	4.099263e-06	7.362545e-01	
1294	1.282875e-07	-3.95396e-06	7.376169e-01	
1295	1.283875e-07	4.080057e-06	7.389774e-01	
1296	1.284875e-07	-3.93515e-06	7.403363e-01	
1297	1.285875e-07	4.060824e-06	7.416932e-01	
1298	1.286875e-07	-3.91846e-06	7.430486e-01	
1299	1.287875e-07	4.045268e-06	7.444021e-01	
1300	1.288875e-07	-3.90130e-06	7.457541e-01	
1301	1.289875e-07	4.025903e-06	7.471042e-01	
1302	1.290875e-07	-3.88222e-06	7.484529e-01	
1303	1.291875e-07	4.006206e-06	7.497996e-01	
1304	1.292875e-07	-3.86308e-06	7.511449e-01	
1305	1.293875e-07	3.986538e-06	7.524883e-01	
1306	1.294875e-07	-3.84402e-06	7.538303e-01	
1307	1.295875e-07	3.966979e-06	7.551705e-01	
1308	1.296875e-07	-3.82509e-06	7.565091e-01	
1309	1.297875e-07	3.947544e-06	7.578460e-01	
1310	1.298875e-07	-3.80629e-06	7.591814e-01	
1311	1.299875e-07	3.928221e-06	7.605149e-01	
1312	1.300875e-07	-3.78763e-06	7.618471e-01	
1313	1.301875e-07	3.908988e-06	7.631773e-01	
1314	1.302875e-07	-3.76911e-06	7.645062e-01	
1315	1.303875e-07	3.889832e-06	7.658332e-01	
1316	1.304875e-07	-3.75071e-06	7.671588e-01	
1317	1.305875e-07	3.870772e-06	7.684826e-01	
1318	1.306875e-07	-3.73238e-06	7.698049e-01	
1319	1.307875e-07	3.851843e-06	7.711254e-01	
1320	1.308875e-07	-3.71410e-06	7.724445e-01	
1321	1.309875e-07	3.833039e-06	7.737618e-01	
1322	1.310875e-07	-3.69587e-06	7.750776e-01	
1323	1.311875e-07	3.814326e-06	7.763916e-01	
1324	1.312875e-07	-3.67775e-06	7.777042e-01	
1325	1.313875e-07	3.795683e-06	7.790150e-01	
1326	1.314875e-07	-3.65971e-06	7.803244e-01	
1327	1.315875e-07	3.777116e-06	7.816320e-01	
1328	1.316875e-07	-3.64176e-06	7.829382e-01	
1329	1.317875e-07	3.758629e-06	7.842425e-01	
1330	1.318875e-07	-3.62388e-06	7.855455e-01	

Index   time            vout2           v(x2.comp_p_0/v 
--------------------------------------------------------------------------------
1331	1.319875e-07	3.740220e-06	7.868466e-01	
1332	1.320875e-07	-3.60607e-06	7.881464e-01	
1333	1.321875e-07	3.721886e-06	7.894443e-01	
1334	1.322875e-07	-3.58831e-06	7.907409e-01	
1335	1.323875e-07	3.703623e-06	7.920356e-01	
1336	1.324875e-07	-3.57062e-06	7.933290e-01	
1337	1.325875e-07	3.685430e-06	7.946206e-01	
1338	1.326875e-07	-3.55299e-06	7.959108e-01	
1339	1.327875e-07	3.667303e-06	7.971992e-01	
1340	1.328875e-07	-3.53541e-06	7.984862e-01	
1341	1.329875e-07	3.649241e-06	7.997715e-01	
1342	1.330875e-07	-3.51789e-06	8.010553e-01	
1343	1.331875e-07	3.631240e-06	8.023374e-01	
1344	1.332875e-07	-3.50043e-06	8.036182e-01	
1345	1.333875e-07	3.613302e-06	8.048971e-01	
1346	1.334875e-07	-3.48302e-06	8.061747e-01	
1347	1.335875e-07	3.595425e-06	8.074505e-01	
1348	1.336875e-07	-3.46568e-06	8.087250e-01	
1349	1.337875e-07	3.577612e-06	8.099977e-01	
1350	1.338875e-07	-3.44840e-06	8.112691e-01	
1351	1.339875e-07	3.559865e-06	8.125387e-01	
1352	1.340875e-07	-3.43120e-06	8.138070e-01	
1353	1.341875e-07	3.542190e-06	8.150735e-01	
1354	1.342875e-07	-3.41408e-06	8.163388e-01	
1355	1.343875e-07	3.524590e-06	8.176023e-01	
1356	1.344875e-07	-3.39705e-06	8.188645e-01	
1357	1.345875e-07	3.507072e-06	8.201251e-01	
1358	1.346875e-07	-3.38011e-06	8.213844e-01	
1359	1.347875e-07	3.489638e-06	8.226420e-01	
1360	1.348875e-07	-3.36326e-06	8.238984e-01	
1361	1.349875e-07	3.472295e-06	8.251531e-01	
1362	1.350875e-07	-3.34652e-06	8.264066e-01	
1363	1.351875e-07	3.455046e-06	8.276585e-01	
1364	1.352875e-07	-3.32986e-06	8.289092e-01	
1365	1.353875e-07	3.437894e-06	8.301583e-01	
1366	1.354875e-07	-3.31330e-06	8.314061e-01	
1367	1.355875e-07	3.420840e-06	8.326524e-01	
1368	1.356875e-07	-3.29683e-06	8.338974e-01	
1369	1.357875e-07	3.403883e-06	8.351408e-01	
1370	1.358875e-07	-3.28044e-06	8.363829e-01	
1371	1.359875e-07	3.387021e-06	8.376234e-01	
1372	1.360875e-07	-3.26415e-06	8.388626e-01	
1373	1.361875e-07	3.370250e-06	8.401002e-01	
1374	1.362875e-07	-3.24794e-06	8.413364e-01	
1375	1.363875e-07	3.353567e-06	8.425710e-01	
1376	1.364875e-07	-3.23181e-06	8.438042e-01	
1377	1.365875e-07	3.336969e-06	8.450358e-01	
1378	1.366875e-07	-3.21577e-06	8.462660e-01	
1379	1.367875e-07	3.320454e-06	8.474945e-01	
1380	1.368875e-07	-3.19983e-06	8.487217e-01	
1381	1.369875e-07	3.304067e-06	8.499472e-01	
1382	1.370875e-07	-3.18399e-06	8.511713e-01	
1383	1.371875e-07	3.287723e-06	8.523937e-01	
1384	1.372875e-07	-3.16818e-06	8.536147e-01	
1385	1.373875e-07	3.271431e-06	8.548340e-01	
1386	1.374875e-07	-3.15244e-06	8.560519e-01	
1387	1.375875e-07	3.255213e-06	8.572681e-01	
1388	1.376875e-07	-3.13677e-06	8.584830e-01	

Index   time            vout2           v(x2.comp_p_0/v 
--------------------------------------------------------------------------------
1389	1.377875e-07	3.239068e-06	8.596961e-01	
1390	1.378875e-07	-3.12117e-06	8.609079e-01	
1391	1.379875e-07	3.222998e-06	8.621180e-01	
1392	1.380875e-07	-3.10564e-06	8.633267e-01	
1393	1.381875e-07	3.207000e-06	8.645336e-01	
1394	1.382875e-07	-3.09019e-06	8.657392e-01	
1395	1.383875e-07	3.191075e-06	8.669431e-01	
1396	1.384875e-07	-3.07481e-06	8.681456e-01	
1397	1.385875e-07	3.175221e-06	8.693464e-01	
1398	1.386875e-07	-3.05949e-06	8.705459e-01	
1399	1.387875e-07	3.159438e-06	8.717436e-01	
1400	1.388875e-07	-3.04424e-06	8.729400e-01	
1401	1.389875e-07	3.143726e-06	8.741347e-01	
1402	1.390875e-07	-3.02907e-06	8.753280e-01	
1403	1.391875e-07	3.128084e-06	8.765197e-01	
1404	1.392875e-07	-3.01396e-06	8.777099e-01	
1405	1.393875e-07	3.112512e-06	8.788985e-01	
1406	1.394875e-07	-2.99891e-06	8.800858e-01	
1407	1.395875e-07	3.097010e-06	8.812713e-01	
1408	1.396875e-07	-2.98394e-06	8.824555e-01	
1409	1.397875e-07	3.081577e-06	8.836380e-01	
1410	1.398875e-07	-2.96903e-06	8.848191e-01	
1411	1.399875e-07	3.066214e-06	8.859986e-01	
1412	1.400875e-07	-2.95419e-06	8.871767e-01	
1413	1.401875e-07	3.050919e-06	8.883532e-01	
1414	1.402875e-07	-2.93941e-06	8.895283e-01	
1415	1.403875e-07	3.035693e-06	8.907017e-01	
1416	1.404875e-07	-2.92470e-06	8.918738e-01	
1417	1.405875e-07	3.020535e-06	8.930442e-01	
1418	1.406875e-07	-2.91006e-06	8.942133e-01	
1419	1.407875e-07	3.005446e-06	8.953807e-01	
1420	1.408875e-07	-2.89548e-06	8.965468e-01	
1421	1.409875e-07	2.990424e-06	8.977112e-01	
1422	1.410875e-07	-2.88096e-06	8.988743e-01	
1423	1.411875e-07	2.975470e-06	9.000358e-01	
1424	1.412875e-07	-2.86652e-06	9.011959e-01	
1425	1.413875e-07	2.960583e-06	9.023543e-01	
1426	1.414875e-07	-2.85213e-06	9.035115e-01	
1427	1.415875e-07	2.945763e-06	9.046669e-01	
1428	1.416875e-07	-2.83782e-06	9.058211e-01	
1429	1.417875e-07	2.931010e-06	9.069736e-01	
1430	1.418875e-07	-2.82356e-06	9.081248e-01	
1431	1.419875e-07	2.916324e-06	9.092743e-01	
1432	1.420875e-07	-2.80937e-06	9.104226e-01	
1433	1.421875e-07	2.901703e-06	9.115692e-01	
1434	1.422875e-07	-2.79525e-06	9.127145e-01	
1435	1.423875e-07	2.887149e-06	9.138581e-01	
1436	1.424875e-07	-2.78118e-06	9.150004e-01	
1437	1.425875e-07	2.872660e-06	9.161411e-01	
1438	1.426875e-07	-2.76718e-06	9.172806e-01	
1439	1.427875e-07	2.858236e-06	9.184183e-01	
1440	1.428875e-07	-2.75324e-06	9.195548e-01	
1441	1.429875e-07	2.843877e-06	9.206896e-01	
1442	1.430875e-07	-2.73937e-06	9.218232e-01	
1443	1.431875e-07	2.829583e-06	9.229551e-01	
1444	1.432875e-07	-2.72556e-06	9.240857e-01	
1445	1.433875e-07	2.815354e-06	9.252147e-01	
1446	1.434875e-07	-2.71181e-06	9.263425e-01	

Index   time            vout2           v(x2.comp_p_0/v 
--------------------------------------------------------------------------------
1447	1.435875e-07	2.801188e-06	9.274685e-01	
1448	1.436875e-07	-2.69812e-06	9.285934e-01	
1449	1.437875e-07	2.787087e-06	9.297166e-01	
1450	1.438875e-07	-2.68449e-06	9.308385e-01	
1451	1.439875e-07	2.773049e-06	9.319588e-01	
1452	1.440875e-07	-2.67092e-06	9.330778e-01	
1453	1.441875e-07	2.759075e-06	9.341952e-01	
1454	1.442875e-07	-2.65741e-06	9.353114e-01	
1455	1.443875e-07	2.745165e-06	9.364259e-01	
1456	1.444875e-07	-2.64397e-06	9.375392e-01	
1457	1.445875e-07	2.731318e-06	9.386508e-01	
1458	1.446875e-07	-2.63058e-06	9.397613e-01	
1459	1.447875e-07	2.717534e-06	9.408700e-01	
1460	1.448875e-07	-2.61725e-06	9.419776e-01	
1461	1.449875e-07	2.703813e-06	9.430835e-01	
1462	1.450875e-07	-2.60398e-06	9.441882e-01	
1463	1.451875e-07	2.690155e-06	9.452913e-01	
1464	1.452875e-07	-2.59077e-06	9.463932e-01	
1465	1.453875e-07	2.676561e-06	9.474934e-01	
1466	1.454875e-07	-2.57761e-06	9.485924e-01	
1467	1.455875e-07	2.663029e-06	9.496898e-01	
1468	1.456875e-07	-2.56451e-06	9.507859e-01	
1469	1.457875e-07	2.614029e-06	9.518805e-01	
1470	1.458875e-07	-2.59661e-06	9.529738e-01	
1471	1.459875e-07	2.595838e-06	9.540656e-01	
1472	1.460875e-07	-2.58402e-06	9.551561e-01	
1473	1.461875e-07	2.583566e-06	9.562450e-01	
1474	1.462875e-07	-2.57164e-06	9.573327e-01	
1475	1.463875e-07	2.571165e-06	9.584188e-01	
1476	1.464875e-07	-2.55913e-06	9.595037e-01	
1477	1.465599e-07	2.556284e-06	9.602876e-01	
1478	1.466396e-07	-2.54253e-06	9.611511e-01	
1479	1.467294e-07	2.541340e-06	9.621218e-01	
1480	1.468292e-07	-2.52915e-06	9.631995e-01	
1481	1.469292e-07	2.528684e-06	9.642780e-01	
1482	1.470292e-07	-2.51647e-06	9.653553e-01	
1483	1.471292e-07	2.516033e-06	9.664310e-01	
1484	1.472292e-07	-2.50379e-06	9.675056e-01	
1485	1.473292e-07	2.503387e-06	9.685786e-01	
1486	1.474292e-07	-2.49115e-06	9.696503e-01	
1487	1.475292e-07	2.490758e-06	9.707205e-01	
1488	1.476292e-07	-2.47853e-06	9.717895e-01	
1489	1.477292e-07	2.478156e-06	9.728569e-01	
1490	1.478292e-07	-2.46596e-06	9.739232e-01	
1491	1.479292e-07	2.465586e-06	9.749879e-01	
1492	1.480292e-07	-2.45342e-06	9.760513e-01	
1493	1.481292e-07	2.453055e-06	9.771133e-01	
1494	1.482292e-07	-2.44094e-06	9.781740e-01	
1495	1.483292e-07	2.440566e-06	9.792332e-01	
1496	1.484292e-07	-2.42849e-06	9.802912e-01	
1497	1.485292e-07	2.428123e-06	9.813476e-01	
1498	1.486292e-07	-2.41610e-06	9.824029e-01	
1499	1.487292e-07	2.415728e-06	9.834566e-01	
1500	1.488292e-07	-2.40375e-06	9.845091e-01	
1501	1.489292e-07	2.403379e-06	9.855601e-01	
1502	1.490292e-07	-2.39144e-06	9.866099e-01	
1503	1.491292e-07	2.391057e-06	9.876581e-01	
1504	1.492292e-07	-2.37915e-06	9.887052e-01	

Index   time            vout2           v(x2.comp_p_0/v 
--------------------------------------------------------------------------------
1505	1.493292e-07	2.378755e-06	9.897508e-01	
1506	1.494292e-07	-2.36688e-06	9.907952e-01	
1507	1.495292e-07	2.366484e-06	9.918380e-01	
1508	1.496292e-07	-2.35463e-06	9.928797e-01	
1509	1.497292e-07	2.354251e-06	9.939198e-01	
1510	1.498292e-07	-2.34243e-06	9.949588e-01	
1511	1.499292e-07	2.342064e-06	9.959963e-01	
1512	1.500292e-07	-2.33028e-06	9.970326e-01	
1513	1.501292e-07	2.361405e-06	9.980673e-01	
1514	1.502292e-07	-2.30843e-06	9.991010e-01	
1515	1.503292e-07	2.345187e-06	1.000133e+00	
1516	1.504292e-07	-2.29330e-06	1.001164e+00	
1517	1.505292e-07	2.330293e-06	1.002193e+00	
1518	1.506292e-07	-2.27906e-06	1.003222e+00	
1519	1.507292e-07	2.316157e-06	1.004248e+00	
1520	1.508292e-07	-2.23550e-06	1.005274e+00	
1521	1.509292e-07	2.311110e-06	1.006298e+00	
1522	1.510292e-07	-2.22504e-06	1.007321e+00	
1523	1.511292e-07	2.299860e-06	1.008343e+00	
1524	1.512292e-07	-2.21406e-06	1.009363e+00	
1525	1.513292e-07	2.288460e-06	1.010382e+00	
1526	1.514292e-07	-2.20298e-06	1.011399e+00	
1527	1.515292e-07	2.276989e-06	1.012415e+00	
1528	1.516292e-07	-2.19186e-06	1.013431e+00	
1529	1.517292e-07	2.265480e-06	1.014444e+00	
1530	1.518292e-07	-2.18070e-06	1.015456e+00	
1531	1.519292e-07	2.253956e-06	1.016467e+00	
1532	1.520292e-07	-2.16955e-06	1.017477e+00	
1533	1.521292e-07	2.242436e-06	1.018485e+00	
1534	1.522292e-07	-2.15840e-06	1.019493e+00	
1535	1.523292e-07	2.230932e-06	1.020498e+00	
1536	1.524292e-07	-2.14727e-06	1.021503e+00	
1537	1.525292e-07	2.219455e-06	1.022506e+00	
1538	1.526292e-07	-2.13618e-06	1.023508e+00	
1539	1.527292e-07	2.208011e-06	1.024508e+00	
1540	1.528292e-07	-2.12511e-06	1.025508e+00	
1541	1.529292e-07	2.196605e-06	1.026506e+00	
1542	1.530292e-07	-2.11409e-06	1.027502e+00	
1543	1.531292e-07	2.156178e-06	1.028498e+00	
1544	1.532292e-07	-2.11201e-06	1.029492e+00	
1545	1.533292e-07	2.148601e-06	1.030485e+00	
1546	1.534292e-07	-2.10390e-06	1.031476e+00	
1547	1.535292e-07	2.139978e-06	1.032466e+00	
1548	1.536292e-07	-2.09509e-06	1.033455e+00	
1549	1.537292e-07	2.159481e-06	1.034443e+00	
1550	1.538292e-07	-2.07700e-06	1.035430e+00	
1551	1.539292e-07	2.146118e-06	1.036415e+00	
1552	1.540292e-07	-2.06455e-06	1.037399e+00	
1553	1.541292e-07	2.133538e-06	1.038381e+00	
1554	1.542292e-07	-2.07996e-06	1.039362e+00	
1555	1.543292e-07	2.085406e-06	1.040342e+00	
1556	1.544292e-07	-2.07477e-06	1.041321e+00	
1557	1.545292e-07	2.075552e-06	1.042299e+00	
1558	1.546292e-07	-2.06460e-06	1.043275e+00	
1559	1.547292e-07	2.065302e-06	1.044250e+00	
1560	1.548292e-07	-2.02723e-06	1.045224e+00	
1561	1.549292e-07	2.062634e-06	1.046196e+00	
1562	1.550292e-07	-2.01918e-06	1.047167e+00	

Index   time            vout2           v(x2.comp_p_0/v 
--------------------------------------------------------------------------------
1563	1.551292e-07	2.053878e-06	1.048137e+00	
1564	1.552292e-07	-2.01029e-06	1.049106e+00	
1565	1.553292e-07	2.072132e-06	1.050073e+00	
1566	1.554292e-07	-1.99252e-06	1.051039e+00	
1567	1.555292e-07	2.059002e-06	1.052004e+00	
1568	1.556292e-07	-1.98031e-06	1.052968e+00	
1569	1.557292e-07	2.046690e-06	1.053930e+00	
1570	1.558292e-07	-1.96862e-06	1.054892e+00	
1571	1.559292e-07	2.007860e-06	1.055852e+00	
1572	1.560292e-07	-1.99187e-06	1.056810e+00	
1573	1.561292e-07	1.992327e-06	1.057768e+00	
1574	1.562292e-07	-1.98120e-06	1.058724e+00	
1575	1.563292e-07	1.981946e-06	1.059679e+00	
1576	1.564292e-07	-1.97085e-06	1.060633e+00	
1577	1.565292e-07	1.998027e-06	1.061585e+00	
1578	1.566292e-07	-1.92650e-06	1.062536e+00	
1579	1.567292e-07	1.991833e-06	1.063486e+00	
1580	1.568292e-07	-1.91589e-06	1.064435e+00	
1581	1.569292e-07	1.980706e-06	1.065383e+00	
1582	1.570292e-07	-1.90521e-06	1.066329e+00	
1583	1.571292e-07	1.969774e-06	1.067274e+00	
1584	1.572292e-07	-1.89472e-06	1.068218e+00	
1585	1.573292e-07	1.959023e-06	1.069161e+00	
1586	1.574292e-07	-1.88438e-06	1.070102e+00	
1587	1.575292e-07	1.948419e-06	1.071043e+00	
1588	1.576292e-07	-1.87418e-06	1.071982e+00	
1589	1.577292e-07	1.937940e-06	1.072920e+00	
1590	1.578292e-07	-1.86408e-06	1.073856e+00	
1591	1.579292e-07	1.927564e-06	1.074792e+00	
1592	1.580292e-07	-1.85408e-06	1.075726e+00	
1593	1.581292e-07	1.917278e-06	1.076659e+00	
1594	1.582292e-07	-1.84416e-06	1.077591e+00	
1595	1.583292e-07	1.907072e-06	1.078521e+00	
1596	1.584292e-07	-1.83431e-06	1.079451e+00	
1597	1.585292e-07	1.896936e-06	1.080379e+00	
1598	1.586292e-07	-1.82452e-06	1.081306e+00	
1599	1.587292e-07	1.886865e-06	1.082231e+00	
1600	1.588292e-07	-1.81480e-06	1.083156e+00	
1601	1.589292e-07	1.876853e-06	1.084079e+00	
1602	1.590292e-07	-1.80513e-06	1.085002e+00	
1603	1.591292e-07	1.866898e-06	1.085923e+00	
1604	1.592292e-07	-1.79552e-06	1.086843e+00	
1605	1.593292e-07	1.856996e-06	1.087761e+00	
1606	1.594292e-07	-1.78596e-06	1.088679e+00	
1607	1.595292e-07	1.847146e-06	1.089595e+00	
1608	1.596292e-07	-1.77644e-06	1.090510e+00	
1609	1.597292e-07	1.837345e-06	1.091424e+00	
1610	1.598292e-07	-1.76697e-06	1.092337e+00	
1611	1.599292e-07	1.827593e-06	1.093248e+00	
1612	1.600292e-07	-1.75755e-06	1.094159e+00	
1613	1.601292e-07	1.817888e-06	1.095068e+00	
1614	1.602292e-07	-1.74818e-06	1.095976e+00	
1615	1.603292e-07	1.808230e-06	1.096883e+00	
1616	1.604292e-07	-1.73885e-06	1.097788e+00	
1617	1.605292e-07	1.798617e-06	1.098693e+00	
1618	1.606292e-07	-1.72956e-06	1.099596e+00	
1619	1.607292e-07	1.789050e-06	1.100498e+00	
1620	1.608292e-07	-1.72031e-06	1.101399e+00	

Index   time            vout2           v(x2.comp_p_0/v 
--------------------------------------------------------------------------------
1621	1.609292e-07	1.779527e-06	1.102299e+00	
1622	1.610292e-07	-1.71111e-06	1.103198e+00	
1623	1.611292e-07	1.770049e-06	1.104095e+00	
1624	1.612292e-07	-1.70196e-06	1.104992e+00	
1625	1.613292e-07	1.760616e-06	1.105887e+00	
1626	1.614292e-07	-1.69284e-06	1.106781e+00	
1627	1.615292e-07	1.751228e-06	1.107674e+00	
1628	1.616292e-07	-1.68377e-06	1.108566e+00	
1629	1.617292e-07	1.741881e-06	1.109456e+00	
1630	1.618292e-07	-1.67474e-06	1.110346e+00	
1631	1.619292e-07	1.732578e-06	1.111234e+00	
1632	1.620292e-07	-1.66575e-06	1.112122e+00	
1633	1.621292e-07	1.723318e-06	1.113008e+00	
1634	1.622292e-07	-1.65680e-06	1.113893e+00	
1635	1.623292e-07	1.714101e-06	1.114776e+00	
1636	1.624292e-07	-1.64790e-06	1.115659e+00	
1637	1.625292e-07	1.704926e-06	1.116540e+00	
1638	1.626292e-07	-1.63903e-06	1.117421e+00	
1639	1.627292e-07	1.695794e-06	1.118300e+00	
1640	1.628292e-07	-1.63021e-06	1.119178e+00	
1641	1.629292e-07	1.686705e-06	1.120055e+00	
1642	1.630292e-07	-1.62143e-06	1.120931e+00	
1643	1.631292e-07	1.677657e-06	1.121806e+00	
1644	1.632292e-07	-1.61268e-06	1.122679e+00	
1645	1.633292e-07	1.668651e-06	1.123552e+00	
1646	1.634292e-07	-1.60398e-06	1.124423e+00	
1647	1.635292e-07	1.659688e-06	1.125293e+00	
1648	1.636292e-07	-1.59532e-06	1.126162e+00	
1649	1.637292e-07	1.650765e-06	1.127030e+00	
1650	1.638292e-07	-1.58670e-06	1.127897e+00	
1651	1.639292e-07	1.641884e-06	1.128763e+00	
1652	1.640292e-07	-1.57812e-06	1.129628e+00	
1653	1.641292e-07	1.633045e-06	1.130491e+00	
1654	1.642292e-07	-1.56958e-06	1.131354e+00	
1655	1.643292e-07	1.624246e-06	1.132215e+00	
1656	1.644292e-07	-1.56107e-06	1.133075e+00	
1657	1.645292e-07	1.615488e-06	1.133934e+00	
1658	1.646292e-07	-1.55261e-06	1.134792e+00	
1659	1.647292e-07	1.606771e-06	1.135649e+00	
1660	1.648292e-07	-1.54419e-06	1.136505e+00	
1661	1.649292e-07	1.598094e-06	1.137360e+00	
1662	1.650292e-07	-1.53580e-06	1.138213e+00	
1663	1.651292e-07	1.589458e-06	1.139066e+00	
1664	1.652292e-07	-1.52746e-06	1.139917e+00	
1665	1.653292e-07	1.580862e-06	1.140767e+00	
1666	1.654292e-07	-1.51915e-06	1.141617e+00	
1667	1.655292e-07	1.572306e-06	1.142465e+00	
1668	1.656292e-07	-1.51088e-06	1.143312e+00	
1669	1.657292e-07	1.563789e-06	1.144158e+00	
1670	1.658292e-07	-1.50265e-06	1.145003e+00	
1671	1.659292e-07	1.555313e-06	1.145846e+00	
1672	1.660292e-07	-1.49446e-06	1.146689e+00	
1673	1.661292e-07	1.546875e-06	1.147531e+00	
1674	1.662292e-07	-1.48631e-06	1.148371e+00	
1675	1.663292e-07	1.538477e-06	1.149211e+00	
1676	1.664292e-07	-1.47819e-06	1.150049e+00	
1677	1.665292e-07	1.530119e-06	1.150886e+00	
1678	1.666292e-07	-1.47011e-06	1.151723e+00	

Index   time            vout2           v(x2.comp_p_0/v 
--------------------------------------------------------------------------------
1679	1.667292e-07	1.521799e-06	1.152558e+00	
1680	1.668292e-07	-1.46207e-06	1.153392e+00	
1681	1.669292e-07	1.513518e-06	1.154225e+00	
1682	1.670292e-07	-1.45407e-06	1.155057e+00	
1683	1.671292e-07	1.505276e-06	1.155887e+00	
1684	1.672292e-07	-1.44610e-06	1.156717e+00	
1685	1.673292e-07	1.497072e-06	1.157546e+00	
1686	1.674292e-07	-1.43817e-06	1.158374e+00	
1687	1.675292e-07	1.488906e-06	1.159200e+00	
1688	1.676292e-07	-1.43028e-06	1.160026e+00	
1689	1.677292e-07	1.480779e-06	1.160850e+00	
1690	1.678292e-07	-1.42243e-06	1.161674e+00	
1691	1.679292e-07	1.472690e-06	1.162496e+00	
1692	1.680292e-07	-1.41461e-06	1.163317e+00	
1693	1.681292e-07	1.464638e-06	1.164137e+00	
1694	1.682292e-07	-1.40682e-06	1.164957e+00	
1695	1.683292e-07	1.456625e-06	1.165775e+00	
1696	1.684292e-07	-1.39908e-06	1.166592e+00	
1697	1.685292e-07	1.448649e-06	1.167408e+00	
1698	1.686292e-07	-1.39137e-06	1.168223e+00	
1699	1.687292e-07	1.440710e-06	1.169037e+00	
1700	1.688292e-07	-1.38370e-06	1.169850e+00	
1701	1.689292e-07	1.432808e-06	1.170661e+00	
1702	1.690292e-07	-1.37606e-06	1.171472e+00	
1703	1.691292e-07	1.424944e-06	1.172282e+00	
1704	1.692292e-07	-1.36846e-06	1.173090e+00	
1705	1.693292e-07	1.417116e-06	1.173898e+00	
1706	1.694292e-07	-1.36089e-06	1.174705e+00	
1707	1.695292e-07	1.409325e-06	1.175510e+00	
1708	1.696292e-07	-1.35336e-06	1.176315e+00	
1709	1.697292e-07	1.401571e-06	1.177118e+00	
1710	1.698292e-07	-1.34586e-06	1.177921e+00	
1711	1.699292e-07	1.393853e-06	1.178722e+00	
1712	1.700292e-07	-1.33840e-06	1.179522e+00	
1713	1.701292e-07	1.386172e-06	1.180321e+00	
1714	1.702292e-07	-1.33097e-06	1.181120e+00	
1715	1.703292e-07	1.378526e-06	1.181917e+00	
1716	1.704292e-07	-1.32358e-06	1.182713e+00	
1717	1.705292e-07	1.370917e-06	1.183508e+00	
1718	1.706292e-07	-1.31623e-06	1.184302e+00	
1719	1.707292e-07	1.363343e-06	1.185095e+00	
1720	1.708292e-07	-1.30890e-06	1.185887e+00	
1721	1.709292e-07	1.355805e-06	1.186678e+00	
1722	1.710292e-07	-1.30162e-06	1.187468e+00	
1723	1.711292e-07	1.348303e-06	1.188257e+00	
1724	1.712292e-07	-1.29436e-06	1.189045e+00	
1725	1.713292e-07	1.340836e-06	1.189832e+00	
1726	1.714292e-07	-1.28714e-06	1.190618e+00	
1727	1.715292e-07	1.333405e-06	1.191403e+00	
1728	1.716292e-07	-1.27996e-06	1.192187e+00	
1729	1.717292e-07	1.326008e-06	1.192969e+00	
1730	1.718292e-07	-1.27280e-06	1.193751e+00	
1731	1.719292e-07	1.318647e-06	1.194532e+00	
1732	1.720292e-07	-1.26569e-06	1.195312e+00	
1733	1.721292e-07	1.311320e-06	1.196090e+00	
1734	1.722292e-07	-1.25860e-06	1.196868e+00	
1735	1.723292e-07	1.304028e-06	1.197644e+00	
1736	1.724292e-07	-1.25155e-06	1.198420e+00	

Index   time            vout2           v(x2.comp_p_0/v 
--------------------------------------------------------------------------------
1737	1.725292e-07	1.296770e-06	1.199194e+00	
1738	1.726292e-07	-1.24453e-06	1.199968e+00	
1739	1.727292e-07	1.289547e-06	1.200740e+00	
1740	1.728292e-07	-1.23754e-06	1.201512e+00	
1741	1.729292e-07	1.282358e-06	1.202282e+00	
1742	1.730292e-07	-1.23059e-06	1.203052e+00	
1743	1.731292e-07	1.275203e-06	1.203820e+00	
1744	1.732292e-07	-1.22367e-06	1.204587e+00	
1745	1.733292e-07	1.268082e-06	1.205354e+00	
1746	1.734292e-07	-1.21678e-06	1.206119e+00	
1747	1.735292e-07	1.260995e-06	1.206883e+00	
1748	1.736292e-07	-1.20993e-06	1.207647e+00	
1749	1.737292e-07	1.253941e-06	1.208409e+00	
1750	1.738292e-07	-1.20311e-06	1.209170e+00	
1751	1.739292e-07	1.246921e-06	1.209930e+00	
1752	1.740292e-07	-1.19632e-06	1.210689e+00	
1753	1.741292e-07	1.239934e-06	1.211447e+00	
1754	1.742292e-07	-1.18956e-06	1.212205e+00	
1755	1.743292e-07	1.232980e-06	1.212961e+00	
1756	1.744292e-07	-1.18283e-06	1.213716e+00	
1757	1.745292e-07	1.226059e-06	1.214470e+00	
1758	1.746292e-07	-1.17614e-06	1.215223e+00	
1759	1.747292e-07	1.219172e-06	1.215975e+00	
1760	1.748292e-07	-1.16947e-06	1.216726e+00	
1761	1.749292e-07	1.212316e-06	1.217476e+00	
1762	1.750292e-07	-1.16284e-06	1.218225e+00	
1763	1.751292e-07	1.205494e-06	1.218973e+00	
1764	1.752292e-07	-1.15624e-06	1.219720e+00	
1765	1.753292e-07	1.198703e-06	1.220466e+00	
1766	1.754292e-07	-1.14967e-06	1.221211e+00	
1767	1.755292e-07	1.191945e-06	1.221955e+00	
1768	1.756292e-07	-1.14314e-06	1.222698e+00	
1769	1.757292e-07	1.185219e-06	1.223440e+00	
1770	1.758292e-07	-1.13663e-06	1.224181e+00	
1771	1.759292e-07	1.178525e-06	1.224921e+00	
1772	1.760292e-07	-1.13016e-06	1.225660e+00	
1773	1.761292e-07	1.171863e-06	1.226398e+00	
1774	1.762292e-07	-1.12371e-06	1.227135e+00	
1775	1.763292e-07	1.165232e-06	1.227871e+00	
1776	1.764292e-07	-1.11730e-06	1.228606e+00	
1777	1.765292e-07	1.158633e-06	1.229340e+00	
1778	1.766292e-07	-1.11091e-06	1.230073e+00	
1779	1.767292e-07	1.152066e-06	1.230805e+00	
1780	1.768292e-07	-1.10456e-06	1.231536e+00	
1781	1.769292e-07	1.145529e-06	1.232266e+00	
1782	1.770292e-07	-1.09824e-06	1.232995e+00	
1783	1.771292e-07	1.139024e-06	1.233723e+00	
1784	1.772292e-07	-1.09195e-06	1.234450e+00	
1785	1.773292e-07	1.132550e-06	1.235176e+00	
1786	1.774292e-07	-1.08569e-06	1.235902e+00	
1787	1.775292e-07	1.126107e-06	1.236626e+00	
1788	1.776292e-07	-1.07945e-06	1.237349e+00	
1789	1.777292e-07	1.119694e-06	1.238071e+00	
1790	1.778292e-07	-1.07325e-06	1.238793e+00	
1791	1.779292e-07	1.113312e-06	1.239513e+00	
1792	1.780292e-07	-1.06708e-06	1.240232e+00	
1793	1.781292e-07	1.106961e-06	1.240951e+00	
1794	1.782292e-07	-1.06094e-06	1.241668e+00	

Index   time            vout2           v(x2.comp_p_0/v 
--------------------------------------------------------------------------------
1795	1.783292e-07	1.100640e-06	1.242385e+00	
1796	1.784292e-07	-1.05482e-06	1.243100e+00	
1797	1.785292e-07	1.094349e-06	1.243815e+00	
1798	1.786292e-07	-1.04874e-06	1.244528e+00	
1799	1.787292e-07	1.088088e-06	1.245241e+00	
1800	1.788292e-07	-1.04269e-06	1.245953e+00	
1801	1.789292e-07	1.081857e-06	1.246663e+00	
1802	1.790292e-07	-1.03666e-06	1.247373e+00	
1803	1.791292e-07	1.075656e-06	1.248082e+00	
1804	1.792292e-07	-1.03066e-06	1.248790e+00	
1805	1.793292e-07	1.069485e-06	1.249496e+00	
1806	1.794292e-07	-1.02470e-06	1.250203e+00	
1807	1.795292e-07	1.063344e-06	1.250907e+00	
1808	1.796292e-07	-1.01876e-06	1.251612e+00	
1809	1.797292e-07	1.057232e-06	1.252315e+00	
1810	1.798292e-07	-1.01285e-06	1.253017e+00	
1811	1.799292e-07	1.051149e-06	1.253718e+00	
1812	1.800292e-07	-1.00697e-06	1.254419e+00	
1813	1.801292e-07	1.045092e-06	1.255118e+00	
1814	1.802292e-07	-1.00111e-06	1.255816e+00	
1815	1.803292e-07	1.039064e-06	1.256514e+00	
1816	1.804292e-07	-9.95283e-07	1.257210e+00	
1817	1.805292e-07	1.033067e-06	1.257906e+00	
1818	1.806292e-07	-9.89485e-07	1.258601e+00	
1819	1.807292e-07	1.027098e-06	1.259295e+00	
1820	1.808292e-07	-9.83716e-07	1.259988e+00	
1821	1.809292e-07	1.021160e-06	1.260679e+00	
1822	1.810292e-07	-9.77976e-07	1.261370e+00	
1823	1.811292e-07	1.015250e-06	1.262060e+00	
1824	1.812292e-07	-9.72264e-07	1.262750e+00	
1825	1.813292e-07	1.009370e-06	1.263438e+00	
1826	1.814292e-07	-9.66581e-07	1.264125e+00	
1827	1.815292e-07	1.003519e-06	1.264812e+00	
1828	1.816292e-07	-9.60926e-07	1.265497e+00	
1829	1.817292e-07	9.976974e-07	1.266182e+00	
1830	1.818292e-07	-9.55300e-07	1.266866e+00	
1831	1.819292e-07	9.919046e-07	1.267548e+00	
1832	1.820292e-07	-9.49703e-07	1.268230e+00	
1833	1.821292e-07	9.861410e-07	1.268911e+00	
1834	1.822292e-07	-9.44134e-07	1.269591e+00	
1835	1.823292e-07	9.804067e-07	1.270271e+00	
1836	1.824292e-07	-9.38594e-07	1.270949e+00	
1837	1.825292e-07	9.747019e-07	1.271626e+00	
1838	1.826292e-07	-9.33084e-07	1.272303e+00	
1839	1.827292e-07	9.690270e-07	1.272978e+00	
1840	1.828292e-07	-9.27603e-07	1.273653e+00	
1841	1.829292e-07	9.633814e-07	1.274327e+00	
1842	1.830292e-07	-9.22148e-07	1.275000e+00	
1843	1.831292e-07	9.577588e-07	1.275672e+00	
1844	1.832292e-07	-9.16714e-07	1.276343e+00	
1845	1.833292e-07	9.521548e-07	1.277013e+00	
1846	1.834292e-07	-9.11298e-07	1.277683e+00	
1847	1.835292e-07	9.465680e-07	1.278351e+00	
1848	1.836292e-07	-9.05898e-07	1.279019e+00	
1849	1.837292e-07	9.410108e-07	1.279686e+00	
1850	1.838292e-07	-9.00551e-07	1.280352e+00	
1851	1.839292e-07	9.354993e-07	1.281017e+00	
1852	1.840292e-07	-8.95207e-07	1.281681e+00	

Index   time            vout2           v(x2.comp_p_0/v 
--------------------------------------------------------------------------------
1853	1.841292e-07	9.299773e-07	1.282344e+00	
1854	1.842292e-07	-8.89869e-07	1.283007e+00	
1855	1.843292e-07	9.244756e-07	1.283669e+00	
1856	1.844292e-07	-8.84553e-07	1.284329e+00	
1857	1.845292e-07	9.189868e-07	1.284989e+00	
1858	1.846292e-07	-8.79224e-07	1.285648e+00	
1859	1.847292e-07	9.135167e-07	1.286307e+00	
1860	1.848292e-07	-8.73930e-07	1.286964e+00	
1861	1.849292e-07	9.080864e-07	1.287621e+00	
1862	1.850292e-07	-8.68648e-07	1.288276e+00	
1863	1.851292e-07	9.026830e-07	1.288931e+00	
1864	1.852292e-07	-8.63383e-07	1.289585e+00	
1865	1.853292e-07	8.973157e-07	1.290238e+00	
1866	1.854292e-07	-8.58166e-07	1.290891e+00	
1867	1.855292e-07	8.919906e-07	1.291543e+00	
1868	1.856292e-07	-8.53016e-07	1.292193e+00	
1869	1.857292e-07	8.866947e-07	1.292843e+00	
1870	1.858292e-07	-8.47931e-07	1.293493e+00	
1871	1.859292e-07	8.814276e-07	1.294141e+00	
1872	1.860292e-07	-8.42898e-07	1.294789e+00	
1873	1.861292e-07	8.760687e-07	1.295435e+00	
1874	1.862292e-07	-8.37716e-07	1.296082e+00	
1875	1.863292e-07	8.707905e-07	1.296727e+00	
1876	1.864292e-07	-8.32773e-07	1.297371e+00	
1877	1.865292e-07	8.656199e-07	1.298015e+00	
1878	1.866292e-07	-8.27868e-07	1.298658e+00	
1879	1.867292e-07	8.604768e-07	1.299300e+00	
1880	1.868292e-07	-8.22995e-07	1.299942e+00	
1881	1.869292e-07	8.553553e-07	1.300582e+00	
1882	1.870292e-07	-8.18154e-07	1.301222e+00	
1883	1.871292e-07	8.502506e-07	1.301862e+00	
1884	1.872292e-07	-8.13351e-07	1.302500e+00	
1885	1.873292e-07	8.451430e-07	1.303138e+00	
1886	1.874292e-07	-8.08630e-07	1.303775e+00	
1887	1.875292e-07	8.399347e-07	1.304412e+00	
1888	1.876292e-07	-8.04202e-07	1.305047e+00	
1889	1.877292e-07	8.341637e-07	1.305682e+00	
1890	1.878292e-07	-8.01034e-07	1.306317e+00	
1891	1.879292e-07	8.258901e-07	1.306951e+00	
1892	1.880292e-07	-8.02964e-07	1.307584e+00	
1893	1.881292e-07	8.089427e-07	1.308216e+00	
1894	1.882292e-07	-8.17694e-07	1.308848e+00	
1895	1.883292e-07	7.714237e-07	1.309479e+00	
1896	1.884292e-07	-8.55333e-07	1.310109e+00	
1897	1.885292e-07	7.128571e-07	1.310739e+00	
1898	1.886292e-07	-9.31963e-07	1.311368e+00	
1899	1.887292e-07	5.699667e-07	1.311997e+00	
1900	1.888292e-07	-1.21954e-06	1.312624e+00	
1901	1.889292e-07	-1.37859e-07	1.313251e+00	
1902	1.890292e-07	-1.90470e-06	1.313877e+00	
1903	1.891292e-07	1.427464e-06	1.314503e+00	
1904	1.892292e-07	1.751781e-05	1.315130e+00	
1905	1.893292e-07	6.584510e-05	1.315763e+00	
1906	1.894292e-07	9.445256e-05	1.316410e+00	
1907	1.895292e-07	8.987507e-05	1.317070e+00	
1908	1.896292e-07	5.811272e-05	1.317740e+00	
1909	1.897292e-07	-4.58495e-04	1.318386e+00	
1910	1.898292e-07	-2.65930e-03	1.318652e+00	

Index   time            vout2           v(x2.comp_p_0/v 
--------------------------------------------------------------------------------
1911	1.899292e-07	-7.54056e-03	1.317690e+00	
1912	1.900166e-07	-1.79373e-02	1.316255e+00	
1913	1.901080e-07	-5.01363e-02	1.314724e+00	
1914	1.902080e-07	1.384061e+00	1.313028e+00	
1915	1.903080e-07	1.856909e+00	1.311341e+00	
1916	1.904080e-07	1.758029e+00	1.309645e+00	
1917	1.905080e-07	1.828813e+00	1.307955e+00	
1918	1.906080e-07	1.779016e+00	1.306262e+00	
1919	1.907080e-07	1.814328e+00	1.304573e+00	
1920	1.908080e-07	1.789397e+00	1.302884e+00	
1921	1.909080e-07	1.807181e+00	1.301198e+00	
1922	1.910080e-07	1.794512e+00	1.299512e+00	
1923	1.911080e-07	1.803612e+00	1.297830e+00	
1924	1.912080e-07	1.797076e+00	1.296149e+00	
1925	1.913080e-07	1.801808e+00	1.294471e+00	
1926	1.914080e-07	1.798376e+00	1.292795e+00	
1927	1.915080e-07	1.800890e+00	1.291121e+00	
1928	1.916080e-07	1.799039e+00	1.289448e+00	
1929	1.917080e-07	1.800396e+00	1.287779e+00	
1930	1.918080e-07	1.799371e+00	1.286111e+00	
1931	1.919080e-07	1.800169e+00	1.284446e+00	
1932	1.920080e-07	1.799533e+00	1.282782e+00	
1933	1.921080e-07	1.800045e+00	1.281121e+00	
1934	1.922080e-07	1.799632e+00	1.279463e+00	
1935	1.923080e-07	1.799983e+00	1.277806e+00	
1936	1.924080e-07	1.799682e+00	1.276151e+00	
1937	1.925080e-07	1.799952e+00	1.274499e+00	
1938	1.926080e-07	1.799709e+00	1.272849e+00	
1939	1.927080e-07	1.799936e+00	1.271201e+00	
1940	1.928080e-07	1.799722e+00	1.269556e+00	
1941	1.929080e-07	1.799927e+00	1.267912e+00	
1942	1.930080e-07	1.799730e+00	1.266271e+00	
1943	1.931080e-07	1.799923e+00	1.264631e+00	
1944	1.932080e-07	1.799734e+00	1.262995e+00	
1945	1.933080e-07	1.799920e+00	1.261360e+00	
1946	1.934080e-07	1.799736e+00	1.259727e+00	
1947	1.935080e-07	1.799919e+00	1.258096e+00	
1948	1.936080e-07	1.799738e+00	1.256468e+00	
1949	1.937080e-07	1.799919e+00	1.254842e+00	
1950	1.938080e-07	1.799739e+00	1.253218e+00	
1951	1.939080e-07	1.799918e+00	1.251596e+00	
1952	1.940080e-07	1.799740e+00	1.249977e+00	
1953	1.941080e-07	1.799918e+00	1.248359e+00	
1954	1.942080e-07	1.799741e+00	1.246744e+00	
1955	1.943080e-07	1.799918e+00	1.245130e+00	
1956	1.944080e-07	1.799741e+00	1.243519e+00	
1957	1.945080e-07	1.799918e+00	1.241910e+00	
1958	1.946080e-07	1.799742e+00	1.240304e+00	
1959	1.947080e-07	1.799918e+00	1.238699e+00	
1960	1.948080e-07	1.799743e+00	1.237096e+00	
1961	1.949080e-07	1.799918e+00	1.235496e+00	
1962	1.950080e-07	1.799743e+00	1.233898e+00	
1963	1.951080e-07	1.799917e+00	1.232301e+00	
1964	1.952080e-07	1.799744e+00	1.230707e+00	
1965	1.953080e-07	1.799917e+00	1.229115e+00	
1966	1.954080e-07	1.799744e+00	1.227526e+00	
1967	1.955080e-07	1.799917e+00	1.225938e+00	
1968	1.956080e-07	1.799745e+00	1.224353e+00	

Index   time            vout2           v(x2.comp_p_0/v 
--------------------------------------------------------------------------------
1969	1.957080e-07	1.799917e+00	1.222769e+00	
1970	1.958080e-07	1.799746e+00	1.221188e+00	
1971	1.959080e-07	1.799917e+00	1.219608e+00	
1972	1.960080e-07	1.799746e+00	1.218031e+00	
1973	1.961080e-07	1.799917e+00	1.216456e+00	
1974	1.962080e-07	1.799747e+00	1.214883e+00	
1975	1.963080e-07	1.799917e+00	1.213312e+00	
1976	1.964080e-07	1.799747e+00	1.211744e+00	
1977	1.965080e-07	1.799917e+00	1.210177e+00	
1978	1.966080e-07	1.799748e+00	1.208613e+00	
1979	1.967080e-07	1.799917e+00	1.207050e+00	
1980	1.968080e-07	1.799748e+00	1.205490e+00	
1981	1.969080e-07	1.799917e+00	1.203931e+00	
1982	1.970080e-07	1.799749e+00	1.202375e+00	
1983	1.971080e-07	1.799917e+00	1.200821e+00	
1984	1.972080e-07	1.799750e+00	1.199269e+00	
1985	1.973080e-07	1.799917e+00	1.197719e+00	
1986	1.974080e-07	1.799750e+00	1.196171e+00	
1987	1.975080e-07	1.799917e+00	1.194625e+00	
1988	1.976080e-07	1.799751e+00	1.193081e+00	
1989	1.977080e-07	1.799917e+00	1.191539e+00	
1990	1.978080e-07	1.799751e+00	1.190000e+00	
1991	1.979080e-07	1.799917e+00	1.188462e+00	
1992	1.980080e-07	1.799752e+00	1.186926e+00	
1993	1.981080e-07	1.799917e+00	1.185392e+00	
1994	1.982080e-07	1.799752e+00	1.183861e+00	
1995	1.983080e-07	1.799917e+00	1.182331e+00	
1996	1.984080e-07	1.799753e+00	1.180804e+00	
1997	1.985080e-07	1.799917e+00	1.179278e+00	
1998	1.986080e-07	1.799753e+00	1.177755e+00	
1999	1.987080e-07	1.799917e+00	1.176233e+00	
2000	1.988080e-07	1.799754e+00	1.174714e+00	
2001	1.989080e-07	1.799917e+00	1.173196e+00	
2002	1.990080e-07	1.799754e+00	1.171681e+00	
2003	1.991080e-07	1.799917e+00	1.170167e+00	
2004	1.992080e-07	1.799755e+00	1.168656e+00	
2005	1.993080e-07	1.799917e+00	1.167146e+00	
2006	1.994080e-07	1.799756e+00	1.165639e+00	
2007	1.995080e-07	1.799917e+00	1.164133e+00	
2008	1.996080e-07	1.799756e+00	1.162630e+00	
2009	1.997080e-07	1.799917e+00	1.161128e+00	
2010	1.998080e-07	1.799757e+00	1.159629e+00	
2011	1.999080e-07	1.799917e+00	1.158131e+00	
2012	2.000080e-07	1.799757e+00	1.156636e+00	
2013	2.001080e-07	1.799917e+00	1.155142e+00	
2014	2.002080e-07	1.799758e+00	1.153651e+00	
2015	2.003080e-07	1.799917e+00	1.152161e+00	
2016	2.004080e-07	1.799758e+00	1.150673e+00	
2017	2.005080e-07	1.799917e+00	1.149187e+00	
2018	2.006080e-07	1.799759e+00	1.147704e+00	
2019	2.007080e-07	1.799917e+00	1.146222e+00	
2020	2.008080e-07	1.799759e+00	1.144742e+00	
2021	2.009080e-07	1.799917e+00	1.143264e+00	
2022	2.010080e-07	1.799760e+00	1.141788e+00	
2023	2.011080e-07	1.799917e+00	1.140314e+00	
2024	2.012080e-07	1.799760e+00	1.138842e+00	
2025	2.013080e-07	1.799917e+00	1.137371e+00	
2026	2.014080e-07	1.799761e+00	1.135903e+00	

Index   time            vout2           v(x2.comp_p_0/v 
--------------------------------------------------------------------------------
2027	2.015080e-07	1.799917e+00	1.134436e+00	
2028	2.016080e-07	1.799761e+00	1.132972e+00	
2029	2.017080e-07	1.799917e+00	1.131509e+00	
2030	2.018080e-07	1.799762e+00	1.130049e+00	
2031	2.019080e-07	1.799920e+00	1.128590e+00	
2032	2.020080e-07	1.799764e+00	1.127133e+00	
2033	2.021080e-07	1.799916e+00	1.125678e+00	
2034	2.022080e-07	1.799763e+00	1.124225e+00	
2035	2.023080e-07	1.799916e+00	1.122773e+00	
2036	2.024080e-07	1.799764e+00	1.121324e+00	
2037	2.025080e-07	1.799916e+00	1.119877e+00	
2038	2.026080e-07	1.799764e+00	1.118431e+00	
2039	2.027080e-07	1.799916e+00	1.116988e+00	
2040	2.028080e-07	1.799765e+00	1.115546e+00	
2041	2.029080e-07	1.799916e+00	1.114106e+00	
2042	2.030080e-07	1.799765e+00	1.112668e+00	
2043	2.031080e-07	1.799916e+00	1.111232e+00	
2044	2.032080e-07	1.799766e+00	1.109797e+00	
2045	2.033080e-07	1.799916e+00	1.108365e+00	
2046	2.034080e-07	1.799766e+00	1.106934e+00	
2047	2.035080e-07	1.799916e+00	1.105505e+00	
2048	2.036080e-07	1.799767e+00	1.104079e+00	
2049	2.037080e-07	1.799916e+00	1.102654e+00	
2050	2.038080e-07	1.799767e+00	1.101231e+00	
2051	2.039080e-07	1.799916e+00	1.099809e+00	
2052	2.040080e-07	1.799768e+00	1.098390e+00	
2053	2.041080e-07	1.799916e+00	1.096972e+00	
2054	2.042080e-07	1.799768e+00	1.095556e+00	
2055	2.043080e-07	1.799916e+00	1.094142e+00	
2056	2.044080e-07	1.799768e+00	1.092730e+00	
2057	2.045080e-07	1.799916e+00	1.091320e+00	
2058	2.046080e-07	1.799769e+00	1.089912e+00	
2059	2.047080e-07	1.799916e+00	1.088505e+00	
2060	2.048080e-07	1.799769e+00	1.087100e+00	
2061	2.049080e-07	1.799916e+00	1.085697e+00	
2062	2.050080e-07	1.799770e+00	1.084296e+00	
2063	2.051080e-07	1.799916e+00	1.082897e+00	
2064	2.052080e-07	1.799770e+00	1.081500e+00	
2065	2.053080e-07	1.799916e+00	1.080104e+00	
2066	2.054080e-07	1.799771e+00	1.078710e+00	
2067	2.055080e-07	1.799916e+00	1.077318e+00	
2068	2.056080e-07	1.799771e+00	1.075928e+00	
2069	2.057080e-07	1.799916e+00	1.074540e+00	
2070	2.058080e-07	1.799772e+00	1.073154e+00	
2071	2.059080e-07	1.799916e+00	1.071769e+00	
2072	2.060080e-07	1.799772e+00	1.070387e+00	
2073	2.061080e-07	1.799919e+00	1.069006e+00	
2074	2.062080e-07	1.799777e+00	1.067627e+00	
2075	2.063080e-07	1.799920e+00	1.066249e+00	
2076	2.064080e-07	1.799777e+00	1.064874e+00	
2077	2.065080e-07	1.799920e+00	1.063500e+00	
2078	2.066080e-07	1.799777e+00	1.062129e+00	
2079	2.067080e-07	1.799920e+00	1.060759e+00	
2080	2.068080e-07	1.799778e+00	1.059391e+00	
2081	2.069080e-07	1.799920e+00	1.058025e+00	
2082	2.069205e-07	1.799845e+00	1.057855e+00	
2083	2.069455e-07	1.799849e+00	1.057514e+00	
2084	2.069955e-07	1.799849e+00	1.056832e+00	

Index   time            vout2           v(x2.comp_p_0/v 
--------------------------------------------------------------------------------
2085	2.070662e-07	1.799849e+00	1.055868e+00	
2086	2.071265e-07	1.799849e+00	1.055047e+00	
2087	2.071912e-07	1.799849e+00	1.054166e+00	
2088	2.072717e-07	1.799850e+00	1.053073e+00	
2089	2.073564e-07	1.799849e+00	1.051923e+00	
2090	2.074564e-07	1.799850e+00	1.050568e+00	
2091	2.075564e-07	1.799849e+00	1.049214e+00	
2092	2.076564e-07	1.799850e+00	1.047863e+00	
2093	2.077564e-07	1.799849e+00	1.046513e+00	
2094	2.078564e-07	1.799850e+00	1.045165e+00	
2095	2.079564e-07	1.799849e+00	1.043820e+00	
2096	2.080564e-07	1.799850e+00	1.042476e+00	
2097	2.081564e-07	1.799850e+00	1.041134e+00	
2098	2.082564e-07	1.799850e+00	1.039794e+00	
2099	2.083564e-07	1.799850e+00	1.038456e+00	
2100	2.084564e-07	1.799850e+00	1.037120e+00	
2101	2.085564e-07	1.799850e+00	1.035786e+00	
2102	2.086564e-07	1.799850e+00	1.034453e+00	
2103	2.087564e-07	1.799850e+00	1.033123e+00	
2104	2.088564e-07	1.799850e+00	1.031794e+00	
2105	2.089564e-07	1.799850e+00	1.030468e+00	
2106	2.090564e-07	1.799851e+00	1.029143e+00	
2107	2.091564e-07	1.799850e+00	1.027820e+00	
2108	2.092564e-07	1.799851e+00	1.026499e+00	
2109	2.093564e-07	1.799850e+00	1.025179e+00	
2110	2.094564e-07	1.799851e+00	1.023862e+00	
2111	2.095564e-07	1.799850e+00	1.022546e+00	
2112	2.096564e-07	1.799851e+00	1.021232e+00	
2113	2.097564e-07	1.799850e+00	1.019919e+00	
2114	2.098564e-07	1.799851e+00	1.018609e+00	
2115	2.099564e-07	1.799850e+00	1.017300e+00	
2116	2.100564e-07	1.799851e+00	1.015993e+00	
2117	2.101564e-07	1.799851e+00	1.014688e+00	
2118	2.102564e-07	1.799851e+00	1.013384e+00	
2119	2.103564e-07	1.799851e+00	1.012083e+00	
2120	2.104564e-07	1.799851e+00	1.010782e+00	
2121	2.105564e-07	1.799851e+00	1.009484e+00	
2122	2.106564e-07	1.799851e+00	1.008187e+00	
2123	2.107564e-07	1.799851e+00	1.006892e+00	
2124	2.108564e-07	1.799851e+00	1.005599e+00	
2125	2.109564e-07	1.799851e+00	1.004307e+00	
2126	2.110564e-07	1.799851e+00	1.003017e+00	
2127	2.111564e-07	1.799851e+00	1.001729e+00	
2128	2.112564e-07	1.799852e+00	1.000443e+00	
2129	2.113564e-07	1.799851e+00	9.991576e-01	
2130	2.114564e-07	1.799852e+00	9.978743e-01	
2131	2.115564e-07	1.799851e+00	9.965926e-01	
2132	2.116564e-07	1.799852e+00	9.953126e-01	
2133	2.117564e-07	1.799851e+00	9.940343e-01	
2134	2.118564e-07	1.799852e+00	9.927576e-01	
2135	2.119564e-07	1.799851e+00	9.914825e-01	
2136	2.120564e-07	1.799852e+00	9.902091e-01	
2137	2.121564e-07	1.799852e+00	9.889373e-01	
2138	2.122564e-07	1.799852e+00	9.876671e-01	
2139	2.123564e-07	1.799852e+00	9.863985e-01	
2140	2.124564e-07	1.799852e+00	9.851316e-01	
2141	2.125564e-07	1.799852e+00	9.838663e-01	
2142	2.126564e-07	1.799852e+00	9.826026e-01	

Index   time            vout2           v(x2.comp_p_0/v 
--------------------------------------------------------------------------------
2143	2.127564e-07	1.799852e+00	9.813405e-01	
2144	2.128564e-07	1.799852e+00	9.800801e-01	
2145	2.129564e-07	1.799852e+00	9.788213e-01	
2146	2.130564e-07	1.799853e+00	9.775640e-01	
2147	2.131564e-07	1.799852e+00	9.763084e-01	
2148	2.132564e-07	1.799853e+00	9.750544e-01	
2149	2.133564e-07	1.799852e+00	9.738020e-01	
2150	2.134564e-07	1.799853e+00	9.725512e-01	
2151	2.135564e-07	1.799852e+00	9.713019e-01	
2152	2.136564e-07	1.799853e+00	9.700543e-01	
2153	2.137564e-07	1.799852e+00	9.688082e-01	
2154	2.138564e-07	1.799853e+00	9.675638e-01	
2155	2.139564e-07	1.799853e+00	9.663209e-01	
2156	2.140564e-07	1.799853e+00	9.650796e-01	
2157	2.141564e-07	1.799853e+00	9.638398e-01	
2158	2.142564e-07	1.799853e+00	9.626017e-01	
2159	2.143564e-07	1.799853e+00	9.613651e-01	
2160	2.144564e-07	1.799853e+00	9.601301e-01	
2161	2.145564e-07	1.799853e+00	9.588966e-01	
2162	2.146564e-07	1.799853e+00	9.576647e-01	
2163	2.147564e-07	1.799853e+00	9.564344e-01	
2164	2.148564e-07	1.799854e+00	9.552056e-01	
2165	2.149564e-07	1.799853e+00	9.539784e-01	
2166	2.150564e-07	1.799854e+00	9.527528e-01	
2167	2.151564e-07	1.799853e+00	9.515287e-01	
2168	2.152564e-07	1.799854e+00	9.503061e-01	
2169	2.153564e-07	1.799853e+00	9.490851e-01	
2170	2.154564e-07	1.799854e+00	9.478657e-01	
2171	2.155564e-07	1.799854e+00	9.466478e-01	
2172	2.156564e-07	1.799854e+00	9.454314e-01	
2173	2.157564e-07	1.799854e+00	9.442166e-01	
2174	2.158564e-07	1.799854e+00	9.430033e-01	
2175	2.159564e-07	1.799854e+00	9.417915e-01	
2176	2.160564e-07	1.799854e+00	9.405813e-01	
2177	2.161564e-07	1.799854e+00	9.393726e-01	
2178	2.162564e-07	1.799854e+00	9.381654e-01	
2179	2.163564e-07	1.799854e+00	9.369598e-01	
2180	2.164564e-07	1.799854e+00	9.357556e-01	
2181	2.165564e-07	1.799854e+00	9.345530e-01	
2182	2.166564e-07	1.799855e+00	9.333518e-01	
2183	2.167564e-07	1.799854e+00	9.321522e-01	
2184	2.168564e-07	1.799855e+00	9.309541e-01	
2185	2.169564e-07	1.799854e+00	9.297574e-01	
2186	2.170564e-07	1.799855e+00	9.285622e-01	
2187	2.171564e-07	1.799854e+00	9.273685e-01	
2188	2.172564e-07	1.799855e+00	9.261762e-01	
2189	2.173564e-07	1.799855e+00	9.249854e-01	
2190	2.174564e-07	1.799855e+00	9.237960e-01	
2191	2.175564e-07	1.799855e+00	9.226079e-01	
2192	2.176564e-07	1.799855e+00	9.214213e-01	
2193	2.177564e-07	1.799855e+00	9.202360e-01	
2194	2.178564e-07	1.799855e+00	9.190521e-01	
2195	2.179564e-07	1.799855e+00	9.178695e-01	
2196	2.180564e-07	1.799855e+00	9.166881e-01	
2197	2.181564e-07	1.799855e+00	9.155081e-01	
2198	2.182564e-07	1.799856e+00	9.143294e-01	
2199	2.183564e-07	1.799855e+00	9.131519e-01	
2200	2.184564e-07	1.799856e+00	9.119757e-01	

Index   time            vout2           v(x2.comp_p_0/v 
--------------------------------------------------------------------------------
2201	2.185564e-07	1.799855e+00	9.108008e-01	
2202	2.186564e-07	1.799856e+00	9.096271e-01	
2203	2.187564e-07	1.799855e+00	9.084547e-01	
2204	2.188564e-07	1.799856e+00	9.072837e-01	
2205	2.189564e-07	1.799855e+00	9.061139e-01	
2206	2.190564e-07	1.799856e+00	9.049454e-01	
2207	2.191564e-07	1.799856e+00	9.037783e-01	
2208	2.192564e-07	1.799856e+00	9.026125e-01	
2209	2.193564e-07	1.799856e+00	9.014481e-01	
2210	2.194564e-07	1.799856e+00	9.002850e-01	
2211	2.195564e-07	1.799856e+00	8.991233e-01	
2212	2.196564e-07	1.799856e+00	8.979629e-01	
2213	2.197564e-07	1.799856e+00	8.968040e-01	
2214	2.198564e-07	1.799856e+00	8.956464e-01	
2215	2.199564e-07	1.799856e+00	8.944903e-01	
2216	2.200564e-07	1.799857e+00	8.933356e-01	
2217	2.201564e-07	1.799856e+00	8.921823e-01	
2218	2.202564e-07	1.799857e+00	8.910305e-01	
2219	2.203564e-07	1.799856e+00	8.898800e-01	
2220	2.204564e-07	1.799857e+00	8.887311e-01	
2221	2.205564e-07	1.799856e+00	8.875835e-01	
2222	2.206564e-07	1.799857e+00	8.864374e-01	
2223	2.207564e-07	1.799857e+00	8.852928e-01	
2224	2.208564e-07	1.799857e+00	8.841496e-01	
2225	2.209564e-07	1.799857e+00	8.830079e-01	
2226	2.210564e-07	1.799857e+00	8.818676e-01	
2227	2.211564e-07	1.799857e+00	8.807288e-01	
2228	2.212564e-07	1.799857e+00	8.795915e-01	
2229	2.213564e-07	1.799857e+00	8.784556e-01	
2230	2.214564e-07	1.799857e+00	8.773212e-01	
2231	2.215564e-07	1.799857e+00	8.761882e-01	
2232	2.216564e-07	1.799857e+00	8.750567e-01	
2233	2.217564e-07	1.799857e+00	8.739267e-01	
2234	2.218564e-07	1.799858e+00	8.727981e-01	
2235	2.219564e-07	1.799857e+00	8.716709e-01	
2236	2.220564e-07	1.799858e+00	8.705453e-01	
2237	2.221564e-07	1.799857e+00	8.694211e-01	
2238	2.222564e-07	1.799858e+00	8.682983e-01	
2239	2.223564e-07	1.799857e+00	8.671770e-01	
2240	2.224564e-07	1.799858e+00	8.660572e-01	
2241	2.225564e-07	1.799858e+00	8.649388e-01	
2242	2.226564e-07	1.799858e+00	8.638219e-01	
2243	2.227564e-07	1.799858e+00	8.627064e-01	
2244	2.228564e-07	1.799858e+00	8.615924e-01	
2245	2.229564e-07	1.799858e+00	8.604798e-01	
2246	2.230564e-07	1.799858e+00	8.593687e-01	
2247	2.231564e-07	1.799858e+00	8.582590e-01	
2248	2.232564e-07	1.799858e+00	8.571507e-01	
2249	2.233564e-07	1.799858e+00	8.560439e-01	
2250	2.234564e-07	1.799858e+00	8.549385e-01	
2251	2.235564e-07	1.799858e+00	8.538346e-01	
2252	2.236564e-07	1.799859e+00	8.527321e-01	
2253	2.237564e-07	1.799858e+00	8.516311e-01	
2254	2.238564e-07	1.799859e+00	8.505315e-01	
2255	2.239564e-07	1.799858e+00	8.494333e-01	
2256	2.240564e-07	1.799859e+00	8.483365e-01	
2257	2.241564e-07	1.799858e+00	8.472412e-01	
2258	2.242564e-07	1.799859e+00	8.461473e-01	

Index   time            vout2           v(x2.comp_p_0/v 
--------------------------------------------------------------------------------
2259	2.243564e-07	1.799858e+00	8.450548e-01	
2260	2.244564e-07	1.799859e+00	8.439638e-01	
2261	2.245564e-07	1.799859e+00	8.428741e-01	
2262	2.246564e-07	1.799859e+00	8.417859e-01	
2263	2.247564e-07	1.799859e+00	8.406991e-01	
2264	2.248564e-07	1.799859e+00	8.396138e-01	
2265	2.249564e-07	1.799859e+00	8.385298e-01	
2266	2.250564e-07	1.799859e+00	8.374473e-01	
2267	2.251564e-07	1.799859e+00	8.363661e-01	
2268	2.252564e-07	1.799859e+00	8.352864e-01	
2269	2.253564e-07	1.799859e+00	8.342081e-01	
2270	2.254564e-07	1.799859e+00	8.331312e-01	
2271	2.255564e-07	1.799859e+00	8.320557e-01	
2272	2.256564e-07	1.799860e+00	8.309816e-01	
2273	2.257564e-07	1.799859e+00	8.299089e-01	
2274	2.258564e-07	1.799860e+00	8.288376e-01	
2275	2.259564e-07	1.799859e+00	8.277677e-01	
2276	2.260564e-07	1.799860e+00	8.266992e-01	
2277	2.261564e-07	1.799859e+00	8.256321e-01	
2278	2.262564e-07	1.799860e+00	8.245664e-01	
2279	2.263564e-07	1.799860e+00	8.235020e-01	
2280	2.264564e-07	1.799860e+00	8.224391e-01	
2281	2.265564e-07	1.799860e+00	8.213775e-01	
2282	2.266564e-07	1.799860e+00	8.203174e-01	
2283	2.267564e-07	1.799860e+00	8.192586e-01	
2284	2.268564e-07	1.799860e+00	8.182012e-01	
2285	2.269564e-07	1.799860e+00	8.171452e-01	
2286	2.270564e-07	1.799860e+00	8.160905e-01	
2287	2.271564e-07	1.799860e+00	8.150373e-01	
2288	2.272564e-07	1.799860e+00	8.139854e-01	
2289	2.273564e-07	1.799860e+00	8.129348e-01	
2290	2.274564e-07	1.799860e+00	8.118857e-01	
2291	2.275564e-07	1.799860e+00	8.108379e-01	
2292	2.276564e-07	1.799861e+00	8.097915e-01	
2293	2.277564e-07	1.799860e+00	8.087465e-01	
2294	2.278564e-07	1.799861e+00	8.077028e-01	
2295	2.279564e-07	1.799860e+00	8.066605e-01	
2296	2.280564e-07	1.799861e+00	8.056195e-01	
2297	2.281564e-07	1.799860e+00	8.045799e-01	
2298	2.282564e-07	1.799861e+00	8.035417e-01	
2299	2.283564e-07	1.799861e+00	8.025048e-01	
2300	2.284564e-07	1.799861e+00	8.014692e-01	
2301	2.285564e-07	1.799861e+00	8.004351e-01	
2302	2.286564e-07	1.799861e+00	7.994022e-01	
2303	2.287564e-07	1.799861e+00	7.983707e-01	
2304	2.288564e-07	1.799861e+00	7.973406e-01	
2305	2.289564e-07	1.799861e+00	7.963118e-01	
2306	2.290564e-07	1.799861e+00	7.952844e-01	
2307	2.291564e-07	1.799861e+00	7.942583e-01	
2308	2.292564e-07	1.799861e+00	7.932335e-01	
2309	2.293564e-07	1.799861e+00	7.922101e-01	
2310	2.294564e-07	1.799861e+00	7.911880e-01	
2311	2.295564e-07	1.799861e+00	7.901672e-01	
2312	2.296564e-07	1.799862e+00	7.891478e-01	
2313	2.297564e-07	1.799861e+00	7.881297e-01	
2314	2.298564e-07	1.799862e+00	7.871129e-01	
2315	2.299564e-07	1.799861e+00	7.860975e-01	
2316	2.300564e-07	1.799862e+00	7.850833e-01	

Index   time            vout2           v(x2.comp_p_0/v 
--------------------------------------------------------------------------------
2317	2.301564e-07	1.799861e+00	7.840706e-01	
2318	2.302564e-07	1.799862e+00	7.830591e-01	
2319	2.303564e-07	1.799861e+00	7.820489e-01	
2320	2.304564e-07	1.799862e+00	7.810401e-01	
2321	2.305564e-07	1.799862e+00	7.800326e-01	
2322	2.306564e-07	1.799862e+00	7.790264e-01	
2323	2.307564e-07	1.799862e+00	7.780215e-01	
2324	2.308564e-07	1.799862e+00	7.770179e-01	
2325	2.309564e-07	1.799862e+00	7.760156e-01	
2326	2.310564e-07	1.799862e+00	7.750147e-01	
2327	2.311564e-07	1.799862e+00	7.740150e-01	
2328	2.312564e-07	1.799862e+00	7.730167e-01	
2329	2.313564e-07	1.799862e+00	7.720196e-01	
2330	2.314564e-07	1.799862e+00	7.710239e-01	
2331	2.315564e-07	1.799862e+00	7.700294e-01	
2332	2.316564e-07	1.799862e+00	7.690363e-01	
2333	2.317564e-07	1.799862e+00	7.680444e-01	
2334	2.318564e-07	1.799863e+00	7.670539e-01	
2335	2.319564e-07	1.799862e+00	7.660646e-01	
2336	2.320564e-07	1.799863e+00	7.650766e-01	
2337	2.321564e-07	1.799862e+00	7.640899e-01	
2338	2.322564e-07	1.799863e+00	7.631045e-01	
2339	2.323564e-07	1.799862e+00	7.621204e-01	
2340	2.324564e-07	1.799863e+00	7.611376e-01	
2341	2.325564e-07	1.799863e+00	7.601560e-01	
2342	2.326564e-07	1.799863e+00	7.591757e-01	
2343	2.327564e-07	1.799863e+00	7.581967e-01	
2344	2.328564e-07	1.799863e+00	7.572190e-01	
2345	2.329564e-07	1.799863e+00	7.562426e-01	
2346	2.330564e-07	1.799863e+00	7.552674e-01	
2347	2.331564e-07	1.799863e+00	7.542935e-01	
2348	2.332564e-07	1.799863e+00	7.533209e-01	
2349	2.333564e-07	1.799863e+00	7.523495e-01	
2350	2.334564e-07	1.799863e+00	7.513794e-01	
2351	2.335564e-07	1.799863e+00	7.504106e-01	
2352	2.336564e-07	1.799863e+00	7.494430e-01	
2353	2.337564e-07	1.799863e+00	7.484767e-01	
2354	2.338564e-07	1.799863e+00	7.475116e-01	
2355	2.339564e-07	1.799863e+00	7.465478e-01	
2356	2.340564e-07	1.799864e+00	7.455853e-01	
2357	2.341564e-07	1.799863e+00	7.446240e-01	
2358	2.342564e-07	1.799864e+00	7.436640e-01	
2359	2.343564e-07	1.799863e+00	7.427052e-01	
2360	2.344564e-07	1.799864e+00	7.417476e-01	
2361	2.345564e-07	1.799863e+00	7.407913e-01	
2362	2.346564e-07	1.799864e+00	7.398363e-01	
2363	2.347564e-07	1.799863e+00	7.388825e-01	
2364	2.348564e-07	1.799864e+00	7.379299e-01	
2365	2.349564e-07	1.799864e+00	7.369786e-01	
2366	2.350564e-07	1.799864e+00	7.360285e-01	
2367	2.351564e-07	1.799864e+00	7.350797e-01	
2368	2.352564e-07	1.799864e+00	7.341320e-01	
2369	2.353564e-07	1.799864e+00	7.331857e-01	
2370	2.354564e-07	1.799864e+00	7.322405e-01	
2371	2.355564e-07	1.799864e+00	7.312966e-01	
2372	2.356564e-07	1.799864e+00	7.303539e-01	
2373	2.357564e-07	1.799864e+00	7.294124e-01	
2374	2.358564e-07	1.799864e+00	7.284722e-01	

Index   time            vout2           v(x2.comp_p_0/v 
--------------------------------------------------------------------------------
2375	2.359564e-07	1.799864e+00	7.275331e-01	
2376	2.360564e-07	1.799864e+00	7.265953e-01	
2377	2.361564e-07	1.799864e+00	7.256588e-01	
2378	2.362564e-07	1.799864e+00	7.247234e-01	
2379	2.363564e-07	1.799864e+00	7.237892e-01	
2380	2.364564e-07	1.799865e+00	7.228563e-01	
2381	2.365564e-07	1.799864e+00	7.219246e-01	
2382	2.366564e-07	1.799865e+00	7.209940e-01	
2383	2.367564e-07	1.799864e+00	7.200647e-01	
2384	2.368564e-07	1.799865e+00	7.191366e-01	
2385	2.369564e-07	1.799864e+00	7.182097e-01	
2386	2.370564e-07	1.799865e+00	7.172840e-01	
2387	2.371564e-07	1.799864e+00	7.163596e-01	
2388	2.372564e-07	1.799865e+00	7.154363e-01	
2389	2.373564e-07	1.799865e+00	7.145142e-01	
2390	2.374564e-07	1.799865e+00	7.135933e-01	
2391	2.375564e-07	1.799865e+00	7.126736e-01	
2392	2.376564e-07	1.799865e+00	7.117551e-01	
2393	2.377564e-07	1.799865e+00	7.108377e-01	
2394	2.378564e-07	1.799865e+00	7.099216e-01	
2395	2.379564e-07	1.799865e+00	7.090067e-01	
2396	2.380564e-07	1.799865e+00	7.080929e-01	
2397	2.381564e-07	1.799865e+00	7.071804e-01	
2398	2.382564e-07	1.799865e+00	7.062690e-01	
2399	2.383564e-07	1.799865e+00	7.053588e-01	
2400	2.384564e-07	1.799865e+00	7.044498e-01	
2401	2.385564e-07	1.799865e+00	7.035419e-01	
2402	2.386564e-07	1.799865e+00	7.026352e-01	
2403	2.387564e-07	1.799865e+00	7.017297e-01	
2404	2.388564e-07	1.799865e+00	7.008254e-01	
2405	2.389564e-07	1.799865e+00	6.999223e-01	
2406	2.390564e-07	1.799866e+00	6.990203e-01	
2407	2.391564e-07	1.799865e+00	6.981195e-01	
2408	2.392564e-07	1.799866e+00	6.972199e-01	
2409	2.393564e-07	1.799865e+00	6.963214e-01	
2410	2.394564e-07	1.799866e+00	6.954241e-01	
2411	2.395564e-07	1.799865e+00	6.945279e-01	
2412	2.396564e-07	1.799866e+00	6.936329e-01	
2413	2.397564e-07	1.799866e+00	6.927391e-01	
2414	2.398564e-07	1.799866e+00	6.918464e-01	
2415	2.399564e-07	1.799866e+00	6.909549e-01	
2416	2.400564e-07	1.799866e+00	6.900645e-01	
2417	2.401564e-07	1.799866e+00	6.891753e-01	
2418	2.402564e-07	1.799866e+00	6.882872e-01	
2419	2.403564e-07	1.799866e+00	6.874003e-01	
2420	2.404564e-07	1.799866e+00	6.865146e-01	
2421	2.405564e-07	1.799866e+00	6.856299e-01	
2422	2.406564e-07	1.799866e+00	6.847465e-01	
2423	2.407564e-07	1.799866e+00	6.838641e-01	
2424	2.408564e-07	1.799866e+00	6.829830e-01	
2425	2.409564e-07	1.799866e+00	6.821029e-01	
2426	2.410564e-07	1.799866e+00	6.812240e-01	
2427	2.411564e-07	1.799866e+00	6.803462e-01	
2428	2.412564e-07	1.799866e+00	6.794696e-01	
2429	2.413564e-07	1.799866e+00	6.785941e-01	
2430	2.414564e-07	1.799866e+00	6.777197e-01	
2431	2.415564e-07	1.799866e+00	6.768465e-01	
2432	2.416564e-07	1.799867e+00	6.759744e-01	

Index   time            vout2           v(x2.comp_p_0/v 
--------------------------------------------------------------------------------
2433	2.417564e-07	1.799866e+00	6.751034e-01	
2434	2.418564e-07	1.799867e+00	6.742335e-01	
2435	2.419564e-07	1.799866e+00	6.733648e-01	
2436	2.420564e-07	1.799867e+00	6.724972e-01	
2437	2.421564e-07	1.799866e+00	6.716307e-01	
2438	2.422564e-07	1.799867e+00	6.707654e-01	
2439	2.423564e-07	1.799866e+00	6.699011e-01	
2440	2.424564e-07	1.799867e+00	6.690380e-01	
2441	2.425564e-07	1.799867e+00	6.681760e-01	
2442	2.426564e-07	1.799867e+00	6.673151e-01	
2443	2.427564e-07	1.799867e+00	6.664554e-01	
2444	2.428564e-07	1.799867e+00	6.655967e-01	
2445	2.429564e-07	1.799867e+00	6.647392e-01	
2446	2.430564e-07	1.799867e+00	6.638827e-01	
2447	2.431564e-07	1.799867e+00	6.630274e-01	
2448	2.432564e-07	1.799867e+00	6.621732e-01	
2449	2.433564e-07	1.799867e+00	6.613201e-01	
2450	2.434564e-07	1.799867e+00	6.604681e-01	
2451	2.435564e-07	1.799867e+00	6.596172e-01	
2452	2.436564e-07	1.799867e+00	6.587675e-01	
2453	2.437564e-07	1.799867e+00	6.579188e-01	
2454	2.438564e-07	1.799867e+00	6.570712e-01	
2455	2.439564e-07	1.799867e+00	6.562247e-01	
2456	2.440564e-07	1.799867e+00	6.553794e-01	
2457	2.441564e-07	1.799867e+00	6.545351e-01	
2458	2.442564e-07	1.799867e+00	6.536919e-01	
2459	2.443564e-07	1.799867e+00	6.528498e-01	
2460	2.444564e-07	1.799868e+00	6.520089e-01	
2461	2.445564e-07	1.799867e+00	6.511690e-01	
2462	2.446564e-07	1.799868e+00	6.503302e-01	
2463	2.447564e-07	1.799867e+00	6.494925e-01	
2464	2.448564e-07	1.799868e+00	6.486559e-01	
2465	2.449564e-07	1.799867e+00	6.478204e-01	
2466	2.450564e-07	1.799868e+00	6.469860e-01	
2467	2.451564e-07	1.799868e+00	6.461526e-01	
2468	2.452564e-07	1.799868e+00	6.453204e-01	
2469	2.453564e-07	1.799868e+00	6.444893e-01	
2470	2.454564e-07	1.799868e+00	6.436592e-01	
2471	2.455564e-07	1.799868e+00	6.428302e-01	
2472	2.456564e-07	1.799868e+00	6.420023e-01	
2473	2.457564e-07	1.799868e+00	6.411755e-01	
2474	2.458564e-07	1.799868e+00	6.403498e-01	
2475	2.459564e-07	1.799868e+00	6.395252e-01	
2476	2.460564e-07	1.799868e+00	6.387016e-01	
2477	2.461564e-07	1.799868e+00	6.378791e-01	
2478	2.462564e-07	1.799868e+00	6.370578e-01	
2479	2.463564e-07	1.799868e+00	6.362374e-01	
2480	2.464564e-07	1.799868e+00	6.354182e-01	
2481	2.465564e-07	1.799868e+00	6.346000e-01	
2482	2.466564e-07	1.799868e+00	6.337830e-01	
2483	2.467564e-07	1.799868e+00	6.329670e-01	
2484	2.468564e-07	1.799868e+00	6.321520e-01	
2485	2.469564e-07	1.799868e+00	6.313382e-01	
2486	2.470564e-07	1.799868e+00	6.305254e-01	
2487	2.471564e-07	1.799868e+00	6.297136e-01	
2488	2.472564e-07	1.799868e+00	6.289030e-01	
2489	2.473564e-07	1.799868e+00	6.280934e-01	
2490	2.474564e-07	1.799869e+00	6.272849e-01	

Index   time            vout2           v(x2.comp_p_0/v 
--------------------------------------------------------------------------------
2491	2.475564e-07	1.799868e+00	6.264774e-01	
2492	2.476564e-07	1.799869e+00	6.256711e-01	
2493	2.477564e-07	1.799868e+00	6.248657e-01	
2494	2.478564e-07	1.799869e+00	6.240615e-01	
2495	2.479564e-07	1.799868e+00	6.232583e-01	
2496	2.480564e-07	1.799869e+00	6.224561e-01	
2497	2.481564e-07	1.799869e+00	6.216550e-01	
2498	2.482564e-07	1.799869e+00	6.208550e-01	
2499	2.483564e-07	1.799869e+00	6.200560e-01	
2500	2.484564e-07	1.799869e+00	6.192581e-01	
2501	2.485564e-07	1.799869e+00	6.184612e-01	
2502	2.486564e-07	1.799869e+00	6.176654e-01	
2503	2.487564e-07	1.799869e+00	6.168706e-01	
2504	2.488564e-07	1.799869e+00	6.160769e-01	
2505	2.489564e-07	1.799869e+00	6.152842e-01	
2506	2.490564e-07	1.799869e+00	6.144926e-01	
2507	2.491564e-07	1.799869e+00	6.137020e-01	
2508	2.492564e-07	1.799869e+00	6.129125e-01	
2509	2.493564e-07	1.799869e+00	6.121240e-01	
2510	2.494564e-07	1.799869e+00	6.113365e-01	
2511	2.495564e-07	1.799869e+00	6.105501e-01	
2512	2.496564e-07	1.799869e+00	6.097647e-01	
2513	2.497564e-07	1.799869e+00	6.089803e-01	
2514	2.498564e-07	1.799869e+00	6.081970e-01	
2515	2.499564e-07	1.799869e+00	6.074147e-01	
2516	2.500564e-07	1.799869e+00	6.066335e-01	
2517	2.501564e-07	1.799869e+00	6.058532e-01	
2518	2.502564e-07	1.799869e+00	6.050740e-01	
2519	2.503564e-07	1.799869e+00	6.042959e-01	
2520	2.504564e-07	1.799870e+00	6.035187e-01	
2521	2.505564e-07	1.799869e+00	6.027426e-01	
2522	2.506564e-07	1.799870e+00	6.019675e-01	
2523	2.507564e-07	1.799869e+00	6.011934e-01	
2524	2.508564e-07	1.799870e+00	6.004204e-01	
2525	2.509564e-07	1.799869e+00	5.996483e-01	
2526	2.510564e-07	1.799870e+00	5.988773e-01	
2527	2.511564e-07	1.799869e+00	5.981073e-01	
2528	2.512564e-07	1.799870e+00	5.973383e-01	
2529	2.513564e-07	1.799870e+00	5.965704e-01	
2530	2.514564e-07	1.799870e+00	5.958034e-01	
2531	2.515564e-07	1.799870e+00	5.950374e-01	
2532	2.516564e-07	1.799870e+00	5.942725e-01	
2533	2.517564e-07	1.799870e+00	5.935085e-01	
2534	2.518564e-07	1.799870e+00	5.927456e-01	
2535	2.519564e-07	1.799870e+00	5.919837e-01	
2536	2.520564e-07	1.799870e+00	5.912228e-01	
2537	2.521564e-07	1.799870e+00	5.904628e-01	
2538	2.522564e-07	1.799870e+00	5.897039e-01	
2539	2.523564e-07	1.799870e+00	5.889460e-01	
2540	2.524564e-07	1.799870e+00	5.881891e-01	
2541	2.525564e-07	1.799870e+00	5.874332e-01	
2542	2.526564e-07	1.799870e+00	5.866782e-01	
2543	2.527564e-07	1.799870e+00	5.859243e-01	
2544	2.528564e-07	1.799870e+00	5.851713e-01	
2545	2.529564e-07	1.799870e+00	5.844194e-01	
2546	2.530564e-07	1.799870e+00	5.836684e-01	
2547	2.531564e-07	1.799870e+00	5.829185e-01	
2548	2.532564e-07	1.799870e+00	5.821695e-01	

Index   time            vout2           v(x2.comp_p_0/v 
--------------------------------------------------------------------------------
2549	2.533564e-07	1.799870e+00	5.814215e-01	
2550	2.534564e-07	1.799870e+00	5.806744e-01	
2551	2.535564e-07	1.799870e+00	5.799284e-01	
2552	2.536564e-07	1.799870e+00	5.791834e-01	
2553	2.537564e-07	1.799870e+00	5.784393e-01	
2554	2.538564e-07	1.799871e+00	5.776962e-01	
2555	2.539564e-07	1.799870e+00	5.769541e-01	
2556	2.540564e-07	1.799871e+00	5.762129e-01	
2557	2.541564e-07	1.799870e+00	5.754728e-01	
2558	2.542564e-07	1.799871e+00	5.747336e-01	
2559	2.543564e-07	1.799870e+00	5.739954e-01	
2560	2.544564e-07	1.799871e+00	5.732581e-01	
2561	2.545564e-07	1.799871e+00	5.725218e-01	
2562	2.546564e-07	1.799871e+00	5.717865e-01	
2563	2.547564e-07	1.799871e+00	5.710522e-01	
2564	2.548564e-07	1.799871e+00	5.703188e-01	
2565	2.549564e-07	1.799871e+00	5.695864e-01	
2566	2.550564e-07	1.799871e+00	5.688549e-01	
2567	2.551564e-07	1.799871e+00	5.681244e-01	
2568	2.552564e-07	1.799871e+00	5.673949e-01	
2569	2.553564e-07	1.799871e+00	5.666663e-01	
2570	2.554564e-07	1.799871e+00	5.659386e-01	
2571	2.555564e-07	1.799871e+00	5.652119e-01	
2572	2.556564e-07	1.799871e+00	5.644862e-01	
2573	2.557564e-07	1.799871e+00	5.637614e-01	
2574	2.558564e-07	1.799871e+00	5.630376e-01	
2575	2.559564e-07	1.799871e+00	5.623147e-01	
2576	2.560564e-07	1.799871e+00	5.615927e-01	
2577	2.561564e-07	1.799871e+00	5.608717e-01	
2578	2.562564e-07	1.799871e+00	5.601516e-01	
2579	2.563564e-07	1.799871e+00	5.594325e-01	
2580	2.564564e-07	1.799871e+00	5.587143e-01	
2581	2.565564e-07	1.799871e+00	5.579969e-01	
2582	2.566564e-07	1.799871e+00	5.572806e-01	
2583	2.567564e-07	1.799871e+00	5.565651e-01	
2584	2.568564e-07	1.799871e+00	5.558505e-01	
2585	2.569564e-07	1.799871e+00	5.551368e-01	
2586	2.570564e-07	1.799871e+00	5.544241e-01	
2587	2.571564e-07	1.799871e+00	5.537122e-01	
2588	2.572564e-07	1.799872e+00	5.530012e-01	
2589	2.573564e-07	1.799871e+00	5.522910e-01	
2590	2.574564e-07	1.799872e+00	5.515817e-01	
2591	2.575564e-07	1.799871e+00	5.508733e-01	
2592	2.576564e-07	1.799872e+00	5.501656e-01	
2593	2.577564e-07	1.799871e+00	5.494588e-01	
2594	2.578564e-07	1.799872e+00	5.487528e-01	
2595	2.579564e-07	1.799871e+00	5.480476e-01	
2596	2.580564e-07	1.799872e+00	5.473432e-01	
2597	2.581564e-07	1.799872e+00	5.466395e-01	
2598	2.582564e-07	1.799872e+00	5.459365e-01	
2599	2.583564e-07	1.799872e+00	5.452343e-01	
2600	2.584564e-07	1.799872e+00	5.445328e-01	
2601	2.585564e-07	1.799872e+00	5.438319e-01	
2602	2.586564e-07	1.799872e+00	5.431318e-01	
2603	2.587564e-07	1.799872e+00	5.424323e-01	
2604	2.588564e-07	1.799872e+00	5.417335e-01	
2605	2.589564e-07	1.799872e+00	5.410353e-01	
2606	2.590564e-07	1.799872e+00	5.403378e-01	

Index   time            vout2           v(x2.comp_p_0/v 
--------------------------------------------------------------------------------
2607	2.591564e-07	1.799872e+00	5.396409e-01	
2608	2.592564e-07	1.799872e+00	5.389446e-01	
2609	2.593564e-07	1.799872e+00	5.382491e-01	
2610	2.594564e-07	1.799872e+00	5.375541e-01	
2611	2.595564e-07	1.799872e+00	5.368599e-01	
2612	2.596564e-07	1.799872e+00	5.361663e-01	
2613	2.597564e-07	1.799872e+00	5.354734e-01	
2614	2.598564e-07	1.799872e+00	5.347812e-01	
2615	2.599564e-07	1.799872e+00	5.340898e-01	
2616	2.600564e-07	1.799872e+00	5.333990e-01	
2617	2.601564e-07	1.799872e+00	5.327091e-01	
2618	2.602564e-07	1.799872e+00	5.320198e-01	
2619	2.603564e-07	1.799872e+00	5.313314e-01	
2620	2.604564e-07	1.799872e+00	5.306437e-01	
2621	2.605564e-07	1.799872e+00	5.299568e-01	
2622	2.606564e-07	1.799872e+00	5.292708e-01	
2623	2.607564e-07	1.799872e+00	5.285855e-01	
2624	2.608564e-07	1.799872e+00	5.279010e-01	
2625	2.609564e-07	1.799872e+00	5.272174e-01	
2626	2.610564e-07	1.799872e+00	5.265346e-01	
2627	2.611564e-07	1.799872e+00	5.258526e-01	
2628	2.612564e-07	1.799872e+00	5.251715e-01	
2629	2.613564e-07	1.799872e+00	5.244911e-01	
2630	2.614564e-07	1.799872e+00	5.238117e-01	
2631	2.615564e-07	1.799872e+00	5.231330e-01	
2632	2.616564e-07	1.799872e+00	5.224553e-01	
2633	2.617564e-07	1.799872e+00	5.217784e-01	
2634	2.618564e-07	1.799873e+00	5.211023e-01	
2635	2.619564e-07	1.799872e+00	5.204271e-01	
2636	2.620564e-07	1.799873e+00	5.197528e-01	
2637	2.621564e-07	1.799872e+00	5.190793e-01	
2638	2.622564e-07	1.799873e+00	5.184068e-01	
2639	2.623564e-07	1.799872e+00	5.177351e-01	
2640	2.624564e-07	1.799873e+00	5.170642e-01	
2641	2.625564e-07	1.799872e+00	5.163943e-01	
2642	2.626564e-07	1.799873e+00	5.157252e-01	
2643	2.627564e-07	1.799872e+00	5.150570e-01	
2644	2.628564e-07	1.799873e+00	5.143897e-01	
2645	2.629564e-07	1.799872e+00	5.137232e-01	
2646	2.630564e-07	1.799873e+00	5.130577e-01	
2647	2.631564e-07	1.799873e+00	5.123929e-01	
2648	2.632564e-07	1.799873e+00	5.117291e-01	
2649	2.633564e-07	1.799873e+00	5.110661e-01	
2650	2.634564e-07	1.799873e+00	5.104040e-01	
2651	2.635564e-07	1.799873e+00	5.097428e-01	
2652	2.636564e-07	1.799873e+00	5.090824e-01	
2653	2.637564e-07	1.799873e+00	5.084229e-01	
2654	2.638564e-07	1.799873e+00	5.077642e-01	
2655	2.639564e-07	1.799873e+00	5.071064e-01	
2656	2.640564e-07	1.799873e+00	5.064494e-01	
2657	2.641564e-07	1.799873e+00	5.057933e-01	
2658	2.642564e-07	1.799873e+00	5.051380e-01	
2659	2.643564e-07	1.799873e+00	5.044836e-01	
2660	2.644564e-07	1.799873e+00	5.038300e-01	
2661	2.645564e-07	1.799873e+00	5.031772e-01	
2662	2.646564e-07	1.799873e+00	5.025253e-01	
2663	2.647564e-07	1.799873e+00	5.018743e-01	
2664	2.648564e-07	1.799873e+00	5.012240e-01	

Index   time            vout2           v(x2.comp_p_0/v 
--------------------------------------------------------------------------------
2665	2.649564e-07	1.799873e+00	5.005747e-01	
2666	2.650564e-07	1.799873e+00	4.999261e-01	
2667	2.651564e-07	1.799873e+00	4.992784e-01	
2668	2.652564e-07	1.799873e+00	4.986315e-01	
2669	2.653564e-07	1.799873e+00	4.979855e-01	
2670	2.654564e-07	1.799873e+00	4.973402e-01	
2671	2.655564e-07	1.799873e+00	4.966959e-01	
2672	2.656564e-07	1.799873e+00	4.960523e-01	
2673	2.657564e-07	1.799873e+00	4.954096e-01	
2674	2.658564e-07	1.799873e+00	4.947677e-01	
2675	2.659564e-07	1.799873e+00	4.941266e-01	
2676	2.660564e-07	1.799873e+00	4.934864e-01	
2677	2.661564e-07	1.799873e+00	4.928469e-01	
2678	2.662564e-07	1.799873e+00	4.922083e-01	
2679	2.663564e-07	1.799873e+00	4.915706e-01	
2680	2.664564e-07	1.799873e+00	4.909336e-01	
2681	2.665564e-07	1.799873e+00	4.902975e-01	
2682	2.666564e-07	1.799873e+00	4.896622e-01	
2683	2.667564e-07	1.799873e+00	4.890277e-01	
2684	2.668564e-07	1.799873e+00	4.883940e-01	
2685	2.669564e-07	1.799873e+00	4.877612e-01	
2686	2.670564e-07	1.799873e+00	4.871291e-01	
2687	2.671564e-07	1.799873e+00	4.864979e-01	
2688	2.672564e-07	1.799873e+00	4.858675e-01	
2689	2.673564e-07	1.799873e+00	4.852379e-01	
2690	2.674564e-07	1.799873e+00	4.846091e-01	
2691	2.675564e-07	1.799873e+00	4.839812e-01	
2692	2.676564e-07	1.799873e+00	4.833540e-01	
2693	2.677564e-07	1.799873e+00	4.827277e-01	
2694	2.678564e-07	1.799873e+00	4.821021e-01	
2695	2.679564e-07	1.799873e+00	4.814774e-01	
2696	2.680345e-07	1.799873e+00	4.809899e-01	
2697	2.681187e-07	1.799873e+00	4.804654e-01	
2698	2.682137e-07	1.799873e+00	4.798735e-01	
2699	2.683135e-07	1.799873e+00	4.792529e-01	
2700	2.684135e-07	1.799873e+00	4.786318e-01	
2701	2.685135e-07	1.799873e+00	4.780116e-01	
2702	2.686135e-07	1.799873e+00	4.773921e-01	
2703	2.687135e-07	1.799873e+00	4.767735e-01	
2704	2.688135e-07	1.799873e+00	4.761556e-01	
2705	2.689135e-07	1.799873e+00	4.755385e-01	
2706	2.690135e-07	1.799873e+00	4.749223e-01	
2707	2.691135e-07	1.799873e+00	4.743068e-01	
2708	2.692135e-07	1.799873e+00	4.736921e-01	
2709	2.693135e-07	1.799873e+00	4.730782e-01	
2710	2.694135e-07	1.799873e+00	4.724651e-01	
2711	2.695135e-07	1.799872e+00	4.718527e-01	
2712	2.696135e-07	1.799873e+00	4.712412e-01	
2713	2.697135e-07	1.799872e+00	4.706304e-01	
2714	2.698135e-07	1.799872e+00	4.700204e-01	
2715	2.699135e-07	1.799872e+00	4.694112e-01	
2716	2.700135e-07	1.799872e+00	4.688028e-01	
2717	2.701135e-07	1.799872e+00	4.681951e-01	
2718	2.702135e-07	1.799872e+00	4.675883e-01	
2719	2.703135e-07	1.799871e+00	4.669821e-01	
2720	2.704135e-07	1.799871e+00	4.663768e-01	
2721	2.705135e-07	1.799871e+00	4.657722e-01	
2722	2.706135e-07	1.799871e+00	4.651684e-01	

Index   time            vout2           v(x2.comp_p_0/v 
--------------------------------------------------------------------------------
2723	2.707135e-07	1.799870e+00	4.645654e-01	
2724	2.708135e-07	1.799870e+00	4.639631e-01	
2725	2.709135e-07	1.799870e+00	4.633616e-01	
2726	2.710135e-07	1.799870e+00	4.627609e-01	
2727	2.711135e-07	1.799869e+00	4.621609e-01	
2728	2.712135e-07	1.799869e+00	4.615617e-01	
2729	2.713135e-07	1.799868e+00	4.609632e-01	
2730	2.714135e-07	1.799868e+00	4.603656e-01	
2731	2.715135e-07	1.799868e+00	4.597686e-01	
2732	2.716135e-07	1.799867e+00	4.591725e-01	
2733	2.717135e-07	1.799867e+00	4.585771e-01	
2734	2.718135e-07	1.799867e+00	4.579825e-01	
2735	2.719135e-07	1.799866e+00	4.573887e-01	
2736	2.720135e-07	1.799866e+00	4.567956e-01	
2737	2.721135e-07	1.799865e+00	4.562032e-01	
2738	2.722135e-07	1.799864e+00	4.556117e-01	
2739	2.723135e-07	1.799864e+00	4.550208e-01	
2740	2.724135e-07	1.799863e+00	4.544307e-01	
2741	2.725135e-07	1.799862e+00	4.538414e-01	
2742	2.726135e-07	1.799862e+00	4.532527e-01	
2743	2.727135e-07	1.799861e+00	4.526649e-01	
2744	2.728135e-07	1.799861e+00	4.520777e-01	
2745	2.729135e-07	1.799860e+00	4.514912e-01	
2746	2.730135e-07	1.799860e+00	4.509055e-01	
2747	2.731135e-07	1.799859e+00	4.503205e-01	
2748	2.732135e-07	1.799859e+00	4.497362e-01	
2749	2.733135e-07	1.799859e+00	4.491526e-01	
2750	2.734135e-07	1.799860e+00	4.485698e-01	
2751	2.735135e-07	1.799861e+00	4.479877e-01	
2752	2.736135e-07	1.799863e+00	4.474063e-01	
2753	2.737135e-07	1.799866e+00	4.468257e-01	
2754	2.738135e-07	1.799871e+00	4.462457e-01	
2755	2.739135e-07	1.799880e+00	4.456665e-01	
2756	2.740135e-07	1.799893e+00	4.450881e-01	
2757	2.741135e-07	1.799911e+00	4.445103e-01	
2758	2.742135e-07	1.799938e+00	4.439333e-01	
2759	2.743135e-07	1.799975e+00	4.433570e-01	
2760	2.744135e-07	1.800025e+00	4.427815e-01	
2761	2.745135e-07	1.800091e+00	4.422066e-01	
2762	2.746135e-07	1.800176e+00	4.416326e-01	
2763	2.747135e-07	1.800288e+00	4.410593e-01	
2764	2.748135e-07	1.800436e+00	4.404868e-01	
2765	2.749135e-07	1.800638e+00	4.399153e-01	
2766	2.750135e-07	1.800923e+00	4.393447e-01	
2767	2.751135e-07	1.801349e+00	4.387755e-01	
2768	2.752135e-07	1.802032e+00	4.382079e-01	
2769	2.753135e-07	1.803200e+00	4.376428e-01	
2770	2.754135e-07	1.805230e+00	4.370816e-01	
2771	2.755135e-07	1.808262e+00	4.365268e-01	
2772	2.756135e-07	1.812471e+00	4.359840e-01	
2773	2.757135e-07	1.819021e+00	4.354657e-01	
2774	2.758135e-07	1.833028e+00	4.350456e-01	
2775	2.759135e-07	1.774859e+00	4.351924e-01	
2776	2.760135e-07	2.450926e-01	4.364286e-01	
2777	2.761135e-07	-4.86925e-02	4.381376e-01	
2778	2.762135e-07	4.476407e-02	4.398718e-01	
2779	2.763135e-07	-3.71403e-02	4.416281e-01	
2780	2.764135e-07	3.280789e-02	4.433747e-01	

Index   time            vout2           v(x2.comp_p_0/v 
--------------------------------------------------------------------------------
2781	2.765135e-07	-2.78398e-02	4.451262e-01	
2782	2.766135e-07	2.449436e-02	4.468724e-01	
2783	2.767135e-07	-2.09070e-02	4.486192e-01	
2784	2.768135e-07	1.834186e-02	4.503629e-01	
2785	2.769135e-07	-1.57209e-02	4.521056e-01	
2786	2.770135e-07	1.376174e-02	4.538460e-01	
2787	2.771135e-07	-1.18317e-02	4.555846e-01	
2788	2.772135e-07	1.034023e-02	4.573212e-01	
2789	2.773135e-07	-8.91078e-03	4.590557e-01	
2790	2.774135e-07	7.778149e-03	4.607883e-01	
2791	2.775135e-07	-6.71486e-03	4.625186e-01	
2792	2.776135e-07	5.856406e-03	4.642470e-01	
2793	2.777135e-07	-5.06294e-03	4.659731e-01	
2794	2.778135e-07	4.413230e-03	4.676972e-01	
2795	2.779135e-07	-3.81969e-03	4.694189e-01	
2796	2.780135e-07	3.328498e-03	4.711386e-01	
2797	2.781135e-07	-2.88371e-03	4.728560e-01	
2798	2.782135e-07	2.512656e-03	4.745713e-01	
2799	2.783135e-07	-2.17888e-03	4.762843e-01	
2800	2.784135e-07	1.898756e-03	4.779952e-01	
2801	2.785135e-07	-1.64803e-03	4.797037e-01	
2802	2.786135e-07	1.436646e-03	4.814101e-01	
2803	2.787135e-07	-1.24815e-03	4.831142e-01	
2804	2.788135e-07	1.088698e-03	4.848162e-01	
2805	2.789135e-07	-9.46911e-04	4.865158e-01	
2806	2.790135e-07	8.266549e-04	4.882134e-01	
2807	2.791135e-07	-7.19951e-04	4.899086e-01	
2808	2.792135e-07	6.292737e-04	4.916016e-01	
2809	2.793135e-07	-5.48944e-04	4.932923e-01	
2810	2.794135e-07	4.805781e-04	4.949810e-01	
2811	2.795135e-07	-4.20087e-04	4.966672e-01	
2812	2.796135e-07	3.685460e-04	4.983514e-01	
2813	2.797135e-07	-3.22983e-04	5.000332e-01	
2814	2.798135e-07	2.841282e-04	5.017130e-01	
2815	2.799135e-07	-2.49803e-04	5.033903e-01	
2816	2.800135e-07	2.205112e-04	5.050656e-01	
2817	2.801135e-07	-1.94648e-04	5.067386e-01	
2818	2.802135e-07	1.725639e-04	5.084094e-01	
2819	2.803135e-07	-1.53072e-04	5.100779e-01	
2820	2.804135e-07	1.364217e-04	5.117444e-01	
2821	2.805135e-07	-1.21730e-04	5.134085e-01	
2822	2.806135e-07	1.091737e-04	5.150705e-01	
2823	2.807135e-07	-9.80968e-05	5.167302e-01	
2824	2.808135e-07	8.862674e-05	5.183878e-01	
2825	2.809135e-07	-8.02734e-05	5.200430e-01	
2826	2.810135e-07	7.312885e-05	5.216963e-01	
2827	2.811135e-07	-6.58138e-05	5.233471e-01	
2828	2.812135e-07	6.258033e-05	5.249960e-01	
2829	2.813135e-07	-5.57334e-05	5.266425e-01	
2830	2.814135e-07	5.354396e-05	5.282869e-01	
2831	2.815135e-07	-4.81609e-05	5.299290e-01	
2832	2.816135e-07	4.672600e-05	5.315691e-01	
2833	2.817135e-07	-4.24453e-05	5.332069e-01	
2834	2.818135e-07	4.157668e-05	5.348426e-01	
2835	2.819135e-07	-3.81270e-05	5.364760e-01	
2836	2.820135e-07	3.768359e-05	5.381074e-01	
2837	2.821135e-07	-3.48604e-05	5.397364e-01	
2838	2.822135e-07	3.473628e-05	5.413635e-01	

Index   time            vout2           v(x2.comp_p_0/v 
--------------------------------------------------------------------------------
2839	2.823135e-07	-3.23855e-05	5.429882e-01	
2840	2.824135e-07	3.250111e-05	5.446109e-01	
2841	2.825135e-07	-3.05066e-05	5.462313e-01	
2842	2.826135e-07	3.080213e-05	5.478497e-01	
2843	2.827135e-07	-2.90766e-05	5.494658e-01	
2844	2.828135e-07	2.950688e-05	5.510799e-01	
2845	2.829135e-07	-2.79844e-05	5.526917e-01	
2846	2.830135e-07	2.851562e-05	5.543015e-01	
2847	2.831135e-07	-2.71466e-05	5.559091e-01	
2848	2.832135e-07	2.775328e-05	5.575146e-01	
2849	2.833135e-07	-2.65003e-05	5.591178e-01	
2850	2.834135e-07	2.716333e-05	5.607191e-01	
2851	2.835135e-07	-2.59984e-05	5.623181e-01	
2852	2.836135e-07	2.670319e-05	5.639151e-01	
2853	2.837135e-07	-2.56050e-05	5.655099e-01	
2854	2.838135e-07	2.634083e-05	5.671026e-01	
2855	2.839135e-07	-2.52935e-05	5.686932e-01	
2856	2.840135e-07	2.605212e-05	5.702817e-01	
2857	2.841135e-07	-2.50437e-05	5.718680e-01	
2858	2.842135e-07	2.581890e-05	5.734523e-01	
2859	2.843135e-07	-2.48403e-05	5.750344e-01	
2860	2.844135e-07	2.562748e-05	5.766146e-01	
2861	2.845135e-07	-2.46718e-05	5.781925e-01	
2862	2.846135e-07	2.546754e-05	5.797684e-01	
2863	2.847135e-07	-2.45298e-05	5.813422e-01	
2864	2.848135e-07	2.533134e-05	5.829140e-01	
2865	2.849135e-07	-2.44076e-05	5.844835e-01	
2866	2.850135e-07	2.521305e-05	5.860512e-01	
2867	2.851135e-07	-2.43004e-05	5.876166e-01	
2868	2.852135e-07	2.510827e-05	5.891800e-01	
2869	2.853135e-07	-2.42045e-05	5.907413e-01	
2870	2.854135e-07	2.501369e-05	5.923007e-01	
2871	2.855135e-07	-2.41172e-05	5.938578e-01	
2872	2.856135e-07	2.492682e-05	5.954131e-01	
2873	2.857135e-07	-2.40363e-05	5.969661e-01	
2874	2.858135e-07	2.484578e-05	5.985172e-01	
2875	2.859135e-07	-2.39603e-05	6.000662e-01	
2876	2.860135e-07	2.476915e-05	6.016132e-01	
2877	2.861135e-07	-2.38881e-05	6.031581e-01	
2878	2.862135e-07	2.469588e-05	6.047010e-01	
2879	2.863135e-07	-2.38186e-05	6.062418e-01	
2880	2.864135e-07	2.462517e-05	6.077807e-01	
2881	2.865135e-07	-2.37513e-05	6.093174e-01	
2882	2.866135e-07	2.455640e-05	6.108523e-01	
2883	2.867135e-07	-2.36857e-05	6.123850e-01	
2884	2.868135e-07	2.448913e-05	6.139158e-01	
2885	2.869135e-07	-2.36213e-05	6.154444e-01	
2886	2.870135e-07	2.442301e-05	6.169712e-01	
2887	2.871135e-07	-2.35579e-05	6.184959e-01	
2888	2.872135e-07	2.435778e-05	6.200186e-01	
2889	2.873135e-07	-2.34953e-05	6.215393e-01	
2890	2.874135e-07	2.429326e-05	6.230580e-01	
2891	2.875135e-07	-2.34332e-05	6.245747e-01	
2892	2.876135e-07	2.422929e-05	6.260895e-01	
2893	2.877135e-07	-2.33717e-05	6.276021e-01	
2894	2.878135e-07	2.416576e-05	6.291130e-01	
2895	2.879135e-07	-2.33105e-05	6.306217e-01	
2896	2.880135e-07	2.410260e-05	6.321285e-01	

Index   time            vout2           v(x2.comp_p_0/v 
--------------------------------------------------------------------------------
2897	2.881135e-07	-2.32496e-05	6.336333e-01	
2898	2.882135e-07	2.403974e-05	6.351362e-01	
2899	2.883135e-07	-2.31890e-05	6.366371e-01	
2900	2.884135e-07	2.397713e-05	6.381361e-01	
2901	2.885135e-07	-2.31287e-05	6.396330e-01	
2902	2.886135e-07	2.391473e-05	6.411281e-01	
2903	2.887135e-07	-2.30685e-05	6.426211e-01	
2904	2.888135e-07	2.385253e-05	6.441123e-01	
2905	2.889135e-07	-2.30085e-05	6.456014e-01	
2906	2.890135e-07	2.379049e-05	6.470887e-01	
2907	2.891135e-07	-2.29487e-05	6.485740e-01	
2908	2.892135e-07	2.372861e-05	6.500574e-01	
2909	2.893135e-07	-2.28890e-05	6.515388e-01	
2910	2.894135e-07	2.366688e-05	6.530184e-01	
2911	2.895135e-07	-2.28294e-05	6.544959e-01	
2912	2.896135e-07	2.360528e-05	6.559717e-01	
2913	2.897135e-07	-2.27700e-05	6.574454e-01	
2914	2.898135e-07	2.354380e-05	6.589173e-01	
2915	2.899135e-07	-2.27106e-05	6.603872e-01	
2916	2.900135e-07	2.348245e-05	6.618553e-01	
2917	2.901135e-07	-2.26514e-05	6.633213e-01	
2918	2.902135e-07	2.342121e-05	6.647856e-01	
2919	2.903135e-07	-2.25924e-05	6.662479e-01	
2920	2.904135e-07	2.336009e-05	6.677084e-01	
2921	2.905135e-07	-2.25334e-05	6.691669e-01	
2922	2.906135e-07	2.329909e-05	6.706237e-01	
2923	2.907135e-07	-2.24745e-05	6.720784e-01	
2924	2.908135e-07	2.323819e-05	6.735314e-01	
2925	2.909135e-07	-2.24158e-05	6.749823e-01	
2926	2.910135e-07	2.317740e-05	6.764315e-01	
2927	2.911135e-07	-2.23571e-05	6.778788e-01	
2928	2.912135e-07	2.311669e-05	6.793242e-01	
2929	2.913135e-07	-2.22986e-05	6.807677e-01	
2930	2.914135e-07	2.305610e-05	6.822095e-01	
2931	2.915135e-07	-2.22401e-05	6.836492e-01	
2932	2.916135e-07	2.299562e-05	6.850872e-01	
2933	2.917135e-07	-2.21818e-05	6.865233e-01	
2934	2.918135e-07	2.293524e-05	6.879575e-01	
2935	2.919135e-07	-2.21236e-05	6.893898e-01	
2936	2.920135e-07	2.287494e-05	6.908204e-01	
2937	2.921135e-07	-2.20654e-05	6.922490e-01	
2938	2.922135e-07	2.281442e-05	6.936758e-01	
2939	2.923135e-07	-2.20074e-05	6.951006e-01	
2940	2.924135e-07	2.275428e-05	6.965237e-01	
2941	2.925135e-07	-2.19496e-05	6.979447e-01	
2942	2.926135e-07	2.269425e-05	6.993640e-01	
2943	2.927135e-07	-2.18920e-05	7.007812e-01	
2944	2.928135e-07	2.263427e-05	7.021966e-01	
2945	2.929135e-07	-2.18346e-05	7.036100e-01	
2946	2.930135e-07	2.257433e-05	7.050215e-01	
2947	2.931135e-07	-2.17773e-05	7.064308e-01	
2948	2.932135e-07	2.251429e-05	7.078383e-01	
2949	2.933135e-07	-2.17198e-05	7.092436e-01	
2950	2.934135e-07	2.245405e-05	7.106469e-01	
2951	2.935135e-07	-2.16621e-05	7.120480e-01	
2952	2.936135e-07	2.239359e-05	7.134471e-01	
2953	2.937135e-07	-2.16040e-05	7.148439e-01	
2954	2.938135e-07	2.233330e-05	7.162386e-01	

Index   time            vout2           v(x2.comp_p_0/v 
--------------------------------------------------------------------------------
2955	2.939135e-07	-2.15462e-05	7.176309e-01	
2956	2.940135e-07	2.227354e-05	7.190212e-01	
2957	2.941135e-07	-2.14884e-05	7.204091e-01	
2958	2.942135e-07	2.221409e-05	7.217949e-01	
2959	2.943135e-07	-2.14307e-05	7.231784e-01	
2960	2.944135e-07	2.215491e-05	7.245598e-01	
2961	2.945135e-07	-2.13731e-05	7.259389e-01	
2962	2.946135e-07	2.209595e-05	7.273160e-01	
2963	2.947135e-07	-2.13157e-05	7.286909e-01	
2964	2.948135e-07	2.203717e-05	7.300639e-01	
2965	2.949135e-07	-2.12585e-05	7.314348e-01	
2966	2.950135e-07	2.197853e-05	7.328038e-01	
2967	2.951135e-07	-2.12015e-05	7.341708e-01	
2968	2.952135e-07	2.192003e-05	7.355360e-01	
2969	2.953135e-07	-2.11447e-05	7.368993e-01	
2970	2.954135e-07	2.186165e-05	7.382609e-01	
2971	2.955135e-07	-2.10882e-05	7.396205e-01	
2972	2.956135e-07	2.180340e-05	7.409785e-01	
2973	2.957135e-07	-2.10327e-05	7.423347e-01	
2974	2.958135e-07	2.174552e-05	7.436893e-01	
2975	2.959135e-07	-2.09749e-05	7.450420e-01	
2976	2.960135e-07	2.168616e-05	7.463931e-01	
2977	2.961135e-07	-2.09186e-05	7.477425e-01	
2978	2.962135e-07	2.162820e-05	7.490903e-01	
2979	2.963135e-07	-2.08627e-05	7.504363e-01	
2980	2.964135e-07	2.157045e-05	7.517808e-01	
2981	2.965135e-07	-2.08069e-05	7.531234e-01	
2982	2.966135e-07	2.151281e-05	7.544646e-01	
2983	2.967135e-07	-2.07512e-05	7.558040e-01	
2984	2.968135e-07	2.145527e-05	7.571419e-01	
2985	2.969135e-07	-2.06957e-05	7.584780e-01	
2986	2.970135e-07	2.139781e-05	7.598126e-01	
2987	2.971135e-07	-2.06402e-05	7.611454e-01	
2988	2.972135e-07	2.134042e-05	7.624767e-01	
2989	2.973135e-07	-2.05849e-05	7.638062e-01	
2990	2.974135e-07	2.128309e-05	7.651343e-01	
2991	2.975135e-07	-2.05296e-05	7.664606e-01	
2992	2.976135e-07	2.122583e-05	7.677853e-01	
2993	2.977135e-07	-2.04745e-05	7.691084e-01	
2994	2.978135e-07	2.116869e-05	7.704299e-01	
2995	2.979135e-07	-2.04194e-05	7.717497e-01	
2996	2.980135e-07	2.111167e-05	7.730680e-01	
2997	2.981135e-07	-2.03643e-05	7.743845e-01	
2998	2.982135e-07	2.105477e-05	7.756995e-01	
2999	2.983135e-07	-2.03093e-05	7.770128e-01	
3000	2.984135e-07	2.099795e-05	7.783246e-01	
3001	2.985135e-07	-2.02545e-05	7.796347e-01	
3002	2.986135e-07	2.094122e-05	7.809433e-01	
3003	2.987135e-07	-2.01998e-05	7.822501e-01	
3004	2.988135e-07	2.088460e-05	7.835555e-01	
3005	2.989135e-07	-2.01451e-05	7.848591e-01	
3006	2.990135e-07	2.082808e-05	7.861613e-01	
3007	2.991135e-07	-2.00906e-05	7.874617e-01	
3008	2.992135e-07	2.077168e-05	7.887607e-01	
3009	2.993135e-07	-2.00361e-05	7.900579e-01	
3010	2.994135e-07	2.071539e-05	7.913537e-01	
3011	2.995135e-07	-1.99818e-05	7.926477e-01	
3012	2.996135e-07	2.065921e-05	7.939403e-01	

Index   time            vout2           v(x2.comp_p_0/v 
--------------------------------------------------------------------------------
3013	2.997135e-07	-1.99275e-05	7.952312e-01	
3014	2.998135e-07	2.060314e-05	7.965206e-01	
3015	2.999135e-07	-1.98734e-05	7.978083e-01	
3016	3.000135e-07	2.054718e-05	7.990945e-01	
3017	3.001135e-07	-1.98194e-05	8.003790e-01	
3018	3.002135e-07	2.049134e-05	8.016621e-01	
3019	3.003135e-07	-1.97654e-05	8.029435e-01	
3020	3.004135e-07	2.043561e-05	8.042235e-01	
3021	3.005135e-07	-1.97116e-05	8.055017e-01	
3022	3.006135e-07	2.037999e-05	8.067785e-01	
3023	3.007135e-07	-1.96579e-05	8.080536e-01	
3024	3.008135e-07	2.032448e-05	8.093273e-01	
3025	3.009135e-07	-1.96042e-05	8.105993e-01	
3026	3.010135e-07	2.026907e-05	8.118699e-01	
3027	3.011135e-07	-1.95507e-05	8.131389e-01	
3028	3.012135e-07	2.021375e-05	8.144064e-01	
3029	3.013135e-07	-1.94973e-05	8.156723e-01	
3030	3.014135e-07	2.015853e-05	8.169368e-01	
3031	3.015135e-07	-1.94440e-05	8.181996e-01	
3032	3.016135e-07	2.010340e-05	8.194611e-01	
3033	3.017135e-07	-1.93908e-05	8.207210e-01	
3034	3.018135e-07	2.004836e-05	8.219795e-01	
3035	3.019135e-07	-1.93377e-05	8.232365e-01	
3036	3.020135e-07	1.999340e-05	8.244922e-01	
3037	3.021135e-07	-1.92846e-05	8.257463e-01	
3038	3.022135e-07	1.993853e-05	8.269991e-01	
3039	3.023135e-07	-1.92317e-05	8.282503e-01	
3040	3.024135e-07	1.988374e-05	8.295003e-01	
3041	3.025135e-07	-1.91788e-05	8.307488e-01	
3042	3.026135e-07	1.982904e-05	8.319959e-01	
3043	3.027135e-07	-1.91260e-05	8.332415e-01	
3044	3.028135e-07	1.977443e-05	8.344858e-01	
3045	3.029135e-07	-1.90733e-05	8.357286e-01	
3046	3.030135e-07	1.971991e-05	8.369700e-01	
3047	3.031135e-07	-1.90207e-05	8.382098e-01	
3048	3.032135e-07	1.966547e-05	8.394483e-01	
3049	3.033135e-07	-1.89682e-05	8.406852e-01	
3050	3.034135e-07	1.961113e-05	8.419207e-01	
3051	3.035135e-07	-1.89157e-05	8.431546e-01	
3052	3.036135e-07	1.955688e-05	8.443871e-01	
3053	3.037135e-07	-1.88633e-05	8.456180e-01	
3054	3.038135e-07	1.950273e-05	8.468474e-01	
3055	3.039135e-07	-1.88111e-05	8.480753e-01	
3056	3.040135e-07	1.944866e-05	8.493017e-01	
3057	3.041135e-07	-1.87589e-05	8.505264e-01	
3058	3.042135e-07	1.939469e-05	8.517498e-01	
3059	3.043135e-07	-1.87068e-05	8.529715e-01	
3060	3.044135e-07	1.934081e-05	8.541917e-01	
3061	3.045135e-07	-1.86548e-05	8.554103e-01	
3062	3.046135e-07	1.928703e-05	8.566275e-01	
3063	3.047135e-07	-1.86029e-05	8.578430e-01	
3064	3.048135e-07	1.923334e-05	8.590571e-01	
3065	3.049135e-07	-1.85511e-05	8.602696e-01	
3066	3.050135e-07	1.917974e-05	8.614806e-01	
3067	3.051135e-07	-1.84994e-05	8.626899e-01	
3068	3.052135e-07	1.912624e-05	8.638978e-01	
3069	3.053135e-07	-1.84478e-05	8.651041e-01	
3070	3.054135e-07	1.907284e-05	8.663090e-01	

Index   time            vout2           v(x2.comp_p_0/v 
--------------------------------------------------------------------------------
3071	3.055135e-07	-1.83963e-05	8.675121e-01	
3072	3.056135e-07	1.901953e-05	8.687139e-01	
3073	3.057135e-07	-1.83448e-05	8.699140e-01	
3074	3.058135e-07	1.896632e-05	8.711127e-01	
3075	3.059135e-07	-1.82935e-05	8.723098e-01	
3076	3.060135e-07	1.891320e-05	8.735054e-01	
3077	3.061135e-07	-1.82422e-05	8.746994e-01	
3078	3.062135e-07	1.886018e-05	8.758920e-01	
3079	3.063135e-07	-1.81911e-05	8.770829e-01	
3080	3.064135e-07	1.880725e-05	8.782724e-01	
3081	3.065135e-07	-1.81400e-05	8.794603e-01	
3082	3.066135e-07	1.875442e-05	8.806468e-01	
3083	3.067135e-07	-1.80890e-05	8.818316e-01	
3084	3.068135e-07	1.870168e-05	8.830151e-01	
3085	3.069135e-07	-1.80382e-05	8.841969e-01	
3086	3.070135e-07	1.864904e-05	8.853773e-01	
3087	3.071135e-07	-1.79874e-05	8.865561e-01	
3088	3.072135e-07	1.859650e-05	8.877335e-01	
3089	3.073135e-07	-1.79367e-05	8.889092e-01	
3090	3.074135e-07	1.854405e-05	8.900836e-01	
3091	3.075135e-07	-1.78861e-05	8.912563e-01	
3092	3.076135e-07	1.849169e-05	8.924277e-01	
3093	3.077135e-07	-1.78355e-05	8.935974e-01	
3094	3.078135e-07	1.843943e-05	8.947658e-01	
3095	3.079135e-07	-1.77851e-05	8.959325e-01	
3096	3.080135e-07	1.838727e-05	8.970979e-01	
3097	3.081135e-07	-1.77348e-05	8.982616e-01	
3098	3.082135e-07	1.833520e-05	8.994240e-01	
3099	3.083135e-07	-1.76845e-05	9.005847e-01	
3100	3.084135e-07	1.828322e-05	9.017441e-01	
3101	3.085135e-07	-1.76344e-05	9.029019e-01	
3102	3.086135e-07	1.823134e-05	9.040583e-01	
3103	3.087135e-07	-1.75843e-05	9.052131e-01	
3104	3.088135e-07	1.817955e-05	9.063665e-01	
3105	3.089135e-07	-1.75343e-05	9.075183e-01	
3106	3.090135e-07	1.812786e-05	9.086688e-01	
3107	3.091135e-07	-1.74845e-05	9.098177e-01	
3108	3.092135e-07	1.807627e-05	9.109652e-01	
3109	3.093135e-07	-1.74347e-05	9.121111e-01	
3110	3.094135e-07	1.802476e-05	9.132557e-01	
3111	3.095135e-07	-1.73850e-05	9.143986e-01	
3112	3.096135e-07	1.797335e-05	9.155403e-01	
3113	3.097135e-07	-1.73354e-05	9.166803e-01	
3114	3.098135e-07	1.792204e-05	9.178190e-01	
3115	3.099135e-07	-1.72859e-05	9.189561e-01	
3116	3.100135e-07	1.787082e-05	9.200918e-01	
3117	3.101135e-07	-1.72364e-05	9.212260e-01	
3118	3.102135e-07	1.781969e-05	9.223588e-01	
3119	3.103135e-07	-1.71871e-05	9.234901e-01	
3120	3.104135e-07	1.776866e-05	9.246200e-01	
3121	3.105135e-07	-1.71378e-05	9.257483e-01	
3122	3.106135e-07	1.771772e-05	9.268753e-01	
3123	3.107135e-07	-1.70887e-05	9.280008e-01	
3124	3.108135e-07	1.766687e-05	9.291249e-01	
3125	3.109135e-07	-1.70396e-05	9.302474e-01	
3126	3.110135e-07	1.761609e-05	9.313686e-01	
3127	3.111135e-07	-1.69906e-05	9.324883e-01	
3128	3.112135e-07	1.756544e-05	9.336066e-01	

Index   time            vout2           v(x2.comp_p_0/v 
--------------------------------------------------------------------------------
3129	3.113135e-07	-1.69417e-05	9.347234e-01	
3130	3.114135e-07	1.751488e-05	9.358388e-01	
3131	3.115135e-07	-1.68929e-05	9.369527e-01	
3132	3.116135e-07	1.746442e-05	9.380653e-01	
3133	3.117135e-07	-1.68442e-05	9.391763e-01	
3134	3.118135e-07	1.741405e-05	9.402860e-01	
3135	3.119135e-07	-1.67956e-05	9.413941e-01	
3136	3.120135e-07	1.736377e-05	9.425009e-01	
3137	3.121135e-07	-1.67471e-05	9.436062e-01	
3138	3.122135e-07	1.731359e-05	9.447102e-01	
3139	3.123135e-07	-1.66986e-05	9.458127e-01	
3140	3.124135e-07	1.726350e-05	9.469138e-01	
3141	3.125135e-07	-1.66503e-05	9.480134e-01	
3142	3.126135e-07	1.721351e-05	9.491117e-01	
3143	3.127135e-07	-1.66020e-05	9.502084e-01	
3144	3.128135e-07	1.716361e-05	9.513039e-01	
3145	3.129135e-07	-1.65538e-05	9.523978e-01	
3146	3.130135e-07	1.711381e-05	9.534905e-01	
3147	3.131135e-07	-1.65058e-05	9.545816e-01	
3148	3.132135e-07	1.706410e-05	9.556714e-01	
3149	3.133135e-07	-1.64578e-05	9.567597e-01	
3150	3.134135e-07	1.701448e-05	9.578467e-01	
3151	3.135135e-07	-1.64098e-05	9.589322e-01	
3152	3.136135e-07	1.696496e-05	9.600163e-01	
3153	3.137135e-07	-1.63620e-05	9.610990e-01	
3154	3.138135e-07	1.691553e-05	9.621804e-01	
3155	3.139135e-07	-1.63143e-05	9.632603e-01	
3156	3.140135e-07	1.686619e-05	9.643389e-01	
3157	3.141135e-07	-1.62667e-05	9.654160e-01	
3158	3.142135e-07	1.681693e-05	9.664918e-01	
3159	3.143135e-07	-1.62191e-05	9.675661e-01	
3160	3.144135e-07	1.676777e-05	9.686392e-01	
3161	3.145135e-07	-1.61717e-05	9.697107e-01	
3162	3.146135e-07	1.671870e-05	9.707810e-01	
3163	3.147135e-07	-1.61243e-05	9.718497e-01	
3164	3.148135e-07	1.666970e-05	9.729173e-01	
3165	3.149135e-07	-1.60771e-05	9.739833e-01	
3166	3.150135e-07	1.662078e-05	9.750480e-01	
3167	3.151135e-07	-1.60299e-05	9.761113e-01	
3168	3.152135e-07	1.657194e-05	9.771733e-01	
3169	3.153135e-07	-1.59828e-05	9.782338e-01	
3170	3.154135e-07	1.652320e-05	9.792930e-01	
3171	3.155135e-07	-1.59358e-05	9.803508e-01	
3172	3.156135e-07	1.647462e-05	9.814073e-01	
3173	3.157135e-07	-1.58890e-05	9.824623e-01	
3174	3.158135e-07	1.642607e-05	9.835161e-01	
3175	3.159135e-07	-1.58421e-05	9.845684e-01	
3176	3.160135e-07	1.637755e-05	9.856194e-01	
3177	3.161135e-07	-1.57953e-05	9.866690e-01	
3178	3.162135e-07	1.632911e-05	9.877174e-01	
3179	3.163135e-07	-1.57486e-05	9.887642e-01	
3180	3.164135e-07	1.628078e-05	9.898098e-01	
3181	3.165135e-07	-1.57020e-05	9.908540e-01	
3182	3.166135e-07	1.623254e-05	9.918969e-01	
3183	3.167135e-07	-1.56555e-05	9.929384e-01	
3184	3.168135e-07	1.618440e-05	9.939786e-01	
3185	3.169135e-07	-1.56090e-05	9.950173e-01	
3186	3.170135e-07	1.613636e-05	9.960549e-01	

Index   time            vout2           v(x2.comp_p_0/v 
--------------------------------------------------------------------------------
3187	3.171135e-07	-1.55627e-05	9.970909e-01	
3188	3.172135e-07	1.608842e-05	9.981258e-01	
3189	3.173135e-07	-1.55164e-05	9.991592e-01	
3190	3.174135e-07	1.604060e-05	1.000191e+00	
3191	3.175135e-07	-1.54703e-05	1.001222e+00	
3192	3.176135e-07	1.599288e-05	1.002252e+00	
3193	3.177135e-07	-1.54243e-05	1.003280e+00	
3194	3.178135e-07	1.594526e-05	1.004306e+00	
3195	3.179135e-07	-1.53783e-05	1.005332e+00	
3196	3.180135e-07	1.589774e-05	1.006356e+00	
3197	3.181135e-07	-1.53325e-05	1.007379e+00	
3198	3.182135e-07	1.585030e-05	1.008400e+00	
3199	3.183135e-07	-1.52867e-05	1.009420e+00	
3200	3.184135e-07	1.580296e-05	1.010439e+00	
3201	3.185135e-07	-1.52410e-05	1.011457e+00	
3202	3.186135e-07	1.575570e-05	1.012473e+00	
3203	3.187135e-07	-1.51954e-05	1.013488e+00	
3204	3.188135e-07	1.570853e-05	1.014501e+00	
3205	3.189135e-07	-1.51499e-05	1.015513e+00	
3206	3.190135e-07	1.566144e-05	1.016524e+00	
3207	3.191135e-07	-1.51045e-05	1.017534e+00	
3208	3.192135e-07	1.561444e-05	1.018542e+00	
3209	3.193135e-07	-1.50591e-05	1.019549e+00	
3210	3.194135e-07	1.556752e-05	1.020555e+00	
3211	3.195135e-07	-1.50138e-05	1.021559e+00	
3212	3.196135e-07	1.552069e-05	1.022563e+00	
3213	3.197135e-07	-1.49686e-05	1.023564e+00	
3214	3.198135e-07	1.547394e-05	1.024565e+00	
3215	3.199135e-07	-1.49235e-05	1.025564e+00	
3216	3.200135e-07	1.542728e-05	1.026562e+00	
3217	3.201135e-07	-1.48785e-05	1.027559e+00	
3218	3.202135e-07	1.538070e-05	1.028554e+00	
3219	3.203135e-07	-1.48335e-05	1.029548e+00	
3220	3.204135e-07	1.533421e-05	1.030541e+00	
3221	3.205135e-07	-1.47887e-05	1.031532e+00	
3222	3.206135e-07	1.528780e-05	1.032522e+00	
3223	3.207135e-07	-1.47439e-05	1.033511e+00	
3224	3.208135e-07	1.524148e-05	1.034499e+00	
3225	3.209135e-07	-1.46992e-05	1.035485e+00	
3226	3.210135e-07	1.519524e-05	1.036470e+00	
3227	3.211135e-07	-1.46546e-05	1.037454e+00	
3228	3.212135e-07	1.514909e-05	1.038437e+00	
3229	3.213135e-07	-1.46100e-05	1.039418e+00	
3230	3.214135e-07	1.510302e-05	1.040398e+00	
3231	3.215135e-07	-1.45656e-05	1.041376e+00	
3232	3.216135e-07	1.505704e-05	1.042354e+00	
3233	3.217135e-07	-1.45212e-05	1.043330e+00	
3234	3.218135e-07	1.501115e-05	1.044305e+00	
3235	3.219135e-07	-1.44769e-05	1.045278e+00	
3236	3.220135e-07	1.496534e-05	1.046251e+00	
3237	3.221135e-07	-1.44327e-05	1.047222e+00	
3238	3.222135e-07	1.491962e-05	1.048192e+00	
3239	3.223135e-07	-1.43886e-05	1.049160e+00	
3240	3.224135e-07	1.487398e-05	1.050128e+00	
3241	3.225135e-07	-1.43445e-05	1.051094e+00	
3242	3.226135e-07	1.482843e-05	1.052059e+00	
3243	3.227135e-07	-1.43006e-05	1.053022e+00	
3244	3.228135e-07	1.478296e-05	1.053985e+00	

Index   time            vout2           v(x2.comp_p_0/v 
--------------------------------------------------------------------------------
3245	3.229135e-07	-1.42567e-05	1.054946e+00	
3246	3.230135e-07	1.473758e-05	1.055906e+00	
3247	3.231135e-07	-1.42129e-05	1.056864e+00	
3248	3.232135e-07	1.469228e-05	1.057822e+00	
3249	3.233135e-07	-1.41692e-05	1.058778e+00	
3250	3.234135e-07	1.442335e-05	1.059733e+00	
3251	3.235135e-07	-1.41691e-05	1.060686e+00	
3252	3.236135e-07	1.463086e-05	1.061639e+00	
3253	3.237135e-07	-1.43227e-05	1.062590e+00	
3254	3.238135e-07	1.454163e-05	1.063540e+00	
3255	3.239135e-07	-1.40358e-05	1.064489e+00	
3256	3.240135e-07	1.451029e-05	1.065436e+00	
3257	3.241135e-07	-1.39938e-05	1.066383e+00	
3258	3.242135e-07	1.446586e-05	1.067328e+00	
3259	3.243135e-07	-1.39508e-05	1.068271e+00	
3260	3.244135e-07	1.442137e-05	1.069214e+00	
3261	3.245135e-07	-1.39078e-05	1.070155e+00	
3262	3.246135e-07	1.437688e-05	1.071096e+00	
3263	3.247135e-07	-1.38649e-05	1.072035e+00	
3264	3.248135e-07	1.433243e-05	1.072972e+00	
3265	3.249135e-07	-1.38219e-05	1.073909e+00	
3266	3.250135e-07	1.428803e-05	1.074844e+00	
3267	3.251135e-07	-1.37791e-05	1.075778e+00	
3268	3.252135e-07	1.424367e-05	1.076711e+00	
3269	3.253135e-07	-1.37362e-05	1.077643e+00	
3270	3.254135e-07	1.419938e-05	1.078574e+00	
3271	3.255135e-07	-1.36935e-05	1.079503e+00	
3272	3.256135e-07	1.415515e-05	1.080431e+00	
3273	3.257135e-07	-1.36508e-05	1.081358e+00	
3274	3.258135e-07	1.411100e-05	1.082284e+00	
3275	3.259135e-07	-1.36082e-05	1.083208e+00	
3276	3.260135e-07	1.406692e-05	1.084132e+00	
3277	3.261135e-07	-1.35656e-05	1.085054e+00	
3278	3.262135e-07	1.402291e-05	1.085975e+00	
3279	3.263135e-07	-1.35232e-05	1.086894e+00	
3280	3.264135e-07	1.397898e-05	1.087813e+00	
3281	3.265135e-07	-1.34808e-05	1.088730e+00	
3282	3.266135e-07	1.393514e-05	1.089647e+00	
3283	3.267135e-07	-1.34384e-05	1.090561e+00	
3284	3.268135e-07	1.389137e-05	1.091475e+00	
3285	3.269135e-07	-1.33962e-05	1.092388e+00	
3286	3.270135e-07	1.384768e-05	1.093300e+00	
3287	3.271135e-07	-1.33540e-05	1.094210e+00	
3288	3.272135e-07	1.380407e-05	1.095119e+00	
3289	3.273135e-07	-1.33119e-05	1.096027e+00	
3290	3.274135e-07	1.376055e-05	1.096934e+00	
3291	3.275135e-07	-1.32699e-05	1.097839e+00	
3292	3.276135e-07	1.350803e-05	1.098744e+00	
3293	3.277135e-07	-1.34728e-05	1.099647e+00	
3294	3.278135e-07	1.345803e-05	1.100549e+00	
3295	3.279135e-07	-1.34332e-05	1.101450e+00	
3296	3.280135e-07	1.341865e-05	1.102350e+00	
3297	3.281135e-07	-1.33934e-05	1.103249e+00	
3298	3.282135e-07	1.337857e-05	1.104146e+00	
3299	3.283135e-07	-1.33530e-05	1.105042e+00	
3300	3.284135e-07	1.333796e-05	1.105938e+00	
3301	3.285135e-07	-1.33122e-05	1.106832e+00	
3302	3.286014e-07	1.329417e-05	1.107616e+00	

Index   time            vout2           v(x2.comp_p_0/v 
--------------------------------------------------------------------------------
3303	3.286944e-07	-1.32666e-05	1.108445e+00	
3304	3.287944e-07	1.325129e-05	1.109336e+00	
3305	3.288870e-07	-1.32235e-05	1.110160e+00	
3306	3.289870e-07	1.320813e-05	1.111048e+00	
3307	3.290870e-07	-1.31820e-05	1.111936e+00	
3308	3.291870e-07	1.316655e-05	1.112822e+00	
3309	3.292870e-07	-1.31404e-05	1.113707e+00	
3310	3.293870e-07	1.312490e-05	1.114591e+00	
3311	3.294870e-07	-1.30987e-05	1.115474e+00	
3312	3.295870e-07	1.308323e-05	1.116356e+00	
3313	3.296870e-07	-1.30570e-05	1.117236e+00	
3314	3.297870e-07	1.304155e-05	1.118116e+00	
3315	3.298870e-07	-1.30153e-05	1.118994e+00	
3316	3.299870e-07	1.299989e-05	1.119872e+00	
3317	3.300870e-07	-1.29737e-05	1.120748e+00	
3318	3.301870e-07	1.295827e-05	1.121623e+00	
3319	3.302870e-07	-1.29320e-05	1.122496e+00	
3320	3.303870e-07	1.291669e-05	1.123369e+00	
3321	3.304870e-07	-1.28905e-05	1.124241e+00	
3322	3.305870e-07	1.287516e-05	1.125111e+00	
3323	3.306870e-07	-1.28490e-05	1.125980e+00	
3324	3.307870e-07	1.283370e-05	1.126849e+00	
3325	3.308870e-07	-1.28075e-05	1.127716e+00	
3326	3.309870e-07	1.279229e-05	1.128582e+00	
3327	3.310870e-07	-1.27661e-05	1.129447e+00	
3328	3.311870e-07	1.275096e-05	1.130310e+00	
3329	3.312870e-07	-1.27248e-05	1.131173e+00	
3330	3.313870e-07	1.270970e-05	1.132035e+00	
3331	3.314870e-07	-1.26836e-05	1.132895e+00	
3332	3.315870e-07	1.266851e-05	1.133754e+00	
3333	3.316870e-07	-1.26424e-05	1.134613e+00	
3334	3.317870e-07	1.262739e-05	1.135470e+00	
3335	3.318870e-07	-1.26013e-05	1.136326e+00	
3336	3.319870e-07	1.258635e-05	1.137181e+00	
3337	3.320870e-07	-1.25603e-05	1.138034e+00	
3338	3.321870e-07	1.254538e-05	1.138887e+00	
3339	3.322870e-07	-1.25194e-05	1.139739e+00	
3340	3.323870e-07	1.250450e-05	1.140589e+00	
3341	3.324870e-07	-1.24785e-05	1.141439e+00	
3342	3.325870e-07	1.246369e-05	1.142287e+00	
3343	3.326870e-07	-1.24377e-05	1.143134e+00	
3344	3.327870e-07	1.242295e-05	1.143981e+00	
3345	3.328870e-07	-1.23970e-05	1.144826e+00	
3346	3.329870e-07	1.238229e-05	1.145670e+00	
3347	3.330870e-07	-1.23564e-05	1.146513e+00	
3348	3.331870e-07	1.234172e-05	1.147355e+00	
3349	3.332870e-07	-1.23158e-05	1.148195e+00	
3350	3.333870e-07	1.230122e-05	1.149035e+00	
3351	3.334870e-07	-1.22753e-05	1.149873e+00	
3352	3.335870e-07	1.226079e-05	1.150711e+00	
3353	3.336870e-07	-1.22349e-05	1.151547e+00	
3354	3.337870e-07	1.222045e-05	1.152383e+00	
3355	3.338870e-07	-1.21946e-05	1.153217e+00	
3356	3.339870e-07	1.218018e-05	1.154050e+00	
3357	3.340870e-07	-1.21544e-05	1.154882e+00	
3358	3.341870e-07	1.213999e-05	1.155714e+00	
3359	3.342870e-07	-1.21142e-05	1.156544e+00	
3360	3.343870e-07	1.209987e-05	1.157373e+00	

Index   time            vout2           v(x2.comp_p_0/v 
--------------------------------------------------------------------------------
3361	3.344870e-07	-1.20741e-05	1.158200e+00	
3362	3.345870e-07	1.205984e-05	1.159027e+00	
3363	3.346870e-07	-1.20341e-05	1.159853e+00	
3364	3.347870e-07	1.201988e-05	1.160678e+00	
3365	3.348870e-07	-1.19942e-05	1.161501e+00	
3366	3.349870e-07	1.198000e-05	1.162324e+00	
3367	3.350870e-07	-1.19543e-05	1.163145e+00	
3368	3.351870e-07	1.194019e-05	1.163966e+00	
3369	3.352870e-07	-1.19145e-05	1.164785e+00	
3370	3.353870e-07	1.190047e-05	1.165603e+00	
3371	3.354870e-07	-1.18748e-05	1.166421e+00	
3372	3.355870e-07	1.204359e-05	1.167237e+00	
3373	3.356870e-07	-1.16205e-05	1.168052e+00	
3374	3.357870e-07	1.201039e-05	1.168866e+00	
3375	3.358870e-07	-1.15791e-05	1.169679e+00	
3376	3.359870e-07	1.196737e-05	1.170491e+00	
3377	3.360870e-07	-1.15379e-05	1.171302e+00	
3378	3.361870e-07	1.192512e-05	1.172112e+00	
3379	3.362870e-07	-1.14975e-05	1.172921e+00	
3380	3.363870e-07	1.188350e-05	1.173729e+00	
3381	3.364870e-07	-1.14575e-05	1.174536e+00	
3382	3.365870e-07	1.184239e-05	1.175341e+00	
3383	3.366870e-07	-1.14180e-05	1.176146e+00	
3384	3.367870e-07	1.180167e-05	1.176950e+00	
3385	3.368870e-07	-1.13788e-05	1.177752e+00	
3386	3.369870e-07	1.176126e-05	1.178554e+00	
3387	3.370870e-07	-1.13399e-05	1.179355e+00	
3388	3.371870e-07	1.172111e-05	1.180154e+00	
3389	3.372870e-07	-1.13012e-05	1.180953e+00	
3390	3.373870e-07	1.168117e-05	1.181750e+00	
3391	3.374870e-07	-1.12627e-05	1.182546e+00	
3392	3.375870e-07	1.164142e-05	1.183342e+00	
3393	3.376870e-07	-1.12243e-05	1.184136e+00	
3394	3.377870e-07	1.160181e-05	1.184929e+00	
3395	3.378870e-07	-1.11861e-05	1.185722e+00	
3396	3.379870e-07	1.156234e-05	1.186513e+00	
3397	3.380870e-07	-1.11481e-05	1.187303e+00	
3398	3.381870e-07	1.152299e-05	1.188092e+00	
3399	3.382870e-07	-1.11101e-05	1.188880e+00	
3400	3.383870e-07	1.148375e-05	1.189667e+00	
3401	3.384870e-07	-1.10722e-05	1.190453e+00	
3402	3.385870e-07	1.144460e-05	1.191239e+00	
3403	3.386870e-07	-1.10344e-05	1.192022e+00	
3404	3.387870e-07	1.140556e-05	1.192805e+00	
3405	3.388870e-07	-1.09968e-05	1.193587e+00	
3406	3.389870e-07	1.136660e-05	1.194368e+00	
3407	3.390870e-07	-1.09592e-05	1.195148e+00	
3408	3.391870e-07	1.132773e-05	1.195927e+00	
3409	3.392870e-07	-1.09216e-05	1.196705e+00	
3410	3.393870e-07	1.128894e-05	1.197482e+00	
3411	3.394870e-07	-1.08842e-05	1.198257e+00	
3412	3.395870e-07	1.125023e-05	1.199032e+00	
3413	3.396870e-07	-1.08468e-05	1.199806e+00	
3414	3.397870e-07	1.104181e-05	1.200579e+00	
3415	3.398870e-07	-1.08434e-05	1.201350e+00	
3416	3.399870e-07	1.102547e-05	1.202121e+00	
3417	3.400870e-07	-1.08241e-05	1.202891e+00	
3418	3.401870e-07	1.100343e-05	1.203659e+00	

Index   time            vout2           v(x2.comp_p_0/v 
--------------------------------------------------------------------------------
3419	3.402870e-07	-1.08003e-05	1.204427e+00	
3420	3.403870e-07	1.097751e-05	1.205193e+00	
3421	3.404870e-07	-1.07733e-05	1.205959e+00	
3422	3.405870e-07	1.094867e-05	1.206723e+00	
3423	3.406870e-07	-1.07438e-05	1.207487e+00	
3424	3.407870e-07	1.091765e-05	1.208249e+00	
3425	3.408870e-07	-1.07124e-05	1.209010e+00	
3426	3.409870e-07	1.088501e-05	1.209771e+00	
3427	3.410870e-07	-1.06796e-05	1.210530e+00	
3428	3.411870e-07	1.085115e-05	1.211289e+00	
3429	3.412870e-07	-1.06458e-05	1.212046e+00	
3430	3.413870e-07	1.081639e-05	1.212802e+00	
3431	3.414870e-07	-1.06113e-05	1.213558e+00	
3432	3.415870e-07	1.078098e-05	1.214312e+00	
3433	3.416870e-07	-1.05762e-05	1.215065e+00	
3434	3.417870e-07	1.074509e-05	1.215817e+00	
3435	3.418870e-07	-1.05407e-05	1.216569e+00	
3436	3.419870e-07	1.070885e-05	1.217319e+00	
3437	3.420870e-07	-1.05050e-05	1.218068e+00	
3438	3.421870e-07	1.067237e-05	1.218816e+00	
3439	3.422870e-07	-1.04690e-05	1.219563e+00	
3440	3.423870e-07	1.063572e-05	1.220310e+00	
3441	3.424870e-07	-1.04329e-05	1.221055e+00	
3442	3.425870e-07	1.059897e-05	1.221799e+00	
3443	3.426870e-07	-1.05554e-05	1.222542e+00	
3444	3.427870e-07	1.053505e-05	1.223284e+00	
3445	3.428870e-07	-1.05034e-05	1.224026e+00	
3446	3.429870e-07	1.048564e-05	1.224766e+00	
3447	3.430870e-07	-1.04557e-05	1.225505e+00	
3448	3.431870e-07	1.043943e-05	1.226243e+00	
3449	3.432870e-07	-1.04108e-05	1.226980e+00	
3450	3.433870e-07	1.039561e-05	1.227717e+00	
3451	3.434870e-07	-1.03679e-05	1.228452e+00	
3452	3.435870e-07	1.035360e-05	1.229186e+00	
3453	3.436870e-07	-1.03266e-05	1.229919e+00	
3454	3.437870e-07	1.031298e-05	1.230652e+00	
3455	3.438870e-07	-1.02866e-05	1.231383e+00	
3456	3.439870e-07	1.027341e-05	1.232113e+00	
3457	3.440870e-07	-1.02474e-05	1.232842e+00	
3458	3.441870e-07	1.023467e-05	1.233571e+00	
3459	3.442870e-07	-1.02090e-05	1.234298e+00	
3460	3.443870e-07	1.019656e-05	1.235024e+00	
3461	3.444870e-07	-1.01711e-05	1.235750e+00	
3462	3.445870e-07	1.015895e-05	1.236474e+00	
3463	3.446870e-07	-1.01337e-05	1.237198e+00	
3464	3.447870e-07	1.012173e-05	1.237920e+00	
3465	3.448870e-07	-1.00966e-05	1.238642e+00	
3466	3.449870e-07	1.008482e-05	1.239362e+00	
3467	3.450870e-07	-1.00599e-05	1.240082e+00	
3468	3.451870e-07	1.004816e-05	1.240800e+00	
3469	3.452870e-07	-1.00233e-05	1.241518e+00	
3470	3.453870e-07	1.001171e-05	1.242235e+00	
3471	3.454870e-07	-9.98691e-06	1.242950e+00	
3472	3.455870e-07	9.975428e-06	1.243665e+00	
3473	3.456870e-07	-9.95070e-06	1.244379e+00	
3474	3.457870e-07	9.939299e-06	1.245092e+00	
3475	3.458870e-07	-9.91462e-06	1.245803e+00	
3476	3.459870e-07	9.903298e-06	1.246514e+00	

Index   time            vout2           v(x2.comp_p_0/v 
--------------------------------------------------------------------------------
3477	3.460870e-07	-9.87866e-06	1.247224e+00	
3478	3.461870e-07	9.867412e-06	1.247933e+00	
3479	3.462870e-07	-9.84281e-06	1.248641e+00	
3480	3.463870e-07	9.831630e-06	1.249349e+00	
3481	3.464870e-07	-9.80707e-06	1.250055e+00	
3482	3.465870e-07	9.795942e-06	1.250760e+00	
3483	3.466870e-07	-9.77141e-06	1.251464e+00	
3484	3.467870e-07	9.760344e-06	1.252167e+00	
3485	3.468870e-07	-9.73584e-06	1.252870e+00	
3486	3.469870e-07	9.724830e-06	1.253571e+00	
3487	3.470870e-07	-9.70035e-06	1.254272e+00	
3488	3.471870e-07	9.689396e-06	1.254971e+00	
3489	3.472870e-07	-9.66495e-06	1.255670e+00	
3490	3.473870e-07	9.654043e-06	1.256368e+00	
3491	3.474870e-07	-9.62962e-06	1.257064e+00	
3492	3.475870e-07	9.618764e-06	1.257760e+00	
3493	3.476870e-07	-9.59436e-06	1.258455e+00	
3494	3.477870e-07	9.583559e-06	1.259149e+00	
3495	3.478870e-07	-9.55918e-06	1.259842e+00	
3496	3.479870e-07	9.548426e-06	1.260535e+00	
3497	3.480870e-07	-9.52407e-06	1.261226e+00	
3498	3.481870e-07	9.513364e-06	1.261916e+00	
3499	3.482870e-07	-9.48904e-06	1.262605e+00	
3500	3.483870e-07	9.478373e-06	1.263294e+00	
3501	3.484870e-07	-9.45407e-06	1.263981e+00	
3502	3.485870e-07	9.443451e-06	1.264668e+00	
3503	3.486870e-07	-9.41917e-06	1.265354e+00	
3504	3.487870e-07	9.408599e-06	1.266039e+00	
3505	3.488870e-07	-9.38434e-06	1.266722e+00	
3506	3.489870e-07	9.373815e-06	1.267405e+00	
3507	3.490870e-07	-9.34958e-06	1.268087e+00	
3508	3.491870e-07	9.339099e-06	1.268769e+00	
3509	3.492870e-07	-9.31489e-06	1.269449e+00	
3510	3.493870e-07	9.304451e-06	1.270128e+00	
3511	3.494870e-07	-9.28027e-06	1.270807e+00	
3512	3.495870e-07	9.269870e-06	1.271484e+00	
3513	3.496870e-07	-9.24571e-06	1.272161e+00	
3514	3.497870e-07	9.235361e-06	1.272837e+00	
3515	3.498870e-07	-9.21123e-06	1.273512e+00	
3516	3.499870e-07	9.200927e-06	1.274186e+00	
3517	3.500870e-07	-9.17683e-06	1.274859e+00	
3518	3.501870e-07	9.166567e-06	1.275531e+00	
3519	3.502870e-07	-9.14250e-06	1.276203e+00	
3520	3.503870e-07	9.132283e-06	1.276873e+00	
3521	3.504870e-07	-9.10825e-06	1.277543e+00	
3522	3.505870e-07	9.098075e-06	1.278211e+00	
3523	3.506870e-07	-9.07407e-06	1.278879e+00	
3524	3.507870e-07	9.063943e-06	1.279546e+00	
3525	3.508870e-07	-9.03997e-06	1.280212e+00	
3526	3.509870e-07	9.029888e-06	1.280878e+00	
3527	3.510870e-07	-9.00595e-06	1.281542e+00	
3528	3.511870e-07	8.995905e-06	1.282206e+00	
3529	3.512870e-07	-8.97200e-06	1.282868e+00	
3530	3.513870e-07	8.961989e-06	1.283530e+00	
3531	3.514870e-07	-8.93810e-06	1.284191e+00	
3532	3.515870e-07	8.928136e-06	1.284851e+00	
3533	3.516870e-07	-8.90426e-06	1.285510e+00	
3534	3.517870e-07	8.894349e-06	1.286169e+00	

Index   time            vout2           v(x2.comp_p_0/v 
--------------------------------------------------------------------------------
3535	3.518870e-07	-8.87048e-06	1.286826e+00	
3536	3.519870e-07	8.860630e-06	1.287483e+00	
3537	3.520870e-07	-8.83676e-06	1.288139e+00	
3538	3.521870e-07	8.826985e-06	1.288794e+00	
3539	3.522870e-07	-8.80309e-06	1.289448e+00	
3540	3.523870e-07	8.793408e-06	1.290102e+00	
3541	3.524870e-07	-8.76950e-06	1.290754e+00	
3542	3.525870e-07	8.759890e-06	1.291406e+00	
3543	3.526870e-07	-8.73598e-06	1.292057e+00	
3544	3.527870e-07	8.726419e-06	1.292707e+00	
3545	3.528870e-07	-8.70256e-06	1.293357e+00	
3546	3.529870e-07	8.692997e-06	1.294005e+00	
3547	3.530870e-07	-8.66920e-06	1.294653e+00	
3548	3.531870e-07	8.659629e-06	1.295300e+00	
3549	3.532870e-07	-8.63592e-06	1.295946e+00	
3550	3.533870e-07	8.626316e-06	1.296592e+00	
3551	3.534870e-07	-8.60271e-06	1.297236e+00	
3552	3.535870e-07	8.593058e-06	1.297880e+00	
3553	3.536870e-07	-8.56956e-06	1.298523e+00	
3554	3.537870e-07	8.559855e-06	1.299166e+00	
3555	3.538870e-07	-8.53647e-06	1.299807e+00	
3556	3.539870e-07	8.526705e-06	1.300448e+00	
3557	3.540870e-07	-8.50345e-06	1.301088e+00	
3558	3.541870e-07	8.493607e-06	1.301728e+00	
3559	3.542870e-07	-8.47050e-06	1.302366e+00	
3560	3.543870e-07	8.460544e-06	1.303004e+00	
3561	3.544870e-07	-8.43766e-06	1.303642e+00	
3562	3.545870e-07	8.427434e-06	1.304278e+00	
3563	3.546870e-07	-8.40511e-06	1.304914e+00	
3564	3.547870e-07	8.393881e-06	1.305549e+00	
3565	3.548870e-07	-8.37367e-06	1.306184e+00	
3566	3.549870e-07	8.358188e-06	1.306818e+00	
3567	3.550870e-07	-8.34666e-06	1.307451e+00	
3568	3.551870e-07	8.314674e-06	1.308084e+00	
3569	3.552870e-07	-8.33149e-06	1.308715e+00	
3570	3.553870e-07	8.251172e-06	1.309347e+00	
3571	3.554870e-07	-8.33707e-06	1.309977e+00	
3572	3.555870e-07	8.164738e-06	1.310607e+00	
3573	3.556870e-07	-8.36800e-06	1.311236e+00	
3574	3.557870e-07	8.022136e-06	1.311865e+00	
3575	3.558870e-07	-8.56608e-06	1.312493e+00	
3576	3.559870e-07	7.368187e-06	1.313120e+00	
3577	3.560870e-07	-9.29386e-06	1.313746e+00	
3578	3.561870e-07	7.845417e-06	1.314372e+00	
3579	3.562870e-07	3.982418e-06	1.314998e+00	
3580	3.563870e-07	6.297342e-05	1.315630e+00	
3581	3.564870e-07	8.511341e-05	1.316274e+00	
3582	3.565870e-07	9.917761e-05	1.316931e+00	
3583	3.566870e-07	6.319978e-05	1.317599e+00	
3584	3.567870e-07	-2.36342e-04	1.318260e+00	
3585	3.568870e-07	-2.00187e-03	1.318676e+00	
3586	3.569870e-07	-6.30089e-03	1.318019e+00	
3587	3.570870e-07	-1.66547e-02	1.316496e+00	
3588	3.571856e-07	-4.83866e-02	1.314835e+00	
3589	3.572856e-07	1.381952e+00	1.313143e+00	
3590	3.573856e-07	1.856325e+00	1.311452e+00	
3591	3.574856e-07	1.758439e+00	1.309759e+00	
3592	3.575856e-07	1.828527e+00	1.308067e+00	

Index   time            vout2           v(x2.comp_p_0/v 
--------------------------------------------------------------------------------
3593	3.576856e-07	1.779233e+00	1.306375e+00	
3594	3.577856e-07	1.814165e+00	1.304686e+00	
3595	3.578856e-07	1.789525e+00	1.302996e+00	
3596	3.579856e-07	1.807081e+00	1.301310e+00	
3597	3.580856e-07	1.794593e+00	1.299625e+00	
3598	3.581856e-07	1.803547e+00	1.297942e+00	
3599	3.582856e-07	1.797131e+00	1.296261e+00	
3600	3.583856e-07	1.801762e+00	1.294583e+00	
3601	3.584856e-07	1.798416e+00	1.292906e+00	
3602	3.585856e-07	1.800854e+00	1.291232e+00	
3603	3.586856e-07	1.799071e+00	1.289560e+00	
3604	3.587856e-07	1.800391e+00	1.287890e+00	
3605	3.588856e-07	1.799406e+00	1.286222e+00	
3606	3.589856e-07	1.800154e+00	1.284557e+00	
3607	3.590856e-07	1.799577e+00	1.282893e+00	
3608	3.591856e-07	1.800033e+00	1.281232e+00	
3609	3.592856e-07	1.799665e+00	1.279573e+00	
3610	3.593856e-07	1.799971e+00	1.277916e+00	
3611	3.594856e-07	1.799711e+00	1.276262e+00	
3612	3.595856e-07	1.799939e+00	1.274609e+00	
3613	3.596856e-07	1.799734e+00	1.272959e+00	
3614	3.597856e-07	1.799923e+00	1.271311e+00	
3615	3.598856e-07	1.799747e+00	1.269665e+00	
3616	3.599856e-07	1.799914e+00	1.268021e+00	
3617	3.600856e-07	1.799753e+00	1.266380e+00	
3618	3.601856e-07	1.799910e+00	1.264741e+00	
3619	3.602856e-07	1.799757e+00	1.263103e+00	
3620	3.603856e-07	1.799908e+00	1.261468e+00	
3621	3.604856e-07	1.799759e+00	1.259836e+00	
3622	3.605856e-07	1.799907e+00	1.258205e+00	
3623	3.606856e-07	1.799760e+00	1.256577e+00	
3624	3.607856e-07	1.799906e+00	1.254950e+00	
3625	3.608856e-07	1.799761e+00	1.253326e+00	
3626	3.609856e-07	1.799906e+00	1.251704e+00	
3627	3.610856e-07	1.799762e+00	1.250084e+00	
3628	3.611856e-07	1.799905e+00	1.248467e+00	
3629	3.612856e-07	1.799763e+00	1.246851e+00	
3630	3.613856e-07	1.799905e+00	1.245238e+00	
3631	3.614856e-07	1.799763e+00	1.243626e+00	
3632	3.615856e-07	1.799905e+00	1.242017e+00	
3633	3.616856e-07	1.799764e+00	1.240410e+00	
3634	3.617856e-07	1.799905e+00	1.238806e+00	
3635	3.618856e-07	1.799765e+00	1.237203e+00	
3636	3.619856e-07	1.799905e+00	1.235602e+00	
3637	3.620856e-07	1.799765e+00	1.234004e+00	
3638	3.621856e-07	1.799905e+00	1.232408e+00	
3639	3.622856e-07	1.799766e+00	1.230813e+00	
3640	3.623856e-07	1.799905e+00	1.229221e+00	
3641	3.624856e-07	1.799766e+00	1.227631e+00	
3642	3.625856e-07	1.799905e+00	1.226044e+00	
3643	3.626856e-07	1.799767e+00	1.224458e+00	
3644	3.627856e-07	1.799905e+00	1.222874e+00	
3645	3.628856e-07	1.799767e+00	1.221293e+00	
3646	3.629856e-07	1.799905e+00	1.219714e+00	
3647	3.630856e-07	1.799768e+00	1.218136e+00	
3648	3.631856e-07	1.799905e+00	1.216561e+00	
3649	3.632856e-07	1.799768e+00	1.214988e+00	
3650	3.633856e-07	1.799905e+00	1.213417e+00	

Index   time            vout2           v(x2.comp_p_0/v 
--------------------------------------------------------------------------------
3651	3.634856e-07	1.799769e+00	1.211848e+00	
3652	3.635856e-07	1.799905e+00	1.210281e+00	
3653	3.636856e-07	1.799769e+00	1.208717e+00	
3654	3.637856e-07	1.799905e+00	1.207154e+00	
3655	3.638856e-07	1.799770e+00	1.205594e+00	
3656	3.639856e-07	1.799905e+00	1.204035e+00	
3657	3.640856e-07	1.799770e+00	1.202479e+00	
3658	3.641856e-07	1.799905e+00	1.200924e+00	
3659	3.642856e-07	1.799771e+00	1.199372e+00	
3660	3.643856e-07	1.799905e+00	1.197822e+00	
3661	3.644856e-07	1.799771e+00	1.196274e+00	
3662	3.645856e-07	1.799905e+00	1.194728e+00	
3663	3.646856e-07	1.799772e+00	1.193184e+00	
3664	3.647856e-07	1.799905e+00	1.191642e+00	
3665	3.648856e-07	1.799772e+00	1.190102e+00	
3666	3.649856e-07	1.799905e+00	1.188564e+00	
3667	3.650856e-07	1.799773e+00	1.187028e+00	
3668	3.651856e-07	1.799905e+00	1.185495e+00	
3669	3.652856e-07	1.799773e+00	1.183963e+00	
3670	3.653856e-07	1.799905e+00	1.182433e+00	
3671	3.654856e-07	1.799774e+00	1.180905e+00	
3672	3.655856e-07	1.799905e+00	1.179380e+00	
3673	3.656856e-07	1.799774e+00	1.177856e+00	
3674	3.657856e-07	1.799905e+00	1.176335e+00	
3675	3.658856e-07	1.799775e+00	1.174815e+00	
3676	3.659856e-07	1.799905e+00	1.173297e+00	
3677	3.660856e-07	1.799775e+00	1.171782e+00	
3678	3.661856e-07	1.799905e+00	1.170268e+00	
3679	3.662856e-07	1.799776e+00	1.168757e+00	
3680	3.663856e-07	1.799905e+00	1.167247e+00	
3681	3.664856e-07	1.799776e+00	1.165739e+00	
3682	3.665856e-07	1.799905e+00	1.164234e+00	
3683	3.666856e-07	1.799777e+00	1.162730e+00	
3684	3.667856e-07	1.799905e+00	1.161229e+00	
3685	3.668856e-07	1.799777e+00	1.159729e+00	
3686	3.669856e-07	1.799905e+00	1.158231e+00	
3687	3.670856e-07	1.799778e+00	1.156735e+00	
3688	3.671856e-07	1.799905e+00	1.155242e+00	
3689	3.672856e-07	1.799778e+00	1.153750e+00	
3690	3.673856e-07	1.799905e+00	1.152260e+00	
3691	3.674856e-07	1.799779e+00	1.150772e+00	
3692	3.675856e-07	1.799905e+00	1.149286e+00	
3693	3.676856e-07	1.799779e+00	1.147802e+00	
3694	3.677856e-07	1.799905e+00	1.146320e+00	
3695	3.678856e-07	1.799780e+00	1.144840e+00	
3696	3.679856e-07	1.799905e+00	1.143362e+00	
3697	3.680856e-07	1.799780e+00	1.141886e+00	
3698	3.681856e-07	1.799905e+00	1.140412e+00	
3699	3.682856e-07	1.799781e+00	1.138939e+00	
3700	3.683856e-07	1.799905e+00	1.137469e+00	
3701	3.684856e-07	1.799781e+00	1.136001e+00	
3702	3.685856e-07	1.799905e+00	1.134534e+00	
3703	3.686856e-07	1.799782e+00	1.133069e+00	
3704	3.687856e-07	1.799905e+00	1.131607e+00	
3705	3.688856e-07	1.799782e+00	1.130146e+00	
3706	3.689856e-07	1.799905e+00	1.128687e+00	
3707	3.690856e-07	1.799783e+00	1.127230e+00	
3708	3.691856e-07	1.799905e+00	1.125775e+00	

Index   time            vout2           v(x2.comp_p_0/v 
--------------------------------------------------------------------------------
3709	3.692856e-07	1.799783e+00	1.124322e+00	
3710	3.693856e-07	1.799905e+00	1.122870e+00	
3711	3.694856e-07	1.799784e+00	1.121421e+00	
3712	3.695856e-07	1.799905e+00	1.119973e+00	
3713	3.696856e-07	1.799784e+00	1.118528e+00	
3714	3.697856e-07	1.799905e+00	1.117084e+00	
3715	3.698856e-07	1.799785e+00	1.115642e+00	
3716	3.699856e-07	1.799905e+00	1.114202e+00	
3717	3.700856e-07	1.799785e+00	1.112764e+00	
3718	3.701856e-07	1.799905e+00	1.111327e+00	
3719	3.702856e-07	1.799786e+00	1.109893e+00	
3720	3.703856e-07	1.799905e+00	1.108460e+00	
3721	3.704856e-07	1.799786e+00	1.107030e+00	
3722	3.705856e-07	1.799905e+00	1.105601e+00	
3723	3.706856e-07	1.799786e+00	1.104174e+00	
3724	3.707856e-07	1.799905e+00	1.102748e+00	
3725	3.708856e-07	1.799787e+00	1.101325e+00	
3726	3.709856e-07	1.799905e+00	1.099904e+00	
3727	3.710856e-07	1.799787e+00	1.098484e+00	
3728	3.711856e-07	1.799905e+00	1.097066e+00	
3729	3.712856e-07	1.799788e+00	1.095650e+00	
3730	3.713856e-07	1.799905e+00	1.094236e+00	
3731	3.714856e-07	1.799788e+00	1.092824e+00	
3732	3.715856e-07	1.799905e+00	1.091414e+00	
3733	3.716856e-07	1.799789e+00	1.090005e+00	
3734	3.717856e-07	1.799905e+00	1.088598e+00	
3735	3.718856e-07	1.799789e+00	1.087194e+00	
3736	3.719856e-07	1.799905e+00	1.085791e+00	
3737	3.720856e-07	1.799790e+00	1.084389e+00	
3738	3.721856e-07	1.799905e+00	1.082990e+00	
3739	3.722856e-07	1.799790e+00	1.081592e+00	
3740	3.723856e-07	1.799904e+00	1.080197e+00	
3741	3.724856e-07	1.799791e+00	1.078803e+00	
3742	3.725856e-07	1.799904e+00	1.077411e+00	
3743	3.726856e-07	1.799791e+00	1.076021e+00	
3744	3.727856e-07	1.799904e+00	1.074632e+00	
3745	3.728856e-07	1.799791e+00	1.073246e+00	
3746	3.729856e-07	1.799904e+00	1.071861e+00	
3747	3.730856e-07	1.799792e+00	1.070478e+00	
3748	3.731856e-07	1.799904e+00	1.069098e+00	
3749	3.732856e-07	1.799792e+00	1.067718e+00	
3750	3.733856e-07	1.799904e+00	1.066341e+00	
3751	3.734856e-07	1.799793e+00	1.064966e+00	
3752	3.735856e-07	1.799904e+00	1.063592e+00	
3753	3.736856e-07	1.799793e+00	1.062220e+00	
3754	3.737856e-07	1.799904e+00	1.060850e+00	
3755	3.738856e-07	1.799793e+00	1.059482e+00	
3756	3.739856e-07	1.799904e+00	1.058116e+00	
3757	3.740856e-07	1.799794e+00	1.056752e+00	
3758	3.741856e-07	1.799904e+00	1.055390e+00	
3759	3.742856e-07	1.799794e+00	1.054029e+00	
3760	3.743856e-07	1.799904e+00	1.052671e+00	
3761	3.744856e-07	1.799794e+00	1.051314e+00	
3762	3.745856e-07	1.799904e+00	1.049960e+00	
3763	3.746856e-07	1.799795e+00	1.048607e+00	
3764	3.747856e-07	1.799904e+00	1.047256e+00	
3765	3.748856e-07	1.799795e+00	1.045908e+00	
3766	3.749856e-07	1.799904e+00	1.044561e+00	

Index   time            vout2           v(x2.comp_p_0/v 
--------------------------------------------------------------------------------
3767	3.750856e-07	1.799796e+00	1.043216e+00	
3768	3.751856e-07	1.799904e+00	1.041873e+00	
3769	3.752856e-07	1.799796e+00	1.040532e+00	
3770	3.753856e-07	1.799904e+00	1.039193e+00	
3771	3.754856e-07	1.799796e+00	1.037856e+00	
3772	3.755856e-07	1.799903e+00	1.036520e+00	
3773	3.756856e-07	1.799796e+00	1.035187e+00	
3774	3.757856e-07	1.799903e+00	1.033856e+00	
3775	3.758856e-07	1.799797e+00	1.032526e+00	
3776	3.759856e-07	1.799903e+00	1.031198e+00	
3777	3.760856e-07	1.799797e+00	1.029872e+00	
3778	3.761856e-07	1.799903e+00	1.028548e+00	
3779	3.762856e-07	1.799797e+00	1.027226e+00	
3780	3.763856e-07	1.799903e+00	1.025906e+00	
3781	3.764856e-07	1.799798e+00	1.024587e+00	
3782	3.765856e-07	1.799903e+00	1.023270e+00	
3783	3.766856e-07	1.799798e+00	1.021955e+00	
3784	3.767856e-07	1.799903e+00	1.020642e+00	
3785	3.768856e-07	1.799798e+00	1.019331e+00	
3786	3.769856e-07	1.799903e+00	1.018021e+00	
3787	3.770856e-07	1.799799e+00	1.016713e+00	
3788	3.771856e-07	1.799902e+00	1.015407e+00	
3789	3.772856e-07	1.799799e+00	1.014102e+00	
3790	3.773856e-07	1.799902e+00	1.012800e+00	
3791	3.774856e-07	1.799799e+00	1.011499e+00	
3792	3.775856e-07	1.799902e+00	1.010199e+00	
3793	3.776856e-07	1.799800e+00	1.008902e+00	
3794	3.777856e-07	1.799902e+00	1.007606e+00	
3795	3.778856e-07	1.799800e+00	1.006311e+00	
3796	3.779856e-07	1.799902e+00	1.005019e+00	
3797	3.780856e-07	1.799800e+00	1.003728e+00	
3798	3.781856e-07	1.799902e+00	1.002439e+00	
3799	3.782856e-07	1.799800e+00	1.001151e+00	
3800	3.783856e-07	1.799902e+00	9.998653e-01	
3801	3.784856e-07	1.799801e+00	9.985811e-01	
3802	3.785856e-07	1.799902e+00	9.972985e-01	
3803	3.786856e-07	1.799801e+00	9.960176e-01	
3804	3.787856e-07	1.799902e+00	9.947383e-01	
3805	3.788856e-07	1.799801e+00	9.934607e-01	
3806	3.789856e-07	1.799902e+00	9.921847e-01	
3807	3.790856e-07	1.799802e+00	9.909104e-01	
3808	3.791856e-07	1.799901e+00	9.896377e-01	
3809	3.792856e-07	1.799802e+00	9.883666e-01	
3810	3.793856e-07	1.799901e+00	9.870972e-01	
3811	3.794856e-07	1.799802e+00	9.858294e-01	
3812	3.795856e-07	1.799901e+00	9.845632e-01	
3813	3.796856e-07	1.799803e+00	9.832986e-01	
3814	3.797856e-07	1.799901e+00	9.820356e-01	
3815	3.798856e-07	1.799803e+00	9.807743e-01	
3816	3.799856e-07	1.799901e+00	9.795146e-01	
3817	3.800856e-07	1.799803e+00	9.782565e-01	
3818	3.801856e-07	1.799901e+00	9.769999e-01	
3819	3.802856e-07	1.799804e+00	9.757451e-01	
3820	3.803856e-07	1.799901e+00	9.744918e-01	
3821	3.804856e-07	1.799804e+00	9.732401e-01	
3822	3.805856e-07	1.799901e+00	9.719900e-01	
3823	3.806856e-07	1.799804e+00	9.707415e-01	
3824	3.807856e-07	1.799901e+00	9.694945e-01	

Index   time            vout2           v(x2.comp_p_0/v 
--------------------------------------------------------------------------------
3825	3.808856e-07	1.799805e+00	9.682492e-01	
3826	3.809856e-07	1.799901e+00	9.670054e-01	
3827	3.810856e-07	1.799805e+00	9.657633e-01	
3828	3.811856e-07	1.799901e+00	9.645226e-01	
3829	3.812856e-07	1.799805e+00	9.632836e-01	
3830	3.813856e-07	1.799900e+00	9.620462e-01	
3831	3.814856e-07	1.799805e+00	9.608103e-01	
3832	3.815856e-07	1.799900e+00	9.595760e-01	
3833	3.816856e-07	1.799806e+00	9.583432e-01	
3834	3.817856e-07	1.799900e+00	9.571120e-01	
3835	3.818856e-07	1.799806e+00	9.558824e-01	
3836	3.819856e-07	1.799900e+00	9.546543e-01	
3837	3.820856e-07	1.799806e+00	9.534278e-01	
3838	3.821856e-07	1.799900e+00	9.522029e-01	
3839	3.822856e-07	1.799807e+00	9.509795e-01	
3840	3.823856e-07	1.799900e+00	9.497576e-01	
3841	3.824856e-07	1.799807e+00	9.485373e-01	
3842	3.825856e-07	1.799900e+00	9.473186e-01	
3843	3.826856e-07	1.799807e+00	9.461014e-01	
3844	3.827856e-07	1.799900e+00	9.448857e-01	
3845	3.828856e-07	1.799808e+00	9.436716e-01	
3846	3.829856e-07	1.799900e+00	9.424589e-01	
3847	3.830856e-07	1.799808e+00	9.412479e-01	
3848	3.831856e-07	1.799900e+00	9.400383e-01	
3849	3.832856e-07	1.799808e+00	9.388303e-01	
3850	3.833856e-07	1.799900e+00	9.376238e-01	
3851	3.834856e-07	1.799809e+00	9.364188e-01	
3852	3.835856e-07	1.799900e+00	9.352154e-01	
3853	3.836856e-07	1.799809e+00	9.340134e-01	
3854	3.837856e-07	1.799900e+00	9.328130e-01	
3855	3.838856e-07	1.799809e+00	9.316140e-01	
3856	3.839856e-07	1.799900e+00	9.304165e-01	
3857	3.840856e-07	1.799809e+00	9.292205e-01	
3858	3.841856e-07	1.799899e+00	9.280260e-01	
3859	3.842856e-07	1.799810e+00	9.268329e-01	
3860	3.843856e-07	1.799899e+00	9.256413e-01	
3861	3.844856e-07	1.799810e+00	9.244511e-01	
3862	3.845856e-07	1.799899e+00	9.232623e-01	
3863	3.846856e-07	1.799810e+00	9.220749e-01	
3864	3.847856e-07	1.799899e+00	9.208889e-01	
3865	3.848856e-07	1.799811e+00	9.197043e-01	
3866	3.849856e-07	1.799899e+00	9.185209e-01	
3867	3.850856e-07	1.799811e+00	9.173389e-01	
3868	3.851856e-07	1.799899e+00	9.161581e-01	
3869	3.852856e-07	1.799811e+00	9.149787e-01	
3870	3.853856e-07	1.799899e+00	9.138005e-01	
3871	3.854856e-07	1.799812e+00	9.126236e-01	
3872	3.855856e-07	1.799899e+00	9.114480e-01	
3873	3.856856e-07	1.799812e+00	9.102737e-01	
3874	3.857856e-07	1.799899e+00	9.091006e-01	
3875	3.858856e-07	1.799812e+00	9.079288e-01	
3876	3.859856e-07	1.799899e+00	9.067583e-01	
3877	3.860856e-07	1.799812e+00	9.055892e-01	
3878	3.861856e-07	1.799899e+00	9.044213e-01	
3879	3.862856e-07	1.799813e+00	9.032548e-01	
3880	3.863856e-07	1.799899e+00	9.020896e-01	
3881	3.864856e-07	1.799813e+00	9.009258e-01	
3882	3.865856e-07	1.799899e+00	8.997633e-01	

Index   time            vout2           v(x2.comp_p_0/v 
--------------------------------------------------------------------------------
3883	3.866856e-07	1.799813e+00	8.986022e-01	
3884	3.867856e-07	1.799899e+00	8.974425e-01	
3885	3.868856e-07	1.799814e+00	8.962842e-01	
3886	3.869856e-07	1.799899e+00	8.951273e-01	
3887	3.870856e-07	1.799814e+00	8.939718e-01	
3888	3.871856e-07	1.799898e+00	8.928177e-01	
3889	3.872856e-07	1.799814e+00	8.916651e-01	
3890	3.873856e-07	1.799898e+00	8.905139e-01	
3891	3.874856e-07	1.799815e+00	8.893641e-01	
3892	3.875856e-07	1.799898e+00	8.882158e-01	
3893	3.876856e-07	1.799815e+00	8.870689e-01	
3894	3.877856e-07	1.799898e+00	8.859235e-01	
3895	3.878856e-07	1.799815e+00	8.847795e-01	
3896	3.879856e-07	1.799898e+00	8.836369e-01	
3897	3.880856e-07	1.799815e+00	8.824959e-01	
3898	3.881856e-07	1.799898e+00	8.813563e-01	
3899	3.882856e-07	1.799816e+00	8.802181e-01	
3900	3.883856e-07	1.799898e+00	8.790814e-01	
3901	3.884856e-07	1.799816e+00	8.779462e-01	
3902	3.885856e-07	1.799898e+00	8.768124e-01	
3903	3.886856e-07	1.799816e+00	8.756801e-01	
3904	3.887856e-07	1.799898e+00	8.745493e-01	
3905	3.888856e-07	1.799817e+00	8.734199e-01	
3906	3.889856e-07	1.799898e+00	8.722920e-01	
3907	3.890856e-07	1.799817e+00	8.711655e-01	
3908	3.891856e-07	1.799898e+00	8.700405e-01	
3909	3.892856e-07	1.799817e+00	8.689169e-01	
3910	3.893856e-07	1.799898e+00	8.677948e-01	
3911	3.894853e-07	1.799817e+00	8.666780e-01	
3912	3.895790e-07	1.799898e+00	8.656286e-01	
3913	3.896780e-07	1.799818e+00	8.645220e-01	
3914	3.897780e-07	1.799898e+00	8.634056e-01	
3915	3.898780e-07	1.799818e+00	8.622907e-01	
3916	3.899780e-07	1.799898e+00	8.611772e-01	
3917	3.900780e-07	1.799818e+00	8.600652e-01	
3918	3.901780e-07	1.799898e+00	8.589546e-01	
3919	3.902780e-07	1.799818e+00	8.578454e-01	
3920	3.903780e-07	1.799897e+00	8.567377e-01	
3921	3.904780e-07	1.799819e+00	8.556315e-01	
3922	3.905780e-07	1.799897e+00	8.545266e-01	
3923	3.906780e-07	1.799819e+00	8.534232e-01	
3924	3.907780e-07	1.799897e+00	8.523213e-01	
3925	3.908780e-07	1.799819e+00	8.512208e-01	
3926	3.909780e-07	1.799897e+00	8.501217e-01	
3927	3.910780e-07	1.799820e+00	8.490240e-01	
3928	3.911780e-07	1.799897e+00	8.479278e-01	
3929	3.912780e-07	1.799820e+00	8.468330e-01	
3930	3.913780e-07	1.799897e+00	8.457396e-01	
3931	3.914780e-07	1.799820e+00	8.446477e-01	
3932	3.915780e-07	1.799897e+00	8.435572e-01	
3933	3.916780e-07	1.799820e+00	8.424681e-01	
3934	3.917780e-07	1.799897e+00	8.413804e-01	
3935	3.918780e-07	1.799821e+00	8.402942e-01	
3936	3.919780e-07	1.799897e+00	8.392093e-01	
3937	3.920780e-07	1.799821e+00	8.381259e-01	
3938	3.921780e-07	1.799897e+00	8.370439e-01	
3939	3.922780e-07	1.799821e+00	8.359633e-01	
3940	3.923780e-07	1.799897e+00	8.348840e-01	

Index   time            vout2           v(x2.comp_p_0/v 
--------------------------------------------------------------------------------
3941	3.924780e-07	1.799821e+00	8.338063e-01	
3942	3.925780e-07	1.799897e+00	8.327299e-01	
3943	3.926780e-07	1.799822e+00	8.316549e-01	
3944	3.927780e-07	1.799897e+00	8.305813e-01	
3945	3.928780e-07	1.799822e+00	8.295092e-01	
3946	3.929780e-07	1.799897e+00	8.284384e-01	
3947	3.930780e-07	1.799822e+00	8.273690e-01	
3948	3.931780e-07	1.799897e+00	8.263010e-01	
3949	3.932780e-07	1.799822e+00	8.252344e-01	
3950	3.933780e-07	1.799897e+00	8.241692e-01	
3951	3.934780e-07	1.799823e+00	8.231054e-01	
3952	3.935780e-07	1.799897e+00	8.220430e-01	
3953	3.936780e-07	1.799821e+00	8.209820e-01	
3954	3.937780e-07	1.799896e+00	8.199223e-01	
3955	3.938780e-07	1.799822e+00	8.188640e-01	
3956	3.939780e-07	1.799894e+00	8.178071e-01	
3957	3.940780e-07	1.799822e+00	8.167516e-01	
3958	3.941780e-07	1.799894e+00	8.156975e-01	
3959	3.942780e-07	1.799822e+00	8.146448e-01	
3960	3.943780e-07	1.799894e+00	8.135934e-01	
3961	3.944780e-07	1.799822e+00	8.125434e-01	
3962	3.945780e-07	1.799894e+00	8.114947e-01	
3963	3.946780e-07	1.799823e+00	8.104475e-01	
3964	3.947780e-07	1.799894e+00	8.094016e-01	
3965	3.948780e-07	1.799823e+00	8.083570e-01	
3966	3.949780e-07	1.799894e+00	8.073138e-01	
3967	3.950780e-07	1.799823e+00	8.062720e-01	
3968	3.951780e-07	1.799894e+00	8.052316e-01	
3969	3.952780e-07	1.799823e+00	8.041925e-01	
3970	3.953780e-07	1.799894e+00	8.031547e-01	
3971	3.954780e-07	1.799824e+00	8.021184e-01	
3972	3.955780e-07	1.799894e+00	8.010833e-01	
3973	3.956780e-07	1.799824e+00	8.000497e-01	
3974	3.957780e-07	1.799894e+00	7.990173e-01	
3975	3.958780e-07	1.799824e+00	7.979864e-01	
3976	3.959780e-07	1.799894e+00	7.969567e-01	
3977	3.960780e-07	1.799824e+00	7.959284e-01	
3978	3.961780e-07	1.799894e+00	7.949015e-01	
3979	3.962780e-07	1.799825e+00	7.938759e-01	
3980	3.963780e-07	1.799894e+00	7.928516e-01	
3981	3.964780e-07	1.799825e+00	7.918287e-01	
3982	3.965780e-07	1.799894e+00	7.908071e-01	
3983	3.966780e-07	1.799825e+00	7.897868e-01	
3984	3.967780e-07	1.799894e+00	7.887679e-01	
3985	3.968780e-07	1.799825e+00	7.877503e-01	
3986	3.969780e-07	1.799893e+00	7.867340e-01	
3987	3.970780e-07	1.799826e+00	7.857191e-01	
3988	3.971780e-07	1.799895e+00	7.847054e-01	
3989	3.972780e-07	1.799828e+00	7.836931e-01	
3990	3.973780e-07	1.799895e+00	7.826821e-01	
3991	3.974780e-07	1.799828e+00	7.816725e-01	
3992	3.975780e-07	1.799894e+00	7.806641e-01	
3993	3.976780e-07	1.799826e+00	7.796571e-01	
3994	3.977780e-07	1.799893e+00	7.786514e-01	
3995	3.978780e-07	1.799826e+00	7.776470e-01	
3996	3.979780e-07	1.799893e+00	7.766439e-01	
3997	3.980780e-07	1.799827e+00	7.756421e-01	
3998	3.981780e-07	1.799893e+00	7.746417e-01	

Index   time            vout2           v(x2.comp_p_0/v 
--------------------------------------------------------------------------------
3999	3.982780e-07	1.799827e+00	7.736425e-01	
4000	3.983780e-07	1.799893e+00	7.726446e-01	
4001	3.984780e-07	1.799827e+00	7.716481e-01	
4002	3.985780e-07	1.799893e+00	7.706528e-01	
4003	3.986780e-07	1.799828e+00	7.696589e-01	
4004	3.987780e-07	1.799894e+00	7.686662e-01	
4005	3.988780e-07	1.799830e+00	7.676748e-01	
4006	3.989780e-07	1.799895e+00	7.666847e-01	
4007	3.990780e-07	1.799830e+00	7.656959e-01	
4008	3.991780e-07	1.799895e+00	7.647084e-01	
4009	3.992780e-07	1.799830e+00	7.637222e-01	
4010	3.993780e-07	1.799895e+00	7.627373e-01	
4011	3.994780e-07	1.799829e+00	7.617537e-01	
4012	3.995780e-07	1.799893e+00	7.607713e-01	
4013	3.996780e-07	1.799829e+00	7.597902e-01	
4014	3.997780e-07	1.799893e+00	7.588104e-01	
4015	3.998780e-07	1.799829e+00	7.578319e-01	
4016	3.999780e-07	1.799893e+00	7.568547e-01	
4017	4.000780e-07	1.799829e+00	7.558787e-01	
4018	4.001780e-07	1.799893e+00	7.549040e-01	
4019	4.002780e-07	1.799829e+00	7.539306e-01	
4020	4.003780e-07	1.799893e+00	7.529584e-01	
4021	4.004780e-07	1.799830e+00	7.519875e-01	
4022	4.005780e-07	1.799893e+00	7.510179e-01	
4023	4.006780e-07	1.799830e+00	7.500495e-01	
4024	4.007780e-07	1.799893e+00	7.490824e-01	
4025	4.008780e-07	1.799830e+00	7.481166e-01	
4026	4.009780e-07	1.799893e+00	7.471520e-01	
4027	4.010780e-07	1.799830e+00	7.461887e-01	
4028	4.011780e-07	1.799893e+00	7.452266e-01	
4029	4.012780e-07	1.799831e+00	7.442658e-01	
4030	4.013780e-07	1.799893e+00	7.433062e-01	
4031	4.014780e-07	1.799831e+00	7.423479e-01	
4032	4.015780e-07	1.799892e+00	7.413908e-01	
4033	4.016780e-07	1.799831e+00	7.404350e-01	
4034	4.017780e-07	1.799892e+00	7.394804e-01	
4035	4.018780e-07	1.799831e+00	7.385270e-01	
4036	4.019780e-07	1.799892e+00	7.375749e-01	
4037	4.020780e-07	1.799832e+00	7.366241e-01	
4038	4.021780e-07	1.799892e+00	7.356744e-01	
4039	4.022780e-07	1.799832e+00	7.347261e-01	
4040	4.023780e-07	1.799892e+00	7.337789e-01	
4041	4.024780e-07	1.799832e+00	7.328330e-01	
4042	4.025780e-07	1.799892e+00	7.318883e-01	
4043	4.026780e-07	1.799832e+00	7.309448e-01	
4044	4.027780e-07	1.799892e+00	7.300026e-01	
4045	4.028780e-07	1.799832e+00	7.290616e-01	
4046	4.029780e-07	1.799892e+00	7.281218e-01	
4047	4.030780e-07	1.799833e+00	7.271832e-01	
4048	4.031780e-07	1.799892e+00	7.262459e-01	
4049	4.032780e-07	1.799833e+00	7.253097e-01	
4050	4.033780e-07	1.799892e+00	7.243748e-01	
4051	4.034780e-07	1.799833e+00	7.234411e-01	
4052	4.035780e-07	1.799892e+00	7.225086e-01	
4053	4.036780e-07	1.799833e+00	7.215774e-01	
4054	4.037780e-07	1.799892e+00	7.206473e-01	
4055	4.038780e-07	1.799834e+00	7.197184e-01	
4056	4.039780e-07	1.799892e+00	7.187908e-01	

Index   time            vout2           v(x2.comp_p_0/v 
--------------------------------------------------------------------------------
4057	4.040780e-07	1.799834e+00	7.178643e-01	
4058	4.041780e-07	1.799892e+00	7.169391e-01	
4059	4.042780e-07	1.799834e+00	7.160150e-01	
4060	4.043780e-07	1.799892e+00	7.150922e-01	
4061	4.044780e-07	1.799834e+00	7.141705e-01	
4062	4.045780e-07	1.799892e+00	7.132501e-01	
4063	4.046780e-07	1.799834e+00	7.123308e-01	
4064	4.047780e-07	1.799892e+00	7.114128e-01	
4065	4.048780e-07	1.799835e+00	7.104959e-01	
4066	4.049780e-07	1.799892e+00	7.095802e-01	
4067	4.050780e-07	1.799835e+00	7.086657e-01	
4068	4.051780e-07	1.799892e+00	7.077524e-01	
4069	4.052780e-07	1.799835e+00	7.068403e-01	
4070	4.053780e-07	1.799892e+00	7.059293e-01	
4071	4.054780e-07	1.799835e+00	7.050196e-01	
4072	4.055780e-07	1.799892e+00	7.041110e-01	
4073	4.056780e-07	1.799836e+00	7.032036e-01	
4074	4.057780e-07	1.799892e+00	7.022974e-01	
4075	4.058780e-07	1.799836e+00	7.013923e-01	
4076	4.059780e-07	1.799892e+00	7.004884e-01	
4077	4.060780e-07	1.799836e+00	6.995857e-01	
4078	4.061780e-07	1.799892e+00	6.986842e-01	
4079	4.062780e-07	1.799836e+00	6.977838e-01	
4080	4.063780e-07	1.799892e+00	6.968846e-01	
4081	4.064780e-07	1.799836e+00	6.959866e-01	
4082	4.065780e-07	1.799891e+00	6.950897e-01	
4083	4.066780e-07	1.799837e+00	6.941940e-01	
4084	4.067780e-07	1.799891e+00	6.932994e-01	
4085	4.068780e-07	1.799837e+00	6.924060e-01	
4086	4.069780e-07	1.799891e+00	6.915137e-01	
4087	4.070780e-07	1.799837e+00	6.906227e-01	
4088	4.071780e-07	1.799891e+00	6.897327e-01	
4089	4.072780e-07	1.799837e+00	6.888439e-01	
4090	4.073780e-07	1.799891e+00	6.879563e-01	
4091	4.074780e-07	1.799837e+00	6.870698e-01	
4092	4.075780e-07	1.799891e+00	6.861845e-01	
4093	4.076780e-07	1.799838e+00	6.853003e-01	
4094	4.077780e-07	1.799891e+00	6.844172e-01	
4095	4.078780e-07	1.799838e+00	6.835353e-01	
4096	4.079780e-07	1.799891e+00	6.826546e-01	
4097	4.080780e-07	1.799838e+00	6.817749e-01	
4098	4.081780e-07	1.799891e+00	6.808965e-01	
4099	4.082780e-07	1.799838e+00	6.800191e-01	
4100	4.083780e-07	1.799891e+00	6.791429e-01	
4101	4.084780e-07	1.799838e+00	6.782678e-01	
4102	4.085780e-07	1.799891e+00	6.773939e-01	
4103	4.086780e-07	1.799839e+00	6.765211e-01	
4104	4.087780e-07	1.799891e+00	6.756494e-01	
4105	4.088780e-07	1.799839e+00	6.747788e-01	
4106	4.089780e-07	1.799891e+00	6.739094e-01	
4107	4.090780e-07	1.799839e+00	6.730411e-01	
4108	4.091780e-07	1.799891e+00	6.721739e-01	
4109	4.092780e-07	1.799839e+00	6.713078e-01	
4110	4.093780e-07	1.799891e+00	6.704429e-01	
4111	4.094780e-07	1.799839e+00	6.695791e-01	
4112	4.095780e-07	1.799891e+00	6.687164e-01	
4113	4.096780e-07	1.799840e+00	6.678548e-01	
4114	4.097780e-07	1.799891e+00	6.669943e-01	

Index   time            vout2           v(x2.comp_p_0/v 
--------------------------------------------------------------------------------
4115	4.098780e-07	1.799840e+00	6.661350e-01	
4116	4.099780e-07	1.799891e+00	6.652767e-01	
4117	4.100780e-07	1.799840e+00	6.644196e-01	
4118	4.101780e-07	1.799891e+00	6.635636e-01	
4119	4.102780e-07	1.799840e+00	6.627087e-01	
4120	4.103780e-07	1.799891e+00	6.618549e-01	
4121	4.104780e-07	1.799840e+00	6.610022e-01	
4122	4.105780e-07	1.799891e+00	6.601506e-01	
4123	4.106780e-07	1.799841e+00	6.593002e-01	
4124	4.107780e-07	1.799891e+00	6.584508e-01	
4125	4.108780e-07	1.799841e+00	6.576025e-01	
4126	4.109780e-07	1.799891e+00	6.567553e-01	
4127	4.110780e-07	1.799841e+00	6.559093e-01	
4128	4.111780e-07	1.799891e+00	6.550643e-01	
4129	4.112780e-07	1.799841e+00	6.542205e-01	
4130	4.113780e-07	1.799891e+00	6.533777e-01	
4131	4.114780e-07	1.799841e+00	6.525360e-01	
4132	4.115780e-07	1.799891e+00	6.516955e-01	
4133	4.116780e-07	1.799842e+00	6.508560e-01	
4134	4.117780e-07	1.799890e+00	6.500176e-01	
4135	4.118780e-07	1.799842e+00	6.491803e-01	
4136	4.119780e-07	1.799890e+00	6.483441e-01	
4137	4.120780e-07	1.799842e+00	6.475090e-01	
4138	4.121780e-07	1.799890e+00	6.466750e-01	
4139	4.122780e-07	1.799842e+00	6.458421e-01	
4140	4.123780e-07	1.799890e+00	6.450103e-01	
4141	4.124780e-07	1.799842e+00	6.441795e-01	
4142	4.125780e-07	1.799890e+00	6.433499e-01	
4143	4.126780e-07	1.799843e+00	6.425213e-01	
4144	4.127780e-07	1.799890e+00	6.416938e-01	
4145	4.128780e-07	1.799843e+00	6.408674e-01	
4146	4.129780e-07	1.799890e+00	6.400421e-01	
4147	4.130780e-07	1.799843e+00	6.392179e-01	
4148	4.131780e-07	1.799890e+00	6.383947e-01	
4149	4.132780e-07	1.799843e+00	6.375727e-01	
4150	4.133780e-07	1.799890e+00	6.367517e-01	
4151	4.134780e-07	1.799843e+00	6.359317e-01	
4152	4.135780e-07	1.799890e+00	6.351129e-01	
4153	4.136780e-07	1.799843e+00	6.342952e-01	
4154	4.137780e-07	1.799890e+00	6.334785e-01	
4155	4.138780e-07	1.799844e+00	6.326629e-01	
4156	4.139780e-07	1.799890e+00	6.318483e-01	
4157	4.140780e-07	1.799844e+00	6.310349e-01	
4158	4.141780e-07	1.799890e+00	6.302225e-01	
4159	4.142780e-07	1.799844e+00	6.294112e-01	
4160	4.143780e-07	1.799890e+00	6.286009e-01	
4161	4.144780e-07	1.799844e+00	6.277917e-01	
4162	4.145780e-07	1.799890e+00	6.269836e-01	
4163	4.146780e-07	1.799844e+00	6.261765e-01	
4164	4.147780e-07	1.799890e+00	6.253705e-01	
4165	4.148780e-07	1.799845e+00	6.245656e-01	
4166	4.149780e-07	1.799890e+00	6.237617e-01	
4167	4.150780e-07	1.799845e+00	6.229589e-01	
4168	4.151780e-07	1.799890e+00	6.221572e-01	
4169	4.152780e-07	1.799845e+00	6.213565e-01	
4170	4.153780e-07	1.799890e+00	6.205569e-01	
4171	4.154780e-07	1.799845e+00	6.197583e-01	
4172	4.155780e-07	1.799890e+00	6.189607e-01	

Index   time            vout2           v(x2.comp_p_0/v 
--------------------------------------------------------------------------------
4173	4.156780e-07	1.799845e+00	6.181643e-01	
4174	4.157780e-07	1.799890e+00	6.173688e-01	
4175	4.158780e-07	1.799845e+00	6.165745e-01	
4176	4.159780e-07	1.799890e+00	6.157811e-01	
4177	4.160780e-07	1.799846e+00	6.149888e-01	
4178	4.161780e-07	1.799890e+00	6.141976e-01	
4179	4.162780e-07	1.799846e+00	6.134074e-01	
4180	4.163780e-07	1.799890e+00	6.126182e-01	
4181	4.164780e-07	1.799846e+00	6.118301e-01	
4182	4.165780e-07	1.799890e+00	6.110430e-01	
4183	4.166780e-07	1.799846e+00	6.102570e-01	
4184	4.167780e-07	1.799890e+00	6.094720e-01	
4185	4.168780e-07	1.799846e+00	6.086880e-01	
4186	4.169780e-07	1.799890e+00	6.079051e-01	
4187	4.170780e-07	1.799846e+00	6.071232e-01	
4188	4.171780e-07	1.799890e+00	6.063423e-01	
4189	4.172780e-07	1.799847e+00	6.055625e-01	
4190	4.173780e-07	1.799889e+00	6.047837e-01	
4191	4.174780e-07	1.799847e+00	6.040059e-01	
4192	4.175780e-07	1.799889e+00	6.032291e-01	
4193	4.176780e-07	1.799847e+00	6.024534e-01	
4194	4.177780e-07	1.799889e+00	6.016787e-01	
4195	4.178780e-07	1.799847e+00	6.009050e-01	
4196	4.179780e-07	1.799889e+00	6.001323e-01	
4197	4.180780e-07	1.799847e+00	5.993606e-01	
4198	4.181780e-07	1.799889e+00	5.985900e-01	
4199	4.182780e-07	1.799847e+00	5.978204e-01	
4200	4.183780e-07	1.799889e+00	5.970518e-01	
4201	4.184780e-07	1.799848e+00	5.962842e-01	
4202	4.185780e-07	1.799889e+00	5.955176e-01	
4203	4.186780e-07	1.799848e+00	5.947520e-01	
4204	4.187780e-07	1.799889e+00	5.939874e-01	
4205	4.188780e-07	1.799848e+00	5.932239e-01	
4206	4.189780e-07	1.799889e+00	5.924613e-01	
4207	4.190780e-07	1.799848e+00	5.916998e-01	
4208	4.191780e-07	1.799889e+00	5.909392e-01	
4209	4.192780e-07	1.799848e+00	5.901797e-01	
4210	4.193780e-07	1.799889e+00	5.894211e-01	
4211	4.194780e-07	1.799848e+00	5.886636e-01	
4212	4.195780e-07	1.799889e+00	5.879070e-01	
4213	4.196780e-07	1.799849e+00	5.871515e-01	
4214	4.197780e-07	1.799889e+00	5.863969e-01	
4215	4.198780e-07	1.799849e+00	5.856433e-01	
4216	4.199780e-07	1.799889e+00	5.848908e-01	
4217	4.200780e-07	1.799849e+00	5.841392e-01	
4218	4.201780e-07	1.799889e+00	5.833886e-01	
4219	4.202780e-07	1.799849e+00	5.826390e-01	
4220	4.203780e-07	1.799889e+00	5.818903e-01	
4221	4.204780e-07	1.799849e+00	5.811427e-01	
4222	4.205780e-07	1.799889e+00	5.803961e-01	
4223	4.206780e-07	1.799849e+00	5.796504e-01	
4224	4.207780e-07	1.799889e+00	5.789057e-01	
4225	4.208780e-07	1.799850e+00	5.781620e-01	
4226	4.209780e-07	1.799889e+00	5.774193e-01	
4227	4.210780e-07	1.799850e+00	5.766775e-01	
4228	4.211780e-07	1.799889e+00	5.759367e-01	
4229	4.212780e-07	1.799850e+00	5.751969e-01	
4230	4.213780e-07	1.799889e+00	5.744581e-01	

Index   time            vout2           v(x2.comp_p_0/v 
--------------------------------------------------------------------------------
4231	4.214780e-07	1.799850e+00	5.737203e-01	
4232	4.215780e-07	1.799889e+00	5.729834e-01	
4233	4.216780e-07	1.799850e+00	5.722475e-01	
4234	4.217780e-07	1.799889e+00	5.715125e-01	
4235	4.218780e-07	1.799850e+00	5.707785e-01	
4236	4.219780e-07	1.799889e+00	5.700455e-01	
4237	4.220780e-07	1.799851e+00	5.693134e-01	
4238	4.221780e-07	1.799889e+00	5.685823e-01	
4239	4.222780e-07	1.799851e+00	5.678522e-01	
4240	4.223780e-07	1.799889e+00	5.671230e-01	
4241	4.224780e-07	1.799851e+00	5.663948e-01	
4242	4.225780e-07	1.799889e+00	5.656675e-01	
4243	4.226780e-07	1.799851e+00	5.649412e-01	
4244	4.227780e-07	1.799889e+00	5.642158e-01	
4245	4.228780e-07	1.799851e+00	5.634913e-01	
4246	4.229780e-07	1.799889e+00	5.627678e-01	
4247	4.230780e-07	1.799851e+00	5.620453e-01	
4248	4.231780e-07	1.799889e+00	5.613237e-01	
4249	4.232780e-07	1.799852e+00	5.606030e-01	
4250	4.233780e-07	1.799888e+00	5.598833e-01	
4251	4.234780e-07	1.799852e+00	5.591645e-01	
4252	4.235780e-07	1.799888e+00	5.584466e-01	
4253	4.236780e-07	1.799852e+00	5.577296e-01	
4254	4.237780e-07	1.799888e+00	5.570136e-01	
4255	4.238780e-07	1.799852e+00	5.562985e-01	
4256	4.239780e-07	1.799888e+00	5.555842e-01	
4257	4.240780e-07	1.799852e+00	5.548709e-01	
4258	4.241780e-07	1.799888e+00	5.541584e-01	
4259	4.242780e-07	1.799852e+00	5.534469e-01	
4260	4.243780e-07	1.799888e+00	5.527362e-01	
4261	4.244780e-07	1.799852e+00	5.520263e-01	
4262	4.245780e-07	1.799888e+00	5.513174e-01	
4263	4.246780e-07	1.799853e+00	5.506092e-01	
4264	4.247780e-07	1.799888e+00	5.499019e-01	
4265	4.248780e-07	1.799853e+00	5.491954e-01	
4266	4.249780e-07	1.799888e+00	5.484897e-01	
4267	4.250780e-07	1.799853e+00	5.477848e-01	
4268	4.251780e-07	1.799888e+00	5.470806e-01	
4269	4.252780e-07	1.799853e+00	5.463772e-01	
4270	4.253780e-07	1.799888e+00	5.456745e-01	
4271	4.254780e-07	1.799853e+00	5.449726e-01	
4272	4.255780e-07	1.799888e+00	5.442713e-01	
4273	4.256780e-07	1.799853e+00	5.435707e-01	
4274	4.257780e-07	1.799888e+00	5.428708e-01	
4275	4.258780e-07	1.799853e+00	5.421716e-01	
4276	4.259780e-07	1.799888e+00	5.414730e-01	
4277	4.260780e-07	1.799854e+00	5.407750e-01	
4278	4.261780e-07	1.799888e+00	5.400777e-01	
4279	4.262780e-07	1.799854e+00	5.393811e-01	
4280	4.263780e-07	1.799888e+00	5.386851e-01	
4281	4.264780e-07	1.799854e+00	5.379898e-01	
4282	4.265780e-07	1.799888e+00	5.372951e-01	
4283	4.266780e-07	1.799854e+00	5.366011e-01	
4284	4.267780e-07	1.799888e+00	5.359078e-01	
4285	4.268780e-07	1.799854e+00	5.352152e-01	
4286	4.269780e-07	1.799888e+00	5.345232e-01	
4287	4.270780e-07	1.799854e+00	5.338321e-01	
4288	4.271780e-07	1.799888e+00	5.331416e-01	

Index   time            vout2           v(x2.comp_p_0/v 
--------------------------------------------------------------------------------
4289	4.272780e-07	1.799854e+00	5.324519e-01	
4290	4.273780e-07	1.799888e+00	5.317629e-01	
4291	4.274780e-07	1.799855e+00	5.310748e-01	
4292	4.275780e-07	1.799888e+00	5.303874e-01	
4293	4.276780e-07	1.799855e+00	5.297008e-01	
4294	4.277780e-07	1.799888e+00	5.290151e-01	
4295	4.278780e-07	1.799855e+00	5.283301e-01	
4296	4.279780e-07	1.799888e+00	5.276460e-01	
4297	4.280780e-07	1.799855e+00	5.269626e-01	
4298	4.281780e-07	1.799888e+00	5.262801e-01	
4299	4.282780e-07	1.799855e+00	5.255984e-01	
4300	4.283780e-07	1.799888e+00	5.249176e-01	
4301	4.284780e-07	1.799855e+00	5.242376e-01	
4302	4.285780e-07	1.799888e+00	5.235584e-01	
4303	4.286780e-07	1.799855e+00	5.228801e-01	
4304	4.287780e-07	1.799888e+00	5.222027e-01	
4305	4.288780e-07	1.799855e+00	5.215261e-01	
4306	4.289780e-07	1.799887e+00	5.208504e-01	
4307	4.290780e-07	1.799856e+00	5.201755e-01	
4308	4.291780e-07	1.799887e+00	5.195015e-01	
4309	4.292780e-07	1.799856e+00	5.188284e-01	
4310	4.293780e-07	1.799887e+00	5.181561e-01	
4311	4.294780e-07	1.799856e+00	5.174848e-01	
4312	4.295780e-07	1.799887e+00	5.168142e-01	
4313	4.296780e-07	1.799856e+00	5.161446e-01	
4314	4.297780e-07	1.799887e+00	5.154759e-01	
4315	4.298780e-07	1.799856e+00	5.148080e-01	
4316	4.299780e-07	1.799887e+00	5.141410e-01	
4317	4.300780e-07	1.799856e+00	5.134749e-01	
4318	4.301780e-07	1.799887e+00	5.128096e-01	
4319	4.302780e-07	1.799856e+00	5.121452e-01	
4320	4.303780e-07	1.799887e+00	5.114817e-01	
4321	4.304780e-07	1.799856e+00	5.108191e-01	
4322	4.305780e-07	1.799887e+00	5.101573e-01	
4323	4.306780e-07	1.799857e+00	5.094964e-01	
4324	4.307780e-07	1.799887e+00	5.088363e-01	
4325	4.308780e-07	1.799857e+00	5.081771e-01	
4326	4.309780e-07	1.799887e+00	5.075187e-01	
4327	4.310780e-07	1.799857e+00	5.068612e-01	
4328	4.311780e-07	1.799887e+00	5.062046e-01	
4329	4.312780e-07	1.799857e+00	5.055488e-01	
4330	4.313780e-07	1.799887e+00	5.048938e-01	
4331	4.314780e-07	1.799857e+00	5.042397e-01	
4332	4.315780e-07	1.799887e+00	5.035864e-01	
4333	4.316780e-07	1.799857e+00	5.029340e-01	
4334	4.317780e-07	1.799887e+00	5.022824e-01	
4335	4.318780e-07	1.799857e+00	5.016316e-01	
4336	4.319780e-07	1.799887e+00	5.009817e-01	
4337	4.320780e-07	1.799857e+00	5.003327e-01	
4338	4.321780e-07	1.799887e+00	4.996844e-01	
4339	4.322780e-07	1.799857e+00	4.990370e-01	
4340	4.323780e-07	1.799887e+00	4.983904e-01	
4341	4.324780e-07	1.799857e+00	4.977447e-01	
4342	4.325780e-07	1.799887e+00	4.970998e-01	
4343	4.326780e-07	1.799858e+00	4.964557e-01	
4344	4.327780e-07	1.799886e+00	4.958125e-01	
4345	4.328780e-07	1.799858e+00	4.951701e-01	
4346	4.329780e-07	1.799886e+00	4.945285e-01	

Index   time            vout2           v(x2.comp_p_0/v 
--------------------------------------------------------------------------------
4347	4.330780e-07	1.799858e+00	4.938877e-01	
4348	4.331780e-07	1.799886e+00	4.932478e-01	
4349	4.332780e-07	1.799858e+00	4.926087e-01	
4350	4.333780e-07	1.799886e+00	4.919704e-01	
4351	4.334780e-07	1.799858e+00	4.913329e-01	
4352	4.335780e-07	1.799886e+00	4.906963e-01	
4353	4.336780e-07	1.799858e+00	4.900604e-01	
4354	4.337780e-07	1.799886e+00	4.894254e-01	
4355	4.338780e-07	1.799858e+00	4.887913e-01	
4356	4.339780e-07	1.799886e+00	4.881579e-01	
4357	4.340780e-07	1.799858e+00	4.875253e-01	
4358	4.341780e-07	1.799886e+00	4.868936e-01	
4359	4.342780e-07	1.799858e+00	4.862627e-01	
4360	4.343780e-07	1.799886e+00	4.856326e-01	
4361	4.344780e-07	1.799859e+00	4.850033e-01	
4362	4.345780e-07	1.799886e+00	4.843748e-01	
4363	4.346780e-07	1.799859e+00	4.837472e-01	
4364	4.347780e-07	1.799886e+00	4.831203e-01	
4365	4.348780e-07	1.799859e+00	4.824943e-01	
4366	4.349780e-07	1.799886e+00	4.818690e-01	
4367	4.350780e-07	1.799859e+00	4.812446e-01	
4368	4.351780e-07	1.799886e+00	4.806210e-01	
4369	4.352780e-07	1.799859e+00	4.799981e-01	
4370	4.353780e-07	1.799886e+00	4.793761e-01	
4371	4.354780e-07	1.799859e+00	4.787549e-01	
4372	4.355780e-07	1.799886e+00	4.781345e-01	
4373	4.356780e-07	1.799859e+00	4.775149e-01	
4374	4.357780e-07	1.799886e+00	4.768961e-01	
4375	4.358780e-07	1.799859e+00	4.762781e-01	
4376	4.359780e-07	1.799885e+00	4.756608e-01	
4377	4.360780e-07	1.799859e+00	4.750444e-01	
4378	4.361780e-07	1.799885e+00	4.744288e-01	
4379	4.362780e-07	1.799859e+00	4.738139e-01	
4380	4.363780e-07	1.799885e+00	4.731999e-01	
4381	4.364780e-07	1.799859e+00	4.725866e-01	
4382	4.365780e-07	1.799885e+00	4.719741e-01	
4383	4.366780e-07	1.799859e+00	4.713624e-01	
4384	4.367780e-07	1.799884e+00	4.707515e-01	
4385	4.368780e-07	1.799859e+00	4.701413e-01	
4386	4.369780e-07	1.799884e+00	4.695320e-01	
4387	4.370780e-07	1.799858e+00	4.689234e-01	
4388	4.371780e-07	1.799884e+00	4.683156e-01	
4389	4.372780e-07	1.799858e+00	4.677085e-01	
4390	4.373780e-07	1.799883e+00	4.671023e-01	
4391	4.374780e-07	1.799858e+00	4.664968e-01	
4392	4.375780e-07	1.799883e+00	4.658920e-01	
4393	4.376780e-07	1.799857e+00	4.652881e-01	
4394	4.377780e-07	1.799882e+00	4.646849e-01	
4395	4.378780e-07	1.799857e+00	4.640825e-01	
4396	4.379780e-07	1.799881e+00	4.634808e-01	
4397	4.380780e-07	1.799857e+00	4.628799e-01	
4398	4.381780e-07	1.799881e+00	4.622798e-01	
4399	4.382780e-07	1.799856e+00	4.616804e-01	
4400	4.383780e-07	1.799880e+00	4.610818e-01	
4401	4.384780e-07	1.799855e+00	4.604840e-01	
4402	4.385780e-07	1.799879e+00	4.598869e-01	
4403	4.386780e-07	1.799855e+00	4.592907e-01	
4404	4.387780e-07	1.799878e+00	4.586951e-01	

Index   time            vout2           v(x2.comp_p_0/v 
--------------------------------------------------------------------------------
4405	4.388780e-07	1.799854e+00	4.581004e-01	
4406	4.389780e-07	1.799877e+00	4.575064e-01	
4407	4.390780e-07	1.799853e+00	4.569131e-01	
4408	4.391780e-07	1.799876e+00	4.563206e-01	
4409	4.392780e-07	1.799852e+00	4.557289e-01	
4410	4.393780e-07	1.799875e+00	4.551379e-01	
4411	4.394780e-07	1.799851e+00	4.545477e-01	
4412	4.395780e-07	1.799873e+00	4.539582e-01	
4413	4.396780e-07	1.799850e+00	4.533694e-01	
4414	4.397780e-07	1.799872e+00	4.527814e-01	
4415	4.398780e-07	1.799849e+00	4.521941e-01	
4416	4.399780e-07	1.799871e+00	4.516075e-01	
4417	4.400780e-07	1.799848e+00	4.510216e-01	
4418	4.401780e-07	1.799870e+00	4.504364e-01	
4419	4.402780e-07	1.799848e+00	4.498520e-01	
4420	4.403780e-07	1.799870e+00	4.492683e-01	
4421	4.404780e-07	1.799848e+00	4.486853e-01	
4422	4.405780e-07	1.799871e+00	4.481031e-01	
4423	4.406780e-07	1.799851e+00	4.475215e-01	
4424	4.407780e-07	1.799876e+00	4.469407e-01	
4425	4.408780e-07	1.799859e+00	4.463607e-01	
4426	4.409780e-07	1.799888e+00	4.457813e-01	
4427	4.410780e-07	1.799877e+00	4.452027e-01	
4428	4.411780e-07	1.799917e+00	4.446248e-01	
4429	4.412780e-07	1.799919e+00	4.440477e-01	
4430	4.413780e-07	1.799981e+00	4.434712e-01	
4431	4.414780e-07	1.800001e+00	4.428955e-01	
4432	4.415780e-07	1.800090e+00	4.423206e-01	
4433	4.416780e-07	1.800144e+00	4.417464e-01	
4434	4.417780e-07	1.800277e+00	4.411729e-01	
4435	4.418780e-07	1.800389e+00	4.406003e-01	
4436	4.419780e-07	1.800606e+00	4.400285e-01	
4437	4.420780e-07	1.800844e+00	4.394578e-01	
4438	4.421780e-07	1.801263e+00	4.388882e-01	
4439	4.422780e-07	1.801854e+00	4.383203e-01	
4440	4.423780e-07	1.802926e+00	4.377546e-01	
4441	4.424780e-07	1.804731e+00	4.371925e-01	
4442	4.425780e-07	1.807596e+00	4.366361e-01	
4443	4.426780e-07	1.811493e+00	4.360903e-01	
4444	4.427780e-07	1.817417e+00	4.355653e-01	
4445	4.428780e-07	1.829321e+00	4.351065e-01	
4446	4.429780e-07	1.818244e+00	4.350669e-01	
4447	4.430780e-07	5.306059e-01	4.361696e-01	
4448	4.431780e-07	-2.61128e-02	4.378523e-01	
4449	4.432700e-07	2.837633e-02	4.394424e-01	
4450	4.433700e-07	-2.24484e-02	4.411978e-01	
4451	4.434700e-07	1.966999e-02	4.429445e-01	
4452	4.435700e-07	-1.68168e-02	4.446963e-01	
4453	4.436700e-07	1.471983e-02	4.464429e-01	
4454	4.437700e-07	-1.26368e-02	4.481901e-01	
4455	4.438700e-07	1.104374e-02	4.499343e-01	
4456	4.439700e-07	-9.50693e-03	4.516774e-01	
4457	4.440700e-07	8.298402e-03	4.534183e-01	
4458	4.441700e-07	-7.15782e-03	4.551573e-01	
4459	4.442700e-07	6.242224e-03	4.568945e-01	
4460	4.443700e-07	-5.39224e-03	4.586295e-01	
4461	4.444700e-07	4.699373e-03	4.603626e-01	
4462	4.445700e-07	-4.06410e-03	4.620934e-01	

Index   time            vout2           v(x2.comp_p_0/v 
--------------------------------------------------------------------------------
4463	4.446700e-07	3.540291e-03	4.638224e-01	
4464	4.447700e-07	-3.06449e-03	4.655489e-01	
4465	4.448700e-07	2.668796e-03	4.672736e-01	
4466	4.449700e-07	-2.31189e-03	4.689958e-01	
4467	4.450700e-07	2.013154e-03	4.707161e-01	
4468	4.451700e-07	-1.74513e-03	4.724340e-01	
4469	4.452700e-07	1.519699e-03	4.741499e-01	
4470	4.453700e-07	-1.31888e-03	4.758633e-01	
4471	4.454700e-07	1.148620e-03	4.775748e-01	
4472	4.455700e-07	-9.96599e-04	4.792838e-01	
4473	4.456700e-07	8.683392e-04	4.809909e-01	
4474	4.457700e-07	-7.54360e-04	4.826955e-01	
4475	4.458700e-07	6.576797e-04	4.843980e-01	
4476	4.459700e-07	-5.71891e-04	4.860982e-01	
4477	4.460700e-07	4.990083e-04	4.877963e-01	
4478	4.461700e-07	-4.34420e-04	4.894920e-01	
4479	4.462700e-07	3.794839e-04	4.911856e-01	
4480	4.463700e-07	-3.30847e-04	4.928769e-01	
4481	4.464700e-07	2.894432e-04	4.945661e-01	
4482	4.465700e-07	-2.52814e-04	4.962528e-01	
4483	4.466700e-07	2.216110e-04	4.979376e-01	
4484	4.467700e-07	-1.94022e-04	4.996199e-01	
4485	4.468700e-07	1.705087e-04	5.013003e-01	
4486	4.469700e-07	-1.49726e-04	5.029781e-01	
4487	4.470700e-07	1.320094e-04	5.046540e-01	
4488	4.471700e-07	-1.16356e-04	5.063274e-01	
4489	4.472700e-07	1.030067e-04	5.079989e-01	
4490	4.473700e-07	-9.12152e-05	5.096679e-01	
4491	4.474700e-07	8.115815e-05	5.113349e-01	
4492	4.475700e-07	-7.12456e-05	5.129995e-01	
4493	4.476700e-07	6.584475e-05	5.146621e-01	
4494	4.477700e-07	-5.70983e-05	5.163223e-01	
4495	4.478700e-07	5.318901e-05	5.179805e-01	
4496	4.479700e-07	-4.64864e-05	5.196363e-01	
4497	4.480700e-07	4.366689e-05	5.212901e-01	
4498	4.481700e-07	-3.85025e-05	5.229414e-01	
4499	4.482700e-07	3.650144e-05	5.245909e-01	
4500	4.483700e-07	-3.24961e-05	5.262378e-01	
4501	4.484700e-07	3.111027e-05	5.278829e-01	
4502	4.485700e-07	-2.79781e-05	5.295255e-01	
4503	4.486700e-07	2.705501e-05	5.311662e-01	
4504	4.487700e-07	-2.45804e-05	5.328044e-01	
4505	4.488700e-07	2.400558e-05	5.344407e-01	
4506	4.489700e-07	-2.20256e-05	5.360746e-01	
4507	4.490700e-07	2.139699e-05	5.377066e-01	
4508	4.491700e-07	-2.04654e-05	5.393361e-01	
4509	4.492700e-07	1.968867e-05	5.409637e-01	
4510	4.493700e-07	-1.90026e-05	5.425889e-01	
4511	4.494700e-07	1.842011e-05	5.442122e-01	
4512	4.495700e-07	-1.79049e-05	5.458331e-01	
4513	4.496700e-07	1.746825e-05	5.474521e-01	
4514	4.497700e-07	-1.70817e-05	5.490687e-01	
4515	4.498700e-07	1.675496e-05	5.506833e-01	
4516	4.499700e-07	-1.64653e-05	5.522956e-01	
4517	4.500594e-07	1.619487e-05	5.537361e-01	
4518	4.501512e-07	-1.59640e-05	5.552113e-01	
4519	4.502512e-07	1.578804e-05	5.568178e-01	
4520	4.503512e-07	-1.56313e-05	5.584219e-01	

Index   time            vout2           v(x2.comp_p_0/v 
--------------------------------------------------------------------------------
4521	4.504512e-07	1.550098e-05	5.600241e-01	
4522	4.505512e-07	-1.53845e-05	5.616240e-01	
4523	4.506512e-07	1.528853e-05	5.632220e-01	
4524	4.507512e-07	-1.52023e-05	5.648176e-01	
4525	4.508512e-07	1.513224e-05	5.664113e-01	
4526	4.509512e-07	-1.50687e-05	5.680027e-01	
4527	4.510512e-07	1.501824e-05	5.695922e-01	
4528	4.511512e-07	-1.49719e-05	5.711794e-01	
4529	4.512512e-07	1.493606e-05	5.727647e-01	
4530	4.513512e-07	-1.49026e-05	5.743477e-01	
4531	4.514512e-07	1.487784e-05	5.759288e-01	
4532	4.515512e-07	-1.48540e-05	5.775075e-01	
4533	4.516512e-07	1.483762e-05	5.790844e-01	
4534	4.517512e-07	-1.48210e-05	5.806590e-01	
4535	4.518512e-07	1.481095e-05	5.822318e-01	
4536	4.519512e-07	-1.47998e-05	5.838022e-01	
4537	4.520512e-07	1.479444e-05	5.853708e-01	
4538	4.521512e-07	-1.47874e-05	5.869370e-01	
4539	4.522512e-07	1.478557e-05	5.885015e-01	
4540	4.523512e-07	-1.47815e-05	5.900636e-01	
4541	4.524512e-07	1.478241e-05	5.916239e-01	
4542	4.525512e-07	-1.47806e-05	5.931819e-01	
4543	4.526512e-07	1.478352e-05	5.947381e-01	
4544	4.527512e-07	-1.47834e-05	5.962920e-01	
4545	4.528512e-07	1.478782e-05	5.978440e-01	
4546	4.529512e-07	-1.47890e-05	5.993938e-01	
4547	4.530512e-07	1.479449e-05	6.009418e-01	
4548	4.531512e-07	-1.47965e-05	6.024875e-01	
4549	4.532512e-07	1.480291e-05	6.040314e-01	
4550	4.533512e-07	-1.48056e-05	6.055730e-01	
4551	4.534512e-07	1.481262e-05	6.071128e-01	
4552	4.535512e-07	-1.48158e-05	6.086504e-01	
4553	4.536512e-07	1.482328e-05	6.101861e-01	
4554	4.537512e-07	-1.48268e-05	6.117197e-01	
4555	4.538512e-07	1.483460e-05	6.132514e-01	
4556	4.539512e-07	-1.48383e-05	6.147809e-01	
4557	4.540512e-07	1.484641e-05	6.163086e-01	
4558	4.541512e-07	-1.48503e-05	6.178340e-01	
4559	4.542512e-07	1.485854e-05	6.193577e-01	
4560	4.543512e-07	-1.48625e-05	6.208792e-01	
4561	4.544512e-07	1.487089e-05	6.223989e-01	
4562	4.545512e-07	-1.48748e-05	6.239163e-01	
4563	4.546512e-07	1.488338e-05	6.254320e-01	
4564	4.547512e-07	-1.48873e-05	6.269455e-01	
4565	4.548512e-07	1.489593e-05	6.284572e-01	
4566	4.549512e-07	-1.48998e-05	6.299668e-01	
4567	4.550512e-07	1.490850e-05	6.314745e-01	
4568	4.551512e-07	-1.49124e-05	6.329801e-01	
4569	4.552512e-07	1.492105e-05	6.344839e-01	
4570	4.553512e-07	-1.49249e-05	6.359856e-01	
4571	4.554512e-07	1.493356e-05	6.374855e-01	
4572	4.555512e-07	-1.49373e-05	6.389832e-01	
4573	4.556512e-07	1.494601e-05	6.404792e-01	
4574	4.557512e-07	-1.49497e-05	6.419730e-01	
4575	4.558512e-07	1.495838e-05	6.434651e-01	
4576	4.559512e-07	-1.49620e-05	6.449550e-01	
4577	4.560512e-07	1.497067e-05	6.464432e-01	
4578	4.561512e-07	-1.49742e-05	6.479292e-01	

Index   time            vout2           v(x2.comp_p_0/v 
--------------------------------------------------------------------------------
4579	4.562512e-07	1.498285e-05	6.494136e-01	
4580	4.563512e-07	-1.49862e-05	6.508958e-01	
4581	4.564512e-07	1.499494e-05	6.523762e-01	
4582	4.565512e-07	-1.49982e-05	6.538545e-01	
4583	4.566512e-07	1.500691e-05	6.553312e-01	
4584	4.567512e-07	-1.50101e-05	6.568057e-01	
4585	4.568512e-07	1.501878e-05	6.582785e-01	
4586	4.569512e-07	-1.50219e-05	6.597491e-01	
4587	4.570512e-07	1.503053e-05	6.612181e-01	
4588	4.571512e-07	-1.50335e-05	6.626849e-01	
4589	4.572512e-07	1.504217e-05	6.641501e-01	
4590	4.573512e-07	-1.50451e-05	6.656132e-01	
4591	4.574512e-07	1.505370e-05	6.670745e-01	
4592	4.575512e-07	-1.50565e-05	6.685338e-01	
4593	4.576512e-07	1.506510e-05	6.699914e-01	
4594	4.577512e-07	-1.50678e-05	6.714469e-01	
4595	4.578512e-07	1.507639e-05	6.729007e-01	
4596	4.579512e-07	-1.50790e-05	6.743525e-01	
4597	4.580512e-07	1.508756e-05	6.758026e-01	
4598	4.581512e-07	-1.50901e-05	6.772505e-01	
4599	4.582512e-07	1.509861e-05	6.786969e-01	
4600	4.583512e-07	-1.51011e-05	6.801411e-01	
4601	4.584512e-07	1.510954e-05	6.815837e-01	
4602	4.585512e-07	-1.51120e-05	6.830242e-01	
4603	4.586512e-07	1.512034e-05	6.844631e-01	
4604	4.587512e-07	-1.51227e-05	6.858999e-01	
4605	4.588512e-07	1.513102e-05	6.873350e-01	
4606	4.589512e-07	-1.51334e-05	6.887681e-01	
4607	4.590512e-07	1.514156e-05	6.901995e-01	
4608	4.591512e-07	-1.51440e-05	6.916288e-01	
4609	4.592512e-07	1.515197e-05	6.930565e-01	
4610	4.593512e-07	-1.51545e-05	6.944821e-01	
4611	4.594512e-07	1.516221e-05	6.959060e-01	
4612	4.595512e-07	-1.51648e-05	6.973279e-01	
4613	4.596512e-07	1.517222e-05	6.987480e-01	
4614	4.597512e-07	-1.51750e-05	7.001660e-01	
4615	4.598512e-07	1.518193e-05	7.015823e-01	
4616	4.599512e-07	-1.51850e-05	7.029965e-01	
4617	4.600512e-07	1.519133e-05	7.044089e-01	
4618	4.601512e-07	-1.51947e-05	7.058191e-01	
4619	4.602512e-07	1.520037e-05	7.072275e-01	
4620	4.603512e-07	-1.52042e-05	7.086336e-01	
4621	4.604512e-07	1.520902e-05	7.100379e-01	
4622	4.605512e-07	-1.52132e-05	7.114399e-01	
4623	4.606512e-07	1.521730e-05	7.128399e-01	
4624	4.607512e-07	-1.52217e-05	7.142376e-01	
4625	4.608512e-07	1.522551e-05	7.156333e-01	
4626	4.609512e-07	-1.52302e-05	7.170266e-01	
4627	4.610512e-07	1.523392e-05	7.184178e-01	
4628	4.611512e-07	-1.52385e-05	7.198067e-01	
4629	4.612512e-07	1.524248e-05	7.211935e-01	
4630	4.613512e-07	-1.52467e-05	7.225779e-01	
4631	4.614512e-07	1.525113e-05	7.239603e-01	
4632	4.615512e-07	-1.52548e-05	7.253403e-01	
4633	4.616512e-07	1.525975e-05	7.267184e-01	
4634	4.617512e-07	-1.52628e-05	7.280941e-01	
4635	4.618512e-07	1.549113e-05	7.294681e-01	
4636	4.619512e-07	-1.52219e-05	7.308397e-01	

Index   time            vout2           v(x2.comp_p_0/v 
--------------------------------------------------------------------------------
4637	4.620512e-07	1.547189e-05	7.322097e-01	
4638	4.621512e-07	-1.52070e-05	7.335774e-01	
4639	4.622512e-07	1.546030e-05	7.349435e-01	
4640	4.623512e-07	-1.51978e-05	7.363075e-01	
4641	4.624512e-07	1.545358e-05	7.376699e-01	
4642	4.625512e-07	-1.51929e-05	7.390303e-01	
4643	4.626512e-07	1.545053e-05	7.403891e-01	
4644	4.627512e-07	-1.51912e-05	7.417460e-01	
4645	4.628512e-07	1.544805e-05	7.431013e-01	
4646	4.629512e-07	-1.51880e-05	7.444548e-01	
4647	4.630512e-07	1.544792e-05	7.458067e-01	
4648	4.631512e-07	-1.51905e-05	7.471567e-01	
4649	4.632512e-07	1.545160e-05	7.485053e-01	
4650	4.633512e-07	-1.51947e-05	7.498520e-01	
4651	4.634512e-07	1.545656e-05	7.511972e-01	
4652	4.635512e-07	-1.52000e-05	7.525406e-01	
4653	4.636512e-07	1.546232e-05	7.538825e-01	
4654	4.637512e-07	-1.49885e-05	7.552226e-01	
4655	4.638512e-07	1.550948e-05	7.565612e-01	
4656	4.639512e-07	-1.50154e-05	7.578980e-01	
4657	4.640512e-07	1.553400e-05	7.592333e-01	
4658	4.641512e-07	-1.50368e-05	7.605668e-01	
4659	4.642512e-07	1.555430e-05	7.618989e-01	
4660	4.643512e-07	-1.50548e-05	7.632291e-01	
4661	4.644512e-07	1.557143e-05	7.645579e-01	
4662	4.645512e-07	-1.50702e-05	7.658848e-01	
4663	4.646512e-07	1.558615e-05	7.672104e-01	
4664	4.647512e-07	-1.50836e-05	7.685340e-01	
4665	4.648512e-07	1.559907e-05	7.698563e-01	
4666	4.649512e-07	-1.50953e-05	7.711768e-01	
4667	4.650512e-07	1.561064e-05	7.724958e-01	
4668	4.651512e-07	-1.51059e-05	7.738130e-01	
4669	4.652512e-07	1.562116e-05	7.751288e-01	
4670	4.653512e-07	-1.51156e-05	7.764427e-01	
4671	4.654512e-07	1.563082e-05	7.777553e-01	
4672	4.655512e-07	-1.51245e-05	7.790660e-01	
4673	4.656512e-07	1.563983e-05	7.803753e-01	
4674	4.657512e-07	-1.51329e-05	7.816828e-01	
4675	4.658512e-07	1.564832e-05	7.829889e-01	
4676	4.659512e-07	-1.51409e-05	7.842932e-01	
4677	4.660512e-07	1.565641e-05	7.855961e-01	
4678	4.661512e-07	-1.51485e-05	7.868972e-01	
4679	4.662512e-07	1.566417e-05	7.881969e-01	
4680	4.663512e-07	-1.51558e-05	7.894948e-01	
4681	4.664512e-07	1.567169e-05	7.907913e-01	
4682	4.665512e-07	-1.51629e-05	7.920860e-01	
4683	4.666512e-07	1.567898e-05	7.933793e-01	
4684	4.667512e-07	-1.51698e-05	7.946708e-01	
4685	4.668512e-07	1.568611e-05	7.959609e-01	
4686	4.669512e-07	-1.51766e-05	7.972493e-01	
4687	4.670512e-07	1.569308e-05	7.985363e-01	
4688	4.671512e-07	-1.51832e-05	7.998214e-01	
4689	4.672512e-07	1.569993e-05	8.011052e-01	
4690	4.673512e-07	-1.51897e-05	8.023873e-01	
4691	4.674512e-07	1.570666e-05	8.036679e-01	
4692	4.675512e-07	-1.51960e-05	8.049468e-01	
4693	4.676512e-07	1.571329e-05	8.062243e-01	
4694	4.677512e-07	-1.52023e-05	8.075001e-01	

Index   time            vout2           v(x2.comp_p_0/v 
--------------------------------------------------------------------------------
4695	4.678512e-07	1.571981e-05	8.087745e-01	
4696	4.679512e-07	-1.52085e-05	8.100471e-01	
4697	4.680512e-07	1.572623e-05	8.113185e-01	
4698	4.681512e-07	-1.52145e-05	8.125880e-01	
4699	4.682512e-07	1.573254e-05	8.138563e-01	
4700	4.683512e-07	-1.52205e-05	8.151227e-01	
4701	4.684512e-07	1.573873e-05	8.163879e-01	
4702	4.685512e-07	-1.52264e-05	8.176514e-01	
4703	4.686512e-07	1.574482e-05	8.189136e-01	
4704	4.687512e-07	-1.52322e-05	8.201741e-01	
4705	4.688512e-07	1.575078e-05	8.214333e-01	
4706	4.689512e-07	-1.52379e-05	8.226908e-01	
4707	4.690512e-07	1.575662e-05	8.239472e-01	
4708	4.691512e-07	-1.52434e-05	8.252018e-01	
4709	4.692512e-07	1.576233e-05	8.264553e-01	
4710	4.693512e-07	-1.52489e-05	8.277071e-01	
4711	4.694512e-07	1.576792e-05	8.289578e-01	
4712	4.695512e-07	-1.52542e-05	8.302068e-01	
4713	4.696512e-07	1.577340e-05	8.314546e-01	
4714	4.697512e-07	-1.52594e-05	8.327008e-01	
4715	4.698512e-07	1.577876e-05	8.339458e-01	
4716	4.699512e-07	-1.52645e-05	8.351891e-01	
4717	4.700512e-07	1.578401e-05	8.364312e-01	
4718	4.701512e-07	-1.52695e-05	8.376716e-01	
4719	4.702512e-07	1.578914e-05	8.389108e-01	
4720	4.703512e-07	-1.52744e-05	8.401482e-01	
4721	4.704512e-07	1.579416e-05	8.413844e-01	
4722	4.705512e-07	-1.52791e-05	8.426189e-01	
4723	4.706512e-07	1.579908e-05	8.438521e-01	
4724	4.707512e-07	-1.52838e-05	8.450836e-01	
4725	4.708512e-07	1.580390e-05	8.463138e-01	
4726	4.709512e-07	-1.52884e-05	8.475422e-01	
4727	4.710512e-07	1.580861e-05	8.487694e-01	
4728	4.711512e-07	-1.52929e-05	8.499948e-01	
4729	4.712512e-07	1.581322e-05	8.512188e-01	
4730	4.713512e-07	-1.52973e-05	8.524411e-01	
4731	4.714512e-07	1.581774e-05	8.536621e-01	
4732	4.715512e-07	-1.53016e-05	8.548813e-01	
4733	4.716512e-07	1.582217e-05	8.560992e-01	
4734	4.717512e-07	-1.53058e-05	8.573154e-01	
4735	4.718512e-07	1.582649e-05	8.585302e-01	
4736	4.719512e-07	-1.53099e-05	8.597432e-01	
4737	4.720512e-07	1.583070e-05	8.609550e-01	
4738	4.721512e-07	-1.53139e-05	8.621649e-01	
4739	4.722512e-07	1.583487e-05	8.633736e-01	
4740	4.723512e-07	-1.53179e-05	8.645805e-01	
4741	4.724512e-07	1.583895e-05	8.657860e-01	
4742	4.725512e-07	-1.53218e-05	8.669898e-01	
4743	4.726512e-07	1.584295e-05	8.681923e-01	
4744	4.727512e-07	-1.53256e-05	8.693931e-01	
4745	4.728512e-07	1.584687e-05	8.705925e-01	
4746	4.729512e-07	-1.53293e-05	8.717901e-01	
4747	4.730512e-07	1.585069e-05	8.729865e-01	
4748	4.731512e-07	-1.53330e-05	8.741811e-01	
4749	4.732512e-07	1.585444e-05	8.753744e-01	
4750	4.733512e-07	-1.53365e-05	8.765659e-01	
4751	4.734512e-07	1.585810e-05	8.777562e-01	
4752	4.735512e-07	-1.53400e-05	8.789446e-01	

Index   time            vout2           v(x2.comp_p_0/v 
--------------------------------------------------------------------------------
4753	4.736512e-07	1.586168e-05	8.801318e-01	
4754	4.737512e-07	-1.53434e-05	8.813173e-01	
4755	4.738512e-07	1.586517e-05	8.825014e-01	
4756	4.739512e-07	-1.53467e-05	8.836839e-01	
4757	4.740512e-07	1.586858e-05	8.848650e-01	
4758	4.741512e-07	-1.53500e-05	8.860444e-01	
4759	4.742512e-07	1.587191e-05	8.872225e-01	
4760	4.743512e-07	-1.53531e-05	8.883988e-01	
4761	4.744512e-07	1.587516e-05	8.895739e-01	
4762	4.745512e-07	-1.53562e-05	8.907472e-01	
4763	4.746512e-07	1.587833e-05	8.919193e-01	
4764	4.747512e-07	-1.53592e-05	8.930896e-01	
4765	4.748512e-07	1.588141e-05	8.942587e-01	
4766	4.749512e-07	-1.53621e-05	8.954260e-01	
4767	4.750512e-07	1.588442e-05	8.965921e-01	
4768	4.751512e-07	-1.53650e-05	8.977564e-01	
4769	4.752512e-07	1.588734e-05	8.989195e-01	
4770	4.753512e-07	-1.53678e-05	9.000808e-01	
4771	4.754512e-07	1.589019e-05	9.012409e-01	
4772	4.755512e-07	-1.53705e-05	9.023993e-01	
4773	4.756512e-07	1.589296e-05	9.035564e-01	
4774	4.757512e-07	-1.53731e-05	9.047118e-01	
4775	4.758512e-07	1.589564e-05	9.058659e-01	
4776	4.759512e-07	-1.53756e-05	9.070183e-01	
4777	4.760512e-07	1.589825e-05	9.081695e-01	
4778	4.761512e-07	-1.53781e-05	9.093189e-01	
4779	4.762512e-07	1.590079e-05	9.104671e-01	
4780	4.763512e-07	-1.53805e-05	9.116137e-01	
4781	4.764512e-07	1.590324e-05	9.127589e-01	
4782	4.765512e-07	-1.53828e-05	9.139025e-01	
4783	4.766512e-07	1.590562e-05	9.150448e-01	
4784	4.767512e-07	-1.53850e-05	9.161854e-01	
4785	4.768512e-07	1.590792e-05	9.173248e-01	
4786	4.769512e-07	-1.53872e-05	9.184624e-01	
4787	4.770512e-07	1.591015e-05	9.195989e-01	
4788	4.771512e-07	-1.53893e-05	9.207336e-01	
4789	4.772512e-07	1.591230e-05	9.218672e-01	
4790	4.773512e-07	-1.53913e-05	9.229990e-01	
4791	4.774512e-07	1.591437e-05	9.241296e-01	
4792	4.775512e-07	-1.53933e-05	9.252585e-01	
4793	4.776512e-07	1.591637e-05	9.263862e-01	
4794	4.777512e-07	-1.53952e-05	9.275122e-01	
4795	4.778512e-07	1.591830e-05	9.286370e-01	
4796	4.779512e-07	-1.53970e-05	9.297601e-01	
4797	4.780512e-07	1.592016e-05	9.308820e-01	
4798	4.781512e-07	-1.53987e-05	9.320022e-01	
4799	4.782512e-07	1.592194e-05	9.331212e-01	
4800	4.783512e-07	-1.54004e-05	9.342386e-01	
4801	4.784512e-07	1.592364e-05	9.353547e-01	
4802	4.785512e-07	-1.54020e-05	9.364691e-01	
4803	4.786512e-07	1.592528e-05	9.375824e-01	
4804	4.787512e-07	-1.54035e-05	9.386940e-01	
4805	4.788512e-07	1.592684e-05	9.398043e-01	
4806	4.789512e-07	-1.54049e-05	9.409131e-01	
4807	4.790512e-07	1.592834e-05	9.420206e-01	
4808	4.791512e-07	-1.54063e-05	9.431264e-01	
4809	4.792512e-07	1.592976e-05	9.442311e-01	
4810	4.793512e-07	-1.54076e-05	9.453341e-01	

Index   time            vout2           v(x2.comp_p_0/v 
--------------------------------------------------------------------------------
4811	4.794512e-07	1.593112e-05	9.464359e-01	
4812	4.795512e-07	-1.54089e-05	9.475360e-01	
4813	4.796512e-07	1.593240e-05	9.486350e-01	
4814	4.797512e-07	-1.54100e-05	9.497323e-01	
4815	4.798512e-07	1.593362e-05	9.508285e-01	
4816	4.799512e-07	-1.54111e-05	9.519229e-01	
4817	4.800512e-07	1.593502e-05	9.530162e-01	
4818	4.801512e-07	-1.54125e-05	9.541079e-01	
4819	4.802512e-07	1.593620e-05	9.551984e-01	
4820	4.803512e-07	-1.54134e-05	9.562872e-01	
4821	4.804512e-07	1.593714e-05	9.573749e-01	
4822	4.805512e-07	-1.54142e-05	9.584609e-01	
4823	4.806512e-07	1.593801e-05	9.595458e-01	
4824	4.807512e-07	-1.54150e-05	9.606290e-01	
4825	4.808512e-07	1.593882e-05	9.617111e-01	
4826	4.809512e-07	-1.54157e-05	9.627915e-01	
4827	4.810512e-07	1.593957e-05	9.638708e-01	
4828	4.811512e-07	-1.54164e-05	9.649484e-01	
4829	4.812512e-07	1.594025e-05	9.660249e-01	
4830	4.813512e-07	-1.54170e-05	9.670998e-01	
4831	4.814512e-07	1.594088e-05	9.681735e-01	
4832	4.815512e-07	-1.54175e-05	9.692455e-01	
4833	4.816512e-07	1.594143e-05	9.703165e-01	
4834	4.817512e-07	-1.54180e-05	9.713858e-01	
4835	4.818512e-07	1.594192e-05	9.724539e-01	
4836	4.819512e-07	-1.54185e-05	9.735205e-01	
4837	4.820512e-07	1.594235e-05	9.745859e-01	
4838	4.821512e-07	-1.54189e-05	9.756497e-01	
4839	4.822512e-07	1.594271e-05	9.767123e-01	
4840	4.823512e-07	-1.54192e-05	9.777734e-01	
4841	4.824512e-07	1.594299e-05	9.788333e-01	
4842	4.825512e-07	-1.54194e-05	9.798916e-01	
4843	4.826512e-07	1.594322e-05	9.809487e-01	
4844	4.827512e-07	-1.54196e-05	9.820043e-01	
4845	4.828512e-07	1.594339e-05	9.830587e-01	
4846	4.829512e-07	-1.54198e-05	9.841116e-01	
4847	4.830512e-07	1.594355e-05	9.851633e-01	
4848	4.831512e-07	-1.54200e-05	9.862134e-01	
4849	4.832512e-07	1.594369e-05	9.872624e-01	
4850	4.833512e-07	-1.54201e-05	9.883098e-01	
4851	4.834512e-07	1.594379e-05	9.893560e-01	
4852	4.835512e-07	-1.54202e-05	9.904007e-01	
4853	4.836512e-07	1.594385e-05	9.914443e-01	
4854	4.837512e-07	-1.54202e-05	9.924863e-01	
4855	4.838512e-07	1.594385e-05	9.935271e-01	
4856	4.839512e-07	-1.54202e-05	9.945664e-01	
4857	4.840512e-07	1.594380e-05	9.956046e-01	
4858	4.841512e-07	-1.54201e-05	9.966412e-01	
4859	4.842512e-07	1.594368e-05	9.976767e-01	
4860	4.843512e-07	-1.54200e-05	9.987106e-01	
4861	4.844512e-07	1.594349e-05	9.997434e-01	
4862	4.845512e-07	-1.54198e-05	1.000775e+00	
4863	4.846512e-07	1.594323e-05	1.001805e+00	
4864	4.847512e-07	-1.54195e-05	1.002833e+00	
4865	4.848512e-07	1.594291e-05	1.003861e+00	
4866	4.849512e-07	-1.54191e-05	1.004887e+00	
4867	4.850512e-07	1.594251e-05	1.005911e+00	
4868	4.851512e-07	-1.54187e-05	1.006935e+00	

Index   time            vout2           v(x2.comp_p_0/v 
--------------------------------------------------------------------------------
4869	4.852512e-07	1.594204e-05	1.007957e+00	
4870	4.853512e-07	-1.54182e-05	1.008977e+00	
4871	4.854512e-07	1.594149e-05	1.009997e+00	
4872	4.855512e-07	-1.54176e-05	1.011015e+00	
4873	4.856512e-07	1.594089e-05	1.012032e+00	
4874	4.857512e-07	-1.54170e-05	1.013047e+00	
4875	4.858512e-07	1.594021e-05	1.014061e+00	
4876	4.859512e-07	-1.54163e-05	1.015074e+00	
4877	4.860512e-07	1.593947e-05	1.016086e+00	
4878	4.861512e-07	-1.54155e-05	1.017096e+00	
4879	4.862512e-07	1.593866e-05	1.018105e+00	
4880	4.863512e-07	-1.54147e-05	1.019112e+00	
4881	4.864512e-07	1.593779e-05	1.020119e+00	
4882	4.865512e-07	-1.54138e-05	1.021123e+00	
4883	4.866512e-07	1.593685e-05	1.022127e+00	
4884	4.867512e-07	-1.54129e-05	1.023129e+00	
4885	4.868512e-07	1.593585e-05	1.024131e+00	
4886	4.869512e-07	-1.54119e-05	1.025130e+00	
4887	4.870512e-07	1.593479e-05	1.026129e+00	
4888	4.871512e-07	-1.54108e-05	1.027126e+00	
4889	4.872512e-07	1.593367e-05	1.028122e+00	
4890	4.873512e-07	-1.54097e-05	1.029116e+00	
4891	4.874512e-07	1.593249e-05	1.030110e+00	
4892	4.875512e-07	-1.54085e-05	1.031102e+00	
4893	4.876512e-07	1.593125e-05	1.032093e+00	
4894	4.877512e-07	-1.54072e-05	1.033082e+00	
4895	4.878512e-07	1.592995e-05	1.034070e+00	
4896	4.879512e-07	-1.54059e-05	1.035057e+00	
4897	4.880512e-07	1.592859e-05	1.036043e+00	
4898	4.881512e-07	-1.54046e-05	1.037027e+00	
4899	4.882512e-07	1.592717e-05	1.038010e+00	
4900	4.883512e-07	-1.54032e-05	1.038992e+00	
4901	4.884512e-07	1.592570e-05	1.039972e+00	
4902	4.885512e-07	-1.54017e-05	1.040952e+00	
4903	4.886512e-07	1.592417e-05	1.041930e+00	
4904	4.887512e-07	-1.54002e-05	1.042906e+00	
4905	4.888512e-07	1.592259e-05	1.043882e+00	
4906	4.889512e-07	-1.53986e-05	1.044856e+00	
4907	4.890512e-07	1.592095e-05	1.045829e+00	
4908	4.891512e-07	-1.53970e-05	1.046800e+00	
4909	4.892512e-07	1.591925e-05	1.047771e+00	
4910	4.893512e-07	-1.53953e-05	1.048740e+00	
4911	4.894512e-07	1.591750e-05	1.049708e+00	
4912	4.895512e-07	-1.53936e-05	1.050675e+00	
4913	4.896512e-07	1.591570e-05	1.051640e+00	
4914	4.897512e-07	-1.53918e-05	1.052604e+00	
4915	4.898512e-07	1.591384e-05	1.053567e+00	
4916	4.899512e-07	-1.53900e-05	1.054529e+00	
4917	4.900512e-07	1.591193e-05	1.055489e+00	
4918	4.901512e-07	-1.53881e-05	1.056448e+00	
4919	4.902512e-07	1.590996e-05	1.057406e+00	
4920	4.903512e-07	-1.53861e-05	1.058363e+00	
4921	4.904512e-07	1.590795e-05	1.059318e+00	
4922	4.905512e-07	-1.53841e-05	1.060272e+00	
4923	4.906512e-07	1.590588e-05	1.061225e+00	
4924	4.907512e-07	-1.53821e-05	1.062177e+00	
4925	4.908512e-07	1.590375e-05	1.063128e+00	
4926	4.909512e-07	-1.53800e-05	1.064077e+00	

Index   time            vout2           v(x2.comp_p_0/v 
--------------------------------------------------------------------------------
4927	4.910512e-07	1.590158e-05	1.065025e+00	
4928	4.911512e-07	-1.53779e-05	1.065972e+00	
4929	4.912512e-07	1.589936e-05	1.066917e+00	
4930	4.913512e-07	-1.53757e-05	1.067862e+00	
4931	4.914512e-07	1.589708e-05	1.068805e+00	
4932	4.915512e-07	-1.53734e-05	1.069747e+00	
4933	4.916512e-07	1.589475e-05	1.070688e+00	
4934	4.917512e-07	-1.53711e-05	1.071627e+00	
4935	4.918512e-07	1.589238e-05	1.072565e+00	
4936	4.919512e-07	-1.53688e-05	1.073502e+00	
4937	4.920512e-07	1.588995e-05	1.074438e+00	
4938	4.921512e-07	-1.53664e-05	1.075373e+00	
4939	4.922512e-07	1.588747e-05	1.076306e+00	
4940	4.923512e-07	-1.53640e-05	1.077239e+00	
4941	4.924512e-07	1.588495e-05	1.078170e+00	
4942	4.925512e-07	-1.53615e-05	1.079099e+00	
4943	4.926512e-07	1.588237e-05	1.080028e+00	
4944	4.927512e-07	-1.53590e-05	1.080956e+00	
4945	4.928512e-07	1.587974e-05	1.081882e+00	
4946	4.929512e-07	-1.53564e-05	1.082807e+00	
4947	4.930512e-07	1.587707e-05	1.083731e+00	
4948	4.931512e-07	-1.53538e-05	1.084653e+00	
4949	4.932512e-07	1.587435e-05	1.085575e+00	
4950	4.933512e-07	-1.53511e-05	1.086495e+00	
4951	4.934512e-07	1.587158e-05	1.087414e+00	
4952	4.935512e-07	-1.53484e-05	1.088332e+00	
4953	4.936512e-07	1.586876e-05	1.089249e+00	
4954	4.937512e-07	-1.53456e-05	1.090164e+00	
4955	4.938512e-07	1.586590e-05	1.091079e+00	
4956	4.939512e-07	-1.53428e-05	1.091992e+00	
4957	4.940512e-07	1.586298e-05	1.092904e+00	
4958	4.941512e-07	-1.53400e-05	1.093815e+00	
4959	4.942512e-07	1.586002e-05	1.094724e+00	
4960	4.943512e-07	-1.53371e-05	1.095633e+00	
4961	4.944512e-07	1.585702e-05	1.096540e+00	
4962	4.945512e-07	-1.53341e-05	1.097446e+00	
4963	4.946512e-07	1.585396e-05	1.098351e+00	
4964	4.947512e-07	-1.53311e-05	1.099255e+00	
4965	4.948512e-07	1.585086e-05	1.100158e+00	
4966	4.949512e-07	-1.53281e-05	1.101059e+00	
4967	4.950512e-07	1.584772e-05	1.101959e+00	
4968	4.951512e-07	-1.53250e-05	1.102858e+00	
4969	4.952512e-07	1.584453e-05	1.103757e+00	
4970	4.953512e-07	-1.53219e-05	1.104653e+00	
4971	4.954512e-07	1.584129e-05	1.105549e+00	
4972	4.955512e-07	-1.53187e-05	1.106443e+00	
4973	4.956512e-07	1.583801e-05	1.107337e+00	
4974	4.957512e-07	-1.53155e-05	1.108229e+00	
4975	4.958512e-07	1.583468e-05	1.109120e+00	
4976	4.959512e-07	-1.53123e-05	1.110010e+00	
4977	4.960512e-07	1.583131e-05	1.110899e+00	
4978	4.961512e-07	-1.53090e-05	1.111786e+00	
4979	4.962512e-07	1.582790e-05	1.112673e+00	
4980	4.963512e-07	-1.53057e-05	1.113558e+00	
4981	4.964512e-07	1.582444e-05	1.114443e+00	
4982	4.965512e-07	-1.53023e-05	1.115325e+00	
4983	4.966512e-07	1.582093e-05	1.116208e+00	
4984	4.967512e-07	-1.52989e-05	1.117088e+00	

Index   time            vout2           v(x2.comp_p_0/v 
--------------------------------------------------------------------------------
4985	4.968512e-07	1.581739e-05	1.117968e+00	
4986	4.969512e-07	-1.52954e-05	1.118846e+00	
4987	4.970512e-07	1.581379e-05	1.119724e+00	
4988	4.971512e-07	-1.52919e-05	1.120600e+00	
4989	4.972512e-07	1.581016e-05	1.121475e+00	
4990	4.973512e-07	-1.52883e-05	1.122349e+00	
4991	4.974512e-07	1.580648e-05	1.123222e+00	
4992	4.975512e-07	-1.52847e-05	1.124094e+00	
4993	4.976512e-07	1.580276e-05	1.124965e+00	
4994	4.977512e-07	-1.52811e-05	1.125834e+00	
4995	4.978512e-07	1.579900e-05	1.126703e+00	
4996	4.979512e-07	-1.52774e-05	1.127570e+00	
4997	4.980512e-07	1.579520e-05	1.128436e+00	
4998	4.981512e-07	-1.52737e-05	1.129301e+00	
4999	4.982512e-07	1.579135e-05	1.130165e+00	
5000	4.983512e-07	-1.52700e-05	1.131028e+00	
5001	4.984512e-07	1.578747e-05	1.131890e+00	
5002	4.985512e-07	-1.52662e-05	1.132750e+00	
5003	4.986512e-07	1.578354e-05	1.133610e+00	
5004	4.987512e-07	-1.52623e-05	1.134468e+00	
5005	4.988512e-07	1.577957e-05	1.135326e+00	
5006	4.989512e-07	-1.52585e-05	1.136182e+00	
5007	4.990512e-07	1.577556e-05	1.137037e+00	
5008	4.991512e-07	-1.52546e-05	1.137891e+00	
5009	4.992512e-07	1.577151e-05	1.138744e+00	
5010	4.993512e-07	-1.52506e-05	1.139595e+00	
5011	4.994512e-07	1.576742e-05	1.140446e+00	
5012	4.995512e-07	-1.52466e-05	1.141296e+00	
5013	4.996512e-07	1.576328e-05	1.142144e+00	
5014	4.997512e-07	-1.52426e-05	1.142992e+00	
5015	4.998512e-07	1.575911e-05	1.143838e+00	
5016	4.999512e-07	-1.52385e-05	1.144683e+00	
5017	5.000512e-07	1.575490e-05	1.145528e+00	
5018	5.001512e-07	-1.52344e-05	1.146371e+00	
5019	5.002512e-07	1.575065e-05	1.147213e+00	
5020	5.003512e-07	-1.52303e-05	1.148054e+00	
5021	5.004512e-07	1.574636e-05	1.148894e+00	
5022	5.005512e-07	-1.52261e-05	1.149732e+00	
5023	5.006512e-07	1.574203e-05	1.150570e+00	
5024	5.007512e-07	-1.52219e-05	1.151407e+00	
5025	5.008512e-07	1.573767e-05	1.152242e+00	
5026	5.009512e-07	-1.52176e-05	1.153077e+00	
5027	5.010512e-07	1.573326e-05	1.153910e+00	
5028	5.011512e-07	-1.52133e-05	1.154742e+00	
5029	5.012512e-07	1.572882e-05	1.155574e+00	
5030	5.013512e-07	-1.52090e-05	1.156404e+00	
5031	5.014512e-07	1.572433e-05	1.157233e+00	
5032	5.015512e-07	-1.52046e-05	1.158061e+00	
5033	5.016512e-07	1.571981e-05	1.158888e+00	
5034	5.017512e-07	-1.52002e-05	1.159714e+00	
5035	5.018512e-07	1.571526e-05	1.160539e+00	
5036	5.019512e-07	-1.51958e-05	1.161363e+00	
5037	5.020512e-07	1.571066e-05	1.162185e+00	
5038	5.021512e-07	-1.51913e-05	1.163007e+00	
5039	5.022512e-07	1.570603e-05	1.163828e+00	
5040	5.023512e-07	-1.51868e-05	1.164647e+00	
5041	5.024512e-07	1.570136e-05	1.165466e+00	
5042	5.025512e-07	-1.51822e-05	1.166283e+00	

Index   time            vout2           v(x2.comp_p_0/v 
--------------------------------------------------------------------------------
5043	5.026512e-07	1.569665e-05	1.167100e+00	
5044	5.027512e-07	-1.51777e-05	1.167915e+00	
5045	5.028512e-07	1.569191e-05	1.168729e+00	
5046	5.029512e-07	-1.51730e-05	1.169542e+00	
5047	5.030512e-07	1.568713e-05	1.170355e+00	
5048	5.031512e-07	-1.51684e-05	1.171166e+00	
5049	5.032512e-07	1.568232e-05	1.171976e+00	
5050	5.033512e-07	-1.51637e-05	1.172785e+00	
5051	5.034512e-07	1.567747e-05	1.173593e+00	
5052	5.035512e-07	-1.51590e-05	1.174400e+00	
5053	5.036512e-07	1.567258e-05	1.175206e+00	
5054	5.037512e-07	-1.51542e-05	1.176011e+00	
5055	5.038512e-07	1.566766e-05	1.176815e+00	
5056	5.039512e-07	-1.51494e-05	1.177617e+00	
5057	5.040512e-07	1.566271e-05	1.178419e+00	
5058	5.041512e-07	-1.51446e-05	1.179220e+00	
5059	5.042512e-07	1.565772e-05	1.180020e+00	
5060	5.043512e-07	-1.51397e-05	1.180818e+00	
5061	5.044512e-07	1.565269e-05	1.181616e+00	
5062	5.045512e-07	-1.51349e-05	1.182412e+00	
5063	5.046512e-07	1.564763e-05	1.183208e+00	
5064	5.047512e-07	-1.51299e-05	1.184002e+00	
5065	5.048512e-07	1.564254e-05	1.184796e+00	
5066	5.049512e-07	-1.51250e-05	1.185588e+00	
5067	5.050512e-07	1.563741e-05	1.186380e+00	
5068	5.051512e-07	-1.51200e-05	1.187170e+00	
5069	5.052512e-07	1.563225e-05	1.187959e+00	
5070	5.053512e-07	-1.51150e-05	1.188748e+00	
5071	5.054512e-07	1.562705e-05	1.189535e+00	
5072	5.055512e-07	-1.51099e-05	1.190321e+00	
5073	5.056512e-07	1.562182e-05	1.191106e+00	
5074	5.057512e-07	-1.51048e-05	1.191890e+00	
5075	5.058512e-07	1.561656e-05	1.192674e+00	
5076	5.059512e-07	-1.50997e-05	1.193456e+00	
5077	5.060512e-07	1.561127e-05	1.194237e+00	
5078	5.061512e-07	-1.50945e-05	1.195017e+00	
5079	5.062512e-07	1.560594e-05	1.195796e+00	
5080	5.063512e-07	-1.50893e-05	1.196574e+00	
5081	5.064512e-07	1.560058e-05	1.197351e+00	
5082	5.065512e-07	-1.50841e-05	1.198127e+00	
5083	5.066512e-07	1.559519e-05	1.198902e+00	
5084	5.067512e-07	-1.50789e-05	1.199676e+00	
5085	5.068512e-07	1.558976e-05	1.200449e+00	
5086	5.069512e-07	-1.50736e-05	1.201220e+00	
5087	5.070512e-07	1.558431e-05	1.201991e+00	
5088	5.071512e-07	-1.50683e-05	1.202761e+00	
5089	5.072512e-07	1.557882e-05	1.203530e+00	
5090	5.073512e-07	-1.50629e-05	1.204297e+00	
5091	5.074512e-07	1.557330e-05	1.205064e+00	
5092	5.075512e-07	-1.50576e-05	1.205830e+00	
5093	5.076512e-07	1.556775e-05	1.206595e+00	
5094	5.077512e-07	-1.50522e-05	1.207358e+00	
5095	5.078512e-07	1.556216e-05	1.208121e+00	
5096	5.079512e-07	-1.50467e-05	1.208882e+00	
5097	5.080512e-07	1.555655e-05	1.209643e+00	
5098	5.081512e-07	-1.50413e-05	1.210402e+00	
5099	5.082512e-07	1.555091e-05	1.211161e+00	
5100	5.083512e-07	-1.50358e-05	1.211918e+00	

Index   time            vout2           v(x2.comp_p_0/v 
--------------------------------------------------------------------------------
5101	5.084512e-07	1.554523e-05	1.212675e+00	
5102	5.085512e-07	-1.50303e-05	1.213430e+00	
5103	5.086512e-07	1.553953e-05	1.214185e+00	
5104	5.087512e-07	-1.50247e-05	1.214938e+00	
5105	5.088512e-07	1.553379e-05	1.215691e+00	
5106	5.089512e-07	-1.50191e-05	1.216442e+00	
5107	5.090512e-07	1.552802e-05	1.217193e+00	
5108	5.091512e-07	-1.50135e-05	1.217942e+00	
5109	5.092512e-07	1.552223e-05	1.218690e+00	
5110	5.093512e-07	-1.50079e-05	1.219438e+00	
5111	5.094512e-07	1.551640e-05	1.220184e+00	
5112	5.095512e-07	-1.50022e-05	1.220929e+00	
5113	5.096512e-07	1.551055e-05	1.221674e+00	
5114	5.097512e-07	-1.49965e-05	1.222417e+00	
5115	5.098512e-07	1.550467e-05	1.223160e+00	
5116	5.099512e-07	-1.49908e-05	1.223901e+00	
5117	5.100512e-07	1.549875e-05	1.224641e+00	
5118	5.101512e-07	-1.52071e-05	1.225381e+00	
5119	5.102512e-07	1.522840e-05	1.226119e+00	
5120	5.103512e-07	-1.52241e-05	1.226856e+00	
5121	5.104512e-07	1.523255e-05	1.227593e+00	
5122	5.105512e-07	-1.52263e-05	1.228328e+00	
5123	5.106512e-07	1.523360e-05	1.229063e+00	
5124	5.107512e-07	-1.52264e-05	1.229796e+00	
5125	5.108512e-07	1.523290e-05	1.230528e+00	
5126	5.109379e-07	-1.52248e-05	1.231163e+00	
5127	5.110237e-07	1.523045e-05	1.231790e+00	
5128	5.111235e-07	-1.52219e-05	1.232518e+00	
5129	5.112235e-07	1.522727e-05	1.233247e+00	
5130	5.113235e-07	-1.52183e-05	1.233975e+00	
5131	5.114235e-07	1.522336e-05	1.234701e+00	
5132	5.115235e-07	-1.52141e-05	1.235427e+00	
5133	5.116235e-07	1.521889e-05	1.236152e+00	
5134	5.117235e-07	-1.52094e-05	1.236876e+00	
5135	5.118235e-07	1.521400e-05	1.237599e+00	
5136	5.119235e-07	-1.52043e-05	1.238321e+00	
5137	5.120235e-07	1.520878e-05	1.239042e+00	
5138	5.121235e-07	-1.51989e-05	1.239762e+00	
5139	5.122235e-07	1.520331e-05	1.240481e+00	
5140	5.123235e-07	-1.51933e-05	1.241199e+00	
5141	5.124235e-07	1.519763e-05	1.241916e+00	
5142	5.125235e-07	-1.51875e-05	1.242632e+00	
5143	5.126235e-07	1.519181e-05	1.243347e+00	
5144	5.127235e-07	-1.51816e-05	1.244061e+00	
5145	5.128235e-07	1.518585e-05	1.244775e+00	
5146	5.129235e-07	-1.51756e-05	1.245487e+00	
5147	5.130235e-07	1.517980e-05	1.246198e+00	
5148	5.131235e-07	-1.51695e-05	1.246909e+00	
5149	5.132235e-07	1.517367e-05	1.247618e+00	
5150	5.133235e-07	-1.51633e-05	1.248326e+00	
5151	5.134235e-07	1.516747e-05	1.249034e+00	
5152	5.135235e-07	-1.51571e-05	1.249741e+00	
5153	5.136235e-07	1.516122e-05	1.250446e+00	
5154	5.137235e-07	-1.51508e-05	1.251151e+00	
5155	5.138235e-07	1.515491e-05	1.251855e+00	
5156	5.139235e-07	-1.51445e-05	1.252557e+00	
5157	5.140235e-07	1.514857e-05	1.253259e+00	
5158	5.141235e-07	-1.51381e-05	1.253960e+00	

Index   time            vout2           v(x2.comp_p_0/v 
--------------------------------------------------------------------------------
5159	5.142235e-07	1.514218e-05	1.254660e+00	
5160	5.143235e-07	-1.51317e-05	1.255359e+00	
5161	5.144235e-07	1.513576e-05	1.256058e+00	
5162	5.145235e-07	-1.51252e-05	1.256755e+00	
5163	5.146235e-07	1.512931e-05	1.257451e+00	
5164	5.147235e-07	-1.48978e-05	1.258146e+00	
5165	5.148235e-07	1.515886e-05	1.258841e+00	
5166	5.149235e-07	-1.49128e-05	1.259534e+00	
5167	5.150235e-07	1.539767e-05	1.260227e+00	
5168	5.151235e-07	-1.48785e-05	1.260918e+00	
5169	5.152235e-07	1.537614e-05	1.261609e+00	
5170	5.153235e-07	-1.48602e-05	1.262299e+00	
5171	5.154235e-07	1.535896e-05	1.262988e+00	
5172	5.155235e-07	-1.48450e-05	1.263676e+00	
5173	5.156235e-07	1.534435e-05	1.264363e+00	
5174	5.157235e-07	-1.48318e-05	1.265049e+00	
5175	5.158235e-07	1.533169e-05	1.265734e+00	
5176	5.159235e-07	-1.48203e-05	1.266418e+00	
5177	5.160235e-07	1.532047e-05	1.267102e+00	
5178	5.161235e-07	-1.48100e-05	1.267784e+00	
5179	5.162235e-07	1.531034e-05	1.268466e+00	
5180	5.163235e-07	-1.48007e-05	1.269146e+00	
5181	5.164235e-07	1.530103e-05	1.269826e+00	
5182	5.165235e-07	-1.47920e-05	1.270505e+00	
5183	5.166235e-07	1.529232e-05	1.271183e+00	
5184	5.167235e-07	-1.47838e-05	1.271860e+00	
5185	5.168235e-07	1.528405e-05	1.272536e+00	
5186	5.169235e-07	-1.47759e-05	1.273212e+00	
5187	5.170235e-07	1.527612e-05	1.273886e+00	
5188	5.171235e-07	-1.47684e-05	1.274560e+00	
5189	5.172235e-07	1.526844e-05	1.275232e+00	
5190	5.173235e-07	-1.47610e-05	1.275904e+00	
5191	5.174235e-07	1.526095e-05	1.276575e+00	
5192	5.175235e-07	-1.49729e-05	1.277245e+00	
5193	5.176235e-07	1.521761e-05	1.277914e+00	
5194	5.177235e-07	-1.49442e-05	1.278582e+00	
5195	5.178235e-07	1.519186e-05	1.279250e+00	
5196	5.179235e-07	-1.49214e-05	1.279916e+00	
5197	5.180235e-07	1.517081e-05	1.280582e+00	
5198	5.181235e-07	-1.49026e-05	1.281246e+00	
5199	5.182235e-07	1.515327e-05	1.281910e+00	
5200	5.183235e-07	-1.46690e-05	1.282573e+00	
5201	5.184235e-07	1.517407e-05	1.283236e+00	
5202	5.185235e-07	-1.46765e-05	1.283897e+00	
5203	5.186235e-07	1.495574e-05	1.284558e+00	
5204	5.187235e-07	-1.49416e-05	1.285217e+00	
5205	5.188235e-07	1.495084e-05	1.285876e+00	
5206	5.189235e-07	-1.49449e-05	1.286534e+00	
5207	5.190235e-07	1.517706e-05	1.287191e+00	
5208	5.191235e-07	-1.49026e-05	1.287847e+00	
5209	5.192235e-07	1.514872e-05	1.288503e+00	
5210	5.193235e-07	-1.48781e-05	1.289157e+00	
5211	5.194235e-07	1.512627e-05	1.289811e+00	
5212	5.195235e-07	-1.48580e-05	1.290464e+00	
5213	5.196235e-07	1.510767e-05	1.291116e+00	
5214	5.197235e-07	-1.46240e-05	1.291767e+00	
5215	5.198235e-07	1.512738e-05	1.292418e+00	
5216	5.199235e-07	-1.46308e-05	1.293068e+00	

Index   time            vout2           v(x2.comp_p_0/v 
--------------------------------------------------------------------------------
5217	5.200235e-07	1.513207e-05	1.293717e+00	
5218	5.201235e-07	-1.46338e-05	1.294365e+00	
5219	5.202235e-07	1.513377e-05	1.295012e+00	
5220	5.203235e-07	-1.48517e-05	1.295659e+00	
5221	5.204235e-07	1.487507e-05	1.296305e+00	
5222	5.205235e-07	-1.48723e-05	1.296949e+00	
5223	5.206235e-07	1.488268e-05	1.297594e+00	
5224	5.207235e-07	-1.48774e-05	1.298237e+00	
5225	5.208235e-07	1.488605e-05	1.298880e+00	
5226	5.209235e-07	-1.46617e-05	1.299522e+00	
5227	5.210235e-07	1.514545e-05	1.300163e+00	
5228	5.211235e-07	-1.46399e-05	1.300804e+00	
5229	5.212235e-07	1.513406e-05	1.301443e+00	
5230	5.213235e-07	-1.46302e-05	1.302082e+00	
5231	5.214235e-07	1.512425e-05	1.302721e+00	
5232	5.215235e-07	-1.46212e-05	1.303358e+00	
5233	5.216235e-07	1.511494e-05	1.303995e+00	
5234	5.217235e-07	-1.46128e-05	1.304631e+00	
5235	5.218235e-07	1.510570e-05	1.305267e+00	
5236	5.219235e-07	-1.46055e-05	1.305902e+00	
5237	5.220235e-07	1.509521e-05	1.306536e+00	
5238	5.221235e-07	-1.46018e-05	1.307169e+00	
5239	5.222235e-07	1.507874e-05	1.307802e+00	
5240	5.223235e-07	-1.46081e-05	1.308434e+00	
5241	5.224235e-07	1.482479e-05	1.309066e+00	
5242	5.225235e-07	-1.46789e-05	1.309697e+00	
5243	5.226235e-07	1.480171e-05	1.310327e+00	
5244	5.227235e-07	-1.47561e-05	1.310956e+00	
5245	5.228235e-07	1.473754e-05	1.311585e+00	
5246	5.229235e-07	-1.51586e-05	1.312213e+00	
5247	5.230235e-07	1.431745e-05	1.312841e+00	
5248	5.231235e-07	-1.59659e-05	1.313468e+00	
5249	5.232235e-07	1.389341e-05	1.314093e+00	
5250	5.233235e-07	-1.11020e-05	1.314719e+00	
5251	5.234235e-07	4.772535e-05	1.315348e+00	
5252	5.235235e-07	6.492830e-05	1.315985e+00	
5253	5.236235e-07	1.088845e-04	1.316637e+00	
5254	5.237235e-07	6.958304e-05	1.317300e+00	
5255	5.238235e-07	1.805900e-05	1.317972e+00	
5256	5.239235e-07	-9.85049e-04	1.318573e+00	
5257	5.240235e-07	-4.03064e-03	1.318519e+00	
5258	5.241235e-07	-1.04501e-02	1.317270e+00	
5259	5.242235e-07	-3.70441e-02	1.315584e+00	
5260	5.243206e-07	5.798955e-01	1.313954e+00	
5261	5.244206e-07	1.690655e+00	1.312256e+00	
5262	5.245206e-07	1.833539e+00	1.310569e+00	
5263	5.246206e-07	1.777292e+00	1.308872e+00	
5264	5.247206e-07	1.813903e+00	1.307184e+00	
5265	5.248206e-07	1.789886e+00	1.305490e+00	
5266	5.249206e-07	1.806753e+00	1.303803e+00	
5267	5.250206e-07	1.794867e+00	1.302113e+00	
5268	5.251206e-07	1.803328e+00	1.300429e+00	
5269	5.252206e-07	1.797309e+00	1.298744e+00	
5270	5.253206e-07	1.801618e+00	1.297063e+00	
5271	5.254206e-07	1.798538e+00	1.295383e+00	
5272	5.255206e-07	1.800750e+00	1.293706e+00	
5273	5.256206e-07	1.799164e+00	1.292030e+00	
5274	5.257206e-07	1.800306e+00	1.290357e+00	

Index   time            vout2           v(x2.comp_p_0/v 
--------------------------------------------------------------------------------
5275	5.258206e-07	1.799485e+00	1.288686e+00	
5276	5.259206e-07	1.800078e+00	1.287017e+00	
5277	5.260206e-07	1.799650e+00	1.285350e+00	
5278	5.261206e-07	1.799956e+00	1.283686e+00	
5279	5.262206e-07	1.799730e+00	1.282024e+00	
5280	5.263206e-07	1.799897e+00	1.280364e+00	
5281	5.264206e-07	1.799778e+00	1.278706e+00	
5282	5.265206e-07	1.799867e+00	1.277050e+00	
5283	5.266206e-07	1.799803e+00	1.275397e+00	
5284	5.267206e-07	1.799851e+00	1.273746e+00	
5285	5.268206e-07	1.799816e+00	1.272097e+00	
5286	5.269206e-07	1.799843e+00	1.270450e+00	
5287	5.270206e-07	1.799823e+00	1.268805e+00	
5288	5.271206e-07	1.799839e+00	1.267162e+00	
5289	5.272206e-07	1.799827e+00	1.265522e+00	
5290	5.273206e-07	1.799837e+00	1.263884e+00	
5291	5.274206e-07	1.799829e+00	1.262248e+00	
5292	5.275206e-07	1.799836e+00	1.260614e+00	
5293	5.276206e-07	1.799830e+00	1.258982e+00	
5294	5.277206e-07	1.799835e+00	1.257353e+00	
5295	5.278206e-07	1.799831e+00	1.255726e+00	
5296	5.279206e-07	1.799835e+00	1.254100e+00	
5297	5.280206e-07	1.799832e+00	1.252477e+00	
5298	5.281206e-07	1.799835e+00	1.250856e+00	
5299	5.282206e-07	1.799832e+00	1.249238e+00	
5300	5.283206e-07	1.799835e+00	1.247621e+00	
5301	5.284206e-07	1.799833e+00	1.246007e+00	
5302	5.285206e-07	1.799836e+00	1.244395e+00	
5303	5.286206e-07	1.799833e+00	1.242785e+00	
5304	5.287206e-07	1.799836e+00	1.241176e+00	
5305	5.288206e-07	1.799833e+00	1.239571e+00	
5306	5.289206e-07	1.799836e+00	1.237967e+00	
5307	5.290206e-07	1.799834e+00	1.236365e+00	
5308	5.291206e-07	1.799836e+00	1.234766e+00	
5309	5.292206e-07	1.799834e+00	1.233169e+00	
5310	5.293206e-07	1.799836e+00	1.231573e+00	
5311	5.294206e-07	1.799834e+00	1.229980e+00	
5312	5.295206e-07	1.799837e+00	1.228389e+00	
5313	5.296206e-07	1.799835e+00	1.226801e+00	
5314	5.297206e-07	1.799837e+00	1.225214e+00	
5315	5.298206e-07	1.799835e+00	1.223629e+00	
5316	5.299206e-07	1.799837e+00	1.222047e+00	
5317	5.300206e-07	1.799835e+00	1.220467e+00	
5318	5.301206e-07	1.799837e+00	1.218888e+00	
5319	5.302206e-07	1.799835e+00	1.217312e+00	
5320	5.303206e-07	1.799837e+00	1.215738e+00	
5321	5.304206e-07	1.799836e+00	1.214166e+00	
5322	5.305206e-07	1.799838e+00	1.212596e+00	
5323	5.306206e-07	1.799836e+00	1.211028e+00	
5324	5.307206e-07	1.799838e+00	1.209463e+00	
5325	5.308206e-07	1.799836e+00	1.207899e+00	
5326	5.309206e-07	1.799838e+00	1.206337e+00	
5327	5.310206e-07	1.799836e+00	1.204778e+00	
5328	5.311206e-07	1.799838e+00	1.203221e+00	
5329	5.312206e-07	1.799837e+00	1.201665e+00	
5330	5.313206e-07	1.799839e+00	1.200112e+00	
5331	5.314206e-07	1.799837e+00	1.198561e+00	
5332	5.315206e-07	1.799839e+00	1.197012e+00	

Index   time            vout2           v(x2.comp_p_0/v 
--------------------------------------------------------------------------------
5333	5.316206e-07	1.799837e+00	1.195465e+00	
5334	5.317206e-07	1.799839e+00	1.193920e+00	
5335	5.318206e-07	1.799838e+00	1.192377e+00	
5336	5.319206e-07	1.799839e+00	1.190836e+00	
5337	5.320206e-07	1.799838e+00	1.189297e+00	
5338	5.321206e-07	1.799840e+00	1.187760e+00	
5339	5.322206e-07	1.799838e+00	1.186226e+00	
5340	5.323206e-07	1.799840e+00	1.184693e+00	
5341	5.324206e-07	1.799838e+00	1.183162e+00	
5342	5.325206e-07	1.799840e+00	1.181634e+00	
5343	5.326206e-07	1.799839e+00	1.180107e+00	
5344	5.327206e-07	1.799840e+00	1.178582e+00	
5345	5.328206e-07	1.799839e+00	1.177060e+00	
5346	5.329206e-07	1.799841e+00	1.175539e+00	
5347	5.330206e-07	1.799839e+00	1.174021e+00	
5348	5.331206e-07	1.799841e+00	1.172504e+00	
5349	5.332206e-07	1.799839e+00	1.170990e+00	
5350	5.333206e-07	1.799841e+00	1.169477e+00	
5351	5.334206e-07	1.799840e+00	1.167967e+00	
5352	5.335206e-07	1.799841e+00	1.166458e+00	
5353	5.336206e-07	1.799840e+00	1.164952e+00	
5354	5.337206e-07	1.799841e+00	1.163447e+00	
5355	5.338206e-07	1.799840e+00	1.161944e+00	
5356	5.339206e-07	1.799842e+00	1.160444e+00	
5357	5.340206e-07	1.799840e+00	1.158945e+00	
5358	5.341206e-07	1.799842e+00	1.157448e+00	
5359	5.342206e-07	1.799841e+00	1.155954e+00	
5360	5.343206e-07	1.799842e+00	1.154461e+00	
5361	5.344206e-07	1.799841e+00	1.152970e+00	
5362	5.345206e-07	1.799842e+00	1.151482e+00	
5363	5.346206e-07	1.799841e+00	1.149995e+00	
5364	5.347206e-07	1.799843e+00	1.148510e+00	
5365	5.348206e-07	1.799841e+00	1.147027e+00	
5366	5.349206e-07	1.799843e+00	1.145546e+00	
5367	5.350206e-07	1.799842e+00	1.144067e+00	
5368	5.351206e-07	1.799843e+00	1.142590e+00	
5369	5.352206e-07	1.799842e+00	1.141115e+00	
5370	5.353206e-07	1.799843e+00	1.139641e+00	
5371	5.354206e-07	1.799842e+00	1.138170e+00	
5372	5.355206e-07	1.799844e+00	1.136701e+00	
5373	5.356206e-07	1.799842e+00	1.135233e+00	
5374	5.357206e-07	1.799844e+00	1.133768e+00	
5375	5.358206e-07	1.799843e+00	1.132304e+00	
5376	5.359206e-07	1.799844e+00	1.130842e+00	
5377	5.360206e-07	1.799843e+00	1.129382e+00	
5378	5.361206e-07	1.799844e+00	1.127924e+00	
5379	5.362206e-07	1.799843e+00	1.126468e+00	
5380	5.363206e-07	1.799844e+00	1.125014e+00	
5381	5.364206e-07	1.799843e+00	1.123562e+00	
5382	5.365206e-07	1.799845e+00	1.122112e+00	
5383	5.366206e-07	1.799844e+00	1.120663e+00	
5384	5.367206e-07	1.799845e+00	1.119217e+00	
5385	5.368206e-07	1.799844e+00	1.117772e+00	
5386	5.369206e-07	1.799845e+00	1.116329e+00	
5387	5.370206e-07	1.799844e+00	1.114888e+00	
5388	5.371206e-07	1.799845e+00	1.113449e+00	
5389	5.372206e-07	1.799844e+00	1.112012e+00	
5390	5.373206e-07	1.799845e+00	1.110577e+00	

Index   time            vout2           v(x2.comp_p_0/v 
--------------------------------------------------------------------------------
5391	5.374206e-07	1.799845e+00	1.109143e+00	
5392	5.375206e-07	1.799846e+00	1.107712e+00	
5393	5.376206e-07	1.799845e+00	1.106282e+00	
5394	5.377206e-07	1.799846e+00	1.104854e+00	
5395	5.378206e-07	1.799845e+00	1.103428e+00	
5396	5.379206e-07	1.799846e+00	1.102004e+00	
5397	5.380206e-07	1.799845e+00	1.100581e+00	
5398	5.381206e-07	1.799846e+00	1.099161e+00	
5399	5.382206e-07	1.799846e+00	1.097742e+00	
5400	5.383206e-07	1.799847e+00	1.096325e+00	
5401	5.384206e-07	1.799846e+00	1.094911e+00	
5402	5.385206e-07	1.799847e+00	1.093497e+00	
5403	5.386206e-07	1.799846e+00	1.092086e+00	
5404	5.387206e-07	1.799847e+00	1.090677e+00	
5405	5.388206e-07	1.799846e+00	1.089269e+00	
5406	5.389206e-07	1.799847e+00	1.087863e+00	
5407	5.390206e-07	1.799847e+00	1.086459e+00	
5408	5.391206e-07	1.799847e+00	1.085057e+00	
5409	5.392206e-07	1.799847e+00	1.083657e+00	
5410	5.393206e-07	1.799848e+00	1.082259e+00	
5411	5.394206e-07	1.799847e+00	1.080862e+00	
5412	5.395206e-07	1.799848e+00	1.079467e+00	
5413	5.396206e-07	1.799847e+00	1.078075e+00	
5414	5.397206e-07	1.799848e+00	1.076683e+00	
5415	5.398206e-07	1.799847e+00	1.075294e+00	
5416	5.399206e-07	1.799848e+00	1.073907e+00	
5417	5.400206e-07	1.799848e+00	1.072521e+00	
5418	5.401206e-07	1.799848e+00	1.071138e+00	
5419	5.402206e-07	1.799848e+00	1.069756e+00	
5420	5.403206e-07	1.799849e+00	1.068376e+00	
5421	5.404206e-07	1.799848e+00	1.066998e+00	
5422	5.405206e-07	1.799849e+00	1.065621e+00	
5423	5.406206e-07	1.799848e+00	1.064247e+00	
5424	5.407206e-07	1.799849e+00	1.062874e+00	
5425	5.408206e-07	1.799848e+00	1.061503e+00	
5426	5.409206e-07	1.799849e+00	1.060134e+00	
5427	5.410206e-07	1.799849e+00	1.058767e+00	
5428	5.411206e-07	1.799849e+00	1.057402e+00	
5429	5.412206e-07	1.799849e+00	1.056039e+00	
5430	5.413206e-07	1.799849e+00	1.054678e+00	
5431	5.414206e-07	1.799849e+00	1.053318e+00	
5432	5.415206e-07	1.799849e+00	1.051961e+00	
5433	5.416206e-07	1.799849e+00	1.050606e+00	
5434	5.417206e-07	1.799850e+00	1.049252e+00	
5435	5.418206e-07	1.799849e+00	1.047900e+00	
5436	5.419206e-07	1.799850e+00	1.046551e+00	
5437	5.420206e-07	1.799849e+00	1.045203e+00	
5438	5.421206e-07	1.799850e+00	1.043857e+00	
5439	5.422206e-07	1.799849e+00	1.042513e+00	
5440	5.423206e-07	1.799850e+00	1.041171e+00	
5441	5.424206e-07	1.799850e+00	1.039831e+00	
5442	5.425206e-07	1.799850e+00	1.038493e+00	
5443	5.426206e-07	1.799850e+00	1.037157e+00	
5444	5.427206e-07	1.799850e+00	1.035823e+00	
5445	5.428206e-07	1.799850e+00	1.034490e+00	
5446	5.429206e-07	1.799850e+00	1.033160e+00	
5447	5.430206e-07	1.799850e+00	1.031831e+00	
5448	5.431206e-07	1.799850e+00	1.030504e+00	

Index   time            vout2           v(x2.comp_p_0/v 
--------------------------------------------------------------------------------
5449	5.432206e-07	1.799850e+00	1.029180e+00	
5450	5.433206e-07	1.799850e+00	1.027856e+00	
5451	5.434206e-07	1.799850e+00	1.026535e+00	
5452	5.435206e-07	1.799850e+00	1.025216e+00	
5453	5.436206e-07	1.799850e+00	1.023898e+00	
5454	5.437206e-07	1.799850e+00	1.022582e+00	
5455	5.438206e-07	1.799850e+00	1.021268e+00	
5456	5.439206e-07	1.799851e+00	1.019956e+00	
5457	5.440206e-07	1.799850e+00	1.018645e+00	
5458	5.441206e-07	1.799851e+00	1.017336e+00	
5459	5.442206e-07	1.799851e+00	1.016030e+00	
5460	5.443206e-07	1.799851e+00	1.014724e+00	
5461	5.444206e-07	1.799851e+00	1.013421e+00	
5462	5.445206e-07	1.799851e+00	1.012119e+00	
5463	5.446206e-07	1.799851e+00	1.010819e+00	
5464	5.447206e-07	1.799851e+00	1.009520e+00	
5465	5.448206e-07	1.799851e+00	1.008223e+00	
5466	5.449206e-07	1.799851e+00	1.006928e+00	
5467	5.450206e-07	1.799851e+00	1.005635e+00	
5468	5.451206e-07	1.799851e+00	1.004343e+00	
5469	5.452206e-07	1.799851e+00	1.003053e+00	
5470	5.453206e-07	1.799851e+00	1.001765e+00	
5471	5.454206e-07	1.799851e+00	1.000478e+00	
5472	5.455206e-07	1.799851e+00	9.991931e-01	
5473	5.456206e-07	1.799851e+00	9.979099e-01	
5474	5.457206e-07	1.799851e+00	9.966281e-01	
5475	5.458206e-07	1.799851e+00	9.953482e-01	
5476	5.459206e-07	1.799851e+00	9.940696e-01	
5477	5.460206e-07	1.799852e+00	9.927930e-01	
5478	5.461206e-07	1.799851e+00	9.915178e-01	
5479	5.462206e-07	1.799852e+00	9.902444e-01	
5480	5.463206e-07	1.799852e+00	9.889724e-01	
5481	5.464206e-07	1.799852e+00	9.877024e-01	
5482	5.465206e-07	1.799852e+00	9.864336e-01	
5483	5.466206e-07	1.799852e+00	9.851668e-01	
5484	5.467206e-07	1.799852e+00	9.839013e-01	
5485	5.468206e-07	1.799852e+00	9.826377e-01	
5486	5.469206e-07	1.799852e+00	9.813755e-01	
5487	5.470206e-07	1.799852e+00	9.801151e-01	
5488	5.471206e-07	1.799852e+00	9.788561e-01	
5489	5.472206e-07	1.799852e+00	9.775990e-01	
5490	5.473206e-07	1.799852e+00	9.763432e-01	
5491	5.474206e-07	1.799852e+00	9.750892e-01	
5492	5.475206e-07	1.799852e+00	9.738366e-01	
5493	5.476206e-07	1.799853e+00	9.725859e-01	
5494	5.477206e-07	1.799852e+00	9.713365e-01	
5495	5.478206e-07	1.799853e+00	9.700890e-01	
5496	5.479206e-07	1.799852e+00	9.688427e-01	
5497	5.480206e-07	1.799853e+00	9.675984e-01	
5498	5.481206e-07	1.799852e+00	9.663553e-01	
5499	5.482206e-07	1.799853e+00	9.651141e-01	
5500	5.483206e-07	1.799853e+00	9.638742e-01	
5501	5.484206e-07	1.799853e+00	9.626361e-01	
5502	5.485206e-07	1.799853e+00	9.613993e-01	
5503	5.486206e-07	1.799853e+00	9.601644e-01	
5504	5.487206e-07	1.799853e+00	9.589308e-01	
5505	5.488206e-07	1.799853e+00	9.576990e-01	
5506	5.489206e-07	1.799853e+00	9.564685e-01	

Index   time            vout2           v(x2.comp_p_0/v 
--------------------------------------------------------------------------------
5507	5.490206e-07	1.799853e+00	9.552398e-01	
5508	5.491206e-07	1.799853e+00	9.540124e-01	
5509	5.492206e-07	1.799854e+00	9.527869e-01	
5510	5.493206e-07	1.799853e+00	9.515626e-01	
5511	5.494206e-07	1.799854e+00	9.503401e-01	
5512	5.495206e-07	1.799853e+00	9.491189e-01	
5513	5.496206e-07	1.799854e+00	9.478996e-01	
5514	5.497206e-07	1.799853e+00	9.466815e-01	
5515	5.498206e-07	1.799854e+00	9.454652e-01	
5516	5.499206e-07	1.799853e+00	9.442502e-01	
5517	5.500206e-07	1.799854e+00	9.430370e-01	
5518	5.501206e-07	1.799854e+00	9.418251e-01	
5519	5.502206e-07	1.799854e+00	9.406150e-01	
5520	5.503206e-07	1.799854e+00	9.394061e-01	
5521	5.504206e-07	1.799854e+00	9.381990e-01	
5522	5.505206e-07	1.799854e+00	9.369932e-01	
5523	5.506206e-07	1.799855e+00	9.357891e-01	
5524	5.507206e-07	1.799854e+00	9.345863e-01	
5525	5.508206e-07	1.799855e+00	9.333853e-01	
5526	5.509206e-07	1.799854e+00	9.321855e-01	
5527	5.510206e-07	1.799855e+00	9.309874e-01	
5528	5.511206e-07	1.799854e+00	9.297906e-01	
5529	5.512206e-07	1.799855e+00	9.285955e-01	
5530	5.513206e-07	1.799854e+00	9.274016e-01	
5531	5.514206e-07	1.799855e+00	9.262094e-01	
5532	5.515206e-07	1.799854e+00	9.250184e-01	
5533	5.516206e-07	1.799855e+00	9.238291e-01	
5534	5.517206e-07	1.799854e+00	9.226409e-01	
5535	5.518206e-07	1.799855e+00	9.214544e-01	
5536	5.519206e-07	1.799854e+00	9.202689e-01	
5537	5.520206e-07	1.799855e+00	9.190851e-01	
5538	5.521206e-07	1.799855e+00	9.179023e-01	
5539	5.522206e-07	1.799856e+00	9.167211e-01	
5540	5.523206e-07	1.799855e+00	9.155409e-01	
5541	5.524206e-07	1.799856e+00	9.143623e-01	
5542	5.525206e-07	1.799855e+00	9.131846e-01	
5543	5.526206e-07	1.799856e+00	9.120086e-01	
5544	5.527206e-07	1.799855e+00	9.108335e-01	
5545	5.528206e-07	1.799856e+00	9.096599e-01	
5546	5.529206e-07	1.799855e+00	9.084874e-01	
5547	5.530206e-07	1.799856e+00	9.073164e-01	
5548	5.531206e-07	1.799855e+00	9.061465e-01	
5549	5.532206e-07	1.799856e+00	9.049781e-01	
5550	5.533206e-07	1.799855e+00	9.038108e-01	
5551	5.534206e-07	1.799856e+00	9.026452e-01	
5552	5.535206e-07	1.799855e+00	9.014805e-01	
5553	5.536206e-07	1.799856e+00	9.003176e-01	
5554	5.537206e-07	1.799855e+00	8.991557e-01	
5555	5.538206e-07	1.799857e+00	8.979954e-01	
5556	5.539206e-07	1.799856e+00	8.968363e-01	
5557	5.540206e-07	1.799857e+00	8.956789e-01	
5558	5.541206e-07	1.799856e+00	8.945226e-01	
5559	5.542206e-07	1.799857e+00	8.933680e-01	
5560	5.543206e-07	1.799856e+00	8.922145e-01	
5561	5.544206e-07	1.799857e+00	8.910628e-01	
5562	5.545206e-07	1.799856e+00	8.899122e-01	
5563	5.546206e-07	1.799857e+00	8.887633e-01	
5564	5.547206e-07	1.799856e+00	8.876156e-01	

Index   time            vout2           v(x2.comp_p_0/v 
--------------------------------------------------------------------------------
5565	5.548206e-07	1.799857e+00	8.864696e-01	
5566	5.549206e-07	1.799856e+00	8.853248e-01	
5567	5.550206e-07	1.799857e+00	8.841817e-01	
5568	5.551206e-07	1.799856e+00	8.830398e-01	
5569	5.552206e-07	1.799857e+00	8.818996e-01	
5570	5.553206e-07	1.799856e+00	8.807606e-01	
5571	5.554206e-07	1.799858e+00	8.796234e-01	
5572	5.555206e-07	1.799856e+00	8.784873e-01	
5573	5.556206e-07	1.799858e+00	8.773530e-01	
5574	5.557206e-07	1.799856e+00	8.762199e-01	
5575	5.558206e-07	1.799858e+00	8.750885e-01	
5576	5.559206e-07	1.799857e+00	8.739582e-01	
5577	5.560206e-07	1.799858e+00	8.728297e-01	
5578	5.561206e-07	1.799857e+00	8.717024e-01	
5579	5.562206e-07	1.799858e+00	8.705769e-01	
5580	5.563206e-07	1.799857e+00	8.694525e-01	
5581	5.564206e-07	1.799858e+00	8.683298e-01	
5582	5.565206e-07	1.799857e+00	8.672084e-01	
5583	5.566206e-07	1.799858e+00	8.660886e-01	
5584	5.567206e-07	1.799857e+00	8.649701e-01	
5585	5.568206e-07	1.799858e+00	8.638532e-01	
5586	5.569206e-07	1.799857e+00	8.627376e-01	
5587	5.570206e-07	1.799858e+00	8.616236e-01	
5588	5.571206e-07	1.799857e+00	8.605109e-01	
5589	5.572206e-07	1.799859e+00	8.593998e-01	
5590	5.573206e-07	1.799857e+00	8.582900e-01	
5591	5.574206e-07	1.799859e+00	8.571818e-01	
5592	5.575206e-07	1.799857e+00	8.560748e-01	
5593	5.576206e-07	1.799859e+00	8.549696e-01	
5594	5.577206e-07	1.799857e+00	8.538655e-01	
5595	5.578206e-07	1.799859e+00	8.527631e-01	
5596	5.579206e-07	1.799858e+00	8.516618e-01	
5597	5.580206e-07	1.799859e+00	8.505623e-01	
5598	5.581206e-07	1.799858e+00	8.494640e-01	
5599	5.582206e-07	1.799859e+00	8.483673e-01	
5600	5.583206e-07	1.799858e+00	8.472718e-01	
5601	5.584206e-07	1.799859e+00	8.461780e-01	
5602	5.585206e-07	1.799858e+00	8.450853e-01	
5603	5.586206e-07	1.799859e+00	8.439944e-01	
5604	5.587206e-07	1.799858e+00	8.429046e-01	
5605	5.588206e-07	1.799860e+00	8.418165e-01	
5606	5.589206e-07	1.799858e+00	8.407295e-01	
5607	5.590206e-07	1.799860e+00	8.396442e-01	
5608	5.591206e-07	1.799858e+00	8.385601e-01	
5609	5.592206e-07	1.799860e+00	8.374777e-01	
5610	5.593206e-07	1.799858e+00	8.363964e-01	
5611	5.594206e-07	1.799860e+00	8.353167e-01	
5612	5.595206e-07	1.799858e+00	8.342382e-01	
5613	5.596206e-07	1.799860e+00	8.331614e-01	
5614	5.597206e-07	1.799858e+00	8.320857e-01	
5615	5.598206e-07	1.799860e+00	8.310117e-01	
5616	5.599206e-07	1.799858e+00	8.299389e-01	
5617	5.600206e-07	1.799860e+00	8.288677e-01	
5618	5.601206e-07	1.799859e+00	8.277976e-01	
5619	5.602206e-07	1.799860e+00	8.267292e-01	
5620	5.603206e-07	1.799859e+00	8.256619e-01	
5621	5.604206e-07	1.799860e+00	8.245963e-01	
5622	5.605206e-07	1.799859e+00	8.235318e-01	

Index   time            vout2           v(x2.comp_p_0/v 
--------------------------------------------------------------------------------
5623	5.606206e-07	1.799861e+00	8.224689e-01	
5624	5.607206e-07	1.799859e+00	8.214072e-01	
5625	5.608206e-07	1.799861e+00	8.203471e-01	
5626	5.609206e-07	1.799859e+00	8.192882e-01	
5627	5.610206e-07	1.799861e+00	8.182309e-01	
5628	5.611206e-07	1.799859e+00	8.171747e-01	
5629	5.612206e-07	1.799861e+00	8.161201e-01	
5630	5.613206e-07	1.799859e+00	8.150667e-01	
5631	5.614206e-07	1.799861e+00	8.140149e-01	
5632	5.615206e-07	1.799859e+00	8.129642e-01	
5633	5.616206e-07	1.799861e+00	8.119152e-01	
5634	5.617206e-07	1.799859e+00	8.108672e-01	
5635	5.618206e-07	1.799861e+00	8.098209e-01	
5636	5.619206e-07	1.799859e+00	8.087757e-01	
5637	5.620206e-07	1.799861e+00	8.077321e-01	
5638	5.621206e-07	1.799859e+00	8.066896e-01	
5639	5.622206e-07	1.799861e+00	8.056487e-01	
5640	5.623206e-07	1.799860e+00	8.046090e-01	
5641	5.624206e-07	1.799862e+00	8.035708e-01	
5642	5.625206e-07	1.799860e+00	8.025337e-01	
5643	5.626206e-07	1.799862e+00	8.014983e-01	
5644	5.627206e-07	1.799860e+00	8.004640e-01	
5645	5.628206e-07	1.799862e+00	7.994312e-01	
5646	5.629206e-07	1.799860e+00	7.983996e-01	
5647	5.630206e-07	1.799862e+00	7.973695e-01	
5648	5.631206e-07	1.799860e+00	7.963406e-01	
5649	5.632206e-07	1.799862e+00	7.953132e-01	
5650	5.633206e-07	1.799860e+00	7.942869e-01	
5651	5.634206e-07	1.799862e+00	7.932623e-01	
5652	5.635206e-07	1.799860e+00	7.922386e-01	
5653	5.636206e-07	1.799862e+00	7.912167e-01	
5654	5.637206e-07	1.799860e+00	7.901957e-01	
5655	5.638206e-07	1.799862e+00	7.891764e-01	
5656	5.639206e-07	1.799860e+00	7.881581e-01	
5657	5.640206e-07	1.799862e+00	7.871414e-01	
5658	5.641206e-07	1.799860e+00	7.861258e-01	
5659	5.642206e-07	1.799862e+00	7.851118e-01	
5660	5.643206e-07	1.799860e+00	7.840988e-01	
5661	5.644206e-07	1.799863e+00	7.830875e-01	
5662	5.645206e-07	1.799860e+00	7.820771e-01	
5663	5.646206e-07	1.799863e+00	7.810684e-01	
5664	5.647206e-07	1.799861e+00	7.800607e-01	
5665	5.648206e-07	1.799863e+00	7.790546e-01	
5666	5.649206e-07	1.799861e+00	7.780496e-01	
5667	5.650206e-07	1.799863e+00	7.770461e-01	
5668	5.651206e-07	1.799861e+00	7.760436e-01	
5669	5.652206e-07	1.799863e+00	7.750428e-01	
5670	5.653206e-07	1.799861e+00	7.740430e-01	
5671	5.654206e-07	1.799863e+00	7.730447e-01	
5672	5.655206e-07	1.799861e+00	7.720475e-01	
5673	5.656206e-07	1.799863e+00	7.710518e-01	
5674	5.657206e-07	1.799861e+00	7.700572e-01	
5675	5.658206e-07	1.799863e+00	7.690642e-01	
5676	5.659206e-07	1.799861e+00	7.680721e-01	
5677	5.660206e-07	1.799863e+00	7.670817e-01	
5678	5.661206e-07	1.799861e+00	7.660922e-01	
5679	5.662206e-07	1.799864e+00	7.651044e-01	
5680	5.663206e-07	1.799861e+00	7.641175e-01	

Index   time            vout2           v(x2.comp_p_0/v 
--------------------------------------------------------------------------------
5681	5.664206e-07	1.799864e+00	7.631322e-01	
5682	5.665206e-07	1.799861e+00	7.621479e-01	
5683	5.666206e-07	1.799864e+00	7.611652e-01	
5684	5.667206e-07	1.799861e+00	7.601834e-01	
5685	5.668206e-07	1.799864e+00	7.592033e-01	
5686	5.669206e-07	1.799861e+00	7.582241e-01	
5687	5.670206e-07	1.799864e+00	7.572465e-01	
5688	5.671206e-07	1.799862e+00	7.562699e-01	
5689	5.672206e-07	1.799864e+00	7.552948e-01	
5690	5.673206e-07	1.799862e+00	7.543207e-01	
5691	5.674206e-07	1.799864e+00	7.533482e-01	
5692	5.675206e-07	1.799862e+00	7.523766e-01	
5693	5.676206e-07	1.799864e+00	7.514066e-01	
5694	5.677206e-07	1.799862e+00	7.504376e-01	
5695	5.678206e-07	1.799864e+00	7.494702e-01	
5696	5.679206e-07	1.799862e+00	7.485037e-01	
5697	5.680206e-07	1.799864e+00	7.475387e-01	
5698	5.681206e-07	1.799862e+00	7.465747e-01	
5699	5.682206e-07	1.799864e+00	7.456123e-01	
5700	5.683206e-07	1.799862e+00	7.446508e-01	
5701	5.684206e-07	1.799865e+00	7.436909e-01	
5702	5.685206e-07	1.799862e+00	7.427320e-01	
5703	5.686206e-07	1.799865e+00	7.417745e-01	
5704	5.687206e-07	1.799862e+00	7.408180e-01	
5705	5.688206e-07	1.799865e+00	7.398631e-01	
5706	5.689206e-07	1.799862e+00	7.389091e-01	
5707	5.690206e-07	1.799865e+00	7.379567e-01	
5708	5.691206e-07	1.799862e+00	7.370052e-01	
5709	5.692206e-07	1.799865e+00	7.360552e-01	
5710	5.693206e-07	1.799862e+00	7.351062e-01	
5711	5.694206e-07	1.799865e+00	7.341586e-01	
5712	5.695206e-07	1.799862e+00	7.332121e-01	
5713	5.696206e-07	1.799865e+00	7.322670e-01	
5714	5.697206e-07	1.799863e+00	7.313229e-01	
5715	5.698206e-07	1.799865e+00	7.303804e-01	
5716	5.699206e-07	1.799863e+00	7.294387e-01	
5717	5.700206e-07	1.799865e+00	7.284986e-01	
5718	5.701206e-07	1.799863e+00	7.275594e-01	
5719	5.702206e-07	1.799865e+00	7.266217e-01	
5720	5.703206e-07	1.799863e+00	7.256849e-01	
5721	5.704206e-07	1.799865e+00	7.247496e-01	
5722	5.705206e-07	1.799863e+00	7.238153e-01	
5723	5.706206e-07	1.799866e+00	7.228825e-01	
5724	5.707206e-07	1.799863e+00	7.219506e-01	
5725	5.708206e-07	1.799866e+00	7.210202e-01	
5726	5.709206e-07	1.799863e+00	7.200907e-01	
5727	5.710206e-07	1.799866e+00	7.191627e-01	
5728	5.711206e-07	1.799863e+00	7.182356e-01	
5729	5.712206e-07	1.799866e+00	7.173100e-01	
5730	5.713206e-07	1.799863e+00	7.163854e-01	
5731	5.714206e-07	1.799866e+00	7.154622e-01	
5732	5.715081e-07	1.799863e+00	7.146554e-01	
5733	5.716005e-07	1.799866e+00	7.138043e-01	
5734	5.717005e-07	1.799863e+00	7.128842e-01	
5735	5.717955e-07	1.799866e+00	7.120119e-01	
5736	5.718955e-07	1.799863e+00	7.110941e-01	
5737	5.719955e-07	1.799866e+00	7.101778e-01	
5738	5.720955e-07	1.799863e+00	7.092623e-01	

Index   time            vout2           v(x2.comp_p_0/v 
--------------------------------------------------------------------------------
5739	5.721955e-07	1.799866e+00	7.083484e-01	
5740	5.722955e-07	1.799864e+00	7.074354e-01	
5741	5.723955e-07	1.799866e+00	7.065238e-01	
5742	5.724955e-07	1.799864e+00	7.056131e-01	
5743	5.725955e-07	1.799867e+00	7.047039e-01	
5744	5.726955e-07	1.799864e+00	7.037956e-01	
5745	5.727955e-07	1.799867e+00	7.028887e-01	
5746	5.728955e-07	1.799864e+00	7.019828e-01	
5747	5.729955e-07	1.799867e+00	7.010783e-01	
5748	5.730955e-07	1.799864e+00	7.001747e-01	
5749	5.731955e-07	1.799867e+00	6.992725e-01	
5750	5.732955e-07	1.799864e+00	6.983712e-01	
5751	5.733955e-07	1.799867e+00	6.974714e-01	
5752	5.734955e-07	1.799864e+00	6.965724e-01	
5753	5.735955e-07	1.799867e+00	6.956749e-01	
5754	5.736955e-07	1.799864e+00	6.947783e-01	
5755	5.737955e-07	1.799867e+00	6.938831e-01	
5756	5.738955e-07	1.799864e+00	6.929888e-01	
5757	5.739955e-07	1.799867e+00	6.920960e-01	
5758	5.740955e-07	1.799864e+00	6.912040e-01	
5759	5.741955e-07	1.799867e+00	6.903135e-01	
5760	5.742955e-07	1.799864e+00	6.894238e-01	
5761	5.743955e-07	1.799867e+00	6.885355e-01	
5762	5.744955e-07	1.799864e+00	6.876482e-01	
5763	5.745955e-07	1.799867e+00	6.867622e-01	
5764	5.746955e-07	1.799864e+00	6.858771e-01	
5765	5.747955e-07	1.799867e+00	6.849935e-01	
5766	5.748955e-07	1.799864e+00	6.841107e-01	
5767	5.749955e-07	1.799868e+00	6.832293e-01	
5768	5.750955e-07	1.799865e+00	6.823488e-01	
5769	5.751955e-07	1.799868e+00	6.814697e-01	
5770	5.752955e-07	1.799865e+00	6.805915e-01	
5771	5.753955e-07	1.799868e+00	6.797147e-01	
5772	5.754955e-07	1.799865e+00	6.788387e-01	
5773	5.755955e-07	1.799868e+00	6.779642e-01	
5774	5.756955e-07	1.799865e+00	6.770905e-01	
5775	5.757955e-07	1.799868e+00	6.762182e-01	
5776	5.758955e-07	1.799865e+00	6.753468e-01	
5777	5.759955e-07	1.799868e+00	6.744767e-01	
5778	5.760955e-07	1.799865e+00	6.736076e-01	
5779	5.761955e-07	1.799868e+00	6.727398e-01	
5780	5.762955e-07	1.799865e+00	6.718728e-01	
5781	5.763955e-07	1.799868e+00	6.710073e-01	
5782	5.764955e-07	1.799865e+00	6.701426e-01	
5783	5.765955e-07	1.799868e+00	6.692793e-01	
5784	5.766955e-07	1.799865e+00	6.684169e-01	
5785	5.767955e-07	1.799868e+00	6.675558e-01	
5786	5.768955e-07	1.799865e+00	6.666956e-01	
5787	5.769955e-07	1.799868e+00	6.658368e-01	
5788	5.770955e-07	1.799865e+00	6.649788e-01	
5789	5.771955e-07	1.799868e+00	6.641222e-01	
5790	5.772955e-07	1.799865e+00	6.632664e-01	
5791	5.773955e-07	1.799869e+00	6.624120e-01	
5792	5.774955e-07	1.799865e+00	6.615585e-01	
5793	5.775955e-07	1.799869e+00	6.607063e-01	
5794	5.776955e-07	1.799865e+00	6.598550e-01	
5795	5.777955e-07	1.799869e+00	6.590050e-01	
5796	5.778955e-07	1.799865e+00	6.581559e-01	

Index   time            vout2           v(x2.comp_p_0/v 
--------------------------------------------------------------------------------
5797	5.779955e-07	1.799869e+00	6.573082e-01	
5798	5.780955e-07	1.799866e+00	6.564613e-01	
5799	5.781955e-07	1.799869e+00	6.556157e-01	
5800	5.782955e-07	1.799866e+00	6.547710e-01	
5801	5.783955e-07	1.799869e+00	6.539277e-01	
5802	5.784955e-07	1.799866e+00	6.530851e-01	
5803	5.785955e-07	1.799869e+00	6.522440e-01	
5804	5.786955e-07	1.799866e+00	6.514037e-01	
5805	5.787955e-07	1.799869e+00	6.505647e-01	
5806	5.788955e-07	1.799866e+00	6.497266e-01	
5807	5.789955e-07	1.799869e+00	6.488898e-01	
5808	5.790955e-07	1.799866e+00	6.480539e-01	
5809	5.791955e-07	1.799869e+00	6.472193e-01	
5810	5.792955e-07	1.799866e+00	6.463855e-01	
5811	5.793955e-07	1.799869e+00	6.455531e-01	
5812	5.794955e-07	1.799866e+00	6.447215e-01	
5813	5.795955e-07	1.799869e+00	6.438913e-01	
5814	5.796955e-07	1.799866e+00	6.430619e-01	
5815	5.797955e-07	1.799869e+00	6.422338e-01	
5816	5.798955e-07	1.799866e+00	6.414066e-01	
5817	5.799955e-07	1.799869e+00	6.405807e-01	
5818	5.800955e-07	1.799866e+00	6.397556e-01	
5819	5.801955e-07	1.799870e+00	6.389319e-01	
5820	5.802955e-07	1.799866e+00	6.381090e-01	
5821	5.803955e-07	1.799870e+00	6.372874e-01	
5822	5.804955e-07	1.799866e+00	6.364667e-01	
5823	5.805955e-07	1.799870e+00	6.356473e-01	
5824	5.806955e-07	1.799866e+00	6.348287e-01	
5825	5.807955e-07	1.799870e+00	6.340114e-01	
5826	5.808955e-07	1.799866e+00	6.331950e-01	
5827	5.809955e-07	1.799870e+00	6.323799e-01	
5828	5.810955e-07	1.799866e+00	6.315656e-01	
5829	5.811955e-07	1.799870e+00	6.307526e-01	
5830	5.812955e-07	1.799866e+00	6.299405e-01	
5831	5.813955e-07	1.799870e+00	6.291296e-01	
5832	5.814955e-07	1.799866e+00	6.283196e-01	
5833	5.815955e-07	1.799870e+00	6.275109e-01	
5834	5.816955e-07	1.799867e+00	6.267031e-01	
5835	5.817955e-07	1.799870e+00	6.258965e-01	
5836	5.818955e-07	1.799867e+00	6.250908e-01	
5837	5.819955e-07	1.799870e+00	6.242863e-01	
5838	5.820955e-07	1.799867e+00	6.234827e-01	
5839	5.821955e-07	1.799870e+00	6.226804e-01	
5840	5.822955e-07	1.799867e+00	6.218789e-01	
5841	5.823955e-07	1.799870e+00	6.210787e-01	
5842	5.824955e-07	1.799867e+00	6.202793e-01	
5843	5.825955e-07	1.799870e+00	6.194812e-01	
5844	5.826955e-07	1.799867e+00	6.186839e-01	
5845	5.827955e-07	1.799870e+00	6.178879e-01	
5846	5.828955e-07	1.799867e+00	6.170927e-01	
5847	5.829955e-07	1.799871e+00	6.162988e-01	
5848	5.830955e-07	1.799867e+00	6.155057e-01	
5849	5.831955e-07	1.799871e+00	6.147139e-01	
5850	5.832955e-07	1.799867e+00	6.139229e-01	
5851	5.833955e-07	1.799871e+00	6.131332e-01	
5852	5.834955e-07	1.799867e+00	6.123443e-01	
5853	5.835955e-07	1.799871e+00	6.115567e-01	
5854	5.836955e-07	1.799867e+00	6.107698e-01	

Index   time            vout2           v(x2.comp_p_0/v 
--------------------------------------------------------------------------------
5855	5.837955e-07	1.799871e+00	6.099843e-01	
5856	5.838955e-07	1.799867e+00	6.091995e-01	
5857	5.839955e-07	1.799871e+00	6.084160e-01	
5858	5.840955e-07	1.799867e+00	6.076333e-01	
5859	5.841955e-07	1.799871e+00	6.068519e-01	
5860	5.842955e-07	1.799867e+00	6.060713e-01	
5861	5.843955e-07	1.799871e+00	6.052919e-01	
5862	5.844955e-07	1.799867e+00	6.045133e-01	
5863	5.845955e-07	1.799871e+00	6.037360e-01	
5864	5.846955e-07	1.799867e+00	6.029595e-01	
5865	5.847955e-07	1.799871e+00	6.021842e-01	
5866	5.848955e-07	1.799867e+00	6.014097e-01	
5867	5.849955e-07	1.799871e+00	6.006365e-01	
5868	5.850955e-07	1.799868e+00	5.998641e-01	
5869	5.851955e-07	1.799871e+00	5.990929e-01	
5870	5.852955e-07	1.799868e+00	5.983225e-01	
5871	5.853955e-07	1.799871e+00	5.975533e-01	
5872	5.854955e-07	1.799868e+00	5.967849e-01	
5873	5.855955e-07	1.799871e+00	5.960178e-01	
5874	5.856955e-07	1.799868e+00	5.952515e-01	
5875	5.857955e-07	1.799872e+00	5.944864e-01	
5876	5.858955e-07	1.799868e+00	5.937220e-01	
5877	5.859955e-07	1.799872e+00	5.929589e-01	
5878	5.860955e-07	1.799868e+00	5.921966e-01	
5879	5.861955e-07	1.799872e+00	5.914355e-01	
5880	5.862955e-07	1.799868e+00	5.906752e-01	
5881	5.863955e-07	1.799872e+00	5.899161e-01	
5882	5.864955e-07	1.799868e+00	5.891578e-01	
5883	5.865955e-07	1.799872e+00	5.884007e-01	
5884	5.866955e-07	1.799868e+00	5.876444e-01	
5885	5.867955e-07	1.799872e+00	5.868893e-01	
5886	5.868955e-07	1.799868e+00	5.861350e-01	
5887	5.869955e-07	1.799872e+00	5.853819e-01	
5888	5.870955e-07	1.799868e+00	5.846295e-01	
5889	5.871955e-07	1.799872e+00	5.838784e-01	
5890	5.872955e-07	1.799868e+00	5.831280e-01	
5891	5.873955e-07	1.799872e+00	5.823789e-01	
5892	5.874955e-07	1.799868e+00	5.816305e-01	
5893	5.875955e-07	1.799872e+00	5.808833e-01	
5894	5.876955e-07	1.799868e+00	5.801369e-01	
5895	5.877955e-07	1.799872e+00	5.793917e-01	
5896	5.878955e-07	1.799868e+00	5.786472e-01	
5897	5.879955e-07	1.799872e+00	5.779040e-01	
5898	5.880955e-07	1.799868e+00	5.771614e-01	
5899	5.881955e-07	1.799872e+00	5.764202e-01	
5900	5.882955e-07	1.799868e+00	5.756796e-01	
5901	5.883955e-07	1.799872e+00	5.749403e-01	
5902	5.884955e-07	1.799868e+00	5.742016e-01	
5903	5.885955e-07	1.799872e+00	5.734642e-01	
5904	5.886955e-07	1.799868e+00	5.727276e-01	
5905	5.887955e-07	1.799873e+00	5.719921e-01	
5906	5.888955e-07	1.799869e+00	5.712574e-01	
5907	5.889955e-07	1.799873e+00	5.705238e-01	
5908	5.890955e-07	1.799869e+00	5.697910e-01	
5909	5.891955e-07	1.799873e+00	5.690594e-01	
5910	5.892955e-07	1.799869e+00	5.683285e-01	
5911	5.893955e-07	1.799873e+00	5.675988e-01	
5912	5.894955e-07	1.799869e+00	5.668698e-01	

Index   time            vout2           v(x2.comp_p_0/v 
--------------------------------------------------------------------------------
5913	5.895955e-07	1.799873e+00	5.661421e-01	
5914	5.896955e-07	1.799869e+00	5.654150e-01	
5915	5.897955e-07	1.799873e+00	5.646891e-01	
5916	5.898955e-07	1.799869e+00	5.639640e-01	
5917	5.899955e-07	1.799873e+00	5.632400e-01	
5918	5.900955e-07	1.799869e+00	5.625167e-01	
5919	5.901955e-07	1.799873e+00	5.617946e-01	
5920	5.902955e-07	1.799869e+00	5.610732e-01	
5921	5.903955e-07	1.799873e+00	5.603530e-01	
5922	5.904955e-07	1.799869e+00	5.596334e-01	
5923	5.905955e-07	1.799873e+00	5.589151e-01	
5924	5.906955e-07	1.799869e+00	5.581974e-01	
5925	5.907955e-07	1.799873e+00	5.574809e-01	
5926	5.908955e-07	1.799869e+00	5.567650e-01	
5927	5.909955e-07	1.799873e+00	5.560503e-01	
5928	5.910955e-07	1.799869e+00	5.553363e-01	
5929	5.911955e-07	1.799873e+00	5.546234e-01	
5930	5.912955e-07	1.799869e+00	5.539111e-01	
5931	5.913955e-07	1.799873e+00	5.532000e-01	
5932	5.914955e-07	1.799869e+00	5.524894e-01	
5933	5.915955e-07	1.799873e+00	5.517800e-01	
5934	5.916955e-07	1.799869e+00	5.510712e-01	
5935	5.917955e-07	1.799873e+00	5.503635e-01	
5936	5.918955e-07	1.799869e+00	5.496563e-01	
5937	5.919955e-07	1.799874e+00	5.489502e-01	
5938	5.920955e-07	1.799869e+00	5.482447e-01	
5939	5.921955e-07	1.799874e+00	5.475401e-01	
5940	5.922955e-07	1.799869e+00	5.468361e-01	
5941	5.923955e-07	1.799874e+00	5.461331e-01	
5942	5.924955e-07	1.799869e+00	5.454305e-01	
5943	5.925955e-07	1.799874e+00	5.447289e-01	
5944	5.926955e-07	1.799869e+00	5.440278e-01	
5945	5.927955e-07	1.799874e+00	5.433276e-01	
5946	5.928955e-07	1.799869e+00	5.426278e-01	
5947	5.929955e-07	1.799874e+00	5.419289e-01	
5948	5.930955e-07	1.799870e+00	5.412304e-01	
5949	5.931955e-07	1.799874e+00	5.405328e-01	
5950	5.932955e-07	1.799870e+00	5.398356e-01	
5951	5.933955e-07	1.799874e+00	5.391393e-01	
5952	5.934955e-07	1.799870e+00	5.384434e-01	
5953	5.935955e-07	1.799874e+00	5.377485e-01	
5954	5.936955e-07	1.799870e+00	5.370539e-01	
5955	5.937955e-07	1.799874e+00	5.363603e-01	
5956	5.938955e-07	1.799870e+00	5.356670e-01	
5957	5.939955e-07	1.799874e+00	5.349748e-01	
5958	5.940955e-07	1.799870e+00	5.342830e-01	
5959	5.941955e-07	1.799874e+00	5.335922e-01	
5960	5.942955e-07	1.799870e+00	5.329019e-01	
5961	5.943955e-07	1.799874e+00	5.322126e-01	
5962	5.944955e-07	1.799870e+00	5.315238e-01	
5963	5.945955e-07	1.799874e+00	5.308360e-01	
5964	5.946955e-07	1.799870e+00	5.301488e-01	
5965	5.947955e-07	1.799874e+00	5.294626e-01	
5966	5.948955e-07	1.799870e+00	5.287770e-01	
5967	5.949955e-07	1.799874e+00	5.280924e-01	
5968	5.950955e-07	1.799870e+00	5.274084e-01	
5969	5.951955e-07	1.799874e+00	5.267255e-01	
5970	5.952955e-07	1.799870e+00	5.260432e-01	

Index   time            vout2           v(x2.comp_p_0/v 
--------------------------------------------------------------------------------
5971	5.953955e-07	1.799874e+00	5.253619e-01	
5972	5.954955e-07	1.799870e+00	5.246812e-01	
5973	5.955955e-07	1.799874e+00	5.240017e-01	
5974	5.956955e-07	1.799870e+00	5.233227e-01	
5975	5.957955e-07	1.799874e+00	5.226448e-01	
5976	5.958955e-07	1.799870e+00	5.219675e-01	
5977	5.959955e-07	1.799875e+00	5.212913e-01	
5978	5.960955e-07	1.799870e+00	5.206158e-01	
5979	5.961955e-07	1.799875e+00	5.199413e-01	
5980	5.962955e-07	1.799870e+00	5.192675e-01	
5981	5.963955e-07	1.799875e+00	5.185948e-01	
5982	5.964955e-07	1.799870e+00	5.179228e-01	
5983	5.965955e-07	1.799875e+00	5.172518e-01	
5984	5.966955e-07	1.799870e+00	5.165815e-01	
5985	5.967955e-07	1.799875e+00	5.159123e-01	
5986	5.968955e-07	1.799870e+00	5.152437e-01	
5987	5.969955e-07	1.799875e+00	5.145763e-01	
5988	5.970955e-07	1.799870e+00	5.139095e-01	
5989	5.971955e-07	1.799875e+00	5.132438e-01	
5990	5.972955e-07	1.799870e+00	5.125787e-01	
5991	5.973955e-07	1.799875e+00	5.119147e-01	
5992	5.974955e-07	1.799870e+00	5.112514e-01	
5993	5.975955e-07	1.799875e+00	5.105892e-01	
5994	5.976955e-07	1.799870e+00	5.099275e-01	
5995	5.977955e-07	1.799875e+00	5.092670e-01	
5996	5.978955e-07	1.799870e+00	5.086071e-01	
5997	5.979955e-07	1.799875e+00	5.079484e-01	
5998	5.980955e-07	1.799870e+00	5.072902e-01	
5999	5.981955e-07	1.799875e+00	5.066331e-01	
6000	5.982955e-07	1.799870e+00	5.059766e-01	
6001	5.983955e-07	1.799875e+00	5.053212e-01	
6002	5.984955e-07	1.799870e+00	5.046664e-01	
6003	5.985955e-07	1.799875e+00	5.040127e-01	
6004	5.986955e-07	1.799870e+00	5.033596e-01	
6005	5.987955e-07	1.799875e+00	5.027076e-01	
6006	5.988955e-07	1.799870e+00	5.020562e-01	
6007	5.989955e-07	1.799875e+00	5.014058e-01	
6008	5.990955e-07	1.799870e+00	5.007561e-01	
6009	5.991955e-07	1.799875e+00	5.001074e-01	
6010	5.992955e-07	1.799870e+00	4.994594e-01	
6011	5.993955e-07	1.799875e+00	4.988124e-01	
6012	5.994955e-07	1.799870e+00	4.981660e-01	
6013	5.995955e-07	1.799875e+00	4.975206e-01	
6014	5.996955e-07	1.799870e+00	4.968759e-01	
6015	5.997955e-07	1.799875e+00	4.962322e-01	
6016	5.998955e-07	1.799870e+00	4.955892e-01	
6017	5.999955e-07	1.799875e+00	4.949472e-01	
6018	6.000955e-07	1.799870e+00	4.943057e-01	
6019	6.001955e-07	1.799875e+00	4.936654e-01	
6020	6.002955e-07	1.799870e+00	4.930256e-01	
6021	6.003955e-07	1.799875e+00	4.923869e-01	
6022	6.004955e-07	1.799870e+00	4.917488e-01	
6023	6.005955e-07	1.799875e+00	4.911117e-01	
6024	6.006955e-07	1.799870e+00	4.904752e-01	
6025	6.007955e-07	1.799875e+00	4.898398e-01	
6026	6.008955e-07	1.799870e+00	4.892050e-01	
6027	6.009955e-07	1.799875e+00	4.885712e-01	
6028	6.010955e-07	1.799870e+00	4.879380e-01	

Index   time            vout2           v(x2.comp_p_0/v 
--------------------------------------------------------------------------------
6029	6.011955e-07	1.799875e+00	4.873059e-01	
6030	6.012955e-07	1.799870e+00	4.866743e-01	
6031	6.013955e-07	1.799875e+00	4.860438e-01	
6032	6.014955e-07	1.799871e+00	4.854138e-01	
6033	6.015955e-07	1.799875e+00	4.847850e-01	
6034	6.016955e-07	1.799871e+00	4.841566e-01	
6035	6.017955e-07	1.799875e+00	4.835294e-01	
6036	6.018955e-07	1.799871e+00	4.829027e-01	
6037	6.019955e-07	1.799875e+00	4.822770e-01	
6038	6.020955e-07	1.799871e+00	4.816520e-01	
6039	6.021955e-07	1.799875e+00	4.810279e-01	
6040	6.022955e-07	1.799871e+00	4.804045e-01	
6041	6.023955e-07	1.799875e+00	4.797820e-01	
6042	6.024955e-07	1.799871e+00	4.791602e-01	
6043	6.025955e-07	1.799875e+00	4.785394e-01	
6044	6.026955e-07	1.799870e+00	4.779191e-01	
6045	6.027955e-07	1.799875e+00	4.772999e-01	
6046	6.028955e-07	1.799870e+00	4.766812e-01	
6047	6.029955e-07	1.799875e+00	4.760636e-01	
6048	6.030955e-07	1.799870e+00	4.754465e-01	
6049	6.031955e-07	1.799875e+00	4.748305e-01	
6050	6.032955e-07	1.799870e+00	4.742150e-01	
6051	6.033955e-07	1.799875e+00	4.736006e-01	
6052	6.034955e-07	1.799870e+00	4.729867e-01	
6053	6.035955e-07	1.799875e+00	4.723738e-01	
6054	6.036955e-07	1.799870e+00	4.717615e-01	
6055	6.037955e-07	1.799875e+00	4.711502e-01	
6056	6.038955e-07	1.799870e+00	4.705394e-01	
6057	6.039955e-07	1.799874e+00	4.699296e-01	
6058	6.040955e-07	1.799869e+00	4.693204e-01	
6059	6.041955e-07	1.799874e+00	4.687122e-01	
6060	6.042955e-07	1.799869e+00	4.681046e-01	
6061	6.043955e-07	1.799874e+00	4.674979e-01	
6062	6.044955e-07	1.799869e+00	4.668918e-01	
6063	6.045955e-07	1.799873e+00	4.662867e-01	
6064	6.046955e-07	1.799868e+00	4.656821e-01	
6065	6.047955e-07	1.799873e+00	4.650785e-01	
6066	6.048955e-07	1.799868e+00	4.644755e-01	
6067	6.049955e-07	1.799872e+00	4.638735e-01	
6068	6.050955e-07	1.799867e+00	4.632719e-01	
6069	6.051955e-07	1.799871e+00	4.626714e-01	
6070	6.052955e-07	1.799867e+00	4.620714e-01	
6071	6.053955e-07	1.799871e+00	4.614725e-01	
6072	6.054955e-07	1.799866e+00	4.608740e-01	
6073	6.055955e-07	1.799870e+00	4.602766e-01	
6074	6.056955e-07	1.799865e+00	4.596797e-01	
6075	6.057955e-07	1.799869e+00	4.590838e-01	
6076	6.058955e-07	1.799864e+00	4.584884e-01	
6077	6.059955e-07	1.799868e+00	4.578940e-01	
6078	6.060955e-07	1.799863e+00	4.573001e-01	
6079	6.061955e-07	1.799867e+00	4.567073e-01	
6080	6.062955e-07	1.799862e+00	4.561149e-01	
6081	6.063955e-07	1.799866e+00	4.555236e-01	
6082	6.064955e-07	1.799862e+00	4.549327e-01	
6083	6.065955e-07	1.799865e+00	4.543429e-01	
6084	6.066955e-07	1.799860e+00	4.537535e-01	
6085	6.067955e-07	1.799864e+00	4.531651e-01	
6086	6.068955e-07	1.799859e+00	4.525772e-01	

Index   time            vout2           v(x2.comp_p_0/v 
--------------------------------------------------------------------------------
6087	6.069955e-07	1.799863e+00	4.519903e-01	
6088	6.070955e-07	1.799858e+00	4.514038e-01	
6089	6.071955e-07	1.799862e+00	4.508183e-01	
6090	6.072955e-07	1.799857e+00	4.502333e-01	
6091	6.073955e-07	1.799861e+00	4.496492e-01	
6092	6.074955e-07	1.799857e+00	4.490656e-01	
6093	6.075955e-07	1.799862e+00	4.484830e-01	
6094	6.076955e-07	1.799859e+00	4.479009e-01	
6095	6.077955e-07	1.799865e+00	4.473198e-01	
6096	6.078955e-07	1.799864e+00	4.467391e-01	
6097	6.079955e-07	1.799874e+00	4.461594e-01	
6098	6.080955e-07	1.799879e+00	4.455802e-01	
6099	6.081955e-07	1.799898e+00	4.450019e-01	
6100	6.082955e-07	1.799912e+00	4.444242e-01	
6101	6.083955e-07	1.799946e+00	4.438474e-01	
6102	6.084955e-07	1.799979e+00	4.432711e-01	
6103	6.085955e-07	1.800037e+00	4.426958e-01	
6104	6.086955e-07	1.800099e+00	4.421209e-01	
6105	6.087955e-07	1.800194e+00	4.415471e-01	
6106	6.088955e-07	1.800304e+00	4.409738e-01	
6107	6.089955e-07	1.800465e+00	4.404016e-01	
6108	6.090955e-07	1.800671e+00	4.398301e-01	
6109	6.091955e-07	1.800979e+00	4.392598e-01	
6110	6.092955e-07	1.801427e+00	4.386907e-01	
6111	6.093955e-07	1.802170e+00	4.381236e-01	
6112	6.094955e-07	1.803436e+00	4.375588e-01	
6113	6.095955e-07	1.805623e+00	4.369984e-01	
6114	6.096955e-07	1.808799e+00	4.364449e-01	
6115	6.097955e-07	1.813253e+00	4.359047e-01	
6116	6.098955e-07	1.820413e+00	4.353923e-01	
6117	6.099955e-07	1.835815e+00	4.350131e-01	
6118	6.100955e-07	1.702290e+00	4.353289e-01	
6119	6.101955e-07	1.706549e-01	4.366631e-01	
6120	6.102955e-07	-4.70954e-02	4.383828e-01	
6121	6.103955e-07	4.314963e-02	4.401213e-01	
6122	6.104955e-07	-3.61584e-02	4.418764e-01	
6123	6.105955e-07	3.192910e-02	4.436239e-01	
6124	6.106955e-07	-2.71195e-02	4.453745e-01	
6125	6.107955e-07	2.385723e-02	4.471209e-01	
6126	6.108955e-07	-2.03745e-02	4.488671e-01	
6127	6.109955e-07	1.787319e-02	4.506109e-01	
6128	6.110955e-07	-1.53256e-02	4.523531e-01	
6129	6.111955e-07	1.341550e-02	4.540934e-01	
6130	6.112955e-07	-1.15381e-02	4.558316e-01	
6131	6.113955e-07	1.008412e-02	4.575680e-01	
6132	6.114955e-07	-8.69285e-03	4.593021e-01	
6133	6.115955e-07	7.588898e-03	4.610345e-01	
6134	6.116955e-07	-6.55362e-03	4.627645e-01	
6135	6.117955e-07	5.716998e-03	4.644926e-01	
6136	6.118955e-07	-4.94422e-03	4.662183e-01	
6137	6.119955e-07	4.311096e-03	4.679422e-01	
6138	6.120955e-07	-3.73292e-03	4.696635e-01	
6139	6.121955e-07	3.254297e-03	4.713830e-01	
6140	6.122955e-07	-2.82095e-03	4.731000e-01	
6141	6.123955e-07	2.459418e-03	4.748151e-01	
6142	6.124955e-07	-2.13419e-03	4.765276e-01	
6143	6.125955e-07	1.861265e-03	4.782383e-01	
6144	6.126955e-07	-1.61694e-03	4.799464e-01	

Index   time            vout2           v(x2.comp_p_0/v 
--------------------------------------------------------------------------------
6145	6.127955e-07	1.410992e-03	4.816526e-01	
6146	6.128955e-07	-1.22730e-03	4.833563e-01	
6147	6.129955e-07	1.071946e-03	4.850581e-01	
6148	6.130955e-07	-9.33761e-04	4.867573e-01	
6149	6.131955e-07	8.165996e-04	4.884546e-01	
6150	6.132955e-07	-7.12601e-04	4.901494e-01	
6151	6.133955e-07	6.242562e-04	4.918422e-01	
6152	6.134955e-07	-5.45959e-04	4.935325e-01	
6153	6.135955e-07	4.793504e-04	4.952209e-01	
6154	6.136955e-07	-4.20386e-04	4.969068e-01	
6155	6.137955e-07	3.701688e-04	4.985907e-01	
6156	6.138955e-07	-3.25754e-04	5.002721e-01	
6157	6.139955e-07	2.878942e-04	5.019516e-01	
6158	6.140955e-07	-2.54431e-04	5.036286e-01	
6159	6.141955e-07	2.258879e-04	5.053037e-01	
6160	6.142955e-07	-2.00671e-04	5.069762e-01	
6161	6.143955e-07	1.791501e-04	5.086468e-01	
6162	6.144955e-07	-1.60144e-04	5.103149e-01	
6163	6.145955e-07	1.439154e-04	5.119811e-01	
6164	6.146955e-07	-1.29587e-04	5.136448e-01	
6165	6.147955e-07	1.173471e-04	5.153066e-01	
6166	6.148955e-07	-1.06542e-04	5.169659e-01	
6167	6.149955e-07	9.730846e-05	5.186233e-01	
6168	6.150955e-07	-8.91580e-05	5.202782e-01	
6169	6.151955e-07	8.218965e-05	5.219312e-01	
6170	6.152955e-07	-7.60390e-05	5.235817e-01	
6171	6.153955e-07	7.077782e-05	5.252302e-01	
6172	6.154955e-07	-6.51449e-05	5.268764e-01	
6173	6.155955e-07	6.329844e-05	5.285206e-01	
6174	6.156955e-07	-5.76847e-05	5.301623e-01	
6175	6.157955e-07	5.661853e-05	5.318022e-01	
6176	6.158955e-07	-5.20802e-05	5.334395e-01	
6177	6.159955e-07	5.157082e-05	5.350750e-01	
6178	6.160955e-07	-4.78421e-05	5.367080e-01	
6179	6.161955e-07	4.775042e-05	5.383392e-01	
6180	6.162955e-07	-4.46322e-05	5.399679e-01	
6181	6.163955e-07	4.485404e-05	5.415947e-01	
6182	6.164955e-07	-4.21962e-05	5.432190e-01	
6183	6.165955e-07	4.265337e-05	5.448415e-01	
6184	6.166955e-07	-4.03430e-05	5.464615e-01	
6185	6.167955e-07	4.097655e-05	5.480797e-01	
6186	6.168955e-07	-3.89286e-05	5.496954e-01	
6187	6.169955e-07	3.969416e-05	5.513093e-01	
6188	6.170955e-07	-3.78444e-05	5.529207e-01	
6189	6.171955e-07	3.870878e-05	5.545303e-01	
6190	6.172955e-07	-3.70090e-05	5.561374e-01	
6191	6.173955e-07	3.794708e-05	5.577427e-01	
6192	6.174955e-07	-3.63609e-05	5.593456e-01	
6193	6.175955e-07	3.735383e-05	5.609466e-01	
6194	6.176955e-07	-3.58539e-05	5.625452e-01	
6195	6.177955e-07	3.688745e-05	5.641420e-01	
6196	6.178955e-07	-3.54532e-05	5.657364e-01	
6197	6.179955e-07	3.651663e-05	5.673290e-01	
6198	6.180955e-07	-3.51325e-05	5.689191e-01	
6199	6.181955e-07	3.621781e-05	5.705074e-01	
6200	6.182955e-07	-3.48720e-05	5.720933e-01	
6201	6.183955e-07	3.597325e-05	5.736775e-01	
6202	6.184955e-07	-3.46571e-05	5.752592e-01	

Index   time            vout2           v(x2.comp_p_0/v 
--------------------------------------------------------------------------------
6203	6.185955e-07	3.576958e-05	5.768391e-01	
6204	6.186955e-07	-3.44764e-05	5.784166e-01	
6205	6.187955e-07	3.559673e-05	5.799924e-01	
6206	6.188955e-07	-3.43215e-05	5.815657e-01	
6207	6.189955e-07	3.544715e-05	5.831373e-01	
6208	6.190955e-07	-3.41861e-05	5.847065e-01	
6209	6.191955e-07	3.531512e-05	5.862739e-01	
6210	6.192955e-07	-3.40655e-05	5.878389e-01	
6211	6.193955e-07	3.519635e-05	5.894022e-01	
6212	6.194955e-07	-3.39560e-05	5.909631e-01	
6213	6.195955e-07	3.508761e-05	5.925223e-01	
6214	6.196955e-07	-3.38548e-05	5.940790e-01	
6215	6.197955e-07	3.498646e-05	5.956341e-01	
6216	6.198955e-07	-3.37601e-05	5.971867e-01	
6217	6.199955e-07	3.489106e-05	5.987376e-01	
6218	6.200955e-07	-3.36702e-05	6.002862e-01	
6219	6.201955e-07	3.480005e-05	6.018330e-01	
6220	6.202955e-07	-3.35840e-05	6.033775e-01	
6221	6.203955e-07	3.471238e-05	6.049203e-01	
6222	6.204955e-07	-3.35007e-05	6.064607e-01	
6223	6.205955e-07	3.462726e-05	6.079994e-01	
6224	6.206955e-07	-3.34194e-05	6.095357e-01	
6225	6.207955e-07	3.454412e-05	6.110704e-01	
6226	6.208955e-07	-3.33399e-05	6.126027e-01	
6227	6.209955e-07	3.446250e-05	6.141333e-01	
6228	6.210955e-07	-3.32616e-05	6.156616e-01	
6229	6.211955e-07	3.438206e-05	6.171882e-01	
6230	6.212955e-07	-3.31844e-05	6.187124e-01	
6231	6.213955e-07	3.430257e-05	6.202350e-01	
6232	6.214955e-07	-3.31080e-05	6.217553e-01	
6233	6.215955e-07	3.422382e-05	6.232738e-01	
6234	6.216955e-07	-3.30322e-05	6.247901e-01	
6235	6.217955e-07	3.414568e-05	6.263047e-01	
6236	6.218955e-07	-3.29570e-05	6.278170e-01	
6237	6.219955e-07	3.406803e-05	6.293276e-01	
6238	6.220955e-07	-3.28822e-05	6.308360e-01	
6239	6.221955e-07	3.399081e-05	6.323427e-01	
6240	6.222955e-07	-3.28077e-05	6.338471e-01	
6241	6.223955e-07	3.391393e-05	6.353498e-01	
6242	6.224955e-07	-3.27336e-05	6.368503e-01	
6243	6.225955e-07	3.383737e-05	6.383491e-01	
6244	6.226955e-07	-3.26598e-05	6.398456e-01	
6245	6.227955e-07	3.376108e-05	6.413405e-01	
6246	6.228955e-07	-3.25862e-05	6.428332e-01	
6247	6.229955e-07	3.368504e-05	6.443242e-01	
6248	6.230955e-07	-3.25128e-05	6.458130e-01	
6249	6.231955e-07	3.360922e-05	6.473001e-01	
6250	6.232955e-07	-3.24397e-05	6.487850e-01	
6251	6.233955e-07	3.353362e-05	6.502682e-01	
6252	6.234955e-07	-3.23668e-05	6.517492e-01	
6253	6.235955e-07	3.345822e-05	6.532286e-01	
6254	6.236955e-07	-3.22938e-05	6.547058e-01	
6255	6.237955e-07	3.338258e-05	6.561814e-01	
6256	6.238955e-07	-3.22210e-05	6.576547e-01	
6257	6.239955e-07	3.330758e-05	6.591264e-01	
6258	6.240955e-07	-3.21487e-05	6.605960e-01	
6259	6.241955e-07	3.323281e-05	6.620639e-01	
6260	6.242955e-07	-3.25693e-05	6.635296e-01	

Index   time            vout2           v(x2.comp_p_0/v 
--------------------------------------------------------------------------------
6261	6.243955e-07	3.307909e-05	6.649937e-01	
6262	6.244955e-07	-3.24487e-05	6.664556e-01	
6263	6.245955e-07	3.296417e-05	6.679160e-01	
6264	6.246955e-07	-3.23412e-05	6.693741e-01	
6265	6.247955e-07	3.285958e-05	6.708307e-01	
6266	6.248955e-07	-3.22426e-05	6.722850e-01	
6267	6.249955e-07	3.276280e-05	6.737378e-01	
6268	6.250955e-07	-3.21506e-05	6.751884e-01	
6269	6.251955e-07	3.267192e-05	6.766375e-01	
6270	6.252955e-07	-3.20637e-05	6.780844e-01	
6271	6.253955e-07	3.258552e-05	6.795296e-01	
6272	6.254955e-07	-3.19806e-05	6.809728e-01	
6273	6.255955e-07	3.250253e-05	6.824143e-01	
6274	6.256955e-07	-3.19005e-05	6.838537e-01	
6275	6.257955e-07	3.242212e-05	6.852916e-01	
6276	6.258955e-07	-3.18226e-05	6.867272e-01	
6277	6.259955e-07	3.234370e-05	6.881614e-01	
6278	6.260955e-07	-3.17464e-05	6.895933e-01	
6279	6.261955e-07	3.226679e-05	6.910237e-01	
6280	6.262955e-07	-3.16716e-05	6.924519e-01	
6281	6.263955e-07	3.219104e-05	6.938785e-01	
6282	6.264955e-07	-3.15978e-05	6.953030e-01	
6283	6.265955e-07	3.211620e-05	6.967259e-01	
6284	6.266955e-07	-3.15249e-05	6.981466e-01	
6285	6.267955e-07	3.204202e-05	6.995657e-01	
6286	6.268955e-07	-3.14527e-05	7.009825e-01	
6287	6.269955e-07	3.196840e-05	7.023977e-01	
6288	6.270955e-07	-3.13810e-05	7.038107e-01	
6289	6.271955e-07	3.189515e-05	7.052220e-01	
6290	6.272955e-07	-3.13097e-05	7.066310e-01	
6291	6.273955e-07	3.182203e-05	7.080383e-01	
6292	6.274955e-07	-3.12385e-05	7.094432e-01	
6293	6.275955e-07	3.174893e-05	7.108463e-01	
6294	6.276955e-07	-3.11672e-05	7.122470e-01	
6295	6.277955e-07	3.167584e-05	7.136459e-01	
6296	6.278955e-07	-3.10958e-05	7.150423e-01	
6297	6.279955e-07	3.160312e-05	7.164367e-01	
6298	6.280955e-07	-3.10248e-05	7.178287e-01	
6299	6.281955e-07	3.153110e-05	7.192187e-01	
6300	6.282955e-07	-3.09541e-05	7.206062e-01	
6301	6.283955e-07	3.145956e-05	7.219918e-01	
6302	6.284955e-07	-3.08835e-05	7.233749e-01	
6303	6.285955e-07	3.138837e-05	7.247560e-01	
6304	6.286955e-07	-3.08132e-05	7.261348e-01	
6305	6.287955e-07	3.131749e-05	7.275117e-01	
6306	6.288955e-07	-3.07430e-05	7.288862e-01	
6307	6.289955e-07	3.124686e-05	7.302590e-01	
6308	6.290955e-07	-3.06732e-05	7.316295e-01	
6309	6.291955e-07	3.117645e-05	7.329984e-01	
6310	6.292955e-07	-3.06037e-05	7.343650e-01	
6311	6.293955e-07	3.110625e-05	7.357300e-01	
6312	6.294955e-07	-3.05345e-05	7.370929e-01	
6313	6.295955e-07	3.103625e-05	7.384543e-01	
6314	6.296955e-07	-3.04656e-05	7.398137e-01	
6315	6.297955e-07	3.096645e-05	7.411715e-01	
6316	6.298955e-07	-3.03982e-05	7.425273e-01	
6317	6.299955e-07	3.089791e-05	7.438817e-01	
6318	6.300955e-07	-3.03288e-05	7.452341e-01	

Index   time            vout2           v(x2.comp_p_0/v 
--------------------------------------------------------------------------------
6319	6.301955e-07	3.082731e-05	7.465851e-01	
6320	6.302955e-07	-3.02601e-05	7.479342e-01	
6321	6.303955e-07	3.075773e-05	7.492818e-01	
6322	6.304955e-07	-3.01918e-05	7.506275e-01	
6323	6.305955e-07	3.068842e-05	7.519718e-01	
6324	6.306955e-07	-3.01238e-05	7.533142e-01	
6325	6.307955e-07	3.061932e-05	7.546552e-01	
6326	6.308955e-07	-3.00559e-05	7.559943e-01	
6327	6.309955e-07	3.055041e-05	7.573320e-01	
6328	6.310955e-07	-2.99883e-05	7.586678e-01	
6329	6.311955e-07	3.048167e-05	7.600022e-01	
6330	6.312955e-07	-2.99208e-05	7.613347e-01	
6331	6.313955e-07	3.041308e-05	7.626659e-01	
6332	6.314955e-07	-2.98535e-05	7.639951e-01	
6333	6.315955e-07	2.987860e-05	7.653230e-01	
6334	6.316955e-07	-2.98756e-05	7.666490e-01	
6335	6.317955e-07	2.987077e-05	7.679736e-01	
6336	6.318955e-07	-2.98589e-05	7.692963e-01	
6337	6.319955e-07	2.984733e-05	7.706177e-01	
6338	6.320955e-07	-2.98296e-05	7.719372e-01	
6339	6.321955e-07	2.981317e-05	7.732553e-01	
6340	6.322955e-07	-2.97910e-05	7.745715e-01	
6341	6.323918e-07	2.977010e-05	7.758381e-01	
6342	6.324800e-07	-2.97413e-05	7.769959e-01	
6343	6.325800e-07	2.971835e-05	7.783078e-01	
6344	6.326800e-07	-2.96902e-05	7.796178e-01	
6345	6.327800e-07	2.966525e-05	7.809265e-01	
6346	6.328800e-07	-2.96353e-05	7.822333e-01	
6347	6.329800e-07	2.960886e-05	7.835388e-01	
6348	6.330800e-07	-2.95775e-05	7.848424e-01	
6349	6.331800e-07	2.955004e-05	7.861446e-01	
6350	6.332800e-07	-2.95177e-05	7.874450e-01	
6351	6.333800e-07	2.948943e-05	7.887441e-01	
6352	6.334800e-07	-2.94563e-05	7.900412e-01	
6353	6.335800e-07	2.942752e-05	7.913371e-01	
6354	6.336800e-07	-2.93938e-05	7.926311e-01	
6355	6.337800e-07	2.936466e-05	7.939238e-01	
6356	6.338800e-07	-2.93306e-05	7.952146e-01	
6357	6.339800e-07	2.930114e-05	7.965041e-01	
6358	6.340800e-07	-2.92667e-05	7.977917e-01	
6359	6.341800e-07	2.923715e-05	7.990781e-01	
6360	6.342800e-07	-2.92024e-05	8.003625e-01	
6361	6.343800e-07	2.917284e-05	8.016457e-01	
6362	6.344800e-07	-2.91379e-05	8.029270e-01	
6363	6.345800e-07	2.910834e-05	8.042071e-01	
6364	6.346800e-07	-2.90733e-05	8.054853e-01	
6365	6.347800e-07	2.904374e-05	8.067622e-01	
6366	6.348800e-07	-2.90086e-05	8.080372e-01	
6367	6.349800e-07	2.897908e-05	8.093110e-01	
6368	6.350800e-07	-2.89438e-05	8.105830e-01	
6369	6.351800e-07	2.891441e-05	8.118537e-01	
6370	6.352800e-07	-2.88791e-05	8.131225e-01	
6371	6.353800e-07	2.884978e-05	8.143902e-01	
6372	6.354800e-07	-2.88144e-05	8.156560e-01	
6373	6.355800e-07	2.878519e-05	8.169206e-01	
6374	6.356800e-07	-2.87498e-05	8.181834e-01	
6375	6.357800e-07	2.872067e-05	8.194450e-01	
6376	6.358800e-07	-2.86853e-05	8.207048e-01	

Index   time            vout2           v(x2.comp_p_0/v 
--------------------------------------------------------------------------------
6377	6.359800e-07	2.865623e-05	8.219634e-01	
6378	6.360800e-07	-2.86208e-05	8.232203e-01	
6379	6.361800e-07	2.859187e-05	8.244761e-01	
6380	6.362800e-07	-2.85565e-05	8.257301e-01	
6381	6.363800e-07	2.852761e-05	8.269830e-01	
6382	6.364800e-07	-2.84923e-05	8.282342e-01	
6383	6.365800e-07	2.890651e-05	8.294843e-01	
6384	6.366800e-07	-2.79157e-05	8.307327e-01	
6385	6.367800e-07	2.885338e-05	8.319800e-01	
6386	6.368800e-07	-2.78465e-05	8.332255e-01	
6387	6.369800e-07	2.878146e-05	8.344699e-01	
6388	6.370800e-07	-2.77779e-05	8.357126e-01	
6389	6.371800e-07	2.871137e-05	8.369541e-01	
6390	6.372800e-07	-2.77109e-05	8.381939e-01	
6391	6.373800e-07	2.864273e-05	8.394324e-01	
6392	6.374800e-07	-2.76452e-05	8.406693e-01	
6393	6.375800e-07	2.857521e-05	8.419049e-01	
6394	6.376800e-07	-2.75804e-05	8.431387e-01	
6395	6.377800e-07	2.850858e-05	8.443713e-01	
6396	6.378800e-07	-2.75164e-05	8.456021e-01	
6397	6.379800e-07	2.844264e-05	8.468317e-01	
6398	6.380800e-07	-2.74530e-05	8.480595e-01	
6399	6.381800e-07	2.837726e-05	8.492860e-01	
6400	6.382800e-07	-2.73900e-05	8.505107e-01	
6401	6.383800e-07	2.831233e-05	8.517341e-01	
6402	6.384800e-07	-2.73275e-05	8.529557e-01	
6403	6.385800e-07	2.824777e-05	8.541761e-01	
6404	6.386800e-07	-2.72653e-05	8.553947e-01	
6405	6.387800e-07	2.818353e-05	8.566119e-01	
6406	6.388800e-07	-2.72034e-05	8.578274e-01	
6407	6.389800e-07	2.811956e-05	8.590416e-01	
6408	6.390800e-07	-2.71417e-05	8.602540e-01	
6409	6.391800e-07	2.805584e-05	8.614651e-01	
6410	6.392800e-07	-2.70802e-05	8.626744e-01	
6411	6.393800e-07	2.799232e-05	8.638824e-01	
6412	6.394800e-07	-2.70190e-05	8.650886e-01	
6413	6.395800e-07	2.792900e-05	8.662935e-01	
6414	6.396800e-07	-2.69579e-05	8.674967e-01	
6415	6.397800e-07	2.786585e-05	8.686985e-01	
6416	6.398800e-07	-2.68970e-05	8.698986e-01	
6417	6.399800e-07	2.780288e-05	8.710974e-01	
6418	6.400800e-07	-2.72470e-05	8.722944e-01	
6419	6.401800e-07	2.767348e-05	8.734901e-01	
6420	6.402800e-07	-2.71457e-05	8.746840e-01	
6421	6.403800e-07	2.715494e-05	8.758767e-01	
6422	6.404800e-07	-2.67274e-05	8.770676e-01	
6423	6.405800e-07	2.761021e-05	8.782572e-01	
6424	6.406800e-07	-2.66502e-05	8.794450e-01	
6425	6.407800e-07	2.754828e-05	8.806316e-01	
6426	6.408800e-07	-2.65911e-05	8.818164e-01	
6427	6.409800e-07	2.748707e-05	8.829999e-01	
6428	6.410800e-07	-2.65319e-05	8.841817e-01	
6429	6.411800e-07	2.742575e-05	8.853622e-01	
6430	6.412800e-07	-2.64726e-05	8.865409e-01	
6431	6.413800e-07	2.736438e-05	8.877184e-01	
6432	6.414800e-07	-2.64133e-05	8.888941e-01	
6433	6.415800e-07	2.730301e-05	8.900686e-01	
6434	6.416800e-07	-2.67573e-05	8.912412e-01	

Index   time            vout2           v(x2.comp_p_0/v 
--------------------------------------------------------------------------------
6435	6.417800e-07	2.676045e-05	8.924127e-01	
6436	6.418800e-07	-2.67379e-05	8.935824e-01	
6437	6.419800e-07	2.672054e-05	8.947508e-01	
6438	6.420800e-07	-2.66944e-05	8.959175e-01	
6439	6.421800e-07	2.667482e-05	8.970830e-01	
6440	6.422800e-07	-2.66468e-05	8.982466e-01	
6441	6.423800e-07	2.703914e-05	8.994091e-01	
6442	6.424800e-07	-2.61171e-05	9.005698e-01	
6443	6.425800e-07	2.699774e-05	9.017293e-01	
6444	6.426800e-07	-2.60592e-05	9.028870e-01	
6445	6.427800e-07	2.693659e-05	9.040435e-01	
6446	6.428800e-07	-2.60002e-05	9.051982e-01	
6447	6.429800e-07	2.687558e-05	9.063517e-01	
6448	6.430800e-07	-2.59413e-05	9.075035e-01	
6449	6.431800e-07	2.681474e-05	9.086541e-01	
6450	6.432800e-07	-2.58826e-05	9.098029e-01	
6451	6.433800e-07	2.675405e-05	9.109505e-01	
6452	6.434800e-07	-2.58241e-05	9.120964e-01	
6453	6.435800e-07	2.669352e-05	9.132410e-01	
6454	6.436800e-07	-2.57656e-05	9.143839e-01	
6455	6.437800e-07	2.663313e-05	9.155256e-01	
6456	6.438800e-07	-2.57074e-05	9.166656e-01	
6457	6.439800e-07	2.657288e-05	9.178044e-01	
6458	6.440800e-07	-2.56492e-05	9.189414e-01	
6459	6.441800e-07	2.651277e-05	9.200773e-01	
6460	6.442800e-07	-2.55912e-05	9.212114e-01	
6461	6.443800e-07	2.645280e-05	9.223443e-01	
6462	6.444800e-07	-2.55333e-05	9.234755e-01	
6463	6.445800e-07	2.639296e-05	9.246055e-01	
6464	6.446800e-07	-2.54756e-05	9.257338e-01	
6465	6.447800e-07	2.633325e-05	9.268609e-01	
6466	6.448800e-07	-2.54180e-05	9.279863e-01	
6467	6.449800e-07	2.627368e-05	9.291105e-01	
6468	6.450800e-07	-2.53605e-05	9.302330e-01	
6469	6.451800e-07	2.621424e-05	9.313543e-01	
6470	6.452800e-07	-2.53031e-05	9.324739e-01	
6471	6.453800e-07	2.615492e-05	9.335923e-01	
6472	6.454800e-07	-2.52459e-05	9.347090e-01	
6473	6.455800e-07	2.609574e-05	9.358245e-01	
6474	6.456800e-07	-2.51887e-05	9.369384e-01	
6475	6.457800e-07	2.603669e-05	9.380510e-01	
6476	6.458800e-07	-2.51317e-05	9.391620e-01	
6477	6.459800e-07	2.597777e-05	9.402718e-01	
6478	6.460800e-07	-2.50749e-05	9.413799e-01	
6479	6.461800e-07	2.591898e-05	9.424868e-01	
6480	6.462800e-07	-2.50181e-05	9.435920e-01	
6481	6.463800e-07	2.586031e-05	9.446961e-01	
6482	6.464800e-07	-2.49615e-05	9.457985e-01	
6483	6.465800e-07	2.580178e-05	9.468997e-01	
6484	6.466800e-07	-2.49050e-05	9.479992e-01	
6485	6.467800e-07	2.574338e-05	9.490976e-01	
6486	6.468800e-07	-2.48486e-05	9.501943e-01	
6487	6.469800e-07	2.568510e-05	9.512899e-01	
6488	6.470800e-07	-2.47923e-05	9.523838e-01	
6489	6.471800e-07	2.562696e-05	9.534765e-01	
6490	6.472800e-07	-2.47362e-05	9.545675e-01	
6491	6.473800e-07	2.556894e-05	9.556574e-01	
6492	6.474800e-07	-2.46801e-05	9.567457e-01	

Index   time            vout2           v(x2.comp_p_0/v 
--------------------------------------------------------------------------------
6493	6.475800e-07	2.551106e-05	9.578328e-01	
6494	6.476800e-07	-2.46242e-05	9.589182e-01	
6495	6.477800e-07	2.545330e-05	9.600025e-01	
6496	6.478800e-07	-2.45684e-05	9.610851e-01	
6497	6.479800e-07	2.539566e-05	9.621666e-01	
6498	6.480800e-07	-2.45128e-05	9.632464e-01	
6499	6.481800e-07	2.533815e-05	9.643251e-01	
6500	6.482800e-07	-2.44573e-05	9.654021e-01	
6501	6.483800e-07	2.528075e-05	9.664781e-01	
6502	6.484800e-07	-2.44019e-05	9.675523e-01	
6503	6.485800e-07	2.522348e-05	9.686254e-01	
6504	6.486800e-07	-2.43466e-05	9.696969e-01	
6505	6.487800e-07	2.516632e-05	9.707673e-01	
6506	6.488800e-07	-2.42914e-05	9.718360e-01	
6507	6.489800e-07	2.510941e-05	9.729036e-01	
6508	6.490800e-07	-2.42366e-05	9.739695e-01	
6509	6.491800e-07	2.505254e-05	9.750344e-01	
6510	6.492800e-07	-2.41816e-05	9.760976e-01	
6511	6.493800e-07	2.499569e-05	9.771597e-01	
6512	6.494800e-07	-2.41268e-05	9.782201e-01	
6513	6.495800e-07	2.493895e-05	9.792795e-01	
6514	6.496800e-07	-2.40721e-05	9.803372e-01	
6515	6.497800e-07	2.488232e-05	9.813938e-01	
6516	6.498800e-07	-2.40174e-05	9.824487e-01	
6517	6.499800e-07	2.482582e-05	9.835026e-01	
6518	6.500800e-07	-2.39630e-05	9.845548e-01	
6519	6.501800e-07	2.476946e-05	9.856060e-01	
6520	6.502800e-07	-2.39086e-05	9.866555e-01	
6521	6.503800e-07	2.471322e-05	9.877039e-01	
6522	6.504800e-07	-2.38543e-05	9.887507e-01	
6523	6.505800e-07	2.465710e-05	9.897965e-01	
6524	6.506800e-07	-2.38002e-05	9.908406e-01	
6525	6.507800e-07	2.460112e-05	9.918836e-01	
6526	6.508800e-07	-2.37462e-05	9.929250e-01	
6527	6.509800e-07	2.454529e-05	9.939653e-01	
6528	6.510800e-07	-2.36924e-05	9.950040e-01	
6529	6.511800e-07	2.448960e-05	9.960416e-01	
6530	6.512800e-07	-2.36386e-05	9.970776e-01	
6531	6.513800e-07	2.443405e-05	9.981125e-01	
6532	6.514800e-07	-2.35850e-05	9.991459e-01	
6533	6.515800e-07	2.437864e-05	1.000178e+00	
6534	6.516800e-07	-2.35316e-05	1.001209e+00	
6535	6.517800e-07	2.432335e-05	1.002238e+00	
6536	6.518800e-07	-2.34782e-05	1.003266e+00	
6537	6.519800e-07	2.426819e-05	1.004293e+00	
6538	6.520800e-07	-2.34250e-05	1.005319e+00	
6539	6.521800e-07	2.421314e-05	1.006343e+00	
6540	6.522800e-07	-2.33719e-05	1.007366e+00	
6541	6.523800e-07	2.415821e-05	1.008387e+00	
6542	6.524800e-07	-2.33189e-05	1.009407e+00	
6543	6.525800e-07	2.410339e-05	1.010426e+00	
6544	6.526800e-07	-2.32660e-05	1.011444e+00	
6545	6.527800e-07	2.404869e-05	1.012460e+00	
6546	6.528800e-07	-2.32132e-05	1.013475e+00	
6547	6.529800e-07	2.399410e-05	1.014488e+00	
6548	6.530800e-07	-2.31605e-05	1.015500e+00	
6549	6.531800e-07	2.393962e-05	1.016512e+00	
6550	6.532800e-07	-2.31079e-05	1.017521e+00	

Index   time            vout2           v(x2.comp_p_0/v 
--------------------------------------------------------------------------------
6551	6.533800e-07	2.388526e-05	1.018529e+00	
6552	6.534800e-07	-2.30554e-05	1.019536e+00	
6553	6.535800e-07	2.383101e-05	1.020542e+00	
6554	6.536800e-07	-2.30031e-05	1.021546e+00	
6555	6.537800e-07	2.377687e-05	1.022550e+00	
6556	6.538800e-07	-2.29508e-05	1.023551e+00	
6557	6.539800e-07	2.372284e-05	1.024552e+00	
6558	6.540800e-07	-2.28987e-05	1.025551e+00	
6559	6.541800e-07	2.366893e-05	1.026549e+00	
6560	6.542800e-07	-2.28466e-05	1.027546e+00	
6561	6.543800e-07	2.361513e-05	1.028541e+00	
6562	6.544800e-07	-2.27947e-05	1.029535e+00	
6563	6.545800e-07	2.356145e-05	1.030528e+00	
6564	6.546800e-07	-2.27429e-05	1.031519e+00	
6565	6.547800e-07	2.350788e-05	1.032510e+00	
6566	6.548800e-07	-2.26912e-05	1.033498e+00	
6567	6.549800e-07	2.345442e-05	1.034486e+00	
6568	6.550800e-07	-2.26396e-05	1.035472e+00	
6569	6.551800e-07	2.340107e-05	1.036458e+00	
6570	6.552800e-07	-2.25881e-05	1.037441e+00	
6571	6.553800e-07	2.334784e-05	1.038424e+00	
6572	6.554800e-07	-2.25367e-05	1.039405e+00	
6573	6.555800e-07	2.329473e-05	1.040385e+00	
6574	6.556800e-07	-2.24854e-05	1.041364e+00	
6575	6.557800e-07	2.324172e-05	1.042341e+00	
6576	6.558800e-07	-2.24343e-05	1.043317e+00	
6577	6.559800e-07	2.318883e-05	1.044292e+00	
6578	6.560800e-07	-2.23832e-05	1.045266e+00	
6579	6.561800e-07	2.313605e-05	1.046238e+00	
6580	6.562800e-07	-2.23323e-05	1.047209e+00	
6581	6.563800e-07	2.308339e-05	1.048179e+00	
6582	6.564800e-07	-2.22815e-05	1.049148e+00	
6583	6.565800e-07	2.303084e-05	1.050115e+00	
6584	6.566800e-07	-2.22307e-05	1.051081e+00	
6585	6.567800e-07	2.297840e-05	1.052046e+00	
6586	6.568800e-07	-2.21801e-05	1.053010e+00	
6587	6.569800e-07	2.292607e-05	1.053972e+00	
6588	6.570800e-07	-2.21296e-05	1.054933e+00	
6589	6.571800e-07	2.287385e-05	1.055893e+00	
6590	6.572800e-07	-2.20792e-05	1.056852e+00	
6591	6.573800e-07	2.282175e-05	1.057809e+00	
6592	6.574800e-07	-2.20289e-05	1.058765e+00	
6593	6.575800e-07	2.276976e-05	1.059721e+00	
6594	6.576800e-07	-2.19787e-05	1.060674e+00	
6595	6.577800e-07	2.271788e-05	1.061627e+00	
6596	6.578800e-07	-2.19287e-05	1.062578e+00	
6597	6.579800e-07	2.266611e-05	1.063528e+00	
6598	6.580800e-07	-2.18787e-05	1.064476e+00	
6599	6.581800e-07	2.261445e-05	1.065424e+00	
6600	6.582800e-07	-2.18288e-05	1.066370e+00	
6601	6.583800e-07	2.256290e-05	1.067316e+00	
6602	6.584800e-07	-2.17791e-05	1.068259e+00	
6603	6.585800e-07	2.251146e-05	1.069202e+00	
6604	6.586800e-07	-2.17294e-05	1.070143e+00	
6605	6.587800e-07	2.246014e-05	1.071084e+00	
6606	6.588800e-07	-2.16799e-05	1.072023e+00	
6607	6.589800e-07	2.240892e-05	1.072960e+00	
6608	6.590800e-07	-2.16304e-05	1.073897e+00	

Index   time            vout2           v(x2.comp_p_0/v 
--------------------------------------------------------------------------------
6609	6.591800e-07	2.235782e-05	1.074832e+00	
6610	6.592800e-07	-2.15811e-05	1.075766e+00	
6611	6.593800e-07	2.230682e-05	1.076699e+00	
6612	6.594800e-07	-2.15319e-05	1.077631e+00	
6613	6.595800e-07	2.225593e-05	1.078562e+00	
6614	6.596800e-07	-2.14828e-05	1.079491e+00	
6615	6.597800e-07	2.220515e-05	1.080419e+00	
6616	6.598800e-07	-2.14337e-05	1.081346e+00	
6617	6.599800e-07	2.215449e-05	1.082272e+00	
6618	6.600800e-07	-2.13848e-05	1.083196e+00	
6619	6.601800e-07	2.210393e-05	1.084120e+00	
6620	6.602800e-07	-2.13360e-05	1.085042e+00	
6621	6.603800e-07	2.205347e-05	1.085963e+00	
6622	6.604800e-07	-2.12873e-05	1.086882e+00	
6623	6.605800e-07	2.200313e-05	1.087801e+00	
6624	6.606800e-07	-2.12387e-05	1.088718e+00	
6625	6.607800e-07	2.195289e-05	1.089635e+00	
6626	6.608800e-07	-2.11903e-05	1.090550e+00	
6627	6.609800e-07	2.190277e-05	1.091464e+00	
6628	6.610800e-07	-2.11419e-05	1.092376e+00	
6629	6.611800e-07	2.185275e-05	1.093288e+00	
6630	6.612800e-07	-2.10936e-05	1.094198e+00	
6631	6.613800e-07	2.180283e-05	1.095107e+00	
6632	6.614800e-07	-2.10454e-05	1.096015e+00	
6633	6.615800e-07	2.175303e-05	1.096922e+00	
6634	6.616800e-07	-2.09973e-05	1.097828e+00	
6635	6.617800e-07	2.170333e-05	1.098732e+00	
6636	6.618800e-07	-2.09494e-05	1.099635e+00	
6637	6.619800e-07	2.165373e-05	1.100538e+00	
6638	6.620800e-07	-2.09015e-05	1.101438e+00	
6639	6.621800e-07	2.160425e-05	1.102338e+00	
6640	6.622800e-07	-2.08537e-05	1.103237e+00	
6641	6.623800e-07	2.155487e-05	1.104135e+00	
6642	6.624800e-07	-2.08060e-05	1.105031e+00	
6643	6.625800e-07	2.150559e-05	1.105926e+00	
6644	6.626800e-07	-2.07585e-05	1.106820e+00	
6645	6.627800e-07	2.145642e-05	1.107713e+00	
6646	6.628800e-07	-2.07110e-05	1.108605e+00	
6647	6.629800e-07	2.140736e-05	1.109495e+00	
6648	6.630800e-07	-2.06637e-05	1.110385e+00	
6649	6.631800e-07	2.135840e-05	1.111273e+00	
6650	6.632800e-07	-2.06164e-05	1.112160e+00	
6651	6.633800e-07	2.130954e-05	1.113046e+00	
6652	6.634800e-07	-2.05692e-05	1.113931e+00	
6653	6.635800e-07	2.126080e-05	1.114815e+00	
6654	6.636800e-07	-2.05222e-05	1.115697e+00	
6655	6.637800e-07	2.121215e-05	1.116579e+00	
6656	6.638800e-07	-2.04752e-05	1.117459e+00	
6657	6.639800e-07	2.116361e-05	1.118338e+00	
6658	6.640800e-07	-2.04284e-05	1.119216e+00	
6659	6.641800e-07	2.111517e-05	1.120093e+00	
6660	6.642800e-07	-2.03816e-05	1.120969e+00	
6661	6.643800e-07	2.106684e-05	1.121844e+00	
6662	6.644800e-07	-2.03349e-05	1.122717e+00	
6663	6.645800e-07	2.101861e-05	1.123590e+00	
6664	6.646800e-07	-2.02884e-05	1.124461e+00	
6665	6.647800e-07	2.097048e-05	1.125331e+00	
6666	6.648800e-07	-2.02419e-05	1.126200e+00	

Index   time            vout2           v(x2.comp_p_0/v 
--------------------------------------------------------------------------------
6667	6.649800e-07	2.092246e-05	1.127068e+00	
6668	6.650800e-07	-2.01956e-05	1.127935e+00	
6669	6.651800e-07	2.087454e-05	1.128801e+00	
6670	6.652800e-07	-2.01493e-05	1.129665e+00	
6671	6.653800e-07	2.082672e-05	1.130529e+00	
6672	6.654800e-07	-2.01032e-05	1.131391e+00	
6673	6.655800e-07	2.077900e-05	1.132252e+00	
6674	6.656800e-07	-2.00571e-05	1.133112e+00	
6675	6.657800e-07	2.073139e-05	1.133972e+00	
6676	6.658800e-07	-2.00111e-05	1.134829e+00	
6677	6.659800e-07	2.068388e-05	1.135686e+00	
6678	6.660800e-07	-1.99653e-05	1.136542e+00	
6679	6.661800e-07	2.063647e-05	1.137397e+00	
6680	6.662800e-07	-1.99195e-05	1.138250e+00	
6681	6.663800e-07	2.058916e-05	1.139103e+00	
6682	6.664800e-07	-1.98738e-05	1.139954e+00	
6683	6.665800e-07	2.054195e-05	1.140804e+00	
6684	6.666800e-07	-1.98282e-05	1.141654e+00	
6685	6.667800e-07	2.049484e-05	1.142502e+00	
6686	6.668800e-07	-1.97828e-05	1.143349e+00	
6687	6.669800e-07	2.044783e-05	1.144195e+00	
6688	6.670800e-07	-1.97374e-05	1.145039e+00	
6689	6.671800e-07	2.040093e-05	1.145883e+00	
6690	6.672800e-07	-1.96921e-05	1.146726e+00	
6691	6.673800e-07	2.035412e-05	1.147567e+00	
6692	6.674800e-07	-1.96469e-05	1.148408e+00	
6693	6.675800e-07	2.030742e-05	1.149247e+00	
6694	6.676800e-07	-1.96018e-05	1.150085e+00	
6695	6.677800e-07	2.026081e-05	1.150923e+00	
6696	6.678800e-07	-1.95568e-05	1.151759e+00	
6697	6.679800e-07	2.021430e-05	1.152594e+00	
6698	6.680800e-07	-1.95119e-05	1.153428e+00	
6699	6.681800e-07	2.016790e-05	1.154261e+00	
6700	6.682800e-07	-1.94671e-05	1.155093e+00	
6701	6.683800e-07	2.012159e-05	1.155924e+00	
6702	6.684800e-07	-1.94224e-05	1.156753e+00	
6703	6.685800e-07	2.007538e-05	1.157582e+00	
6704	6.686800e-07	-1.93778e-05	1.158410e+00	
6705	6.687800e-07	2.002927e-05	1.159236e+00	
6706	6.688800e-07	-1.93333e-05	1.160062e+00	
6707	6.689800e-07	1.998326e-05	1.160886e+00	
6708	6.690800e-07	-1.92889e-05	1.161709e+00	
6709	6.691800e-07	1.993734e-05	1.162532e+00	
6710	6.692800e-07	-1.92446e-05	1.163353e+00	
6711	6.693800e-07	1.989153e-05	1.164173e+00	
6712	6.694800e-07	-1.92003e-05	1.164992e+00	
6713	6.695800e-07	1.984581e-05	1.165810e+00	
6714	6.696800e-07	-1.91562e-05	1.166627e+00	
6715	6.697800e-07	1.980019e-05	1.167443e+00	
6716	6.698800e-07	-1.91122e-05	1.168258e+00	
6717	6.699800e-07	1.975467e-05	1.169072e+00	
6718	6.700800e-07	-1.90682e-05	1.169885e+00	
6719	6.701800e-07	1.970924e-05	1.170697e+00	
6720	6.702800e-07	-1.90244e-05	1.171507e+00	
6721	6.703800e-07	1.966391e-05	1.172317e+00	
6722	6.704800e-07	-1.89806e-05	1.173126e+00	
6723	6.705800e-07	1.961868e-05	1.173933e+00	
6724	6.706800e-07	-1.89369e-05	1.174740e+00	

Index   time            vout2           v(x2.comp_p_0/v 
--------------------------------------------------------------------------------
6725	6.707800e-07	1.957355e-05	1.175545e+00	
6726	6.708800e-07	-1.88933e-05	1.176350e+00	
6727	6.709800e-07	1.952851e-05	1.177153e+00	
6728	6.710800e-07	-1.88499e-05	1.177955e+00	
6729	6.711800e-07	1.948356e-05	1.178757e+00	
6730	6.712800e-07	-1.88065e-05	1.179557e+00	
6731	6.713800e-07	1.943872e-05	1.180356e+00	
6732	6.714800e-07	-1.87632e-05	1.181154e+00	
6733	6.715800e-07	1.939396e-05	1.181952e+00	
6734	6.716800e-07	-1.87200e-05	1.182748e+00	
6735	6.717800e-07	1.934931e-05	1.183543e+00	
6736	6.718800e-07	-1.86768e-05	1.184337e+00	
6737	6.719800e-07	1.930475e-05	1.185130e+00	
6738	6.720800e-07	-1.86338e-05	1.185922e+00	
6739	6.721800e-07	1.926028e-05	1.186713e+00	
6740	6.722800e-07	-1.85909e-05	1.187503e+00	
6741	6.723800e-07	1.921591e-05	1.188292e+00	
6742	6.724800e-07	-1.85481e-05	1.189079e+00	
6743	6.725800e-07	1.917163e-05	1.189866e+00	
6744	6.726800e-07	-1.85053e-05	1.190652e+00	
6745	6.727800e-07	1.912745e-05	1.191437e+00	
6746	6.728800e-07	-1.84626e-05	1.192221e+00	
6747	6.729800e-07	1.908336e-05	1.193003e+00	
6748	6.730800e-07	-1.84201e-05	1.193785e+00	
6749	6.731800e-07	1.903937e-05	1.194566e+00	
6750	6.732800e-07	-1.83776e-05	1.195345e+00	
6751	6.733800e-07	1.899547e-05	1.196124e+00	
6752	6.734800e-07	-1.83352e-05	1.196901e+00	
6753	6.735800e-07	1.895166e-05	1.197678e+00	
6754	6.736800e-07	-1.82929e-05	1.198454e+00	
6755	6.737800e-07	1.890795e-05	1.199228e+00	
6756	6.738800e-07	-1.82507e-05	1.200001e+00	
6757	6.739800e-07	1.886433e-05	1.200774e+00	
6758	6.740800e-07	-1.82086e-05	1.201545e+00	
6759	6.741800e-07	1.882080e-05	1.202316e+00	
6760	6.742800e-07	-1.81666e-05	1.203085e+00	
6761	6.743800e-07	1.877737e-05	1.203853e+00	
6762	6.744800e-07	-1.81246e-05	1.204621e+00	
6763	6.745800e-07	1.873403e-05	1.205387e+00	
6764	6.746800e-07	-1.80828e-05	1.206152e+00	
6765	6.747800e-07	1.869078e-05	1.206917e+00	
6766	6.748800e-07	-1.80410e-05	1.207680e+00	
6767	6.749800e-07	1.864762e-05	1.208442e+00	
6768	6.750800e-07	-1.79993e-05	1.209203e+00	
6769	6.751800e-07	1.860455e-05	1.209963e+00	
6770	6.752800e-07	-1.79578e-05	1.210722e+00	
6771	6.753800e-07	1.856158e-05	1.211480e+00	
6772	6.754800e-07	-1.79163e-05	1.212237e+00	
6773	6.755800e-07	1.851870e-05	1.212994e+00	
6774	6.756800e-07	-1.78749e-05	1.213748e+00	
6775	6.757800e-07	1.847591e-05	1.214503e+00	
6776	6.758800e-07	-1.78335e-05	1.215255e+00	
6777	6.759800e-07	1.843321e-05	1.216008e+00	
6778	6.760800e-07	-1.77923e-05	1.216758e+00	
6779	6.761800e-07	1.839060e-05	1.217509e+00	
6780	6.762800e-07	-1.77512e-05	1.218257e+00	
6781	6.763800e-07	1.834808e-05	1.219005e+00	
6782	6.764800e-07	-1.77101e-05	1.219752e+00	

Index   time            vout2           v(x2.comp_p_0/v 
--------------------------------------------------------------------------------
6783	6.765800e-07	1.830565e-05	1.220498e+00	
6784	6.766800e-07	-1.76691e-05	1.221243e+00	
6785	6.767800e-07	1.826331e-05	1.221987e+00	
6786	6.768800e-07	-1.76283e-05	1.222730e+00	
6787	6.769800e-07	1.822106e-05	1.223472e+00	
6788	6.770800e-07	-1.75875e-05	1.224213e+00	
6789	6.771800e-07	1.817890e-05	1.224953e+00	
6790	6.772800e-07	-1.75467e-05	1.225692e+00	
6791	6.773800e-07	1.813683e-05	1.226430e+00	
6792	6.774800e-07	-1.75061e-05	1.227167e+00	
6793	6.775800e-07	1.809485e-05	1.227903e+00	
6794	6.776800e-07	-1.74656e-05	1.228638e+00	
6795	6.777800e-07	1.805296e-05	1.229372e+00	
6796	6.778800e-07	-1.74251e-05	1.230105e+00	
6797	6.779800e-07	1.801116e-05	1.230837e+00	
6798	6.780800e-07	-1.73848e-05	1.231568e+00	
6799	6.781800e-07	1.796945e-05	1.232298e+00	
6800	6.782800e-07	-1.73445e-05	1.233027e+00	
6801	6.783800e-07	1.792782e-05	1.233755e+00	
6802	6.784800e-07	-1.73043e-05	1.234482e+00	
6803	6.785800e-07	1.788629e-05	1.235208e+00	
6804	6.786800e-07	-1.72642e-05	1.235933e+00	
6805	6.787800e-07	1.784484e-05	1.236657e+00	
6806	6.788800e-07	-1.72242e-05	1.237380e+00	
6807	6.789800e-07	1.780348e-05	1.238103e+00	
6808	6.790800e-07	-1.71842e-05	1.238824e+00	
6809	6.791800e-07	1.776221e-05	1.239544e+00	
6810	6.792800e-07	-1.71444e-05	1.240263e+00	
6811	6.793800e-07	1.772102e-05	1.240982e+00	
6812	6.794800e-07	-1.71046e-05	1.241699e+00	
6813	6.795800e-07	1.767992e-05	1.242416e+00	
6814	6.796800e-07	-1.70649e-05	1.243131e+00	
6815	6.797800e-07	1.763891e-05	1.243846e+00	
6816	6.798800e-07	-1.70253e-05	1.244559e+00	
6817	6.799800e-07	1.759799e-05	1.245272e+00	
6818	6.800800e-07	-1.69858e-05	1.245983e+00	
6819	6.801800e-07	1.755715e-05	1.246694e+00	
6820	6.802800e-07	-1.69464e-05	1.247404e+00	
6821	6.803800e-07	1.751640e-05	1.248113e+00	
6822	6.804800e-07	-1.69070e-05	1.248820e+00	
6823	6.805800e-07	1.747574e-05	1.249527e+00	
6824	6.806800e-07	-1.68678e-05	1.250233e+00	
6825	6.807800e-07	1.743516e-05	1.250938e+00	
6826	6.808800e-07	-1.68286e-05	1.251642e+00	
6827	6.809800e-07	1.739467e-05	1.252345e+00	
6828	6.810800e-07	-1.67895e-05	1.253047e+00	
6829	6.811800e-07	1.735427e-05	1.253749e+00	
6830	6.812800e-07	-1.67505e-05	1.254449e+00	
6831	6.813800e-07	1.731395e-05	1.255148e+00	
6832	6.814800e-07	-1.67116e-05	1.255847e+00	
6833	6.815800e-07	1.727372e-05	1.256544e+00	
6834	6.816800e-07	-1.66727e-05	1.257241e+00	
6835	6.817800e-07	1.723357e-05	1.257936e+00	
6836	6.818800e-07	-1.66339e-05	1.258631e+00	
6837	6.819800e-07	1.719350e-05	1.259325e+00	
6838	6.820800e-07	-1.65953e-05	1.260017e+00	
6839	6.821800e-07	1.715352e-05	1.260710e+00	
6840	6.822800e-07	-1.65567e-05	1.261400e+00	

Index   time            vout2           v(x2.comp_p_0/v 
--------------------------------------------------------------------------------
6841	6.823800e-07	1.711363e-05	1.262091e+00	
6842	6.824800e-07	-1.65181e-05	1.262780e+00	
6843	6.825800e-07	1.707382e-05	1.263468e+00	
6844	6.826800e-07	-1.64797e-05	1.264155e+00	
6845	6.827800e-07	1.703409e-05	1.264842e+00	
6846	6.828800e-07	-1.64413e-05	1.265527e+00	
6847	6.829800e-07	1.699444e-05	1.266212e+00	
6848	6.830800e-07	-1.64031e-05	1.266895e+00	
6849	6.831800e-07	1.695488e-05	1.267578e+00	
6850	6.832800e-07	-1.63649e-05	1.268260e+00	
6851	6.833800e-07	1.691540e-05	1.268941e+00	
6852	6.834800e-07	-1.63267e-05	1.269621e+00	
6853	6.835800e-07	1.687600e-05	1.270300e+00	
6854	6.836800e-07	-1.62887e-05	1.270978e+00	
6855	6.837800e-07	1.683668e-05	1.271656e+00	
6856	6.838800e-07	-1.62507e-05	1.272332e+00	
6857	6.839800e-07	1.679745e-05	1.273008e+00	
6858	6.840800e-07	-1.62129e-05	1.273682e+00	
6859	6.841800e-07	1.675830e-05	1.274356e+00	
6860	6.842800e-07	-1.61751e-05	1.275029e+00	
6861	6.843800e-07	1.671923e-05	1.275701e+00	
6862	6.844800e-07	-1.61374e-05	1.276372e+00	
6863	6.845800e-07	1.668026e-05	1.277043e+00	
6864	6.846800e-07	-1.60997e-05	1.277712e+00	
6865	6.847800e-07	1.664138e-05	1.278381e+00	
6866	6.848800e-07	-1.60622e-05	1.279048e+00	
6867	6.849800e-07	1.660256e-05	1.279715e+00	
6868	6.850800e-07	-1.60247e-05	1.280381e+00	
6869	6.851800e-07	1.656384e-05	1.281046e+00	
6870	6.852800e-07	-1.59874e-05	1.281710e+00	
6871	6.853800e-07	1.652523e-05	1.282373e+00	
6872	6.854800e-07	-1.59501e-05	1.283036e+00	
6873	6.855800e-07	1.648671e-05	1.283697e+00	
6874	6.856800e-07	-1.59129e-05	1.284358e+00	
6875	6.857800e-07	1.644830e-05	1.285018e+00	
6876	6.858800e-07	-1.58758e-05	1.285677e+00	
6877	6.859800e-07	1.640997e-05	1.286335e+00	
6878	6.860800e-07	-1.58388e-05	1.286992e+00	
6879	6.861800e-07	1.637173e-05	1.287649e+00	
6880	6.862800e-07	-1.58018e-05	1.288305e+00	
6881	6.863800e-07	1.633357e-05	1.288960e+00	
6882	6.864800e-07	-1.57649e-05	1.289614e+00	
6883	6.865800e-07	1.629548e-05	1.290267e+00	
6884	6.866800e-07	-1.57281e-05	1.290919e+00	
6885	6.867800e-07	1.625745e-05	1.291571e+00	
6886	6.868800e-07	-1.56914e-05	1.292222e+00	
6887	6.869800e-07	1.621948e-05	1.292872e+00	
6888	6.870800e-07	-1.56548e-05	1.293521e+00	
6889	6.871800e-07	1.618171e-05	1.294169e+00	
6890	6.872800e-07	-1.56183e-05	1.294817e+00	
6891	6.873800e-07	1.614385e-05	1.295464e+00	
6892	6.874800e-07	-1.55818e-05	1.296109e+00	
6893	6.875800e-07	1.610606e-05	1.296755e+00	
6894	6.876800e-07	-1.55454e-05	1.297399e+00	
6895	6.877800e-07	1.606833e-05	1.298043e+00	
6896	6.878800e-07	-1.55090e-05	1.298686e+00	
6897	6.879800e-07	1.603067e-05	1.299328e+00	
6898	6.880800e-07	-1.57076e-05	1.299969e+00	

Index   time            vout2           v(x2.comp_p_0/v 
--------------------------------------------------------------------------------
6899	6.881800e-07	1.595435e-05	1.300610e+00	
6900	6.882800e-07	-1.54143e-05	1.301250e+00	
6901	6.883800e-07	1.593624e-05	1.301889e+00	
6902	6.884800e-07	-1.53843e-05	1.302528e+00	
6903	6.885800e-07	1.590355e-05	1.303166e+00	
6904	6.886800e-07	-1.53523e-05	1.303803e+00	
6905	6.887800e-07	1.586958e-05	1.304439e+00	
6906	6.888800e-07	-1.53197e-05	1.305075e+00	
6907	6.889800e-07	1.583420e-05	1.305710e+00	
6908	6.890800e-07	-1.52877e-05	1.306344e+00	
6909	6.891800e-07	1.579562e-05	1.306978e+00	
6910	6.892800e-07	-1.52604e-05	1.307611e+00	
6911	6.893800e-07	1.574764e-05	1.308244e+00	
6912	6.894800e-07	-1.52458e-05	1.308875e+00	
6913	6.895800e-07	1.567887e-05	1.309506e+00	
6914	6.896800e-07	-1.52536e-05	1.310137e+00	
6915	6.897800e-07	1.558781e-05	1.310766e+00	
6916	6.898800e-07	-1.55205e-05	1.311395e+00	
6917	6.899800e-07	1.514615e-05	1.312024e+00	
6918	6.900800e-07	-1.58028e-05	1.312651e+00	
6919	6.901800e-07	1.439418e-05	1.313278e+00	
6920	6.902800e-07	-1.64376e-05	1.313904e+00	
6921	6.903800e-07	1.621963e-05	1.314530e+00	
6922	6.904800e-07	4.817950e-06	1.315157e+00	
6923	6.905800e-07	8.191202e-05	1.315791e+00	
6924	6.906800e-07	8.067510e-05	1.316438e+00	
6925	6.907800e-07	1.030822e-04	1.317099e+00	
6926	6.908800e-07	4.069221e-05	1.317769e+00	
6927	6.909800e-07	-4.98138e-04	1.318411e+00	
6928	6.910800e-07	-2.82943e-03	1.318642e+00	
6929	6.911800e-07	-7.81597e-03	1.317629e+00	
6930	6.912667e-07	-1.87977e-02	1.316192e+00	
6931	6.913573e-07	-4.65082e-02	1.314675e+00	
6932	6.914573e-07	1.402380e+00	1.312978e+00	
6933	6.915573e-07	1.859890e+00	1.311291e+00	
6934	6.916573e-07	1.756263e+00	1.309595e+00	
6935	6.917573e-07	1.829863e+00	1.307906e+00	
6936	6.918573e-07	1.778286e+00	1.306212e+00	
6937	6.919573e-07	1.814824e+00	1.304524e+00	
6938	6.920573e-07	1.789042e+00	1.302834e+00	
6939	6.921573e-07	1.807427e+00	1.301149e+00	
6940	6.922573e-07	1.794337e+00	1.299463e+00	
6941	6.923573e-07	1.803734e+00	1.297781e+00	
6942	6.924573e-07	1.796990e+00	1.296100e+00	
6943	6.925573e-07	1.801867e+00	1.294422e+00	
6944	6.926573e-07	1.798336e+00	1.292745e+00	
6945	6.927573e-07	1.800916e+00	1.291072e+00	
6946	6.928573e-07	1.799023e+00	1.289399e+00	
6947	6.929573e-07	1.800430e+00	1.287730e+00	
6948	6.930519e-07	1.799381e+00	1.286151e+00	
6949	6.931519e-07	1.800175e+00	1.284486e+00	
6950	6.932508e-07	1.799559e+00	1.282842e+00	
6951	6.933508e-07	1.800049e+00	1.281181e+00	
6952	6.934508e-07	1.799651e+00	1.279522e+00	
6953	6.935508e-07	1.799984e+00	1.277865e+00	
6954	6.936508e-07	1.799698e+00	1.276211e+00	
6955	6.937508e-07	1.799951e+00	1.274558e+00	
6956	6.938508e-07	1.799723e+00	1.272908e+00	

Index   time            vout2           v(x2.comp_p_0/v 
--------------------------------------------------------------------------------
6957	6.939508e-07	1.799934e+00	1.271260e+00	
6958	6.940508e-07	1.799736e+00	1.269614e+00	
6959	6.941508e-07	1.799925e+00	1.267971e+00	
6960	6.942508e-07	1.799743e+00	1.266329e+00	
6961	6.943508e-07	1.799920e+00	1.264690e+00	
6962	6.944508e-07	1.799747e+00	1.263053e+00	
6963	6.945508e-07	1.799917e+00	1.261418e+00	
6964	6.946508e-07	1.799749e+00	1.259786e+00	
6965	6.947508e-07	1.799916e+00	1.258155e+00	
6966	6.948508e-07	1.799751e+00	1.256527e+00	
6967	6.949508e-07	1.799915e+00	1.254900e+00	
6968	6.950508e-07	1.799752e+00	1.253276e+00	
6969	6.951508e-07	1.799915e+00	1.251654e+00	
6970	6.952508e-07	1.799753e+00	1.250035e+00	
6971	6.953508e-07	1.799915e+00	1.248417e+00	
6972	6.954508e-07	1.799754e+00	1.246802e+00	
6973	6.955508e-07	1.799914e+00	1.245188e+00	
6974	6.956508e-07	1.799754e+00	1.243577e+00	
6975	6.957508e-07	1.799914e+00	1.241968e+00	
6976	6.958508e-07	1.799755e+00	1.240361e+00	
6977	6.959508e-07	1.799914e+00	1.238756e+00	
6978	6.960508e-07	1.799756e+00	1.237154e+00	
6979	6.961508e-07	1.799914e+00	1.235553e+00	
6980	6.962508e-07	1.799756e+00	1.233955e+00	
6981	6.963508e-07	1.799914e+00	1.232359e+00	
6982	6.964508e-07	1.799757e+00	1.230765e+00	
6983	6.965508e-07	1.799914e+00	1.229173e+00	
6984	6.966508e-07	1.799757e+00	1.227583e+00	
6985	6.967508e-07	1.799914e+00	1.225995e+00	
6986	6.968508e-07	1.799758e+00	1.224409e+00	
6987	6.969508e-07	1.799914e+00	1.222826e+00	
6988	6.970508e-07	1.799758e+00	1.221244e+00	
6989	6.971508e-07	1.799914e+00	1.219665e+00	
6990	6.972508e-07	1.799759e+00	1.218088e+00	
6991	6.973508e-07	1.799914e+00	1.216513e+00	
6992	6.974508e-07	1.799759e+00	1.214940e+00	
6993	6.975508e-07	1.799914e+00	1.213369e+00	
6994	6.976508e-07	1.799760e+00	1.211800e+00	
6995	6.977508e-07	1.799914e+00	1.210233e+00	
6996	6.978508e-07	1.799760e+00	1.208669e+00	
6997	6.979508e-07	1.799914e+00	1.207106e+00	
6998	6.980508e-07	1.799761e+00	1.205546e+00	
6999	6.981508e-07	1.799914e+00	1.203987e+00	
7000	6.982508e-07	1.799761e+00	1.202431e+00	
7001	6.983508e-07	1.799914e+00	1.200877e+00	
7002	6.984508e-07	1.799762e+00	1.199325e+00	
7003	6.985508e-07	1.799914e+00	1.197774e+00	
7004	6.986508e-07	1.799763e+00	1.196226e+00	
7005	6.987508e-07	1.799914e+00	1.194680e+00	
7006	6.988508e-07	1.799763e+00	1.193136e+00	
7007	6.989508e-07	1.799914e+00	1.191595e+00	
7008	6.990508e-07	1.799764e+00	1.190055e+00	
7009	6.991508e-07	1.799914e+00	1.188517e+00	
7010	6.992508e-07	1.799764e+00	1.186981e+00	
7011	6.993508e-07	1.799914e+00	1.185448e+00	
7012	6.994508e-07	1.799765e+00	1.183916e+00	
7013	6.995508e-07	1.799914e+00	1.182386e+00	
7014	6.996508e-07	1.799765e+00	1.180859e+00	

Index   time            vout2           v(x2.comp_p_0/v 
--------------------------------------------------------------------------------
7015	6.997508e-07	1.799913e+00	1.179333e+00	
7016	6.998508e-07	1.799766e+00	1.177809e+00	
7017	6.999508e-07	1.799913e+00	1.176288e+00	
7018	7.000508e-07	1.799766e+00	1.174768e+00	
7019	7.001508e-07	1.799913e+00	1.173251e+00	
7020	7.002508e-07	1.799767e+00	1.171735e+00	
7021	7.003508e-07	1.799913e+00	1.170222e+00	
7022	7.004508e-07	1.799767e+00	1.168710e+00	
7023	7.005508e-07	1.799913e+00	1.167201e+00	
7024	7.006508e-07	1.799768e+00	1.165693e+00	
7025	7.007508e-07	1.799913e+00	1.164188e+00	
7026	7.008508e-07	1.799768e+00	1.162684e+00	
7027	7.009508e-07	1.799913e+00	1.161182e+00	
7028	7.010508e-07	1.799769e+00	1.159683e+00	
7029	7.011508e-07	1.799913e+00	1.158185e+00	
7030	7.012508e-07	1.799769e+00	1.156690e+00	
7031	7.013508e-07	1.799913e+00	1.155196e+00	
7032	7.014508e-07	1.799770e+00	1.153704e+00	
7033	7.015508e-07	1.799913e+00	1.152214e+00	
7034	7.016508e-07	1.799770e+00	1.150727e+00	
7035	7.017508e-07	1.799913e+00	1.149241e+00	
7036	7.018508e-07	1.799771e+00	1.147757e+00	
7037	7.019508e-07	1.799910e+00	1.146275e+00	
7038	7.020508e-07	1.799770e+00	1.144795e+00	
7039	7.021508e-07	1.799911e+00	1.143317e+00	
7040	7.022508e-07	1.799767e+00	1.141841e+00	
7041	7.023508e-07	1.799909e+00	1.140367e+00	
7042	7.024508e-07	1.799768e+00	1.138894e+00	
7043	7.025508e-07	1.799909e+00	1.137424e+00	
7044	7.026508e-07	1.799769e+00	1.135955e+00	
7045	7.027508e-07	1.799909e+00	1.134489e+00	
7046	7.028508e-07	1.799770e+00	1.133024e+00	
7047	7.029508e-07	1.799909e+00	1.131562e+00	
7048	7.030508e-07	1.799770e+00	1.130101e+00	
7049	7.031508e-07	1.799909e+00	1.128642e+00	
7050	7.032508e-07	1.799771e+00	1.127185e+00	
7051	7.033508e-07	1.799909e+00	1.125730e+00	
7052	7.034508e-07	1.799771e+00	1.124277e+00	
7053	7.035508e-07	1.799909e+00	1.122826e+00	
7054	7.036508e-07	1.799772e+00	1.121376e+00	
7055	7.037508e-07	1.799909e+00	1.119929e+00	
7056	7.038508e-07	1.799772e+00	1.118483e+00	
7057	7.039508e-07	1.799909e+00	1.117039e+00	
7058	7.040508e-07	1.799773e+00	1.115598e+00	
7059	7.041508e-07	1.799909e+00	1.114158e+00	
7060	7.042508e-07	1.799773e+00	1.112719e+00	
7061	7.043508e-07	1.799909e+00	1.111283e+00	
7062	7.044508e-07	1.799774e+00	1.109849e+00	
7063	7.045508e-07	1.799909e+00	1.108416e+00	
7064	7.046508e-07	1.799774e+00	1.106986e+00	
7065	7.047508e-07	1.799909e+00	1.105557e+00	
7066	7.048508e-07	1.799775e+00	1.104130e+00	
7067	7.049508e-07	1.799909e+00	1.102705e+00	
7068	7.050508e-07	1.799775e+00	1.101282e+00	
7069	7.051508e-07	1.799909e+00	1.099860e+00	
7070	7.052508e-07	1.799776e+00	1.098441e+00	
7071	7.053508e-07	1.799909e+00	1.097023e+00	
7072	7.054508e-07	1.799776e+00	1.095607e+00	

Index   time            vout2           v(x2.comp_p_0/v 
--------------------------------------------------------------------------------
7073	7.055508e-07	1.799909e+00	1.094193e+00	
7074	7.056508e-07	1.799777e+00	1.092781e+00	
7075	7.057508e-07	1.799909e+00	1.091370e+00	
7076	7.058508e-07	1.799777e+00	1.089962e+00	
7077	7.059508e-07	1.799909e+00	1.088555e+00	
7078	7.060508e-07	1.799778e+00	1.087150e+00	
7079	7.061508e-07	1.799909e+00	1.085748e+00	
7080	7.062508e-07	1.799778e+00	1.084346e+00	
7081	7.063508e-07	1.799909e+00	1.082947e+00	
7082	7.064508e-07	1.799779e+00	1.081550e+00	
7083	7.065508e-07	1.799909e+00	1.080154e+00	
7084	7.066508e-07	1.799779e+00	1.078760e+00	
7085	7.067508e-07	1.799909e+00	1.077368e+00	
7086	7.068508e-07	1.799780e+00	1.075978e+00	
7087	7.069508e-07	1.799909e+00	1.074590e+00	
7088	7.070508e-07	1.799780e+00	1.073203e+00	
7089	7.071508e-07	1.799909e+00	1.071819e+00	
7090	7.072508e-07	1.799780e+00	1.070436e+00	
7091	7.073508e-07	1.799908e+00	1.069055e+00	
7092	7.074508e-07	1.799781e+00	1.067676e+00	
7093	7.075508e-07	1.799908e+00	1.066299e+00	
7094	7.076508e-07	1.799781e+00	1.064923e+00	
7095	7.077508e-07	1.799908e+00	1.063550e+00	
7096	7.078508e-07	1.799782e+00	1.062178e+00	
7097	7.079508e-07	1.799908e+00	1.060808e+00	
7098	7.080508e-07	1.799782e+00	1.059440e+00	
7099	7.081508e-07	1.799908e+00	1.058074e+00	
7100	7.082508e-07	1.799783e+00	1.056710e+00	
7101	7.083508e-07	1.799908e+00	1.055348e+00	
7102	7.084508e-07	1.799783e+00	1.053988e+00	
7103	7.085508e-07	1.799908e+00	1.052629e+00	
7104	7.086508e-07	1.799783e+00	1.051273e+00	
7105	7.087508e-07	1.799908e+00	1.049918e+00	
7106	7.088508e-07	1.799784e+00	1.048566e+00	
7107	7.089508e-07	1.799908e+00	1.047215e+00	
7108	7.090508e-07	1.799784e+00	1.045866e+00	
7109	7.091508e-07	1.799908e+00	1.044520e+00	
7110	7.092508e-07	1.799784e+00	1.043175e+00	
7111	7.093508e-07	1.799908e+00	1.041832e+00	
7112	7.094508e-07	1.799785e+00	1.040491e+00	
7113	7.095508e-07	1.799908e+00	1.039152e+00	
7114	7.096508e-07	1.799785e+00	1.037815e+00	
7115	7.097508e-07	1.799908e+00	1.036480e+00	
7116	7.098508e-07	1.799785e+00	1.035146e+00	
7117	7.099508e-07	1.799907e+00	1.033815e+00	
7118	7.100508e-07	1.799786e+00	1.032485e+00	
7119	7.101508e-07	1.799907e+00	1.031158e+00	
7120	7.102508e-07	1.799786e+00	1.029832e+00	
7121	7.103508e-07	1.799907e+00	1.028508e+00	
7122	7.104508e-07	1.799786e+00	1.027186e+00	
7123	7.105508e-07	1.799910e+00	1.025866e+00	
7124	7.106508e-07	1.799790e+00	1.024547e+00	
7125	7.107508e-07	1.799908e+00	1.023230e+00	
7126	7.108508e-07	1.799787e+00	1.021915e+00	
7127	7.109508e-07	1.799907e+00	1.020602e+00	
7128	7.110508e-07	1.799787e+00	1.019291e+00	
7129	7.111508e-07	1.799907e+00	1.017981e+00	
7130	7.112508e-07	1.799788e+00	1.016673e+00	

Index   time            vout2           v(x2.comp_p_0/v 
--------------------------------------------------------------------------------
7131	7.113508e-07	1.799907e+00	1.015367e+00	
7132	7.114508e-07	1.799788e+00	1.014063e+00	
7133	7.115508e-07	1.799907e+00	1.012760e+00	
7134	7.116508e-07	1.799788e+00	1.011459e+00	
7135	7.117508e-07	1.799906e+00	1.010160e+00	
7136	7.118508e-07	1.799789e+00	1.008862e+00	
7137	7.119508e-07	1.799906e+00	1.007566e+00	
7138	7.120508e-07	1.799789e+00	1.006272e+00	
7139	7.121508e-07	1.799906e+00	1.004979e+00	
7140	7.122508e-07	1.799789e+00	1.003689e+00	
7141	7.123508e-07	1.799906e+00	1.002399e+00	
7142	7.124508e-07	1.799790e+00	1.001112e+00	
7143	7.125508e-07	1.799906e+00	9.998261e-01	
7144	7.126508e-07	1.799790e+00	9.985419e-01	
7145	7.127508e-07	1.799906e+00	9.972594e-01	
7146	7.128508e-07	1.799790e+00	9.959785e-01	
7147	7.129508e-07	1.799906e+00	9.946993e-01	
7148	7.130508e-07	1.799791e+00	9.934217e-01	
7149	7.131508e-07	1.799906e+00	9.921458e-01	
7150	7.132508e-07	1.799791e+00	9.908715e-01	
7151	7.133508e-07	1.799906e+00	9.895989e-01	
7152	7.134508e-07	1.799791e+00	9.883279e-01	
7153	7.135508e-07	1.799906e+00	9.870585e-01	
7154	7.136508e-07	1.799792e+00	9.857907e-01	
7155	7.137508e-07	1.799905e+00	9.845246e-01	
7156	7.138508e-07	1.799792e+00	9.832600e-01	
7157	7.139508e-07	1.799905e+00	9.819971e-01	
7158	7.140508e-07	1.799792e+00	9.807358e-01	
7159	7.141508e-07	1.799905e+00	9.794762e-01	
7160	7.142508e-07	1.799793e+00	9.782181e-01	
7161	7.143508e-07	1.799905e+00	9.769616e-01	
7162	7.144508e-07	1.799793e+00	9.757068e-01	
7163	7.145508e-07	1.799905e+00	9.744536e-01	
7164	7.146508e-07	1.799793e+00	9.732019e-01	
7165	7.147508e-07	1.799905e+00	9.719518e-01	
7166	7.148508e-07	1.799794e+00	9.707033e-01	
7167	7.149508e-07	1.799905e+00	9.694565e-01	
7168	7.150508e-07	1.799794e+00	9.682112e-01	
7169	7.151508e-07	1.799905e+00	9.669675e-01	
7170	7.152508e-07	1.799794e+00	9.657253e-01	
7171	7.153508e-07	1.799905e+00	9.644848e-01	
7172	7.154508e-07	1.799795e+00	9.632458e-01	
7173	7.155508e-07	1.799905e+00	9.620084e-01	
7174	7.156508e-07	1.799795e+00	9.607726e-01	
7175	7.157508e-07	1.799905e+00	9.595383e-01	
7176	7.158508e-07	1.799795e+00	9.583056e-01	
7177	7.159508e-07	1.799905e+00	9.570745e-01	
7178	7.160508e-07	1.799796e+00	9.558449e-01	
7179	7.161508e-07	1.799905e+00	9.546169e-01	
7180	7.162508e-07	1.799796e+00	9.533904e-01	
7181	7.163508e-07	1.799904e+00	9.521655e-01	
7182	7.164508e-07	1.799796e+00	9.509421e-01	
7183	7.165508e-07	1.799904e+00	9.497204e-01	
7184	7.166508e-07	1.799797e+00	9.485001e-01	
7185	7.167508e-07	1.799904e+00	9.472814e-01	
7186	7.168508e-07	1.799797e+00	9.460642e-01	
7187	7.169508e-07	1.799904e+00	9.448486e-01	
7188	7.170508e-07	1.799797e+00	9.436345e-01	

Index   time            vout2           v(x2.comp_p_0/v 
--------------------------------------------------------------------------------
7189	7.171508e-07	1.799904e+00	9.424219e-01	
7190	7.172508e-07	1.799798e+00	9.412109e-01	
7191	7.173508e-07	1.799904e+00	9.400014e-01	
7192	7.174508e-07	1.799798e+00	9.387934e-01	
7193	7.175508e-07	1.799904e+00	9.375870e-01	
7194	7.176508e-07	1.799798e+00	9.363820e-01	
7195	7.177508e-07	1.799904e+00	9.351786e-01	
7196	7.178508e-07	1.799799e+00	9.339767e-01	
7197	7.179508e-07	1.799904e+00	9.327763e-01	
7198	7.180508e-07	1.799799e+00	9.315774e-01	
7199	7.181508e-07	1.799904e+00	9.303800e-01	
7200	7.182508e-07	1.799799e+00	9.291840e-01	
7201	7.183508e-07	1.799904e+00	9.279895e-01	
7202	7.184508e-07	1.799800e+00	9.267965e-01	
7203	7.185508e-07	1.799904e+00	9.256049e-01	
7204	7.186508e-07	1.799800e+00	9.244147e-01	
7205	7.187508e-07	1.799904e+00	9.232260e-01	
7206	7.188508e-07	1.799800e+00	9.220386e-01	
7207	7.189508e-07	1.799904e+00	9.208527e-01	
7208	7.190508e-07	1.799801e+00	9.196680e-01	
7209	7.191508e-07	1.799903e+00	9.184847e-01	
7210	7.192508e-07	1.799801e+00	9.173027e-01	
7211	7.193508e-07	1.799903e+00	9.161220e-01	
7212	7.194508e-07	1.799801e+00	9.149426e-01	
7213	7.195508e-07	1.799903e+00	9.137645e-01	
7214	7.196508e-07	1.799801e+00	9.125876e-01	
7215	7.197508e-07	1.799903e+00	9.114120e-01	
7216	7.198508e-07	1.799802e+00	9.102377e-01	
7217	7.199508e-07	1.799903e+00	9.090647e-01	
7218	7.200508e-07	1.799802e+00	9.078929e-01	
7219	7.201508e-07	1.799903e+00	9.067225e-01	
7220	7.202508e-07	1.799802e+00	9.055533e-01	
7221	7.203508e-07	1.799903e+00	9.043855e-01	
7222	7.204508e-07	1.799803e+00	9.032190e-01	
7223	7.205508e-07	1.799903e+00	9.020539e-01	
7224	7.206508e-07	1.799803e+00	9.008900e-01	
7225	7.207508e-07	1.799903e+00	8.997277e-01	
7226	7.208508e-07	1.799803e+00	8.985666e-01	
7227	7.209508e-07	1.799903e+00	8.974069e-01	
7228	7.210508e-07	1.799804e+00	8.962486e-01	
7229	7.211508e-07	1.799903e+00	8.950918e-01	
7230	7.212508e-07	1.799804e+00	8.939363e-01	
7231	7.213508e-07	1.799903e+00	8.927823e-01	
7232	7.214508e-07	1.799804e+00	8.916297e-01	
7233	7.215508e-07	1.799903e+00	8.904786e-01	
7234	7.216508e-07	1.799805e+00	8.893288e-01	
7235	7.217508e-07	1.799903e+00	8.881805e-01	
7236	7.218508e-07	1.799805e+00	8.870337e-01	
7237	7.219508e-07	1.799903e+00	8.858883e-01	
7238	7.220508e-07	1.799805e+00	8.847443e-01	
7239	7.221508e-07	1.799903e+00	8.836019e-01	
7240	7.222508e-07	1.799806e+00	8.824608e-01	
7241	7.223508e-07	1.799903e+00	8.813213e-01	
7242	7.224508e-07	1.799806e+00	8.801832e-01	
7243	7.225508e-07	1.799902e+00	8.790465e-01	
7244	7.226508e-07	1.799806e+00	8.779113e-01	
7245	7.227508e-07	1.799902e+00	8.767776e-01	
7246	7.228508e-07	1.799806e+00	8.756453e-01	

Index   time            vout2           v(x2.comp_p_0/v 
--------------------------------------------------------------------------------
7247	7.229508e-07	1.799902e+00	8.745146e-01	
7248	7.230508e-07	1.799807e+00	8.733852e-01	
7249	7.231508e-07	1.799902e+00	8.722573e-01	
7250	7.232508e-07	1.799807e+00	8.711309e-01	
7251	7.233508e-07	1.799902e+00	8.700060e-01	
7252	7.234508e-07	1.799807e+00	8.688824e-01	
7253	7.235508e-07	1.799902e+00	8.677604e-01	
7254	7.236508e-07	1.799808e+00	8.666398e-01	
7255	7.237508e-07	1.799902e+00	8.655207e-01	
7256	7.238508e-07	1.799808e+00	8.644029e-01	
7257	7.239508e-07	1.799902e+00	8.632867e-01	
7258	7.240508e-07	1.799808e+00	8.621719e-01	
7259	7.241508e-07	1.799902e+00	8.610586e-01	
7260	7.242508e-07	1.799809e+00	8.599467e-01	
7261	7.243508e-07	1.799902e+00	8.588363e-01	
7262	7.244508e-07	1.799809e+00	8.577272e-01	
7263	7.245508e-07	1.799902e+00	8.566197e-01	
7264	7.246508e-07	1.799809e+00	8.555136e-01	
7265	7.247508e-07	1.799902e+00	8.544089e-01	
7266	7.248508e-07	1.799809e+00	8.533057e-01	
7267	7.249508e-07	1.799902e+00	8.522039e-01	
7268	7.250508e-07	1.799810e+00	8.511035e-01	
7269	7.251508e-07	1.799902e+00	8.500046e-01	
7270	7.252508e-07	1.799810e+00	8.489071e-01	
7271	7.253508e-07	1.799902e+00	8.478110e-01	
7272	7.254508e-07	1.799810e+00	8.467164e-01	
7273	7.255508e-07	1.799902e+00	8.456232e-01	
7274	7.256508e-07	1.799811e+00	8.445314e-01	
7275	7.257508e-07	1.799902e+00	8.434410e-01	
7276	7.258508e-07	1.799811e+00	8.423520e-01	
7277	7.259508e-07	1.799901e+00	8.412646e-01	
7278	7.260508e-07	1.799811e+00	8.401784e-01	
7279	7.261508e-07	1.799901e+00	8.390937e-01	
7280	7.262508e-07	1.799811e+00	8.380104e-01	
7281	7.263508e-07	1.799901e+00	8.369286e-01	
7282	7.264508e-07	1.799812e+00	8.358481e-01	
7283	7.265508e-07	1.799901e+00	8.347691e-01	
7284	7.266508e-07	1.799812e+00	8.336914e-01	
7285	7.267508e-07	1.799901e+00	8.326152e-01	
7286	7.268508e-07	1.799812e+00	8.315404e-01	
7287	7.269508e-07	1.799901e+00	8.304670e-01	
7288	7.270508e-07	1.799813e+00	8.293949e-01	
7289	7.271508e-07	1.799901e+00	8.283243e-01	
7290	7.272508e-07	1.799813e+00	8.272551e-01	
7291	7.273508e-07	1.799901e+00	8.261873e-01	
7292	7.274508e-07	1.799813e+00	8.251208e-01	
7293	7.275508e-07	1.799901e+00	8.240558e-01	
7294	7.276508e-07	1.799813e+00	8.229921e-01	
7295	7.277508e-07	1.799901e+00	8.219298e-01	
7296	7.278508e-07	1.799814e+00	8.208689e-01	
7297	7.279508e-07	1.799901e+00	8.198094e-01	
7298	7.280508e-07	1.799814e+00	8.187513e-01	
7299	7.281508e-07	1.799901e+00	8.176946e-01	
7300	7.282508e-07	1.799814e+00	8.166392e-01	
7301	7.283508e-07	1.799901e+00	8.155852e-01	
7302	7.284508e-07	1.799814e+00	8.145326e-01	
7303	7.285508e-07	1.799901e+00	8.134814e-01	
7304	7.286508e-07	1.799815e+00	8.124315e-01	

Index   time            vout2           v(x2.comp_p_0/v 
--------------------------------------------------------------------------------
7305	7.287508e-07	1.799901e+00	8.113830e-01	
7306	7.288508e-07	1.799815e+00	8.103359e-01	
7307	7.289508e-07	1.799901e+00	8.092902e-01	
7308	7.290508e-07	1.799815e+00	8.082457e-01	
7309	7.291508e-07	1.799901e+00	8.072027e-01	
7310	7.292508e-07	1.799816e+00	8.061610e-01	
7311	7.293508e-07	1.799901e+00	8.051208e-01	
7312	7.294508e-07	1.799816e+00	8.040818e-01	
7313	7.295508e-07	1.799901e+00	8.030442e-01	
7314	7.296508e-07	1.799816e+00	8.020079e-01	
7315	7.297508e-07	1.799900e+00	8.009731e-01	
7316	7.298508e-07	1.799816e+00	7.999395e-01	
7317	7.299508e-07	1.799900e+00	7.989074e-01	
7318	7.300508e-07	1.799817e+00	7.978765e-01	
7319	7.301508e-07	1.799900e+00	7.968470e-01	
7320	7.302508e-07	1.799817e+00	7.958189e-01	
7321	7.303508e-07	1.799900e+00	7.947921e-01	
7322	7.304508e-07	1.799817e+00	7.937666e-01	
7323	7.305508e-07	1.799900e+00	7.927425e-01	
7324	7.306508e-07	1.799817e+00	7.917197e-01	
7325	7.307508e-07	1.799900e+00	7.906983e-01	
7326	7.308508e-07	1.799818e+00	7.896781e-01	
7327	7.309508e-07	1.799900e+00	7.886593e-01	
7328	7.310508e-07	1.799818e+00	7.876418e-01	
7329	7.311508e-07	1.799900e+00	7.866258e-01	
7330	7.312508e-07	1.799818e+00	7.856109e-01	
7331	7.313508e-07	1.799900e+00	7.845975e-01	
7332	7.314508e-07	1.799818e+00	7.835853e-01	
7333	7.315508e-07	1.799900e+00	7.825745e-01	
7334	7.316508e-07	1.799819e+00	7.815649e-01	
7335	7.317508e-07	1.799900e+00	7.805567e-01	
7336	7.318508e-07	1.799819e+00	7.795498e-01	
7337	7.319508e-07	1.799900e+00	7.785443e-01	
7338	7.320508e-07	1.799819e+00	7.775400e-01	
7339	7.321508e-07	1.799900e+00	7.765371e-01	
7340	7.322508e-07	1.799819e+00	7.755354e-01	
7341	7.323508e-07	1.799900e+00	7.745351e-01	
7342	7.324508e-07	1.799820e+00	7.735360e-01	
7343	7.325508e-07	1.799900e+00	7.725384e-01	
7344	7.326508e-07	1.799820e+00	7.715419e-01	
7345	7.327508e-07	1.799900e+00	7.705468e-01	
7346	7.328508e-07	1.799820e+00	7.695529e-01	
7347	7.329508e-07	1.799900e+00	7.685605e-01	
7348	7.330508e-07	1.799820e+00	7.675692e-01	
7349	7.331508e-07	1.799900e+00	7.665793e-01	
7350	7.332508e-07	1.799821e+00	7.655906e-01	
7351	7.333508e-07	1.799900e+00	7.646033e-01	
7352	7.334508e-07	1.799821e+00	7.636172e-01	
7353	7.335508e-07	1.799899e+00	7.626324e-01	
7354	7.336508e-07	1.799821e+00	7.616489e-01	
7355	7.337508e-07	1.799899e+00	7.606667e-01	
7356	7.338508e-07	1.799821e+00	7.596857e-01	
7357	7.339508e-07	1.799899e+00	7.587061e-01	
7358	7.340508e-07	1.799822e+00	7.577277e-01	
7359	7.341508e-07	1.799899e+00	7.567506e-01	
7360	7.342508e-07	1.799822e+00	7.557747e-01	
7361	7.343508e-07	1.799899e+00	7.548002e-01	
7362	7.344508e-07	1.799822e+00	7.538269e-01	

Index   time            vout2           v(x2.comp_p_0/v 
--------------------------------------------------------------------------------
7363	7.345508e-07	1.799899e+00	7.528549e-01	
7364	7.346508e-07	1.799822e+00	7.518841e-01	
7365	7.347508e-07	1.799899e+00	7.509146e-01	
7366	7.348508e-07	1.799823e+00	7.499463e-01	
7367	7.349508e-07	1.799899e+00	7.489794e-01	
7368	7.350508e-07	1.799823e+00	7.480137e-01	
7369	7.351508e-07	1.799899e+00	7.470492e-01	
7370	7.352508e-07	1.799823e+00	7.460860e-01	
7371	7.353508e-07	1.799899e+00	7.451241e-01	
7372	7.354508e-07	1.799823e+00	7.441634e-01	
7373	7.355508e-07	1.799899e+00	7.432040e-01	
7374	7.356508e-07	1.799824e+00	7.422458e-01	
7375	7.357508e-07	1.799899e+00	7.412889e-01	
7376	7.358508e-07	1.799824e+00	7.403331e-01	
7377	7.359508e-07	1.799899e+00	7.393787e-01	
7378	7.360508e-07	1.799824e+00	7.384255e-01	
7379	7.361508e-07	1.799899e+00	7.374735e-01	
7380	7.362508e-07	1.799824e+00	7.365228e-01	
7381	7.363508e-07	1.799899e+00	7.355733e-01	
7382	7.364508e-07	1.799825e+00	7.346250e-01	
7383	7.365508e-07	1.799899e+00	7.336780e-01	
7384	7.366508e-07	1.799825e+00	7.327322e-01	
7385	7.367508e-07	1.799899e+00	7.317877e-01	
7386	7.368508e-07	1.799825e+00	7.308443e-01	
7387	7.369508e-07	1.799899e+00	7.299022e-01	
7388	7.370508e-07	1.799825e+00	7.289613e-01	
7389	7.371508e-07	1.799899e+00	7.280217e-01	
7390	7.372508e-07	1.799826e+00	7.270832e-01	
7391	7.373508e-07	1.799899e+00	7.261460e-01	
7392	7.374508e-07	1.799826e+00	7.252100e-01	
7393	7.375508e-07	1.799898e+00	7.242752e-01	
7394	7.376508e-07	1.799826e+00	7.233416e-01	
7395	7.377508e-07	1.799898e+00	7.224093e-01	
7396	7.378508e-07	1.799826e+00	7.214781e-01	
7397	7.379508e-07	1.799898e+00	7.205482e-01	
7398	7.380508e-07	1.799826e+00	7.196195e-01	
7399	7.381508e-07	1.799898e+00	7.186920e-01	
7400	7.382508e-07	1.799827e+00	7.177656e-01	
7401	7.383508e-07	1.799898e+00	7.168405e-01	
7402	7.384508e-07	1.799827e+00	7.159166e-01	
7403	7.385508e-07	1.799898e+00	7.149939e-01	
7404	7.386508e-07	1.799827e+00	7.140723e-01	
7405	7.387508e-07	1.799898e+00	7.131521e-01	
7406	7.388508e-07	1.799827e+00	7.122329e-01	
7407	7.389508e-07	1.799898e+00	7.113150e-01	
7408	7.390508e-07	1.799828e+00	7.103982e-01	
7409	7.391508e-07	1.799898e+00	7.094827e-01	
7410	7.392508e-07	1.799828e+00	7.085683e-01	
7411	7.393508e-07	1.799898e+00	7.076551e-01	
7412	7.394508e-07	1.799828e+00	7.067431e-01	
7413	7.395508e-07	1.799898e+00	7.058323e-01	
7414	7.396508e-07	1.799828e+00	7.049226e-01	
7415	7.397508e-07	1.799898e+00	7.040142e-01	
7416	7.398508e-07	1.799828e+00	7.031069e-01	
7417	7.399508e-07	1.799898e+00	7.022008e-01	
7418	7.400508e-07	1.799829e+00	7.012959e-01	
7419	7.401508e-07	1.799898e+00	7.003922e-01	
7420	7.402508e-07	1.799829e+00	6.994895e-01	

Index   time            vout2           v(x2.comp_p_0/v 
--------------------------------------------------------------------------------
7421	7.403508e-07	1.799898e+00	6.985881e-01	
7422	7.404508e-07	1.799829e+00	6.976879e-01	
7423	7.405508e-07	1.799898e+00	6.967888e-01	
7424	7.406508e-07	1.799829e+00	6.958909e-01	
7425	7.407508e-07	1.799898e+00	6.949941e-01	
7426	7.408508e-07	1.799830e+00	6.940985e-01	
7427	7.409508e-07	1.799898e+00	6.932041e-01	
7428	7.410508e-07	1.799830e+00	6.923108e-01	
7429	7.411508e-07	1.799898e+00	6.914187e-01	
7430	7.412508e-07	1.799830e+00	6.905277e-01	
7431	7.413508e-07	1.799898e+00	6.896379e-01	
7432	7.414508e-07	1.799830e+00	6.887492e-01	
7433	7.415508e-07	1.799898e+00	6.878618e-01	
7434	7.416508e-07	1.799830e+00	6.869754e-01	
7435	7.417508e-07	1.799897e+00	6.860902e-01	
7436	7.418508e-07	1.799831e+00	6.852061e-01	
7437	7.419508e-07	1.799897e+00	6.843232e-01	
7438	7.420508e-07	1.799831e+00	6.834414e-01	
7439	7.421508e-07	1.799897e+00	6.825608e-01	
7440	7.422508e-07	1.799831e+00	6.816812e-01	
7441	7.423508e-07	1.799897e+00	6.808029e-01	
7442	7.424508e-07	1.799831e+00	6.799256e-01	
7443	7.425508e-07	1.799897e+00	6.790496e-01	
7444	7.426508e-07	1.799832e+00	6.781746e-01	
7445	7.427508e-07	1.799897e+00	6.773008e-01	
7446	7.428508e-07	1.799832e+00	6.764280e-01	
7447	7.429508e-07	1.799897e+00	6.755565e-01	
7448	7.430508e-07	1.799832e+00	6.746860e-01	
7449	7.431508e-07	1.799897e+00	6.738168e-01	
7450	7.432508e-07	1.799832e+00	6.729485e-01	
7451	7.433508e-07	1.799897e+00	6.720815e-01	
7452	7.434508e-07	1.799832e+00	6.712155e-01	
7453	7.435508e-07	1.799897e+00	6.703508e-01	
7454	7.436508e-07	1.799833e+00	6.694870e-01	
7455	7.437508e-07	1.799897e+00	6.686245e-01	
7456	7.438508e-07	1.799833e+00	6.677630e-01	
7457	7.439508e-07	1.799897e+00	6.669027e-01	
7458	7.440508e-07	1.799833e+00	6.660434e-01	
7459	7.441508e-07	1.799897e+00	6.651853e-01	
7460	7.442508e-07	1.799833e+00	6.643283e-01	
7461	7.443508e-07	1.799897e+00	6.634724e-01	
7462	7.444508e-07	1.799833e+00	6.626176e-01	
7463	7.445508e-07	1.799897e+00	6.617640e-01	
7464	7.446508e-07	1.799834e+00	6.609114e-01	
7465	7.447508e-07	1.799897e+00	6.600599e-01	
7466	7.448508e-07	1.799834e+00	6.592095e-01	
7467	7.449508e-07	1.799897e+00	6.583603e-01	
7468	7.450508e-07	1.799834e+00	6.575121e-01	
7469	7.451508e-07	1.799897e+00	6.566651e-01	
7470	7.452508e-07	1.799834e+00	6.558191e-01	
7471	7.453508e-07	1.799897e+00	6.549743e-01	
7472	7.454508e-07	1.799834e+00	6.541306e-01	
7473	7.455508e-07	1.799897e+00	6.532879e-01	
7474	7.456508e-07	1.799835e+00	6.524464e-01	
7475	7.457508e-07	1.799897e+00	6.516059e-01	
7476	7.458508e-07	1.799835e+00	6.507665e-01	
7477	7.459508e-07	1.799897e+00	6.499283e-01	
7478	7.460508e-07	1.799835e+00	6.490911e-01	

Index   time            vout2           v(x2.comp_p_0/v 
--------------------------------------------------------------------------------
7479	7.461508e-07	1.799896e+00	6.482551e-01	
7480	7.462508e-07	1.799835e+00	6.474200e-01	
7481	7.463508e-07	1.799896e+00	6.465862e-01	
7482	7.464508e-07	1.799835e+00	6.457533e-01	
7483	7.465508e-07	1.799896e+00	6.449217e-01	
7484	7.466508e-07	1.799836e+00	6.440910e-01	
7485	7.467508e-07	1.799896e+00	6.432615e-01	
7486	7.468508e-07	1.799836e+00	6.424330e-01	
7487	7.469508e-07	1.799896e+00	6.416057e-01	
7488	7.470508e-07	1.799836e+00	6.407794e-01	
7489	7.471508e-07	1.799896e+00	6.399542e-01	
7490	7.472508e-07	1.799836e+00	6.391300e-01	
7491	7.473508e-07	1.799896e+00	6.383070e-01	
7492	7.474508e-07	1.799836e+00	6.374851e-01	
7493	7.475508e-07	1.799896e+00	6.366642e-01	
7494	7.476508e-07	1.799837e+00	6.358444e-01	
7495	7.477508e-07	1.799896e+00	6.350257e-01	
7496	7.478508e-07	1.799837e+00	6.342080e-01	
7497	7.479508e-07	1.799896e+00	6.333915e-01	
7498	7.480508e-07	1.799837e+00	6.325760e-01	
7499	7.481508e-07	1.799896e+00	6.317616e-01	
7500	7.482508e-07	1.799837e+00	6.309482e-01	
7501	7.483508e-07	1.799896e+00	6.301360e-01	
7502	7.484508e-07	1.799837e+00	6.293247e-01	
7503	7.485508e-07	1.799896e+00	6.285146e-01	
7504	7.486508e-07	1.799837e+00	6.277055e-01	
7505	7.487508e-07	1.799896e+00	6.268975e-01	
7506	7.488508e-07	1.799838e+00	6.260905e-01	
7507	7.489508e-07	1.799897e+00	6.252847e-01	
7508	7.490508e-07	1.799838e+00	6.244799e-01	
7509	7.491508e-07	1.799896e+00	6.236761e-01	
7510	7.492508e-07	1.799838e+00	6.228734e-01	
7511	7.493508e-07	1.799896e+00	6.220718e-01	
7512	7.494508e-07	1.799838e+00	6.212712e-01	
7513	7.495508e-07	1.799896e+00	6.204717e-01	
7514	7.496508e-07	1.799838e+00	6.196732e-01	
7515	7.497508e-07	1.799896e+00	6.188758e-01	
7516	7.498508e-07	1.799839e+00	6.180794e-01	
7517	7.499508e-07	1.799896e+00	6.172841e-01	
7518	7.500508e-07	1.799839e+00	6.164898e-01	
7519	7.501508e-07	1.799896e+00	6.156966e-01	
7520	7.502508e-07	1.799839e+00	6.149044e-01	
7521	7.503508e-07	1.799896e+00	6.141133e-01	
7522	7.504508e-07	1.799839e+00	6.133232e-01	
7523	7.505508e-07	1.799896e+00	6.125342e-01	
7524	7.506508e-07	1.799839e+00	6.117462e-01	
7525	7.507508e-07	1.799895e+00	6.109592e-01	
7526	7.508508e-07	1.799840e+00	6.101733e-01	
7527	7.509508e-07	1.799895e+00	6.093884e-01	
7528	7.510508e-07	1.799840e+00	6.086045e-01	
7529	7.511508e-07	1.799895e+00	6.078217e-01	
7530	7.512508e-07	1.799840e+00	6.070399e-01	
7531	7.513508e-07	1.799895e+00	6.062592e-01	
7532	7.514508e-07	1.799840e+00	6.054794e-01	
7533	7.515508e-07	1.799895e+00	6.047007e-01	
7534	7.516508e-07	1.799840e+00	6.039230e-01	
7535	7.517508e-07	1.799895e+00	6.031464e-01	
7536	7.518508e-07	1.799840e+00	6.023707e-01	

Index   time            vout2           v(x2.comp_p_0/v 
--------------------------------------------------------------------------------
7537	7.519508e-07	1.799895e+00	6.015962e-01	
7538	7.520508e-07	1.799841e+00	6.008225e-01	
7539	7.521508e-07	1.799895e+00	6.000500e-01	
7540	7.522508e-07	1.799841e+00	5.992784e-01	
7541	7.523508e-07	1.799895e+00	5.985079e-01	
7542	7.524508e-07	1.799841e+00	5.977384e-01	
7543	7.525508e-07	1.799895e+00	5.969699e-01	
7544	7.526508e-07	1.799841e+00	5.962024e-01	
7545	7.527508e-07	1.799895e+00	5.954359e-01	
7546	7.528508e-07	1.799841e+00	5.946704e-01	
7547	7.529508e-07	1.799895e+00	5.939060e-01	
7548	7.530508e-07	1.799843e+00	5.931425e-01	
7549	7.531508e-07	1.799897e+00	5.923801e-01	
7550	7.532508e-07	1.799843e+00	5.916186e-01	
7551	7.533508e-07	1.799897e+00	5.908582e-01	
7552	7.534508e-07	1.799843e+00	5.900987e-01	
7553	7.535508e-07	1.799897e+00	5.893403e-01	
7554	7.536508e-07	1.799843e+00	5.885828e-01	
7555	7.537508e-07	1.799897e+00	5.878264e-01	
7556	7.538401e-07	1.799843e+00	5.871513e-01	
7557	7.539286e-07	1.799896e+00	5.864837e-01	
7558	7.540286e-07	1.799844e+00	5.857300e-01	
7559	7.541286e-07	1.799896e+00	5.849773e-01	
7560	7.542286e-07	1.799844e+00	5.842256e-01	
7561	7.543286e-07	1.799896e+00	5.834749e-01	
7562	7.544286e-07	1.799844e+00	5.827252e-01	
7563	7.545286e-07	1.799896e+00	5.819765e-01	
7564	7.546286e-07	1.799844e+00	5.812287e-01	
7565	7.547286e-07	1.799896e+00	5.804820e-01	
7566	7.548286e-07	1.799844e+00	5.797362e-01	
7567	7.549286e-07	1.799896e+00	5.789914e-01	
7568	7.550286e-07	1.799844e+00	5.782475e-01	
7569	7.551286e-07	1.799896e+00	5.775047e-01	
7570	7.552286e-07	1.799845e+00	5.767628e-01	
7571	7.553286e-07	1.799896e+00	5.760220e-01	
7572	7.554286e-07	1.799845e+00	5.752820e-01	
7573	7.555286e-07	1.799896e+00	5.745431e-01	
7574	7.556286e-07	1.799845e+00	5.738051e-01	
7575	7.557286e-07	1.799896e+00	5.730682e-01	
7576	7.558286e-07	1.799845e+00	5.723321e-01	
7577	7.559286e-07	1.799896e+00	5.715971e-01	
7578	7.560286e-07	1.799845e+00	5.708629e-01	
7579	7.561286e-07	1.799896e+00	5.701298e-01	
7580	7.562286e-07	1.799845e+00	5.693976e-01	
7581	7.563286e-07	1.799896e+00	5.686664e-01	
7582	7.564286e-07	1.799846e+00	5.679361e-01	
7583	7.565286e-07	1.799896e+00	5.672069e-01	
7584	7.566286e-07	1.799846e+00	5.664785e-01	
7585	7.567286e-07	1.799896e+00	5.657512e-01	
7586	7.568286e-07	1.799846e+00	5.650247e-01	
7587	7.569286e-07	1.799896e+00	5.642992e-01	
7588	7.570286e-07	1.799846e+00	5.635747e-01	
7589	7.571286e-07	1.799896e+00	5.628511e-01	
7590	7.572286e-07	1.799846e+00	5.621284e-01	
7591	7.573286e-07	1.799896e+00	5.614067e-01	
7592	7.574286e-07	1.799846e+00	5.606859e-01	
7593	7.575286e-07	1.799896e+00	5.599661e-01	
7594	7.576286e-07	1.799845e+00	5.592472e-01	

Index   time            vout2           v(x2.comp_p_0/v 
--------------------------------------------------------------------------------
7595	7.577286e-07	1.799895e+00	5.585292e-01	
7596	7.578286e-07	1.799846e+00	5.578121e-01	
7597	7.579286e-07	1.799894e+00	5.570960e-01	
7598	7.580286e-07	1.799846e+00	5.563807e-01	
7599	7.581286e-07	1.799894e+00	5.556664e-01	
7600	7.582286e-07	1.799846e+00	5.549529e-01	
7601	7.583286e-07	1.799894e+00	5.542404e-01	
7602	7.584286e-07	1.799846e+00	5.535287e-01	
7603	7.585286e-07	1.799894e+00	5.528180e-01	
7604	7.586286e-07	1.799846e+00	5.521080e-01	
7605	7.587286e-07	1.799894e+00	5.513989e-01	
7606	7.588286e-07	1.799846e+00	5.506907e-01	
7607	7.589286e-07	1.799894e+00	5.499833e-01	
7608	7.590286e-07	1.799846e+00	5.492767e-01	
7609	7.591286e-07	1.799894e+00	5.485709e-01	
7610	7.592286e-07	1.799847e+00	5.478659e-01	
7611	7.593286e-07	1.799894e+00	5.471616e-01	
7612	7.594286e-07	1.799847e+00	5.464581e-01	
7613	7.595286e-07	1.799894e+00	5.457554e-01	
7614	7.596286e-07	1.799847e+00	5.450533e-01	
7615	7.597286e-07	1.799894e+00	5.443520e-01	
7616	7.598286e-07	1.799847e+00	5.436513e-01	
7617	7.599286e-07	1.799894e+00	5.429513e-01	
7618	7.600286e-07	1.799847e+00	5.422520e-01	
7619	7.601286e-07	1.799894e+00	5.415534e-01	
7620	7.602286e-07	1.799847e+00	5.408553e-01	
7621	7.603286e-07	1.799894e+00	5.401580e-01	
7622	7.604286e-07	1.799849e+00	5.394612e-01	
7623	7.605286e-07	1.799894e+00	5.387652e-01	
7624	7.606286e-07	1.799848e+00	5.380698e-01	
7625	7.607286e-07	1.799894e+00	5.373751e-01	
7626	7.608286e-07	1.799848e+00	5.366809e-01	
7627	7.609286e-07	1.799894e+00	5.359876e-01	
7628	7.610286e-07	1.799849e+00	5.352948e-01	
7629	7.611286e-07	1.799894e+00	5.346029e-01	
7630	7.612286e-07	1.799848e+00	5.339116e-01	
7631	7.613286e-07	1.799894e+00	5.332210e-01	
7632	7.614286e-07	1.799848e+00	5.325312e-01	
7633	7.615286e-07	1.799894e+00	5.318422e-01	
7634	7.616286e-07	1.799849e+00	5.311539e-01	
7635	7.617286e-07	1.799894e+00	5.304665e-01	
7636	7.618286e-07	1.799850e+00	5.297798e-01	
7637	7.619286e-07	1.799893e+00	5.290940e-01	
7638	7.620286e-07	1.799850e+00	5.284089e-01	
7639	7.621286e-07	1.799894e+00	5.277247e-01	
7640	7.622286e-07	1.799850e+00	5.270412e-01	
7641	7.623286e-07	1.799894e+00	5.263587e-01	
7642	7.624286e-07	1.799850e+00	5.256768e-01	
7643	7.625286e-07	1.799894e+00	5.249959e-01	
7644	7.626286e-07	1.799849e+00	5.243158e-01	
7645	7.627286e-07	1.799893e+00	5.236366e-01	
7646	7.628286e-07	1.799849e+00	5.229582e-01	
7647	7.629286e-07	1.799893e+00	5.222806e-01	
7648	7.630286e-07	1.799849e+00	5.216039e-01	
7649	7.631286e-07	1.799893e+00	5.209281e-01	
7650	7.632286e-07	1.799850e+00	5.202531e-01	
7651	7.633286e-07	1.799894e+00	5.195791e-01	
7652	7.634286e-07	1.799851e+00	5.189058e-01	

Index   time            vout2           v(x2.comp_p_0/v 
--------------------------------------------------------------------------------
7653	7.635286e-07	1.799894e+00	5.182335e-01	
7654	7.636286e-07	1.799851e+00	5.175620e-01	
7655	7.637286e-07	1.799894e+00	5.168914e-01	
7656	7.638286e-07	1.799850e+00	5.162216e-01	
7657	7.639286e-07	1.799893e+00	5.155528e-01	
7658	7.640286e-07	1.799850e+00	5.148848e-01	
7659	7.641286e-07	1.799893e+00	5.142178e-01	
7660	7.642286e-07	1.799850e+00	5.135515e-01	
7661	7.643286e-07	1.799893e+00	5.128862e-01	
7662	7.644286e-07	1.799850e+00	5.122217e-01	
7663	7.645286e-07	1.799893e+00	5.115581e-01	
7664	7.646286e-07	1.799850e+00	5.108953e-01	
7665	7.647286e-07	1.799893e+00	5.102334e-01	
7666	7.648286e-07	1.799850e+00	5.095724e-01	
7667	7.649286e-07	1.799892e+00	5.089122e-01	
7668	7.650286e-07	1.799851e+00	5.082529e-01	
7669	7.651286e-07	1.799893e+00	5.075945e-01	
7670	7.652286e-07	1.799851e+00	5.069368e-01	
7671	7.653286e-07	1.799893e+00	5.062801e-01	
7672	7.654286e-07	1.799851e+00	5.056242e-01	
7673	7.655286e-07	1.799893e+00	5.049692e-01	
7674	7.656286e-07	1.799851e+00	5.043149e-01	
7675	7.657286e-07	1.799893e+00	5.036616e-01	
7676	7.658286e-07	1.799851e+00	5.030090e-01	
7677	7.659286e-07	1.799893e+00	5.023574e-01	
7678	7.660286e-07	1.799852e+00	5.017065e-01	
7679	7.661286e-07	1.799892e+00	5.010565e-01	
7680	7.662286e-07	1.799851e+00	5.004073e-01	
7681	7.663286e-07	1.799892e+00	4.997590e-01	
7682	7.664286e-07	1.799851e+00	4.991115e-01	
7683	7.665286e-07	1.799892e+00	4.984648e-01	
7684	7.666286e-07	1.799852e+00	4.978190e-01	
7685	7.667286e-07	1.799892e+00	4.971740e-01	
7686	7.668286e-07	1.799852e+00	4.965298e-01	
7687	7.669286e-07	1.799892e+00	4.958865e-01	
7688	7.670286e-07	1.799852e+00	4.952439e-01	
7689	7.671286e-07	1.799892e+00	4.946023e-01	
7690	7.672286e-07	1.799852e+00	4.939614e-01	
7691	7.673286e-07	1.799892e+00	4.933214e-01	
7692	7.674286e-07	1.799852e+00	4.926822e-01	
7693	7.675286e-07	1.799892e+00	4.920438e-01	
7694	7.676286e-07	1.799852e+00	4.914062e-01	
7695	7.677286e-07	1.799892e+00	4.907695e-01	
7696	7.678286e-07	1.799852e+00	4.901336e-01	
7697	7.679286e-07	1.799892e+00	4.894985e-01	
7698	7.680286e-07	1.799852e+00	4.888642e-01	
7699	7.681286e-07	1.799891e+00	4.882308e-01	
7700	7.682286e-07	1.799852e+00	4.875981e-01	
7701	7.683286e-07	1.799891e+00	4.869663e-01	
7702	7.684286e-07	1.799852e+00	4.863353e-01	
7703	7.685286e-07	1.799891e+00	4.857051e-01	
7704	7.686286e-07	1.799853e+00	4.850757e-01	
7705	7.687286e-07	1.799891e+00	4.844471e-01	
7706	7.688286e-07	1.799853e+00	4.838193e-01	
7707	7.689286e-07	1.799891e+00	4.831924e-01	
7708	7.690286e-07	1.799853e+00	4.825663e-01	
7709	7.691286e-07	1.799891e+00	4.819410e-01	
7710	7.692286e-07	1.799853e+00	4.813164e-01	

Index   time            vout2           v(x2.comp_p_0/v 
--------------------------------------------------------------------------------
7711	7.693286e-07	1.799891e+00	4.806927e-01	
7712	7.694286e-07	1.799853e+00	4.800698e-01	
7713	7.695286e-07	1.799891e+00	4.794477e-01	
7714	7.696286e-07	1.799853e+00	4.788264e-01	
7715	7.697286e-07	1.799891e+00	4.782059e-01	
7716	7.698286e-07	1.799853e+00	4.775861e-01	
7717	7.699286e-07	1.799891e+00	4.769673e-01	
7718	7.700286e-07	1.799853e+00	4.763491e-01	
7719	7.701286e-07	1.799891e+00	4.757319e-01	
7720	7.702286e-07	1.799853e+00	4.751153e-01	
7721	7.703286e-07	1.799890e+00	4.744996e-01	
7722	7.704286e-07	1.799853e+00	4.738846e-01	
7723	7.705286e-07	1.799890e+00	4.732705e-01	
7724	7.706286e-07	1.799853e+00	4.726571e-01	
7725	7.707286e-07	1.799890e+00	4.720446e-01	
7726	7.708286e-07	1.799853e+00	4.714327e-01	
7727	7.709286e-07	1.799890e+00	4.708218e-01	
7728	7.710286e-07	1.799853e+00	4.702115e-01	
7729	7.711286e-07	1.799889e+00	4.696021e-01	
7730	7.712286e-07	1.799853e+00	4.689934e-01	
7731	7.713286e-07	1.799889e+00	4.683855e-01	
7732	7.714286e-07	1.799852e+00	4.677784e-01	
7733	7.715286e-07	1.799888e+00	4.671720e-01	
7734	7.716286e-07	1.799852e+00	4.665664e-01	
7735	7.717286e-07	1.799888e+00	4.659616e-01	
7736	7.718286e-07	1.799852e+00	4.653575e-01	
7737	7.719286e-07	1.799887e+00	4.647543e-01	
7738	7.720286e-07	1.799851e+00	4.641518e-01	
7739	7.721286e-07	1.799887e+00	4.635500e-01	
7740	7.722286e-07	1.799851e+00	4.629490e-01	
7741	7.723286e-07	1.799886e+00	4.623489e-01	
7742	7.724286e-07	1.799850e+00	4.617494e-01	
7743	7.725286e-07	1.799885e+00	4.611507e-01	
7744	7.726286e-07	1.799850e+00	4.605528e-01	
7745	7.727286e-07	1.799884e+00	4.599557e-01	
7746	7.728286e-07	1.799849e+00	4.593592e-01	
7747	7.729286e-07	1.799883e+00	4.587637e-01	
7748	7.730286e-07	1.799848e+00	4.581688e-01	
7749	7.731286e-07	1.799882e+00	4.575747e-01	
7750	7.732286e-07	1.799848e+00	4.569813e-01	
7751	7.733286e-07	1.799881e+00	4.563888e-01	
7752	7.734286e-07	1.799847e+00	4.557970e-01	
7753	7.735286e-07	1.799880e+00	4.552059e-01	
7754	7.736286e-07	1.799846e+00	4.546156e-01	
7755	7.737286e-07	1.799879e+00	4.540260e-01	
7756	7.738286e-07	1.799844e+00	4.534371e-01	
7757	7.739286e-07	1.799877e+00	4.528490e-01	
7758	7.740286e-07	1.799843e+00	4.522616e-01	
7759	7.741286e-07	1.799876e+00	4.516750e-01	
7760	7.742286e-07	1.799842e+00	4.510890e-01	
7761	7.743286e-07	1.799875e+00	4.505038e-01	
7762	7.744286e-07	1.799842e+00	4.499192e-01	
7763	7.745286e-07	1.799875e+00	4.493355e-01	
7764	7.746286e-07	1.799843e+00	4.487524e-01	
7765	7.747286e-07	1.799876e+00	4.481701e-01	
7766	7.748286e-07	1.799845e+00	4.475884e-01	
7767	7.749286e-07	1.799880e+00	4.470076e-01	
7768	7.750286e-07	1.799852e+00	4.464274e-01	

Index   time            vout2           v(x2.comp_p_0/v 
--------------------------------------------------------------------------------
7769	7.751286e-07	1.799892e+00	4.458480e-01	
7770	7.752286e-07	1.799870e+00	4.452693e-01	
7771	7.753286e-07	1.799921e+00	4.446913e-01	
7772	7.754286e-07	1.799909e+00	4.441140e-01	
7773	7.755286e-07	1.799982e+00	4.435376e-01	
7774	7.756286e-07	1.799988e+00	4.429617e-01	
7775	7.757286e-07	1.800088e+00	4.423867e-01	
7776	7.758286e-07	1.800127e+00	4.418124e-01	
7777	7.759286e-07	1.800269e+00	4.412389e-01	
7778	7.760286e-07	1.800365e+00	4.406661e-01	
7779	7.761286e-07	1.800587e+00	4.400943e-01	
7780	7.762286e-07	1.800802e+00	4.395234e-01	
7781	7.763286e-07	1.801215e+00	4.389537e-01	
7782	7.764286e-07	1.801760e+00	4.383855e-01	
7783	7.765286e-07	1.802780e+00	4.378196e-01	
7784	7.766286e-07	1.804462e+00	4.372569e-01	
7785	7.767286e-07	1.807227e+00	4.366998e-01	
7786	7.768286e-07	1.810961e+00	4.361523e-01	
7787	7.769286e-07	1.816580e+00	4.356240e-01	
7788	7.770286e-07	1.827350e+00	4.351498e-01	
7789	7.771286e-07	1.830221e+00	4.350236e-01	
7790	7.772286e-07	7.987612e-01	4.360381e-01	
7791	7.773286e-07	1.317080e-03	4.376953e-01	
7792	7.774190e-07	1.048486e-02	4.392557e-01	
7793	7.775190e-07	-6.96325e-03	4.410097e-01	
7794	7.776190e-07	6.016073e-03	4.427569e-01	
7795	7.777190e-07	-5.17257e-03	4.445086e-01	
7796	7.778190e-07	4.496060e-03	4.462555e-01	
7797	7.779190e-07	-3.87980e-03	4.480028e-01	
7798	7.780190e-07	3.373782e-03	4.497472e-01	
7799	7.781190e-07	-2.91596e-03	4.514905e-01	
7800	7.782190e-07	2.535870e-03	4.532316e-01	
7801	7.783190e-07	-2.19386e-03	4.549709e-01	
7802	7.784190e-07	1.907769e-03	4.567082e-01	
7803	7.785190e-07	-1.65146e-03	4.584435e-01	
7804	7.786190e-07	1.435919e-03	4.601767e-01	
7805	7.787190e-07	-1.24348e-03	4.619078e-01	
7806	7.788190e-07	1.081026e-03	4.636370e-01	
7807	7.789190e-07	-9.36374e-04	4.653638e-01	
7808	7.790190e-07	8.139194e-04	4.670886e-01	
7809	7.791190e-07	-7.05109e-04	4.688111e-01	
7810	7.792190e-07	6.128065e-04	4.705316e-01	
7811	7.793190e-07	-5.30919e-04	4.722498e-01	
7812	7.794190e-07	4.613485e-04	4.739659e-01	
7813	7.795190e-07	-3.99703e-04	4.756796e-01	
7814	7.796190e-07	3.472710e-04	4.773913e-01	
7815	7.797190e-07	-3.00854e-04	4.791006e-01	
7816	7.798190e-07	2.613426e-04	4.808078e-01	
7817	7.799190e-07	-2.26389e-04	4.825127e-01	
7818	7.800190e-07	1.966162e-04	4.842155e-01	
7819	7.801190e-07	-1.70291e-04	4.859159e-01	
7820	7.802190e-07	1.478590e-04	4.876142e-01	
7821	7.803190e-07	-1.28035e-04	4.893102e-01	
7822	7.804190e-07	1.111361e-04	4.910040e-01	
7823	7.805190e-07	-9.62066e-05	4.926955e-01	
7824	7.806190e-07	8.347779e-05	4.943850e-01	
7825	7.807190e-07	-7.12269e-05	4.960720e-01	
7826	7.808190e-07	6.374676e-05	4.977570e-01	

Index   time            vout2           v(x2.comp_p_0/v 
--------------------------------------------------------------------------------
7827	7.809190e-07	-5.33453e-05	4.994395e-01	
7828	7.810190e-07	4.775504e-05	5.011201e-01	
7829	7.811190e-07	-3.99332e-05	5.027982e-01	
7830	7.812190e-07	3.572836e-05	5.044743e-01	
7831	7.813190e-07	-2.98481e-05	5.061480e-01	
7832	7.814190e-07	2.668279e-05	5.078197e-01	
7833	7.815190e-07	-2.22669e-05	5.094889e-01	
7834	7.816190e-07	1.988400e-05	5.111562e-01	
7835	7.817190e-07	-1.65708e-05	5.128210e-01	
7836	7.818190e-07	1.477586e-05	5.144838e-01	
7837	7.819190e-07	-1.22930e-05	5.161443e-01	
7838	7.820190e-07	1.094063e-05	5.178027e-01	
7839	7.821190e-07	-9.08296e-06	5.194587e-01	
7840	7.822190e-07	8.063908e-06	5.211127e-01	
7841	7.823190e-07	-6.67677e-06	5.227644e-01	
7842	7.824190e-07	5.908883e-06	5.244140e-01	
7843	7.825190e-07	-4.87576e-06	5.260613e-01	
7844	7.826190e-07	4.297269e-06	5.277065e-01	
7845	7.827190e-07	-3.53038e-06	5.293494e-01	
7846	7.828190e-07	3.094821e-06	5.309902e-01	
7847	7.829190e-07	-2.52805e-06	5.326287e-01	
7848	7.830190e-07	2.200448e-06	5.342653e-01	
7849	7.831190e-07	-1.78400e-06	5.358994e-01	
7850	7.832190e-07	1.538027e-06	5.375316e-01	
7851	7.833190e-07	-1.23438e-06	5.391614e-01	
7852	7.834190e-07	1.050231e-06	5.407892e-01	
7853	7.835190e-07	-8.31141e-07	5.424147e-01	
7854	7.836190e-07	6.938899e-07	5.440382e-01	
7855	7.837190e-07	-5.38081e-07	5.456593e-01	
7856	7.838190e-07	4.364950e-07	5.472785e-01	
7857	7.839190e-07	-3.27947e-07	5.488953e-01	
7858	7.840190e-07	2.535641e-07	5.505102e-01	
7859	7.841190e-07	-1.80212e-07	5.521228e-01	
7860	7.842190e-07	1.266602e-07	5.537333e-01	
7861	7.843190e-07	-7.94196e-08	5.553416e-01	
7862	7.844190e-07	4.189898e-08	5.569479e-01	
7863	7.845190e-07	-1.39310e-08	5.585519e-01	
7864	7.846190e-07	-1.11745e-08	5.601539e-01	
7865	7.847190e-07	2.574053e-08	5.617537e-01	
7866	7.848190e-07	-3.92867e-08	5.633514e-01	
7867	7.849190e-07	4.556711e-08	5.649469e-01	
7868	7.850190e-07	-5.02732e-08	5.665404e-01	
7869	7.851190e-07	4.986977e-08	5.681317e-01	
7870	7.852190e-07	-4.82800e-08	5.697210e-01	
7871	7.853190e-07	4.253611e-08	5.713080e-01	
7872	7.854190e-07	-3.65603e-08	5.728931e-01	
7873	7.855190e-07	2.648871e-08	5.744760e-01	
7874	7.856190e-07	-1.75634e-08	5.760569e-01	
7875	7.857190e-07	3.928092e-09	5.776355e-01	
7876	7.858190e-07	6.866675e-09	5.792122e-01	
7877	7.859190e-07	-2.29301e-08	5.807866e-01	
7878	7.860190e-07	3.646759e-08	5.823592e-01	
7879	7.861190e-07	-5.30077e-08	5.839295e-01	
7880	7.862190e-07	6.903804e-08	5.854978e-01	
7881	7.863190e-07	-8.56533e-08	5.870640e-01	
7882	7.864190e-07	1.038869e-07	5.886282e-01	
7883	7.865190e-07	-1.20184e-07	5.901902e-01	
7884	7.866190e-07	1.404040e-07	5.917503e-01	

Index   time            vout2           v(x2.comp_p_0/v 
--------------------------------------------------------------------------------
7885	7.867190e-07	-1.56089e-07	5.933082e-01	
7886	7.868190e-07	1.781299e-07	5.948641e-01	
7887	7.869190e-07	-1.92983e-07	5.964179e-01	
7888	7.870190e-07	2.167191e-07	5.979697e-01	
7889	7.871190e-07	-2.30577e-07	5.995194e-01	
7890	7.872190e-07	2.559116e-07	6.010672e-01	
7891	7.873190e-07	-2.68652e-07	6.026127e-01	
7892	7.874190e-07	2.955115e-07	6.041564e-01	
7893	7.875190e-07	-3.07045e-07	6.056979e-01	
7894	7.876190e-07	3.353720e-07	6.072375e-01	
7895	7.877190e-07	-3.45632e-07	6.087750e-01	
7896	7.878190e-07	3.753831e-07	6.103105e-01	
7897	7.879190e-07	-3.84323e-07	6.118439e-01	
7898	7.880190e-07	4.154621e-07	6.133755e-01	
7899	7.881190e-07	-4.23047e-07	6.149048e-01	
7900	7.882190e-07	4.555465e-07	6.164323e-01	
7901	7.883190e-07	-4.61752e-07	6.179576e-01	
7902	7.884190e-07	4.955893e-07	6.194811e-01	
7903	7.885190e-07	-5.00399e-07	6.210025e-01	
7904	7.886190e-07	5.355550e-07	6.225220e-01	
7905	7.887190e-07	-5.38957e-07	6.240393e-01	
7906	7.888190e-07	5.754173e-07	6.255548e-01	
7907	7.889190e-07	-5.77406e-07	6.270682e-01	
7908	7.890190e-07	6.151564e-07	6.285797e-01	
7909	7.891190e-07	-6.15728e-07	6.300891e-01	
7910	7.892190e-07	6.547576e-07	6.315967e-01	
7911	7.893190e-07	-6.53912e-07	6.331021e-01	
7912	7.894190e-07	6.942100e-07	6.346058e-01	
7913	7.895190e-07	-6.91948e-07	6.361073e-01	
7914	7.896190e-07	7.335055e-07	6.376070e-01	
7915	7.897190e-07	-7.29829e-07	6.391046e-01	
7916	7.898190e-07	7.726382e-07	6.406004e-01	
7917	7.899190e-07	-7.67551e-07	6.420941e-01	
7918	7.900190e-07	8.116039e-07	6.435860e-01	
7919	7.901190e-07	-8.05111e-07	6.450758e-01	
7920	7.902190e-07	8.503995e-07	6.465638e-01	
7921	7.903190e-07	-8.42505e-07	6.480497e-01	
7922	7.904190e-07	8.890228e-07	6.495338e-01	
7923	7.905190e-07	-8.79733e-07	6.510159e-01	
7924	7.906190e-07	9.274724e-07	6.524962e-01	
7925	7.907190e-07	-9.16792e-07	6.539744e-01	
7926	7.908190e-07	9.657473e-07	6.554508e-01	
7927	7.909190e-07	-9.53683e-07	6.569251e-01	
7928	7.910190e-07	1.003847e-06	6.583978e-01	
7929	7.911190e-07	-9.90406e-07	6.598683e-01	
7930	7.912190e-07	1.041771e-06	6.613371e-01	
7931	7.913190e-07	-1.02696e-06	6.628038e-01	
7932	7.914190e-07	1.079520e-06	6.642688e-01	
7933	7.915190e-07	-1.06334e-06	6.657317e-01	
7934	7.916190e-07	1.117092e-06	6.671929e-01	
7935	7.917190e-07	-1.09956e-06	6.686521e-01	
7936	7.918190e-07	1.154489e-06	6.701095e-01	
7937	7.919190e-07	-1.13561e-06	6.715649e-01	
7938	7.920190e-07	1.191711e-06	6.730185e-01	
7939	7.921190e-07	-1.17150e-06	6.744701e-01	
7940	7.922190e-07	1.228756e-06	6.759200e-01	
7941	7.923190e-07	-1.20722e-06	6.773679e-01	
7942	7.924190e-07	1.265624e-06	6.788140e-01	

Index   time            vout2           v(x2.comp_p_0/v 
--------------------------------------------------------------------------------
7943	7.925190e-07	-1.24277e-06	6.802582e-01	
7944	7.926190e-07	1.302315e-06	6.817006e-01	
7945	7.927190e-07	-1.27817e-06	6.831410e-01	
7946	7.928190e-07	1.338827e-06	6.845797e-01	
7947	7.929190e-07	-1.31341e-06	6.860163e-01	
7948	7.930190e-07	1.375139e-06	6.874513e-01	
7949	7.931190e-07	-1.34848e-06	6.888842e-01	
7950	7.932190e-07	1.411229e-06	6.903155e-01	
7951	7.933190e-07	-1.38336e-06	6.917447e-01	
7952	7.934190e-07	1.447082e-06	6.931722e-01	
7953	7.935190e-07	-1.41807e-06	6.945976e-01	
7954	7.936190e-07	1.482680e-06	6.960214e-01	
7955	7.937190e-07	-1.45260e-06	6.974431e-01	
7956	7.938190e-07	1.518003e-06	6.988630e-01	
7957	7.939190e-07	-1.48694e-06	7.002809e-01	
7958	7.940190e-07	1.553020e-06	7.016970e-01	
7959	7.941190e-07	-1.52107e-06	7.031111e-01	
7960	7.942190e-07	1.587700e-06	7.045233e-01	
7961	7.943190e-07	-1.55495e-06	7.059333e-01	
7962	7.944190e-07	1.622005e-06	7.073416e-01	
7963	7.945190e-07	-1.58851e-06	7.087476e-01	
7964	7.946190e-07	1.655912e-06	7.101516e-01	
7965	7.947190e-07	-1.62161e-06	7.115535e-01	
7966	7.948190e-07	1.689381e-06	7.129533e-01	
7967	7.949190e-07	-1.65414e-06	7.143508e-01	
7968	7.950190e-07	1.722537e-06	7.157463e-01	
7969	7.951190e-07	-1.68636e-06	7.171395e-01	
7970	7.952190e-07	1.755787e-06	7.185305e-01	
7971	7.953190e-07	-1.71843e-06	7.199192e-01	
7972	7.954190e-07	1.788592e-06	7.213058e-01	
7973	7.955190e-07	-1.74926e-06	7.226900e-01	
7974	7.956190e-07	1.821362e-06	7.240722e-01	
7975	7.957190e-07	-1.78087e-06	7.254521e-01	
7976	7.958190e-07	1.854728e-06	7.268300e-01	
7977	7.959190e-07	-1.81249e-06	7.282056e-01	
7978	7.960190e-07	1.887976e-06	7.295793e-01	
7979	7.961190e-07	-1.84400e-06	7.309509e-01	
7980	7.962190e-07	1.921062e-06	7.323206e-01	
7981	7.963190e-07	-1.87546e-06	7.336883e-01	
7982	7.964190e-07	1.953988e-06	7.350542e-01	
7983	7.965190e-07	-1.90688e-06	7.364181e-01	
7984	7.966190e-07	1.986779e-06	7.377803e-01	
7985	7.967190e-07	-1.93828e-06	7.391406e-01	
7986	7.968190e-07	2.019464e-06	7.404992e-01	
7987	7.969190e-07	-1.96984e-06	7.418560e-01	
7988	7.970190e-07	2.050308e-06	7.432111e-01	
7989	7.971190e-07	-1.99773e-06	7.445644e-01	
7990	7.972190e-07	2.080960e-06	7.459162e-01	
7991	7.973190e-07	-2.02898e-06	7.472661e-01	
7992	7.974190e-07	2.113688e-06	7.486145e-01	
7993	7.975190e-07	-2.06061e-06	7.499611e-01	
7994	7.976190e-07	2.146470e-06	7.513062e-01	
7995	7.977190e-07	-2.09220e-06	7.526495e-01	
7996	7.978190e-07	2.179137e-06	7.539912e-01	
7997	7.979190e-07	-2.12364e-06	7.553312e-01	
7998	7.980190e-07	2.211641e-06	7.566696e-01	
7999	7.981190e-07	-2.15492e-06	7.580063e-01	
8000	7.982190e-07	2.243964e-06	7.593415e-01	

Index   time            vout2           v(x2.comp_p_0/v 
--------------------------------------------------------------------------------
8001	7.983190e-07	-2.18606e-06	7.606749e-01	
8002	7.984190e-07	2.276096e-06	7.620068e-01	
8003	7.985190e-07	-2.21705e-06	7.633369e-01	
8004	7.986190e-07	2.308028e-06	7.646655e-01	
8005	7.987190e-07	-2.24792e-06	7.659924e-01	
8006	7.988190e-07	2.339782e-06	7.673177e-01	
8007	7.989190e-07	-2.27865e-06	7.686413e-01	
8008	7.990190e-07	2.371405e-06	7.699634e-01	
8009	7.991190e-07	-2.30918e-06	7.712838e-01	
8010	7.992190e-07	2.402922e-06	7.726026e-01	
8011	7.993190e-07	-2.33953e-06	7.739197e-01	
8012	7.994190e-07	2.434304e-06	7.752354e-01	
8013	7.995190e-07	-2.36973e-06	7.765492e-01	
8014	7.996190e-07	2.465522e-06	7.778616e-01	
8015	7.997190e-07	-2.39980e-06	7.791722e-01	
8016	7.998190e-07	2.496577e-06	7.804814e-01	
8017	7.999190e-07	-2.42974e-06	7.817888e-01	
8018	8.000190e-07	2.527489e-06	7.830947e-01	
8019	8.001190e-07	-2.45954e-06	7.843989e-01	
8020	8.002190e-07	2.558266e-06	7.857017e-01	
8021	8.003190e-07	-2.48920e-06	7.870026e-01	
8022	8.004190e-07	2.588913e-06	7.883022e-01	
8023	8.005190e-07	-2.51873e-06	7.896000e-01	
8024	8.006190e-07	2.619435e-06	7.908963e-01	
8025	8.007190e-07	-2.54814e-06	7.921909e-01	
8026	8.008190e-07	2.649835e-06	7.934841e-01	
8027	8.009190e-07	-2.57742e-06	7.947755e-01	
8028	8.010190e-07	2.680116e-06	7.960655e-01	
8029	8.011190e-07	-2.60658e-06	7.973537e-01	
8030	8.012190e-07	2.710283e-06	7.986405e-01	
8031	8.013190e-07	-2.63562e-06	7.999256e-01	
8032	8.014190e-07	2.740336e-06	8.012092e-01	
8033	8.015190e-07	-2.66456e-06	8.024912e-01	
8034	8.016190e-07	2.770275e-06	8.037717e-01	
8035	8.017190e-07	-2.69337e-06	8.050505e-01	
8036	8.018190e-07	2.800097e-06	8.063278e-01	
8037	8.019190e-07	-2.72207e-06	8.076035e-01	
8038	8.020190e-07	2.829796e-06	8.088777e-01	
8039	8.021190e-07	-2.75066e-06	8.101503e-01	
8040	8.022190e-07	2.859365e-06	8.114215e-01	
8041	8.023190e-07	-2.77912e-06	8.126909e-01	
8042	8.024190e-07	2.888794e-06	8.139590e-01	
8043	8.025190e-07	-2.80745e-06	8.152254e-01	
8044	8.026190e-07	2.918074e-06	8.164904e-01	
8045	8.027190e-07	-2.83564e-06	8.177538e-01	
8046	8.028190e-07	2.947176e-06	8.190158e-01	
8047	8.029190e-07	-2.86363e-06	8.202762e-01	
8048	8.030190e-07	2.976075e-06	8.215353e-01	
8049	8.031190e-07	-2.89151e-06	8.227928e-01	
8050	8.032190e-07	3.004864e-06	8.240489e-01	
8051	8.033190e-07	-2.91926e-06	8.253035e-01	
8052	8.034190e-07	3.033487e-06	8.265569e-01	
8053	8.035190e-07	-2.94684e-06	8.278086e-01	
8054	8.036190e-07	3.061938e-06	8.290591e-01	
8055	8.037190e-07	-2.97426e-06	8.303080e-01	
8056	8.038190e-07	3.090218e-06	8.315557e-01	
8057	8.039190e-07	-3.00151e-06	8.328018e-01	
8058	8.040190e-07	3.118328e-06	8.340466e-01	

Index   time            vout2           v(x2.comp_p_0/v 
--------------------------------------------------------------------------------
8059	8.041190e-07	-3.02859e-06	8.352898e-01	
8060	8.042190e-07	3.146272e-06	8.365318e-01	
8061	8.043190e-07	-3.05551e-06	8.377721e-01	
8062	8.044190e-07	3.174053e-06	8.390111e-01	
8063	8.045190e-07	-3.08227e-06	8.402485e-01	
8064	8.046190e-07	3.201672e-06	8.414846e-01	
8065	8.047190e-07	-3.10888e-06	8.427190e-01	
8066	8.048190e-07	3.229134e-06	8.439520e-01	
8067	8.049190e-07	-3.13534e-06	8.451834e-01	
8068	8.050190e-07	3.256443e-06	8.464135e-01	
8069	8.051190e-07	-3.16165e-06	8.476418e-01	
8070	8.052190e-07	3.283602e-06	8.488688e-01	
8071	8.053190e-07	-3.18783e-06	8.500941e-01	
8072	8.054190e-07	3.310616e-06	8.513180e-01	
8073	8.055190e-07	-3.21386e-06	8.525402e-01	
8074	8.056190e-07	3.337487e-06	8.537610e-01	
8075	8.057190e-07	-3.23977e-06	8.549801e-01	
8076	8.058190e-07	3.364220e-06	8.561979e-01	
8077	8.059190e-07	-3.26554e-06	8.574139e-01	
8078	8.060190e-07	3.390815e-06	8.586286e-01	
8079	8.061190e-07	-3.29118e-06	8.598416e-01	
8080	8.062190e-07	3.417277e-06	8.610531e-01	
8081	8.063190e-07	-3.31669e-06	8.622630e-01	
8082	8.064190e-07	3.443606e-06	8.634715e-01	
8083	8.065190e-07	-3.34208e-06	8.646783e-01	
8084	8.066190e-07	3.469804e-06	8.658837e-01	
8085	8.067190e-07	-3.36734e-06	8.670874e-01	
8086	8.068190e-07	3.495871e-06	8.682897e-01	
8087	8.069190e-07	-3.39248e-06	8.694904e-01	
8088	8.070190e-07	3.521810e-06	8.706896e-01	
8089	8.071190e-07	-3.41749e-06	8.718872e-01	
8090	8.072190e-07	3.547619e-06	8.730834e-01	
8091	8.073190e-07	-3.44238e-06	8.742779e-01	
8092	8.074190e-07	3.573301e-06	8.754710e-01	
8093	8.075190e-07	-3.46714e-06	8.766625e-01	
8094	8.076190e-07	3.598855e-06	8.778526e-01	
8095	8.077190e-07	-3.49178e-06	8.790410e-01	
8096	8.078190e-07	3.624282e-06	8.802280e-01	
8097	8.079190e-07	-3.51630e-06	8.814134e-01	
8098	8.080190e-07	3.649582e-06	8.825974e-01	
8099	8.081190e-07	-3.54069e-06	8.837797e-01	
8100	8.082190e-07	3.674755e-06	8.849607e-01	
8101	8.083190e-07	-3.56496e-06	8.861399e-01	
8102	8.084190e-07	3.699803e-06	8.873179e-01	
8103	8.085190e-07	-3.58911e-06	8.884942e-01	
8104	8.086190e-07	3.724725e-06	8.896691e-01	
8105	8.087190e-07	-3.61314e-06	8.908423e-01	
8106	8.088190e-07	3.749522e-06	8.920142e-01	
8107	8.089190e-07	-3.63705e-06	8.931845e-01	
8108	8.090190e-07	3.729007e-06	8.943534e-01	
8109	8.091190e-07	-3.67962e-06	8.955206e-01	
8110	8.092190e-07	3.758144e-06	8.966865e-01	
8111	8.093190e-07	-3.70673e-06	8.978508e-01	
8112	8.094190e-07	3.831249e-06	8.990137e-01	
8113	8.095190e-07	-3.75927e-06	9.001750e-01	
8114	8.096190e-07	3.835396e-06	9.013349e-01	
8115	8.097190e-07	-3.73214e-06	9.024932e-01	
8116	8.098190e-07	3.872752e-06	9.036501e-01	

Index   time            vout2           v(x2.comp_p_0/v 
--------------------------------------------------------------------------------
8117	8.099190e-07	-3.75576e-06	9.048054e-01	
8118	8.100190e-07	3.896572e-06	9.059594e-01	
8119	8.101190e-07	-3.77872e-06	9.071117e-01	
8120	8.102190e-07	3.920289e-06	9.082627e-01	
8121	8.103190e-07	-3.80161e-06	9.094121e-01	
8122	8.104190e-07	3.943939e-06	9.105602e-01	
8123	8.105190e-07	-3.82443e-06	9.117066e-01	
8124	8.106190e-07	3.967508e-06	9.128517e-01	
8125	8.107190e-07	-3.84717e-06	9.139951e-01	
8126	8.108190e-07	3.990987e-06	9.151373e-01	
8127	8.109190e-07	-3.86981e-06	9.162778e-01	
8128	8.110190e-07	4.014370e-06	9.174171e-01	
8129	8.111190e-07	-3.89236e-06	9.185547e-01	
8130	8.112190e-07	4.037651e-06	9.196909e-01	
8131	8.113190e-07	-3.91481e-06	9.208256e-01	
8132	8.114190e-07	4.060826e-06	9.219590e-01	
8133	8.115190e-07	-3.93716e-06	9.230907e-01	
8134	8.116190e-07	4.083894e-06	9.242212e-01	
8135	8.117190e-07	-3.95940e-06	9.253500e-01	
8136	8.118190e-07	4.106851e-06	9.264776e-01	
8137	8.119190e-07	-3.98153e-06	9.276035e-01	
8138	8.120190e-07	4.129698e-06	9.287281e-01	
8139	8.121190e-07	-4.00356e-06	9.298512e-01	
8140	8.122190e-07	4.152432e-06	9.309729e-01	
8141	8.123190e-07	-4.02547e-06	9.320930e-01	
8142	8.124190e-07	4.175388e-06	9.332119e-01	
8143	8.125190e-07	-4.04780e-06	9.343291e-01	
8144	8.126190e-07	4.198034e-06	9.354451e-01	
8145	8.127190e-07	-4.06938e-06	9.365595e-01	
8146	8.128190e-07	4.167583e-06	9.376726e-01	
8147	8.129190e-07	-4.10988e-06	9.387841e-01	
8148	8.130190e-07	4.248413e-06	9.398943e-01	
8149	8.131190e-07	-4.11658e-06	9.410029e-01	
8150	8.132190e-07	4.268429e-06	9.421103e-01	
8151	8.133190e-07	-4.13676e-06	9.432161e-01	
8152	8.134190e-07	4.235643e-06	9.443206e-01	
8153	8.135190e-07	-4.22913e-06	9.454235e-01	
8154	8.136190e-07	4.244700e-06	9.465251e-01	
8155	8.137190e-07	-4.24986e-06	9.476252e-01	
8156	8.138190e-07	4.266047e-06	9.487240e-01	
8157	8.139190e-07	-4.27119e-06	9.498213e-01	
8158	8.140190e-07	4.287381e-06	9.509172e-01	
8159	8.141190e-07	-4.29245e-06	9.520117e-01	
8160	8.142190e-07	4.308633e-06	9.531048e-01	
8161	8.143190e-07	-4.31361e-06	9.541964e-01	
8162	8.144064e-07	4.331274e-06	9.551502e-01	
8163	8.144989e-07	-4.33703e-06	9.561569e-01	
8164	8.145989e-07	4.353203e-06	9.572447e-01	
8165	8.146935e-07	-4.35859e-06	9.582723e-01	
8166	8.147935e-07	4.374754e-06	9.593574e-01	
8167	8.148935e-07	-4.37943e-06	9.604409e-01	
8168	8.149935e-07	4.395589e-06	9.615232e-01	
8169	8.150935e-07	-4.40016e-06	9.626039e-01	
8170	8.151935e-07	4.416313e-06	9.636833e-01	
8171	8.152935e-07	-4.42080e-06	9.647613e-01	
8172	8.153935e-07	4.436924e-06	9.658380e-01	
8173	8.154935e-07	-4.44133e-06	9.669131e-01	
8174	8.155935e-07	4.457424e-06	9.679870e-01	

Index   time            vout2           v(x2.comp_p_0/v 
--------------------------------------------------------------------------------
8175	8.156935e-07	-4.46176e-06	9.690594e-01	
8176	8.157935e-07	4.477812e-06	9.701305e-01	
8177	8.158935e-07	-4.48209e-06	9.712001e-01	
8178	8.159935e-07	4.498090e-06	9.722684e-01	
8179	8.160935e-07	-4.50232e-06	9.733353e-01	
8180	8.161935e-07	4.518259e-06	9.744009e-01	
8181	8.162935e-07	-4.52245e-06	9.754649e-01	
8182	8.163935e-07	4.538323e-06	9.765278e-01	
8183	8.164935e-07	-4.54249e-06	9.775891e-01	
8184	8.165935e-07	4.558285e-06	9.786492e-01	
8185	8.166935e-07	-4.56243e-06	9.797078e-01	
8186	8.167935e-07	4.578179e-06	9.807651e-01	
8187	8.168935e-07	-4.58233e-06	9.818210e-01	
8188	8.169935e-07	4.598020e-06	9.828756e-01	
8189	8.170935e-07	-4.60216e-06	9.839287e-01	
8190	8.171935e-07	4.617796e-06	9.849806e-01	
8191	8.172935e-07	-4.62192e-06	9.860310e-01	
8192	8.173935e-07	4.637495e-06	9.870802e-01	
8193	8.174935e-07	-4.64159e-06	9.881279e-01	
8194	8.175935e-07	4.657106e-06	9.891743e-01	
8195	8.176935e-07	-4.66118e-06	9.902193e-01	
8196	8.177935e-07	4.676622e-06	9.912630e-01	
8197	8.178935e-07	-4.68065e-06	9.923053e-01	
8198	8.179935e-07	4.696036e-06	9.933464e-01	
8199	8.180935e-07	-4.70003e-06	9.943859e-01	
8200	8.181935e-07	4.715346e-06	9.954243e-01	
8201	8.182935e-07	-4.71929e-06	9.964611e-01	
8202	8.183935e-07	4.734550e-06	9.974968e-01	
8203	8.184935e-07	-4.73845e-06	9.985310e-01	
8204	8.185935e-07	4.753645e-06	9.995640e-01	
8205	8.186935e-07	-4.75749e-06	1.000596e+00	
8206	8.187935e-07	4.772629e-06	1.001626e+00	
8207	8.188935e-07	-4.77642e-06	1.002655e+00	
8208	8.189935e-07	4.791503e-06	1.003682e+00	
8209	8.190935e-07	-4.79523e-06	1.004709e+00	
8210	8.191935e-07	4.810267e-06	1.005734e+00	
8211	8.192935e-07	-4.81394e-06	1.006757e+00	
8212	8.193935e-07	4.828923e-06	1.007779e+00	
8213	8.194935e-07	-4.83254e-06	1.008800e+00	
8214	8.195935e-07	4.847472e-06	1.009820e+00	
8215	8.196935e-07	-4.85103e-06	1.010838e+00	
8216	8.197935e-07	4.865914e-06	1.011855e+00	
8217	8.198935e-07	-4.86941e-06	1.012871e+00	
8218	8.199935e-07	4.884252e-06	1.013885e+00	
8219	8.200935e-07	-4.88769e-06	1.014898e+00	
8220	8.201935e-07	4.902485e-06	1.015910e+00	
8221	8.202935e-07	-4.90587e-06	1.016920e+00	
8222	8.203935e-07	4.920615e-06	1.017930e+00	
8223	8.204935e-07	-4.92394e-06	1.018937e+00	
8224	8.205935e-07	4.938644e-06	1.019944e+00	
8225	8.206935e-07	-4.94191e-06	1.020949e+00	
8226	8.207935e-07	4.956572e-06	1.021953e+00	
8227	8.208935e-07	-4.95978e-06	1.022955e+00	
8228	8.209935e-07	4.974400e-06	1.023957e+00	
8229	8.210935e-07	-4.97755e-06	1.024957e+00	
8230	8.211935e-07	4.992129e-06	1.025955e+00	
8231	8.212935e-07	-4.99522e-06	1.026953e+00	
8232	8.213935e-07	5.009761e-06	1.027949e+00	

Index   time            vout2           v(x2.comp_p_0/v 
--------------------------------------------------------------------------------
8233	8.214935e-07	-5.01279e-06	1.028944e+00	
8234	8.215935e-07	5.027296e-06	1.029937e+00	
8235	8.216935e-07	-5.03027e-06	1.030929e+00	
8236	8.217935e-07	5.044734e-06	1.031920e+00	
8237	8.218935e-07	-5.04765e-06	1.032910e+00	
8238	8.219935e-07	5.129533e-06	1.033899e+00	
8239	8.220935e-07	-4.97776e-06	1.034886e+00	
8240	8.221935e-07	5.157783e-06	1.035871e+00	
8241	8.222935e-07	-4.99452e-06	1.036856e+00	
8242	8.223935e-07	5.174711e-06	1.037839e+00	
8243	8.224935e-07	-5.01086e-06	1.038821e+00	
8244	8.225935e-07	5.191628e-06	1.039802e+00	
8245	8.226935e-07	-5.02721e-06	1.040781e+00	
8246	8.227935e-07	5.208551e-06	1.041760e+00	
8247	8.228935e-07	-5.04356e-06	1.042737e+00	
8248	8.229935e-07	5.225456e-06	1.043712e+00	
8249	8.230935e-07	-5.05989e-06	1.044687e+00	
8250	8.231935e-07	5.242324e-06	1.045660e+00	
8251	8.232935e-07	-5.07617e-06	1.046632e+00	
8252	8.233935e-07	5.259142e-06	1.047602e+00	
8253	8.234935e-07	-5.09239e-06	1.048572e+00	
8254	8.235935e-07	5.275901e-06	1.049540e+00	
8255	8.236935e-07	-5.10856e-06	1.050507e+00	
8256	8.237935e-07	5.292591e-06	1.051472e+00	
8257	8.238935e-07	-5.12466e-06	1.052437e+00	
8258	8.239935e-07	5.309209e-06	1.053400e+00	
8259	8.240935e-07	-5.14068e-06	1.054362e+00	
8260	8.241935e-07	5.325750e-06	1.055322e+00	
8261	8.242935e-07	-5.15663e-06	1.056282e+00	
8262	8.243935e-07	5.342210e-06	1.057240e+00	
8263	8.244935e-07	-5.17250e-06	1.058197e+00	
8264	8.245935e-07	5.358589e-06	1.059152e+00	
8265	8.246935e-07	-5.18829e-06	1.060107e+00	
8266	8.247935e-07	5.374885e-06	1.061060e+00	
8267	8.248935e-07	-5.20400e-06	1.062012e+00	
8268	8.249935e-07	5.391095e-06	1.062963e+00	
8269	8.250935e-07	-5.21962e-06	1.063912e+00	
8270	8.251935e-07	5.407221e-06	1.064860e+00	
8271	8.252935e-07	-5.23517e-06	1.065807e+00	
8272	8.253935e-07	5.423261e-06	1.066753e+00	
8273	8.254935e-07	-5.25063e-06	1.067698e+00	
8274	8.255935e-07	5.439215e-06	1.068641e+00	
8275	8.256935e-07	-5.26600e-06	1.069583e+00	
8276	8.257935e-07	5.455084e-06	1.070524e+00	
8277	8.258935e-07	-5.28130e-06	1.071464e+00	
8278	8.259935e-07	5.470867e-06	1.072402e+00	
8279	8.260935e-07	-5.29651e-06	1.073340e+00	
8280	8.261935e-07	5.486563e-06	1.074276e+00	
8281	8.262935e-07	-5.31164e-06	1.075211e+00	
8282	8.263935e-07	5.502175e-06	1.076144e+00	
8283	8.264935e-07	-5.32669e-06	1.077077e+00	
8284	8.265935e-07	5.517701e-06	1.078008e+00	
8285	8.266935e-07	-5.34165e-06	1.078938e+00	
8286	8.267935e-07	5.533142e-06	1.079867e+00	
8287	8.268935e-07	-5.35653e-06	1.080795e+00	
8288	8.269935e-07	5.548498e-06	1.081721e+00	
8289	8.270935e-07	-5.37133e-06	1.082646e+00	
8290	8.271935e-07	5.563770e-06	1.083570e+00	

Index   time            vout2           v(x2.comp_p_0/v 
--------------------------------------------------------------------------------
8291	8.272935e-07	-5.38605e-06	1.084493e+00	
8292	8.273935e-07	5.578958e-06	1.085415e+00	
8293	8.274935e-07	-5.40069e-06	1.086335e+00	
8294	8.275935e-07	5.594063e-06	1.087255e+00	
8295	8.276935e-07	-5.41525e-06	1.088173e+00	
8296	8.277935e-07	5.609084e-06	1.089090e+00	
8297	8.278935e-07	-5.42973e-06	1.090005e+00	
8298	8.279935e-07	5.624022e-06	1.090920e+00	
8299	8.280935e-07	-5.44412e-06	1.091833e+00	
8300	8.281935e-07	5.638877e-06	1.092746e+00	
8301	8.282935e-07	-5.45844e-06	1.093656e+00	
8302	8.283935e-07	5.653650e-06	1.094566e+00	
8303	8.284935e-07	-5.47268e-06	1.095475e+00	
8304	8.285935e-07	5.668341e-06	1.096383e+00	
8305	8.286935e-07	-5.48683e-06	1.097289e+00	
8306	8.287935e-07	5.682950e-06	1.098194e+00	
8307	8.288935e-07	-5.50091e-06	1.099098e+00	
8308	8.289935e-07	5.697478e-06	1.100001e+00	
8309	8.290935e-07	-5.51491e-06	1.100902e+00	
8310	8.291935e-07	5.711924e-06	1.101803e+00	
8311	8.292935e-07	-5.52884e-06	1.102702e+00	
8312	8.293935e-07	5.726290e-06	1.103601e+00	
8313	8.294935e-07	-5.54268e-06	1.104498e+00	
8314	8.295935e-07	5.740576e-06	1.105393e+00	
8315	8.296935e-07	-5.55645e-06	1.106288e+00	
8316	8.297935e-07	5.754782e-06	1.107182e+00	
8317	8.298935e-07	-5.57014e-06	1.108074e+00	
8318	8.299935e-07	5.768907e-06	1.108965e+00	
8319	8.300935e-07	-5.58375e-06	1.109855e+00	
8320	8.301935e-07	5.782954e-06	1.110745e+00	
8321	8.302935e-07	-5.59729e-06	1.111632e+00	
8322	8.303935e-07	5.796922e-06	1.112519e+00	
8323	8.304935e-07	-5.61075e-06	1.113404e+00	
8324	8.305935e-07	5.810809e-06	1.114289e+00	
8325	8.306935e-07	-5.62413e-06	1.115172e+00	
8326	8.307935e-07	5.824618e-06	1.116054e+00	
8327	8.308935e-07	-5.63744e-06	1.116935e+00	
8328	8.309935e-07	5.838351e-06	1.117815e+00	
8329	8.310935e-07	-5.65067e-06	1.118694e+00	
8330	8.311935e-07	5.852006e-06	1.119572e+00	
8331	8.312935e-07	-5.66383e-06	1.120448e+00	
8332	8.313935e-07	5.865584e-06	1.121323e+00	
8333	8.314935e-07	-5.67691e-06	1.122197e+00	
8334	8.315935e-07	5.879085e-06	1.123071e+00	
8335	8.316935e-07	-5.68992e-06	1.123942e+00	
8336	8.317935e-07	5.892509e-06	1.124813e+00	
8337	8.318935e-07	-5.70286e-06	1.125683e+00	
8338	8.319935e-07	5.905856e-06	1.126552e+00	
8339	8.320935e-07	-5.71572e-06	1.127419e+00	
8340	8.321935e-07	5.919128e-06	1.128286e+00	
8341	8.322935e-07	-5.72851e-06	1.129151e+00	
8342	8.323935e-07	5.932324e-06	1.130015e+00	
8343	8.324935e-07	-5.74122e-06	1.130878e+00	
8344	8.325935e-07	5.945444e-06	1.131740e+00	
8345	8.326935e-07	-5.75386e-06	1.132601e+00	
8346	8.327935e-07	5.958489e-06	1.133461e+00	
8347	8.328935e-07	-5.76643e-06	1.134319e+00	
8348	8.329935e-07	5.971460e-06	1.135177e+00	

Index   time            vout2           v(x2.comp_p_0/v 
--------------------------------------------------------------------------------
8349	8.330935e-07	-5.77893e-06	1.136033e+00	
8350	8.331935e-07	5.984356e-06	1.136888e+00	
8351	8.332935e-07	-5.79136e-06	1.137742e+00	
8352	8.333935e-07	5.997178e-06	1.138596e+00	
8353	8.334935e-07	-5.80371e-06	1.139448e+00	
8354	8.335935e-07	6.009926e-06	1.140299e+00	
8355	8.336935e-07	-5.81599e-06	1.141148e+00	
8356	8.337935e-07	6.022601e-06	1.141997e+00	
8357	8.338935e-07	-5.82820e-06	1.142845e+00	
8358	8.339935e-07	6.035203e-06	1.143691e+00	
8359	8.340935e-07	-5.84035e-06	1.144537e+00	
8360	8.341935e-07	6.047731e-06	1.145381e+00	
8361	8.342935e-07	-5.85242e-06	1.146224e+00	
8362	8.343935e-07	6.060188e-06	1.147067e+00	
8363	8.344935e-07	-5.86442e-06	1.147908e+00	
8364	8.345935e-07	6.072572e-06	1.148748e+00	
8365	8.346935e-07	-5.87635e-06	1.149587e+00	
8366	8.347935e-07	6.084884e-06	1.150425e+00	
8367	8.348935e-07	-5.88821e-06	1.151261e+00	
8368	8.349935e-07	6.097124e-06	1.152097e+00	
8369	8.350935e-07	-5.90000e-06	1.152932e+00	
8370	8.351935e-07	6.109293e-06	1.153765e+00	
8371	8.352935e-07	-5.91172e-06	1.154598e+00	
8372	8.353935e-07	6.121392e-06	1.155429e+00	
8373	8.354935e-07	-5.92338e-06	1.156260e+00	
8374	8.355935e-07	6.133419e-06	1.157089e+00	
8375	8.356935e-07	-5.93497e-06	1.157917e+00	
8376	8.357935e-07	6.145376e-06	1.158744e+00	
8377	8.358935e-07	-5.94648e-06	1.159570e+00	
8378	8.359935e-07	6.157263e-06	1.160396e+00	
8379	8.360935e-07	-5.95793e-06	1.161220e+00	
8380	8.361935e-07	6.169080e-06	1.162043e+00	
8381	8.362935e-07	-5.96932e-06	1.162864e+00	
8382	8.363935e-07	6.180828e-06	1.163685e+00	
8383	8.364935e-07	-5.98063e-06	1.164505e+00	
8384	8.365935e-07	6.192507e-06	1.165324e+00	
8385	8.366935e-07	-5.99188e-06	1.166141e+00	
8386	8.367935e-07	6.204116e-06	1.166958e+00	
8387	8.368935e-07	-6.00307e-06	1.167773e+00	
8388	8.369935e-07	6.215658e-06	1.168588e+00	
8389	8.370935e-07	-6.01418e-06	1.169401e+00	
8390	8.371935e-07	6.227130e-06	1.170214e+00	
8391	8.372935e-07	-6.02523e-06	1.171025e+00	
8392	8.373935e-07	6.238535e-06	1.171835e+00	
8393	8.374935e-07	-6.03622e-06	1.172644e+00	
8394	8.375935e-07	6.249872e-06	1.173453e+00	
8395	8.376935e-07	-6.04714e-06	1.174260e+00	
8396	8.377935e-07	6.261142e-06	1.175066e+00	
8397	8.378935e-07	-6.05799e-06	1.175871e+00	
8398	8.379935e-07	6.272344e-06	1.176675e+00	
8399	8.380935e-07	-6.06878e-06	1.177478e+00	
8400	8.381935e-07	6.283480e-06	1.178280e+00	
8401	8.382935e-07	-6.07950e-06	1.179081e+00	
8402	8.383935e-07	6.294549e-06	1.179881e+00	
8403	8.384935e-07	-6.09016e-06	1.180679e+00	
8404	8.385935e-07	6.305552e-06	1.181477e+00	
8405	8.386935e-07	-6.10076e-06	1.182274e+00	
8406	8.387935e-07	6.316489e-06	1.183070e+00	

Index   time            vout2           v(x2.comp_p_0/v 
--------------------------------------------------------------------------------
8407	8.388935e-07	-6.11129e-06	1.183864e+00	
8408	8.389935e-07	6.327360e-06	1.184658e+00	
8409	8.390935e-07	-6.12176e-06	1.185451e+00	
8410	8.391935e-07	6.338166e-06	1.186242e+00	
8411	8.392935e-07	-6.13217e-06	1.187033e+00	
8412	8.393935e-07	6.348907e-06	1.187822e+00	
8413	8.394935e-07	-6.14251e-06	1.188611e+00	
8414	8.395935e-07	6.359583e-06	1.189398e+00	
8415	8.396935e-07	-6.15279e-06	1.190185e+00	
8416	8.397935e-07	6.370194e-06	1.190970e+00	
8417	8.398935e-07	-6.16301e-06	1.191754e+00	
8418	8.399935e-07	6.380741e-06	1.192538e+00	
8419	8.400935e-07	-6.17316e-06	1.193320e+00	
8420	8.401935e-07	6.391224e-06	1.194101e+00	
8421	8.402935e-07	-6.18325e-06	1.194881e+00	
8422	8.403935e-07	6.401643e-06	1.195661e+00	
8423	8.404935e-07	-6.19328e-06	1.196439e+00	
8424	8.405935e-07	6.411999e-06	1.197216e+00	
8425	8.406935e-07	-6.20325e-06	1.197992e+00	
8426	8.407935e-07	6.422292e-06	1.198767e+00	
8427	8.408935e-07	-6.21316e-06	1.199541e+00	
8428	8.409935e-07	6.432522e-06	1.200314e+00	
8429	8.410935e-07	-6.22301e-06	1.201086e+00	
8430	8.411935e-07	6.442689e-06	1.201857e+00	
8431	8.412935e-07	-6.23280e-06	1.202627e+00	
8432	8.413935e-07	6.452794e-06	1.203396e+00	
8433	8.414935e-07	-6.24253e-06	1.204164e+00	
8434	8.415935e-07	6.462836e-06	1.204931e+00	
8435	8.416935e-07	-6.25219e-06	1.205697e+00	
8436	8.417935e-07	6.472817e-06	1.206462e+00	
8437	8.418935e-07	-6.26180e-06	1.207226e+00	
8438	8.419935e-07	6.482736e-06	1.207988e+00	
8439	8.420935e-07	-6.27135e-06	1.208750e+00	
8440	8.421935e-07	6.492594e-06	1.209511e+00	
8441	8.422935e-07	-6.28084e-06	1.210271e+00	
8442	8.423935e-07	6.502391e-06	1.211029e+00	
8443	8.424935e-07	-6.29026e-06	1.211787e+00	
8444	8.425935e-07	6.512127e-06	1.212544e+00	
8445	8.426935e-07	-6.29963e-06	1.213299e+00	
8446	8.427935e-07	6.521802e-06	1.214054e+00	
8447	8.428935e-07	-6.30895e-06	1.214807e+00	
8448	8.429935e-07	6.531417e-06	1.215560e+00	
8449	8.430935e-07	-6.31820e-06	1.216312e+00	
8450	8.431935e-07	6.540972e-06	1.217062e+00	
8451	8.432935e-07	-6.32740e-06	1.217812e+00	
8452	8.433935e-07	6.550467e-06	1.218560e+00	
8453	8.434935e-07	-6.33653e-06	1.219308e+00	
8454	8.435935e-07	6.559902e-06	1.220055e+00	
8455	8.436935e-07	-6.34562e-06	1.220800e+00	
8456	8.437935e-07	6.569278e-06	1.221545e+00	
8457	8.438935e-07	-6.35464e-06	1.222288e+00	
8458	8.439935e-07	6.578595e-06	1.223031e+00	
8459	8.440935e-07	-6.36361e-06	1.223772e+00	
8460	8.441935e-07	6.587853e-06	1.224513e+00	
8461	8.442935e-07	-6.37252e-06	1.225252e+00	
8462	8.443935e-07	6.597053e-06	1.225991e+00	
8463	8.444935e-07	-6.38137e-06	1.226728e+00	
8464	8.445935e-07	6.606194e-06	1.227465e+00	

Index   time            vout2           v(x2.comp_p_0/v 
--------------------------------------------------------------------------------
8465	8.446935e-07	-6.39017e-06	1.228200e+00	
8466	8.447935e-07	6.615277e-06	1.228935e+00	
8467	8.448935e-07	-6.39891e-06	1.229668e+00	
8468	8.449935e-07	6.624302e-06	1.230401e+00	
8469	8.450935e-07	-6.40759e-06	1.231133e+00	
8470	8.451935e-07	6.633270e-06	1.231863e+00	
8471	8.452935e-07	-6.41622e-06	1.232593e+00	
8472	8.453935e-07	6.642180e-06	1.233322e+00	
8473	8.454935e-07	-6.42480e-06	1.234049e+00	
8474	8.455935e-07	6.651034e-06	1.234776e+00	
8475	8.456935e-07	-6.43332e-06	1.235502e+00	
8476	8.457935e-07	6.659830e-06	1.236226e+00	
8477	8.458935e-07	-6.44178e-06	1.236950e+00	
8478	8.459935e-07	6.668570e-06	1.237673e+00	
8479	8.460935e-07	-6.45020e-06	1.238395e+00	
8480	8.461935e-07	6.677253e-06	1.239116e+00	
8481	8.462935e-07	-6.45855e-06	1.239836e+00	
8482	8.463935e-07	6.685880e-06	1.240555e+00	
8483	8.464935e-07	-6.46686e-06	1.241272e+00	
8484	8.465935e-07	6.694451e-06	1.241989e+00	
8485	8.466935e-07	-6.47510e-06	1.242705e+00	
8486	8.467935e-07	6.702967e-06	1.243421e+00	
8487	8.468935e-07	-6.48330e-06	1.244135e+00	
8488	8.469935e-07	6.711427e-06	1.244848e+00	
8489	8.470935e-07	-6.49144e-06	1.245560e+00	
8490	8.471935e-07	6.719832e-06	1.246271e+00	
8491	8.472935e-07	-6.49953e-06	1.246981e+00	
8492	8.473935e-07	6.728182e-06	1.247691e+00	
8493	8.474935e-07	-6.50757e-06	1.248399e+00	
8494	8.475935e-07	6.736477e-06	1.249107e+00	
8495	8.476935e-07	-6.51555e-06	1.249813e+00	
8496	8.477935e-07	6.744717e-06	1.250519e+00	
8497	8.478935e-07	-6.52348e-06	1.251223e+00	
8498	8.479935e-07	6.752904e-06	1.251927e+00	
8499	8.480935e-07	-6.53136e-06	1.252630e+00	
8500	8.481935e-07	6.761034e-06	1.253331e+00	
8501	8.482935e-07	-6.53918e-06	1.254032e+00	
8502	8.483935e-07	6.769114e-06	1.254732e+00	
8503	8.484935e-07	-6.54696e-06	1.255431e+00	
8504	8.485935e-07	6.777143e-06	1.256129e+00	
8505	8.486935e-07	-6.55469e-06	1.256826e+00	
8506	8.487935e-07	6.785118e-06	1.257522e+00	
8507	8.488935e-07	-6.56237e-06	1.258218e+00	
8508	8.489935e-07	6.793039e-06	1.258912e+00	
8509	8.490935e-07	-6.56999e-06	1.259605e+00	
8510	8.491935e-07	6.800905e-06	1.260298e+00	
8511	8.492935e-07	-6.57756e-06	1.260989e+00	
8512	8.493935e-07	6.808718e-06	1.261680e+00	
8513	8.494935e-07	-6.58508e-06	1.262370e+00	
8514	8.495935e-07	6.816478e-06	1.263058e+00	
8515	8.496935e-07	-6.59255e-06	1.263746e+00	
8516	8.497935e-07	6.824184e-06	1.264433e+00	
8517	8.498935e-07	-6.59997e-06	1.265119e+00	
8518	8.499935e-07	6.831838e-06	1.265804e+00	
8519	8.500935e-07	-6.60734e-06	1.266489e+00	
8520	8.501935e-07	6.839438e-06	1.267172e+00	
8521	8.502935e-07	-6.61465e-06	1.267854e+00	
8522	8.503935e-07	6.846985e-06	1.268536e+00	

Index   time            vout2           v(x2.comp_p_0/v 
--------------------------------------------------------------------------------
8523	8.504935e-07	-6.62192e-06	1.269216e+00	
8524	8.505935e-07	6.854480e-06	1.269896e+00	
8525	8.506935e-07	-6.62913e-06	1.270575e+00	
8526	8.507935e-07	6.861921e-06	1.271253e+00	
8527	8.508935e-07	-6.63630e-06	1.271930e+00	
8528	8.509935e-07	6.869309e-06	1.272606e+00	
8529	8.510935e-07	-6.64341e-06	1.273281e+00	
8530	8.511935e-07	6.876643e-06	1.273955e+00	
8531	8.512935e-07	-6.65047e-06	1.274629e+00	
8532	8.513935e-07	6.883924e-06	1.275301e+00	
8533	8.514935e-07	-6.65748e-06	1.275973e+00	
8534	8.515935e-07	6.891157e-06	1.276644e+00	
8535	8.516935e-07	-6.66445e-06	1.277314e+00	
8536	8.517935e-07	6.898350e-06	1.277983e+00	
8537	8.518935e-07	-6.67138e-06	1.278651e+00	
8538	8.519935e-07	6.905500e-06	1.279318e+00	
8539	8.520935e-07	-6.67828e-06	1.279985e+00	
8540	8.521935e-07	6.912608e-06	1.280650e+00	
8541	8.522935e-07	-6.68511e-06	1.281315e+00	
8542	8.523935e-07	6.919625e-06	1.281979e+00	
8543	8.524935e-07	-6.69188e-06	1.282642e+00	
8544	8.525935e-07	6.926645e-06	1.283304e+00	
8545	8.526935e-07	-6.69865e-06	1.283965e+00	
8546	8.527935e-07	6.933631e-06	1.284625e+00	
8547	8.528935e-07	-6.70537e-06	1.285285e+00	
8548	8.529935e-07	6.940579e-06	1.285944e+00	
8549	8.530935e-07	-6.71205e-06	1.286601e+00	
8550	8.531935e-07	6.947494e-06	1.287258e+00	
8551	8.532935e-07	-6.71869e-06	1.287915e+00	
8552	8.533935e-07	6.954379e-06	1.288570e+00	
8553	8.534935e-07	-6.72528e-06	1.289224e+00	
8554	8.535935e-07	6.961235e-06	1.289878e+00	
8555	8.536935e-07	-6.73184e-06	1.290531e+00	
8556	8.537935e-07	6.968056e-06	1.291183e+00	
8557	8.538935e-07	-6.73839e-06	1.291834e+00	
8558	8.539935e-07	6.974826e-06	1.292485e+00	
8559	8.540935e-07	-6.74491e-06	1.293134e+00	
8560	8.541935e-07	6.981499e-06	1.293783e+00	
8561	8.542935e-07	-6.75136e-06	1.294431e+00	
8562	8.543935e-07	6.988082e-06	1.295079e+00	
8563	8.544935e-07	-6.75774e-06	1.295725e+00	
8564	8.545935e-07	6.994586e-06	1.296371e+00	
8565	8.546935e-07	-6.76407e-06	1.297016e+00	
8566	8.547935e-07	7.001018e-06	1.297660e+00	
8567	8.548935e-07	-6.77033e-06	1.298303e+00	
8568	8.549935e-07	7.007385e-06	1.298946e+00	
8569	8.550935e-07	-6.77655e-06	1.299588e+00	
8570	8.551935e-07	7.013689e-06	1.300229e+00	
8571	8.552935e-07	-6.78292e-06	1.300869e+00	
8572	8.553935e-07	7.020264e-06	1.301509e+00	
8573	8.554935e-07	-6.78914e-06	1.302148e+00	
8574	8.555935e-07	7.026402e-06	1.302786e+00	
8575	8.556935e-07	-6.79523e-06	1.303424e+00	
8576	8.557935e-07	7.032406e-06	1.304061e+00	
8577	8.558935e-07	-6.80144e-06	1.304697e+00	
8578	8.559935e-07	7.037985e-06	1.305332e+00	
8579	8.560935e-07	-6.80844e-06	1.305967e+00	
8580	8.561935e-07	7.041828e-06	1.306601e+00	

Index   time            vout2           v(x2.comp_p_0/v 
--------------------------------------------------------------------------------
8581	8.562935e-07	-6.81887e-06	1.307234e+00	
8582	8.563935e-07	7.039048e-06	1.307867e+00	
8583	8.564935e-07	-6.83959e-06	1.308499e+00	
8584	8.565935e-07	7.019324e-06	1.309131e+00	
8585	8.566935e-07	-6.88218e-06	1.309762e+00	
8586	8.567935e-07	6.980085e-06	1.310392e+00	
8587	8.568935e-07	-6.95181e-06	1.311021e+00	
8588	8.569935e-07	6.808272e-06	1.311650e+00	
8589	8.570935e-07	-7.27006e-06	1.312278e+00	
8590	8.571935e-07	6.374109e-06	1.312905e+00	
8591	8.572935e-07	-8.11221e-06	1.313532e+00	
8592	8.573935e-07	6.096327e-06	1.314158e+00	
8593	8.574935e-07	-1.81026e-06	1.314783e+00	
8594	8.575935e-07	4.485720e-05	1.315413e+00	
8595	8.576935e-07	7.647588e-05	1.316052e+00	
8596	8.577935e-07	1.005203e-04	1.316705e+00	
8597	8.578935e-07	7.513577e-05	1.317369e+00	
8598	8.579935e-07	-2.37479e-05	1.318040e+00	
8599	8.580935e-07	-1.16902e-03	1.318619e+00	
8600	8.581935e-07	-4.53248e-03	1.318449e+00	
8601	8.582935e-07	-1.15825e-02	1.317136e+00	
8602	8.583935e-07	-4.38177e-02	1.315448e+00	
8603	8.584935e-07	8.644227e-01	1.313766e+00	
8604	8.585935e-07	1.753171e+00	1.312069e+00	
8605	8.586935e-07	1.810329e+00	1.310381e+00	
8606	8.587935e-07	1.794484e+00	1.308685e+00	
8607	8.588935e-07	1.802988e+00	1.306996e+00	
8608	8.589935e-07	1.797716e+00	1.305303e+00	
8609	8.590935e-07	1.801278e+00	1.303616e+00	
8610	8.591935e-07	1.798807e+00	1.301927e+00	
8611	8.592935e-07	1.800548e+00	1.300242e+00	
8612	8.593935e-07	1.799320e+00	1.298557e+00	
8613	8.594935e-07	1.800188e+00	1.296877e+00	
8614	8.595935e-07	1.799578e+00	1.295197e+00	
8615	8.596935e-07	1.800004e+00	1.293520e+00	
8616	8.597935e-07	1.799712e+00	1.291844e+00	
8617	8.598935e-07	1.799909e+00	1.290172e+00	
8618	8.599935e-07	1.799781e+00	1.288501e+00	
8619	8.600935e-07	1.799859e+00	1.286833e+00	
8620	8.601935e-07	1.799817e+00	1.285166e+00	
8621	8.602935e-07	1.799833e+00	1.283502e+00	
8622	8.603935e-07	1.799838e+00	1.281840e+00	
8623	8.604935e-07	1.799819e+00	1.280180e+00	
8624	8.605935e-07	1.799847e+00	1.278522e+00	
8625	8.606935e-07	1.799811e+00	1.276867e+00	
8626	8.607935e-07	1.799853e+00	1.275214e+00	
8627	8.608935e-07	1.799807e+00	1.273563e+00	
8628	8.609935e-07	1.799856e+00	1.271914e+00	
8629	8.610935e-07	1.799805e+00	1.270267e+00	
8630	8.611935e-07	1.799858e+00	1.268623e+00	
8631	8.612935e-07	1.799804e+00	1.266981e+00	
8632	8.613935e-07	1.799859e+00	1.265341e+00	
8633	8.614935e-07	1.799803e+00	1.263703e+00	
8634	8.615935e-07	1.799859e+00	1.262067e+00	
8635	8.616935e-07	1.799803e+00	1.260433e+00	
8636	8.617935e-07	1.799860e+00	1.258802e+00	
8637	8.618935e-07	1.799803e+00	1.257172e+00	
8638	8.619935e-07	1.799860e+00	1.255545e+00	

Index   time            vout2           v(x2.comp_p_0/v 
--------------------------------------------------------------------------------
8639	8.620935e-07	1.799803e+00	1.253920e+00	
8640	8.621935e-07	1.799861e+00	1.252298e+00	
8641	8.622935e-07	1.799804e+00	1.250677e+00	
8642	8.623935e-07	1.799861e+00	1.249059e+00	
8643	8.624935e-07	1.799804e+00	1.247442e+00	
8644	8.625935e-07	1.799861e+00	1.245828e+00	
8645	8.626935e-07	1.799804e+00	1.244216e+00	
8646	8.627935e-07	1.799861e+00	1.242606e+00	
8647	8.628935e-07	1.799805e+00	1.240998e+00	
8648	8.629935e-07	1.799862e+00	1.239393e+00	
8649	8.630935e-07	1.799805e+00	1.237789e+00	
8650	8.631935e-07	1.799862e+00	1.236188e+00	
8651	8.632935e-07	1.799805e+00	1.234589e+00	
8652	8.633935e-07	1.799862e+00	1.232992e+00	
8653	8.634935e-07	1.799806e+00	1.231397e+00	
8654	8.635935e-07	1.799862e+00	1.229804e+00	
8655	8.636935e-07	1.799806e+00	1.228213e+00	
8656	8.637935e-07	1.799862e+00	1.226625e+00	
8657	8.638935e-07	1.799806e+00	1.225038e+00	
8658	8.639935e-07	1.799862e+00	1.223454e+00	
8659	8.640935e-07	1.799807e+00	1.221872e+00	
8660	8.641935e-07	1.799863e+00	1.220292e+00	
8661	8.642935e-07	1.799807e+00	1.218713e+00	
8662	8.643935e-07	1.799863e+00	1.217138e+00	
8663	8.644935e-07	1.799807e+00	1.215564e+00	
8664	8.645935e-07	1.799863e+00	1.213992e+00	
8665	8.646935e-07	1.799808e+00	1.212422e+00	
8666	8.647935e-07	1.799863e+00	1.210855e+00	
8667	8.648935e-07	1.799808e+00	1.209289e+00	
8668	8.649935e-07	1.799863e+00	1.207726e+00	
8669	8.650935e-07	1.799808e+00	1.206165e+00	
8670	8.651935e-07	1.799863e+00	1.204606e+00	
8671	8.652935e-07	1.799809e+00	1.203048e+00	
8672	8.653935e-07	1.799864e+00	1.201493e+00	
8673	8.654935e-07	1.799809e+00	1.199940e+00	
8674	8.655935e-07	1.799864e+00	1.198389e+00	
8675	8.656935e-07	1.799809e+00	1.196840e+00	
8676	8.657935e-07	1.799864e+00	1.195294e+00	
8677	8.658935e-07	1.799810e+00	1.193749e+00	
8678	8.659935e-07	1.799864e+00	1.192206e+00	
8679	8.660935e-07	1.799810e+00	1.190666e+00	
8680	8.661935e-07	1.799864e+00	1.189127e+00	
8681	8.662935e-07	1.799810e+00	1.187590e+00	
8682	8.663935e-07	1.799864e+00	1.186056e+00	
8683	8.664935e-07	1.799811e+00	1.184523e+00	
8684	8.665935e-07	1.799865e+00	1.182993e+00	
8685	8.666935e-07	1.799811e+00	1.181464e+00	
8686	8.667935e-07	1.799865e+00	1.179938e+00	
8687	8.668935e-07	1.799811e+00	1.178414e+00	
8688	8.669935e-07	1.799865e+00	1.176891e+00	
8689	8.670935e-07	1.799812e+00	1.175371e+00	
8690	8.671935e-07	1.799865e+00	1.173853e+00	
8691	8.672935e-07	1.799812e+00	1.172336e+00	
8692	8.673935e-07	1.799865e+00	1.170822e+00	
8693	8.674935e-07	1.799812e+00	1.169310e+00	
8694	8.675935e-07	1.799865e+00	1.167799e+00	
8695	8.676935e-07	1.799813e+00	1.166291e+00	
8696	8.677935e-07	1.799866e+00	1.164785e+00	

Index   time            vout2           v(x2.comp_p_0/v 
--------------------------------------------------------------------------------
8697	8.678935e-07	1.799813e+00	1.163280e+00	
8698	8.679935e-07	1.799866e+00	1.161778e+00	
8699	8.680935e-07	1.799813e+00	1.160278e+00	
8700	8.681935e-07	1.799866e+00	1.158779e+00	
8701	8.682935e-07	1.799814e+00	1.157283e+00	
8702	8.683935e-07	1.799866e+00	1.155788e+00	
8703	8.684935e-07	1.799814e+00	1.154296e+00	
8704	8.685935e-07	1.799866e+00	1.152805e+00	
8705	8.686935e-07	1.799814e+00	1.151317e+00	
8706	8.687935e-07	1.799866e+00	1.149830e+00	
8707	8.688935e-07	1.799815e+00	1.148345e+00	
8708	8.689935e-07	1.799866e+00	1.146863e+00	
8709	8.690935e-07	1.799815e+00	1.145382e+00	
8710	8.691935e-07	1.799867e+00	1.143903e+00	
8711	8.692935e-07	1.799815e+00	1.142426e+00	
8712	8.693935e-07	1.799867e+00	1.140951e+00	
8713	8.694935e-07	1.799816e+00	1.139478e+00	
8714	8.695935e-07	1.799867e+00	1.138007e+00	
8715	8.696935e-07	1.799816e+00	1.136538e+00	
8716	8.697935e-07	1.799867e+00	1.135071e+00	
8717	8.698935e-07	1.799816e+00	1.133605e+00	
8718	8.699935e-07	1.799867e+00	1.132142e+00	
8719	8.700935e-07	1.799817e+00	1.130680e+00	
8720	8.701935e-07	1.799867e+00	1.129221e+00	
8721	8.702935e-07	1.799817e+00	1.127763e+00	
8722	8.703935e-07	1.799868e+00	1.126307e+00	
8723	8.704935e-07	1.799817e+00	1.124853e+00	
8724	8.705935e-07	1.799868e+00	1.123401e+00	
8725	8.706935e-07	1.799818e+00	1.121951e+00	
8726	8.707935e-07	1.799868e+00	1.120503e+00	
8727	8.708935e-07	1.799818e+00	1.119057e+00	
8728	8.709935e-07	1.799868e+00	1.117612e+00	
8729	8.710935e-07	1.799818e+00	1.116169e+00	
8730	8.711935e-07	1.799868e+00	1.114729e+00	
8731	8.712935e-07	1.799819e+00	1.113290e+00	
8732	8.713935e-07	1.799868e+00	1.111853e+00	
8733	8.714935e-07	1.799819e+00	1.110418e+00	
8734	8.715935e-07	1.799869e+00	1.108985e+00	
8735	8.716935e-07	1.799819e+00	1.107553e+00	
8736	8.717935e-07	1.799869e+00	1.106124e+00	
8737	8.718935e-07	1.799820e+00	1.104696e+00	
8738	8.719935e-07	1.799869e+00	1.103270e+00	
8739	8.720935e-07	1.799820e+00	1.101846e+00	
8740	8.721935e-07	1.799869e+00	1.100424e+00	
8741	8.722935e-07	1.799820e+00	1.099004e+00	
8742	8.723935e-07	1.799869e+00	1.097585e+00	
8743	8.724935e-07	1.799821e+00	1.096169e+00	
8744	8.725935e-07	1.799869e+00	1.094754e+00	
8745	8.726935e-07	1.799821e+00	1.093341e+00	
8746	8.727935e-07	1.799869e+00	1.091930e+00	
8747	8.728935e-07	1.799821e+00	1.090521e+00	
8748	8.729935e-07	1.799870e+00	1.089113e+00	
8749	8.730935e-07	1.799821e+00	1.087708e+00	
8750	8.731935e-07	1.799870e+00	1.086304e+00	
8751	8.732935e-07	1.799822e+00	1.084902e+00	
8752	8.733935e-07	1.799870e+00	1.083502e+00	
8753	8.734935e-07	1.799822e+00	1.082104e+00	
8754	8.735935e-07	1.799870e+00	1.080708e+00	

Index   time            vout2           v(x2.comp_p_0/v 
--------------------------------------------------------------------------------
8755	8.736935e-07	1.799822e+00	1.079313e+00	
8756	8.737935e-07	1.799870e+00	1.077920e+00	
8757	8.738935e-07	1.799823e+00	1.076529e+00	
8758	8.739935e-07	1.799870e+00	1.075141e+00	
8759	8.740935e-07	1.799823e+00	1.073753e+00	
8760	8.741935e-07	1.799870e+00	1.072368e+00	
8761	8.742935e-07	1.799823e+00	1.070984e+00	
8762	8.743935e-07	1.799870e+00	1.069603e+00	
8763	8.744935e-07	1.799825e+00	1.068223e+00	
8764	8.745935e-07	1.799872e+00	1.066845e+00	
8765	8.746935e-07	1.799825e+00	1.065469e+00	
8766	8.747935e-07	1.799872e+00	1.064095e+00	
8767	8.748935e-07	1.799825e+00	1.062722e+00	
8768	8.749935e-07	1.799872e+00	1.061352e+00	
8769	8.750935e-07	1.799825e+00	1.059983e+00	
8770	8.751935e-07	1.799872e+00	1.058616e+00	
8771	8.752902e-07	1.799826e+00	1.057296e+00	
8772	8.753790e-07	1.799872e+00	1.056085e+00	
8773	8.754790e-07	1.799826e+00	1.054724e+00	
8774	8.755790e-07	1.799872e+00	1.053364e+00	
8775	8.756790e-07	1.799826e+00	1.052007e+00	
8776	8.757790e-07	1.799873e+00	1.050651e+00	
8777	8.758790e-07	1.799826e+00	1.049298e+00	
8778	8.759790e-07	1.799873e+00	1.047946e+00	
8779	8.760790e-07	1.799826e+00	1.046596e+00	
8780	8.761790e-07	1.799873e+00	1.045249e+00	
8781	8.762790e-07	1.799827e+00	1.043903e+00	
8782	8.763790e-07	1.799873e+00	1.042559e+00	
8783	8.764790e-07	1.799827e+00	1.041217e+00	
8784	8.765790e-07	1.799873e+00	1.039877e+00	
8785	8.766790e-07	1.799827e+00	1.038538e+00	
8786	8.767790e-07	1.799873e+00	1.037202e+00	
8787	8.768790e-07	1.799827e+00	1.035868e+00	
8788	8.769790e-07	1.799873e+00	1.034535e+00	
8789	8.770790e-07	1.799827e+00	1.033205e+00	
8790	8.771790e-07	1.799873e+00	1.031876e+00	
8791	8.772790e-07	1.799828e+00	1.030549e+00	
8792	8.773790e-07	1.799873e+00	1.029224e+00	
8793	8.774790e-07	1.799828e+00	1.027901e+00	
8794	8.775790e-07	1.799873e+00	1.026580e+00	
8795	8.776790e-07	1.799828e+00	1.025260e+00	
8796	8.777790e-07	1.799873e+00	1.023943e+00	
8797	8.778790e-07	1.799828e+00	1.022627e+00	
8798	8.779790e-07	1.799873e+00	1.021313e+00	
8799	8.780790e-07	1.799828e+00	1.020000e+00	
8800	8.781790e-07	1.799873e+00	1.018690e+00	
8801	8.782790e-07	1.799828e+00	1.017381e+00	
8802	8.783790e-07	1.799873e+00	1.016074e+00	
8803	8.784790e-07	1.799829e+00	1.014768e+00	
8804	8.785790e-07	1.799873e+00	1.013465e+00	
8805	8.786790e-07	1.799829e+00	1.012163e+00	
8806	8.787790e-07	1.799873e+00	1.010863e+00	
8807	8.788790e-07	1.799829e+00	1.009564e+00	
8808	8.789790e-07	1.799873e+00	1.008267e+00	
8809	8.790790e-07	1.799829e+00	1.006972e+00	
8810	8.791790e-07	1.799873e+00	1.005679e+00	
8811	8.792790e-07	1.799829e+00	1.004387e+00	
8812	8.793790e-07	1.799873e+00	1.003097e+00	

Index   time            vout2           v(x2.comp_p_0/v 
--------------------------------------------------------------------------------
8813	8.794790e-07	1.799828e+00	1.001808e+00	
8814	8.795790e-07	1.799872e+00	1.000522e+00	
8815	8.796790e-07	1.799828e+00	9.992366e-01	
8816	8.797790e-07	1.799872e+00	9.979533e-01	
8817	8.798790e-07	1.799829e+00	9.966715e-01	
8818	8.799790e-07	1.799872e+00	9.953915e-01	
8819	8.800790e-07	1.799829e+00	9.941129e-01	
8820	8.801790e-07	1.799872e+00	9.928362e-01	
8821	8.802790e-07	1.799829e+00	9.915609e-01	
8822	8.803790e-07	1.799872e+00	9.902875e-01	
8823	8.804790e-07	1.799829e+00	9.890155e-01	
8824	8.805790e-07	1.799872e+00	9.877453e-01	
8825	8.806790e-07	1.799829e+00	9.864766e-01	
8826	8.807790e-07	1.799872e+00	9.852096e-01	
8827	8.808790e-07	1.799830e+00	9.839442e-01	
8828	8.809790e-07	1.799872e+00	9.826805e-01	
8829	8.810790e-07	1.799830e+00	9.814182e-01	
8830	8.811790e-07	1.799872e+00	9.801577e-01	
8831	8.812790e-07	1.799830e+00	9.788987e-01	
8832	8.813790e-07	1.799872e+00	9.776415e-01	
8833	8.814790e-07	1.799830e+00	9.763857e-01	
8834	8.815790e-07	1.799872e+00	9.751316e-01	
8835	8.816790e-07	1.799830e+00	9.738790e-01	
8836	8.817790e-07	1.799872e+00	9.726282e-01	
8837	8.818790e-07	1.799831e+00	9.713788e-01	
8838	8.819790e-07	1.799872e+00	9.701312e-01	
8839	8.820790e-07	1.799831e+00	9.688849e-01	
8840	8.821790e-07	1.799872e+00	9.676404e-01	
8841	8.822790e-07	1.799831e+00	9.663974e-01	
8842	8.823790e-07	1.799872e+00	9.651561e-01	
8843	8.824790e-07	1.799831e+00	9.639161e-01	
8844	8.825790e-07	1.799872e+00	9.626780e-01	
8845	8.826790e-07	1.799831e+00	9.614412e-01	
8846	8.827790e-07	1.799872e+00	9.602062e-01	
8847	8.828790e-07	1.799831e+00	9.589725e-01	
8848	8.829790e-07	1.799873e+00	9.577406e-01	
8849	8.830790e-07	1.799832e+00	9.565101e-01	
8850	8.831790e-07	1.799873e+00	9.552814e-01	
8851	8.832790e-07	1.799833e+00	9.540540e-01	
8852	8.833790e-07	1.799873e+00	9.528283e-01	
8853	8.834790e-07	1.799832e+00	9.516040e-01	
8854	8.835790e-07	1.799873e+00	9.503815e-01	
8855	8.836790e-07	1.799832e+00	9.491603e-01	
8856	8.837790e-07	1.799873e+00	9.479408e-01	
8857	8.838790e-07	1.799832e+00	9.467227e-01	
8858	8.839790e-07	1.799873e+00	9.455064e-01	
8859	8.840790e-07	1.799833e+00	9.442914e-01	
8860	8.841790e-07	1.799873e+00	9.430781e-01	
8861	8.842790e-07	1.799833e+00	9.418661e-01	
8862	8.843790e-07	1.799873e+00	9.406559e-01	
8863	8.844790e-07	1.799833e+00	9.394470e-01	
8864	8.845790e-07	1.799874e+00	9.382398e-01	
8865	8.846790e-07	1.799834e+00	9.370340e-01	
8866	8.847790e-07	1.799874e+00	9.358298e-01	
8867	8.848790e-07	1.799834e+00	9.346270e-01	
8868	8.849790e-07	1.799874e+00	9.334259e-01	
8869	8.850790e-07	1.799834e+00	9.322261e-01	
8870	8.851790e-07	1.799874e+00	9.310279e-01	

Index   time            vout2           v(x2.comp_p_0/v 
--------------------------------------------------------------------------------
8871	8.852790e-07	1.799834e+00	9.298311e-01	
8872	8.853790e-07	1.799873e+00	9.286359e-01	
8873	8.854790e-07	1.799834e+00	9.274420e-01	
8874	8.855790e-07	1.799873e+00	9.262498e-01	
8875	8.856790e-07	1.799834e+00	9.250588e-01	
8876	8.857790e-07	1.799873e+00	9.238693e-01	
8877	8.858790e-07	1.799834e+00	9.226812e-01	
8878	8.859790e-07	1.799873e+00	9.214945e-01	
8879	8.860790e-07	1.799834e+00	9.203091e-01	
8880	8.861790e-07	1.799873e+00	9.191252e-01	
8881	8.862790e-07	1.799835e+00	9.179424e-01	
8882	8.863790e-07	1.799873e+00	9.167611e-01	
8883	8.864790e-07	1.799835e+00	9.155809e-01	
8884	8.865790e-07	1.799873e+00	9.144022e-01	
8885	8.866790e-07	1.799835e+00	9.132246e-01	
8886	8.867790e-07	1.799874e+00	9.120484e-01	
8887	8.868790e-07	1.799835e+00	9.108733e-01	
8888	8.869790e-07	1.799874e+00	9.096997e-01	
8889	8.870790e-07	1.799835e+00	9.085271e-01	
8890	8.871790e-07	1.799874e+00	9.073561e-01	
8891	8.872790e-07	1.799835e+00	9.061862e-01	
8892	8.873790e-07	1.799874e+00	9.050177e-01	
8893	8.874790e-07	1.799836e+00	9.038504e-01	
8894	8.875790e-07	1.799874e+00	9.026846e-01	
8895	8.876790e-07	1.799836e+00	9.015200e-01	
8896	8.877790e-07	1.799874e+00	9.003570e-01	
8897	8.878790e-07	1.799836e+00	8.991951e-01	
8898	8.879790e-07	1.799874e+00	8.980348e-01	
8899	8.880790e-07	1.799836e+00	8.968756e-01	
8900	8.881790e-07	1.799874e+00	8.957181e-01	
8901	8.882790e-07	1.799836e+00	8.945618e-01	
8902	8.883790e-07	1.799874e+00	8.934071e-01	
8903	8.884790e-07	1.799837e+00	8.922537e-01	
8904	8.885790e-07	1.799874e+00	8.911018e-01	
8905	8.886790e-07	1.799837e+00	8.899512e-01	
8906	8.887790e-07	1.799874e+00	8.888022e-01	
8907	8.888790e-07	1.799837e+00	8.876545e-01	
8908	8.889790e-07	1.799874e+00	8.865084e-01	
8909	8.890790e-07	1.799837e+00	8.853636e-01	
8910	8.891790e-07	1.799874e+00	8.842204e-01	
8911	8.892790e-07	1.799837e+00	8.830785e-01	
8912	8.893790e-07	1.799874e+00	8.819383e-01	
8913	8.894790e-07	1.799837e+00	8.807993e-01	
8914	8.895790e-07	1.799874e+00	8.796619e-01	
8915	8.896790e-07	1.799838e+00	8.785259e-01	
8916	8.897790e-07	1.799874e+00	8.773914e-01	
8917	8.898790e-07	1.799838e+00	8.762583e-01	
8918	8.899790e-07	1.799874e+00	8.751268e-01	
8919	8.900790e-07	1.799838e+00	8.739966e-01	
8920	8.901790e-07	1.799875e+00	8.728680e-01	
8921	8.902790e-07	1.799838e+00	8.717407e-01	
8922	8.903790e-07	1.799875e+00	8.706150e-01	
8923	8.904790e-07	1.799838e+00	8.694906e-01	
8924	8.905790e-07	1.799875e+00	8.683679e-01	
8925	8.906790e-07	1.799838e+00	8.672464e-01	
8926	8.907790e-07	1.799875e+00	8.661266e-01	
8927	8.908790e-07	1.799839e+00	8.650080e-01	
8928	8.909790e-07	1.799875e+00	8.638911e-01	

Index   time            vout2           v(x2.comp_p_0/v 
--------------------------------------------------------------------------------
8929	8.910790e-07	1.799839e+00	8.627754e-01	
8930	8.911790e-07	1.799875e+00	8.616614e-01	
8931	8.912790e-07	1.799839e+00	8.605486e-01	
8932	8.913790e-07	1.799875e+00	8.594375e-01	
8933	8.914790e-07	1.799839e+00	8.583276e-01	
8934	8.915790e-07	1.799875e+00	8.572194e-01	
8935	8.916790e-07	1.799839e+00	8.561124e-01	
8936	8.917790e-07	1.799875e+00	8.550070e-01	
8937	8.918790e-07	1.799840e+00	8.539029e-01	
8938	8.919790e-07	1.799875e+00	8.528004e-01	
8939	8.920790e-07	1.799840e+00	8.516992e-01	
8940	8.921790e-07	1.799875e+00	8.505996e-01	
8941	8.922790e-07	1.799840e+00	8.495012e-01	
8942	8.923790e-07	1.799875e+00	8.484045e-01	
8943	8.924790e-07	1.799840e+00	8.473090e-01	
8944	8.925790e-07	1.799875e+00	8.462151e-01	
8945	8.926790e-07	1.799840e+00	8.451224e-01	
8946	8.927790e-07	1.799875e+00	8.440314e-01	
8947	8.928790e-07	1.799840e+00	8.429416e-01	
8948	8.929790e-07	1.799875e+00	8.418533e-01	
8949	8.930790e-07	1.799841e+00	8.407664e-01	
8950	8.931790e-07	1.799875e+00	8.396810e-01	
8951	8.932790e-07	1.799841e+00	8.385969e-01	
8952	8.933790e-07	1.799875e+00	8.375143e-01	
8953	8.934790e-07	1.799841e+00	8.364330e-01	
8954	8.935790e-07	1.799875e+00	8.353533e-01	
8955	8.936790e-07	1.799841e+00	8.342748e-01	
8956	8.937790e-07	1.799875e+00	8.331979e-01	
8957	8.938790e-07	1.799841e+00	8.321222e-01	
8958	8.939790e-07	1.799876e+00	8.310481e-01	
8959	8.940790e-07	1.799841e+00	8.299753e-01	
8960	8.941790e-07	1.799876e+00	8.289040e-01	
8961	8.942790e-07	1.799841e+00	8.278339e-01	
8962	8.943790e-07	1.799876e+00	8.267654e-01	
8963	8.944790e-07	1.799842e+00	8.256981e-01	
8964	8.945790e-07	1.799876e+00	8.246324e-01	
8965	8.946790e-07	1.799842e+00	8.235679e-01	
8966	8.947790e-07	1.799876e+00	8.225049e-01	
8967	8.948790e-07	1.799842e+00	8.214432e-01	
8968	8.949790e-07	1.799876e+00	8.203831e-01	
8969	8.950790e-07	1.799842e+00	8.193241e-01	
8970	8.951790e-07	1.799876e+00	8.182667e-01	
8971	8.952790e-07	1.799842e+00	8.172105e-01	
8972	8.953790e-07	1.799876e+00	8.161559e-01	
8973	8.954790e-07	1.799842e+00	8.151024e-01	
8974	8.955790e-07	1.799876e+00	8.140505e-01	
8975	8.956790e-07	1.799843e+00	8.129998e-01	
8976	8.957790e-07	1.799876e+00	8.119507e-01	
8977	8.958790e-07	1.799843e+00	8.109028e-01	
8978	8.959790e-07	1.799876e+00	8.098563e-01	
8979	8.960790e-07	1.799843e+00	8.088111e-01	
8980	8.961790e-07	1.799876e+00	8.077674e-01	
8981	8.962790e-07	1.799843e+00	8.067250e-01	
8982	8.963790e-07	1.799876e+00	8.056840e-01	
8983	8.964790e-07	1.799843e+00	8.046442e-01	
8984	8.965790e-07	1.799876e+00	8.036060e-01	
8985	8.966790e-07	1.799843e+00	8.025689e-01	
8986	8.967790e-07	1.799876e+00	8.015334e-01	

Index   time            vout2           v(x2.comp_p_0/v 
--------------------------------------------------------------------------------
8987	8.968790e-07	1.799843e+00	8.004990e-01	
8988	8.969790e-07	1.799876e+00	7.994662e-01	
8989	8.970790e-07	1.799844e+00	7.984346e-01	
8990	8.971790e-07	1.799876e+00	7.974044e-01	
8991	8.972790e-07	1.799844e+00	7.963755e-01	
8992	8.973790e-07	1.799876e+00	7.953480e-01	
8993	8.974790e-07	1.799844e+00	7.943217e-01	
8994	8.975790e-07	1.799876e+00	7.932970e-01	
8995	8.976790e-07	1.799844e+00	7.922734e-01	
8996	8.977790e-07	1.799876e+00	7.912513e-01	
8997	8.978790e-07	1.799844e+00	7.902304e-01	
8998	8.979790e-07	1.799876e+00	7.892109e-01	
8999	8.980790e-07	1.799844e+00	7.881927e-01	
9000	8.981790e-07	1.799877e+00	7.871759e-01	
9001	8.982790e-07	1.799845e+00	7.861603e-01	
9002	8.983790e-07	1.799877e+00	7.851462e-01	
9003	8.984790e-07	1.799845e+00	7.841332e-01	
9004	8.985790e-07	1.799877e+00	7.831217e-01	
9005	8.986790e-07	1.799845e+00	7.821114e-01	
9006	8.987790e-07	1.799877e+00	7.811026e-01	
9007	8.988790e-07	1.799845e+00	7.800949e-01	
9008	8.989790e-07	1.799877e+00	7.790887e-01	
9009	8.990790e-07	1.799845e+00	7.780837e-01	
9010	8.991790e-07	1.799877e+00	7.770801e-01	
9011	8.992790e-07	1.799845e+00	7.760777e-01	
9012	8.993790e-07	1.799877e+00	7.750767e-01	
9013	8.994790e-07	1.799845e+00	7.740769e-01	
9014	8.995790e-07	1.799877e+00	7.730785e-01	
9015	8.996790e-07	1.799846e+00	7.720813e-01	
9016	8.997790e-07	1.799877e+00	7.710856e-01	
9017	8.998790e-07	1.799846e+00	7.700910e-01	
9018	8.999790e-07	1.799877e+00	7.690978e-01	
9019	9.000790e-07	1.799846e+00	7.681058e-01	
9020	9.001790e-07	1.799877e+00	7.671152e-01	
9021	9.002790e-07	1.799846e+00	7.661258e-01	
9022	9.003790e-07	1.799877e+00	7.651378e-01	
9023	9.004790e-07	1.799846e+00	7.641510e-01	
9024	9.005790e-07	1.799877e+00	7.631656e-01	
9025	9.006790e-07	1.799846e+00	7.621813e-01	
9026	9.007790e-07	1.799877e+00	7.611985e-01	
9027	9.008790e-07	1.799846e+00	7.602167e-01	
9028	9.009790e-07	1.799877e+00	7.592365e-01	
9029	9.010790e-07	1.799847e+00	7.582573e-01	
9030	9.011790e-07	1.799877e+00	7.572796e-01	
9031	9.012790e-07	1.799847e+00	7.563030e-01	
9032	9.013790e-07	1.799877e+00	7.553278e-01	
9033	9.014790e-07	1.799847e+00	7.543538e-01	
9034	9.015790e-07	1.799877e+00	7.533811e-01	
9035	9.016790e-07	1.799847e+00	7.524096e-01	
9036	9.017790e-07	1.799877e+00	7.514395e-01	
9037	9.018790e-07	1.799847e+00	7.504705e-01	
9038	9.019790e-07	1.799877e+00	7.495029e-01	
9039	9.020790e-07	1.799847e+00	7.485365e-01	
9040	9.021790e-07	1.799877e+00	7.475714e-01	
9041	9.022790e-07	1.799847e+00	7.466075e-01	
9042	9.023790e-07	1.799877e+00	7.456449e-01	
9043	9.024790e-07	1.799848e+00	7.446835e-01	
9044	9.025790e-07	1.799878e+00	7.437234e-01	

Index   time            vout2           v(x2.comp_p_0/v 
--------------------------------------------------------------------------------
9045	9.026790e-07	1.799848e+00	7.427645e-01	
9046	9.027790e-07	1.799878e+00	7.418070e-01	
9047	9.028790e-07	1.799848e+00	7.408505e-01	
9048	9.029790e-07	1.799878e+00	7.398955e-01	
9049	9.030790e-07	1.799848e+00	7.389415e-01	
9050	9.031790e-07	1.799878e+00	7.379889e-01	
9051	9.032790e-07	1.799848e+00	7.370375e-01	
9052	9.033790e-07	1.799878e+00	7.360874e-01	
9053	9.034790e-07	1.799848e+00	7.351384e-01	
9054	9.035790e-07	1.799878e+00	7.341907e-01	
9055	9.036790e-07	1.799848e+00	7.332442e-01	
9056	9.037790e-07	1.799878e+00	7.322991e-01	
9057	9.038790e-07	1.799848e+00	7.313550e-01	
9058	9.039790e-07	1.799878e+00	7.304123e-01	
9059	9.040790e-07	1.799849e+00	7.294707e-01	
9060	9.041790e-07	1.799878e+00	7.285304e-01	
9061	9.042790e-07	1.799849e+00	7.275912e-01	
9062	9.043790e-07	1.799878e+00	7.266534e-01	
9063	9.044790e-07	1.799849e+00	7.257167e-01	
9064	9.045790e-07	1.799878e+00	7.247813e-01	
9065	9.046790e-07	1.799849e+00	7.238470e-01	
9066	9.047790e-07	1.799878e+00	7.229141e-01	
9067	9.048790e-07	1.799849e+00	7.219822e-01	
9068	9.049790e-07	1.799878e+00	7.210517e-01	
9069	9.050790e-07	1.799849e+00	7.201222e-01	
9070	9.051790e-07	1.799878e+00	7.191941e-01	
9071	9.052790e-07	1.799849e+00	7.182671e-01	
9072	9.053790e-07	1.799878e+00	7.173414e-01	
9073	9.054790e-07	1.799850e+00	7.164168e-01	
9074	9.055790e-07	1.799878e+00	7.154935e-01	
9075	9.056790e-07	1.799850e+00	7.145712e-01	
9076	9.057790e-07	1.799878e+00	7.136503e-01	
9077	9.058790e-07	1.799850e+00	7.127305e-01	
9078	9.059790e-07	1.799878e+00	7.118120e-01	
9079	9.060790e-07	1.799850e+00	7.108945e-01	
9080	9.061790e-07	1.799878e+00	7.099784e-01	
9081	9.062790e-07	1.799850e+00	7.090633e-01	
9082	9.063790e-07	1.799878e+00	7.081495e-01	
9083	9.064790e-07	1.799850e+00	7.072368e-01	
9084	9.065790e-07	1.799878e+00	7.063254e-01	
9085	9.066790e-07	1.799850e+00	7.054151e-01	
9086	9.067790e-07	1.799878e+00	7.045061e-01	
9087	9.068790e-07	1.799850e+00	7.035981e-01	
9088	9.069790e-07	1.799878e+00	7.026914e-01	
9089	9.070790e-07	1.799851e+00	7.017858e-01	
9090	9.071790e-07	1.799878e+00	7.008815e-01	
9091	9.072790e-07	1.799851e+00	6.999782e-01	
9092	9.073790e-07	1.799878e+00	6.990762e-01	
9093	9.074790e-07	1.799851e+00	6.981752e-01	
9094	9.075790e-07	1.799879e+00	6.972756e-01	
9095	9.076790e-07	1.799851e+00	6.963770e-01	
9096	9.077790e-07	1.799879e+00	6.954797e-01	
9097	9.078790e-07	1.799851e+00	6.945833e-01	
9098	9.079790e-07	1.799879e+00	6.936884e-01	
9099	9.080790e-07	1.799851e+00	6.927944e-01	
9100	9.081790e-07	1.799879e+00	6.919017e-01	
9101	9.082790e-07	1.799851e+00	6.910100e-01	
9102	9.083790e-07	1.799879e+00	6.901197e-01	

Index   time            vout2           v(x2.comp_p_0/v 
--------------------------------------------------------------------------------
9103	9.084790e-07	1.799851e+00	6.892303e-01	
9104	9.085790e-07	1.799879e+00	6.883423e-01	
9105	9.086790e-07	1.799852e+00	6.874552e-01	
9106	9.087790e-07	1.799879e+00	6.865694e-01	
9107	9.088790e-07	1.799852e+00	6.856847e-01	
9108	9.089790e-07	1.799879e+00	6.848012e-01	
9109	9.090790e-07	1.799852e+00	6.839187e-01	
9110	9.091790e-07	1.799879e+00	6.830375e-01	
9111	9.092790e-07	1.799852e+00	6.821573e-01	
9112	9.093790e-07	1.799879e+00	6.812784e-01	
9113	9.094790e-07	1.799852e+00	6.804005e-01	
9114	9.095790e-07	1.799879e+00	6.795239e-01	
9115	9.096790e-07	1.799852e+00	6.786482e-01	
9116	9.097790e-07	1.799879e+00	6.777739e-01	
9117	9.098790e-07	1.799852e+00	6.769005e-01	
9118	9.099790e-07	1.799879e+00	6.760284e-01	
9119	9.100790e-07	1.799852e+00	6.751573e-01	
9120	9.101790e-07	1.799879e+00	6.742874e-01	
9121	9.102790e-07	1.799852e+00	6.734185e-01	
9122	9.103790e-07	1.799879e+00	6.725510e-01	
9123	9.104790e-07	1.799853e+00	6.716843e-01	
9124	9.105790e-07	1.799879e+00	6.708190e-01	
9125	9.106790e-07	1.799853e+00	6.699546e-01	
9126	9.107790e-07	1.799879e+00	6.690915e-01	
9127	9.108790e-07	1.799853e+00	6.682293e-01	
9128	9.109790e-07	1.799879e+00	6.673685e-01	
9129	9.110790e-07	1.799853e+00	6.665086e-01	
9130	9.111790e-07	1.799879e+00	6.656499e-01	
9131	9.112790e-07	1.799853e+00	6.647922e-01	
9132	9.113790e-07	1.799879e+00	6.639358e-01	
9133	9.114790e-07	1.799853e+00	6.630803e-01	
9134	9.115790e-07	1.799879e+00	6.622261e-01	
9135	9.116790e-07	1.799853e+00	6.613729e-01	
9136	9.117790e-07	1.799879e+00	6.605209e-01	
9137	9.118790e-07	1.799853e+00	6.596699e-01	
9138	9.119790e-07	1.799879e+00	6.588201e-01	
9139	9.120790e-07	1.799854e+00	6.579713e-01	
9140	9.121790e-07	1.799879e+00	6.571237e-01	
9141	9.122790e-07	1.799854e+00	6.562771e-01	
9142	9.123790e-07	1.799879e+00	6.554317e-01	
9143	9.124790e-07	1.799854e+00	6.545873e-01	
9144	9.125790e-07	1.799879e+00	6.537442e-01	
9145	9.126790e-07	1.799854e+00	6.529019e-01	
9146	9.127790e-07	1.799879e+00	6.520610e-01	
9147	9.128790e-07	1.799854e+00	6.512209e-01	
9148	9.129790e-07	1.799879e+00	6.503822e-01	
9149	9.130790e-07	1.799854e+00	6.495443e-01	
9150	9.131790e-07	1.799879e+00	6.487077e-01	
9151	9.132790e-07	1.799854e+00	6.478721e-01	
9152	9.133790e-07	1.799880e+00	6.470377e-01	
9153	9.134790e-07	1.799854e+00	6.462042e-01	
9154	9.135790e-07	1.799880e+00	6.453720e-01	
9155	9.136790e-07	1.799854e+00	6.445407e-01	
9156	9.137790e-07	1.799880e+00	6.437106e-01	
9157	9.138790e-07	1.799855e+00	6.428815e-01	
9158	9.139790e-07	1.799880e+00	6.420536e-01	
9159	9.140790e-07	1.799855e+00	6.412267e-01	
9160	9.141790e-07	1.799880e+00	6.404010e-01	

Index   time            vout2           v(x2.comp_p_0/v 
--------------------------------------------------------------------------------
9161	9.142790e-07	1.799855e+00	6.395762e-01	
9162	9.143790e-07	1.799880e+00	6.387526e-01	
9163	9.144790e-07	1.799855e+00	6.379300e-01	
9164	9.145790e-07	1.799880e+00	6.371086e-01	
9165	9.146790e-07	1.799855e+00	6.362882e-01	
9166	9.147790e-07	1.799880e+00	6.354690e-01	
9167	9.148790e-07	1.799855e+00	6.346507e-01	
9168	9.149790e-07	1.799880e+00	6.338336e-01	
9169	9.150790e-07	1.799855e+00	6.330174e-01	
9170	9.151790e-07	1.799880e+00	6.322025e-01	
9171	9.152790e-07	1.799855e+00	6.313885e-01	
9172	9.153790e-07	1.799880e+00	6.305757e-01	
9173	9.154790e-07	1.799855e+00	6.297639e-01	
9174	9.155790e-07	1.799880e+00	6.289532e-01	
9175	9.156790e-07	1.799855e+00	6.281435e-01	
9176	9.157790e-07	1.799880e+00	6.273350e-01	
9177	9.158790e-07	1.799856e+00	6.265274e-01	
9178	9.159790e-07	1.799880e+00	6.257210e-01	
9179	9.160790e-07	1.799856e+00	6.249155e-01	
9180	9.161790e-07	1.799880e+00	6.241113e-01	
9181	9.162790e-07	1.799856e+00	6.233079e-01	
9182	9.163790e-07	1.799880e+00	6.225058e-01	
9183	9.164790e-07	1.799856e+00	6.217046e-01	
9184	9.165790e-07	1.799880e+00	6.209046e-01	
9185	9.166790e-07	1.799856e+00	6.201054e-01	
9186	9.167790e-07	1.799880e+00	6.193075e-01	
9187	9.168790e-07	1.799856e+00	6.185105e-01	
9188	9.169790e-07	1.799880e+00	6.177147e-01	
9189	9.170790e-07	1.799856e+00	6.169198e-01	
9190	9.171790e-07	1.799880e+00	6.161261e-01	
9191	9.172790e-07	1.799856e+00	6.153333e-01	
9192	9.173790e-07	1.799880e+00	6.145417e-01	
9193	9.174790e-07	1.799856e+00	6.137509e-01	
9194	9.175790e-07	1.799880e+00	6.129614e-01	
9195	9.176790e-07	1.799857e+00	6.121727e-01	
9196	9.177790e-07	1.799880e+00	6.113853e-01	
9197	9.178790e-07	1.799857e+00	6.105987e-01	
9198	9.179790e-07	1.799880e+00	6.098134e-01	
9199	9.180790e-07	1.799857e+00	6.090289e-01	
9200	9.181790e-07	1.799880e+00	6.082456e-01	
9201	9.182790e-07	1.799857e+00	6.074631e-01	
9202	9.183790e-07	1.799880e+00	6.066819e-01	
9203	9.184790e-07	1.799857e+00	6.059015e-01	
9204	9.185790e-07	1.799880e+00	6.051223e-01	
9205	9.186790e-07	1.799857e+00	6.043440e-01	
9206	9.187790e-07	1.799880e+00	6.035669e-01	
9207	9.188790e-07	1.799857e+00	6.027906e-01	
9208	9.189790e-07	1.799880e+00	6.020155e-01	
9209	9.190790e-07	1.799857e+00	6.012413e-01	
9210	9.191790e-07	1.799880e+00	6.004683e-01	
9211	9.192790e-07	1.799857e+00	5.996961e-01	
9212	9.193790e-07	1.799880e+00	5.989251e-01	
9213	9.194790e-07	1.799857e+00	5.981550e-01	
9214	9.195790e-07	1.799880e+00	5.973860e-01	
9215	9.196790e-07	1.799858e+00	5.966179e-01	
9216	9.197790e-07	1.799881e+00	5.958509e-01	
9217	9.198790e-07	1.799858e+00	5.950848e-01	
9218	9.199790e-07	1.799881e+00	5.943199e-01	

Index   time            vout2           v(x2.comp_p_0/v 
--------------------------------------------------------------------------------
9219	9.200790e-07	1.799858e+00	5.935558e-01	
9220	9.201790e-07	1.799881e+00	5.927929e-01	
9221	9.202790e-07	1.799858e+00	5.920308e-01	
9222	9.203790e-07	1.799881e+00	5.912699e-01	
9223	9.204790e-07	1.799858e+00	5.905099e-01	
9224	9.205790e-07	1.799881e+00	5.897509e-01	
9225	9.206790e-07	1.799858e+00	5.889929e-01	
9226	9.207790e-07	1.799881e+00	5.882360e-01	
9227	9.208790e-07	1.799858e+00	5.874799e-01	
9228	9.209790e-07	1.799881e+00	5.867250e-01	
9229	9.210790e-07	1.799858e+00	5.859709e-01	
9230	9.211790e-07	1.799881e+00	5.852180e-01	
9231	9.212790e-07	1.799858e+00	5.844659e-01	
9232	9.213790e-07	1.799881e+00	5.837150e-01	
9233	9.214790e-07	1.799858e+00	5.829648e-01	
9234	9.215790e-07	1.799881e+00	5.822159e-01	
9235	9.216790e-07	1.799858e+00	5.814677e-01	
9236	9.217790e-07	1.799881e+00	5.807207e-01	
9237	9.218790e-07	1.799859e+00	5.799746e-01	
9238	9.219790e-07	1.799881e+00	5.792295e-01	
9239	9.220790e-07	1.799859e+00	5.784853e-01	
9240	9.221790e-07	1.799881e+00	5.777422e-01	
9241	9.222790e-07	1.799859e+00	5.770000e-01	
9242	9.223790e-07	1.799881e+00	5.762589e-01	
9243	9.224790e-07	1.799859e+00	5.755186e-01	
9244	9.225790e-07	1.799881e+00	5.747794e-01	
9245	9.226790e-07	1.799859e+00	5.740410e-01	
9246	9.227790e-07	1.799881e+00	5.733038e-01	
9247	9.228790e-07	1.799859e+00	5.725674e-01	
9248	9.229790e-07	1.799881e+00	5.718321e-01	
9249	9.230790e-07	1.799859e+00	5.710976e-01	
9250	9.231790e-07	1.799881e+00	5.703642e-01	
9251	9.232790e-07	1.799859e+00	5.696317e-01	
9252	9.233790e-07	1.799881e+00	5.689002e-01	
9253	9.234790e-07	1.799859e+00	5.681696e-01	
9254	9.235790e-07	1.799881e+00	5.674401e-01	
9255	9.236790e-07	1.799859e+00	5.667113e-01	
9256	9.237790e-07	1.799881e+00	5.659837e-01	
9257	9.238790e-07	1.799860e+00	5.652569e-01	
9258	9.239790e-07	1.799881e+00	5.645312e-01	
9259	9.240790e-07	1.799860e+00	5.638063e-01	
9260	9.241790e-07	1.799881e+00	5.630824e-01	
9261	9.242790e-07	1.799860e+00	5.623594e-01	
9262	9.243790e-07	1.799881e+00	5.616375e-01	
9263	9.244790e-07	1.799860e+00	5.609163e-01	
9264	9.245790e-07	1.799881e+00	5.601963e-01	
9265	9.246790e-07	1.799860e+00	5.594770e-01	
9266	9.247790e-07	1.799881e+00	5.587588e-01	
9267	9.248790e-07	1.799860e+00	5.580413e-01	
9268	9.249790e-07	1.799881e+00	5.573250e-01	
9269	9.250790e-07	1.799860e+00	5.566093e-01	
9270	9.251790e-07	1.799881e+00	5.558948e-01	
9271	9.252790e-07	1.799860e+00	5.551810e-01	
9272	9.253790e-07	1.799881e+00	5.544682e-01	
9273	9.254790e-07	1.799860e+00	5.537562e-01	
9274	9.255790e-07	1.799881e+00	5.530452e-01	
9275	9.256790e-07	1.799860e+00	5.523349e-01	
9276	9.257790e-07	1.799881e+00	5.516257e-01	

Index   time            vout2           v(x2.comp_p_0/v 
--------------------------------------------------------------------------------
9277	9.258790e-07	1.799860e+00	5.509171e-01	
9278	9.259790e-07	1.799881e+00	5.502095e-01	
9279	9.260790e-07	1.799860e+00	5.495026e-01	
9280	9.261790e-07	1.799881e+00	5.487966e-01	
9281	9.262790e-07	1.799861e+00	5.480912e-01	
9282	9.263790e-07	1.799881e+00	5.473868e-01	
9283	9.264790e-07	1.799861e+00	5.466830e-01	
9284	9.265790e-07	1.799881e+00	5.459801e-01	
9285	9.266790e-07	1.799861e+00	5.452777e-01	
9286	9.267790e-07	1.799881e+00	5.445762e-01	
9287	9.268790e-07	1.799861e+00	5.438753e-01	
9288	9.269790e-07	1.799881e+00	5.431752e-01	
9289	9.270790e-07	1.799861e+00	5.424756e-01	
9290	9.271790e-07	1.799881e+00	5.417768e-01	
9291	9.272790e-07	1.799861e+00	5.410785e-01	
9292	9.273790e-07	1.799881e+00	5.403810e-01	
9293	9.274790e-07	1.799861e+00	5.396840e-01	
9294	9.275790e-07	1.799882e+00	5.389878e-01	
9295	9.276790e-07	1.799861e+00	5.382921e-01	
9296	9.277790e-07	1.799882e+00	5.375972e-01	
9297	9.278790e-07	1.799861e+00	5.369028e-01	
9298	9.279790e-07	1.799882e+00	5.362093e-01	
9299	9.280790e-07	1.799861e+00	5.355163e-01	
9300	9.281790e-07	1.799882e+00	5.348241e-01	
9301	9.282790e-07	1.799861e+00	5.341326e-01	
9302	9.283790e-07	1.799882e+00	5.334419e-01	
9303	9.284790e-07	1.799861e+00	5.327517e-01	
9304	9.285790e-07	1.799882e+00	5.320625e-01	
9305	9.286790e-07	1.799862e+00	5.313740e-01	
9306	9.287790e-07	1.799882e+00	5.306863e-01	
9307	9.288790e-07	1.799862e+00	5.299993e-01	
9308	9.289790e-07	1.799882e+00	5.293133e-01	
9309	9.290790e-07	1.799862e+00	5.286279e-01	
9310	9.291790e-07	1.799882e+00	5.279435e-01	
9311	9.292790e-07	1.799862e+00	5.272597e-01	
9312	9.293790e-07	1.799882e+00	5.265769e-01	
9313	9.294790e-07	1.799862e+00	5.258948e-01	
9314	9.295790e-07	1.799882e+00	5.252137e-01	
9315	9.296790e-07	1.799862e+00	5.245332e-01	
9316	9.297790e-07	1.799882e+00	5.238538e-01	
9317	9.298790e-07	1.799862e+00	5.231750e-01	
9318	9.299790e-07	1.799882e+00	5.224973e-01	
9319	9.300790e-07	1.799862e+00	5.218202e-01	
9320	9.301790e-07	1.799882e+00	5.211442e-01	
9321	9.302790e-07	1.799862e+00	5.204689e-01	
9322	9.303790e-07	1.799882e+00	5.197946e-01	
9323	9.304790e-07	1.799862e+00	5.191210e-01	
9324	9.305790e-07	1.799882e+00	5.184485e-01	
9325	9.306790e-07	1.799862e+00	5.177766e-01	
9326	9.307790e-07	1.799882e+00	5.171058e-01	
9327	9.308790e-07	1.799862e+00	5.164357e-01	
9328	9.309790e-07	1.799882e+00	5.157667e-01	
9329	9.310790e-07	1.799862e+00	5.150983e-01	
9330	9.311790e-07	1.799882e+00	5.144310e-01	
9331	9.312790e-07	1.799862e+00	5.137645e-01	
9332	9.313790e-07	1.799882e+00	5.130989e-01	
9333	9.314790e-07	1.799862e+00	5.124341e-01	
9334	9.315790e-07	1.799882e+00	5.117702e-01	

Index   time            vout2           v(x2.comp_p_0/v 
--------------------------------------------------------------------------------
9335	9.316790e-07	1.799863e+00	5.111071e-01	
9336	9.317790e-07	1.799882e+00	5.104451e-01	
9337	9.318790e-07	1.799863e+00	5.097837e-01	
9338	9.319790e-07	1.799882e+00	5.091233e-01	
9339	9.320790e-07	1.799863e+00	5.084637e-01	
9340	9.321790e-07	1.799882e+00	5.078050e-01	
9341	9.322790e-07	1.799863e+00	5.071471e-01	
9342	9.323790e-07	1.799882e+00	5.064901e-01	
9343	9.324790e-07	1.799863e+00	5.058339e-01	
9344	9.325790e-07	1.799882e+00	5.051786e-01	
9345	9.326790e-07	1.799863e+00	5.045240e-01	
9346	9.327790e-07	1.799882e+00	5.038705e-01	
9347	9.328790e-07	1.799863e+00	5.032176e-01	
9348	9.329790e-07	1.799882e+00	5.025657e-01	
9349	9.330790e-07	1.799863e+00	5.019145e-01	
9350	9.331790e-07	1.799882e+00	5.012643e-01	
9351	9.332790e-07	1.799863e+00	5.006148e-01	
9352	9.333790e-07	1.799882e+00	4.999663e-01	
9353	9.334790e-07	1.799863e+00	4.993184e-01	
9354	9.335790e-07	1.799882e+00	4.986716e-01	
9355	9.336790e-07	1.799863e+00	4.980254e-01	
9356	9.337790e-07	1.799882e+00	4.973802e-01	
9357	9.338790e-07	1.799863e+00	4.967357e-01	
9358	9.339790e-07	1.799882e+00	4.960922e-01	
9359	9.340790e-07	1.799863e+00	4.954493e-01	
9360	9.341790e-07	1.799882e+00	4.948075e-01	
9361	9.342790e-07	1.799863e+00	4.941663e-01	
9362	9.343790e-07	1.799882e+00	4.935260e-01	
9363	9.344790e-07	1.799863e+00	4.928865e-01	
9364	9.345790e-07	1.799882e+00	4.922479e-01	
9365	9.346790e-07	1.799863e+00	4.916100e-01	
9366	9.347790e-07	1.799882e+00	4.909731e-01	
9367	9.348790e-07	1.799864e+00	4.903368e-01	
9368	9.349790e-07	1.799882e+00	4.897016e-01	
9369	9.350790e-07	1.799864e+00	4.890669e-01	
9370	9.351790e-07	1.799882e+00	4.884333e-01	
9371	9.352790e-07	1.799864e+00	4.878003e-01	
9372	9.353790e-07	1.799882e+00	4.871683e-01	
9373	9.354790e-07	1.799864e+00	4.865370e-01	
9374	9.355790e-07	1.799882e+00	4.859066e-01	
9375	9.356790e-07	1.799864e+00	4.852769e-01	
9376	9.357790e-07	1.799882e+00	4.846481e-01	
9377	9.358790e-07	1.799864e+00	4.840200e-01	
9378	9.359716e-07	1.799882e+00	4.834393e-01	
9379	9.360716e-07	1.799864e+00	4.828127e-01	
9380	9.361716e-07	1.799882e+00	4.821872e-01	
9381	9.362716e-07	1.799864e+00	4.815623e-01	
9382	9.363716e-07	1.799882e+00	4.809383e-01	
9383	9.364716e-07	1.799864e+00	4.803150e-01	
9384	9.365716e-07	1.799882e+00	4.796926e-01	
9385	9.366716e-07	1.799864e+00	4.790709e-01	
9386	9.367716e-07	1.799882e+00	4.784502e-01	
9387	9.368716e-07	1.799864e+00	4.778301e-01	
9388	9.369716e-07	1.799882e+00	4.772110e-01	
9389	9.370716e-07	1.799864e+00	4.765925e-01	
9390	9.371716e-07	1.799882e+00	4.759749e-01	
9391	9.372716e-07	1.799864e+00	4.753580e-01	
9392	9.373716e-07	1.799882e+00	4.747420e-01	

Index   time            vout2           v(x2.comp_p_0/v 
--------------------------------------------------------------------------------
9393	9.374716e-07	1.799864e+00	4.741267e-01	
9394	9.375716e-07	1.799882e+00	4.735123e-01	
9395	9.376716e-07	1.799864e+00	4.728986e-01	
9396	9.377716e-07	1.799881e+00	4.722858e-01	
9397	9.378716e-07	1.799864e+00	4.716736e-01	
9398	9.379716e-07	1.799881e+00	4.710623e-01	
9399	9.380716e-07	1.799864e+00	4.704517e-01	
9400	9.381716e-07	1.799881e+00	4.698421e-01	
9401	9.382716e-07	1.799863e+00	4.692330e-01	
9402	9.383716e-07	1.799880e+00	4.686249e-01	
9403	9.384716e-07	1.799863e+00	4.680174e-01	
9404	9.385716e-07	1.799880e+00	4.674108e-01	
9405	9.386716e-07	1.799863e+00	4.668048e-01	
9406	9.387716e-07	1.799880e+00	4.661998e-01	
9407	9.388716e-07	1.799862e+00	4.655953e-01	
9408	9.389716e-07	1.799879e+00	4.649918e-01	
9409	9.390716e-07	1.799862e+00	4.643889e-01	
9410	9.391716e-07	1.799878e+00	4.637870e-01	
9411	9.392716e-07	1.799861e+00	4.631856e-01	
9412	9.393716e-07	1.799878e+00	4.625852e-01	
9413	9.394716e-07	1.799861e+00	4.619853e-01	
9414	9.395716e-07	1.799877e+00	4.613864e-01	
9415	9.396716e-07	1.799860e+00	4.607881e-01	
9416	9.397716e-07	1.799876e+00	4.601908e-01	
9417	9.398716e-07	1.799860e+00	4.595940e-01	
9418	9.399716e-07	1.799875e+00	4.589982e-01	
9419	9.400716e-07	1.799859e+00	4.584029e-01	
9420	9.401716e-07	1.799874e+00	4.578086e-01	
9421	9.402716e-07	1.799858e+00	4.572149e-01	
9422	9.403716e-07	1.799873e+00	4.566221e-01	
9423	9.404716e-07	1.799857e+00	4.560299e-01	
9424	9.405716e-07	1.799872e+00	4.554386e-01	
9425	9.406716e-07	1.799856e+00	4.548480e-01	
9426	9.407716e-07	1.799871e+00	4.542582e-01	
9427	9.408716e-07	1.799855e+00	4.536689e-01	
9428	9.409716e-07	1.799869e+00	4.530806e-01	
9429	9.410716e-07	1.799854e+00	4.524928e-01	
9430	9.411716e-07	1.799868e+00	4.519060e-01	
9431	9.412716e-07	1.799853e+00	4.513196e-01	
9432	9.413716e-07	1.799867e+00	4.507342e-01	
9433	9.414716e-07	1.799852e+00	4.501493e-01	
9434	9.415716e-07	1.799867e+00	4.495653e-01	
9435	9.416716e-07	1.799852e+00	4.489819e-01	
9436	9.417716e-07	1.799868e+00	4.483994e-01	
9437	9.418716e-07	1.799854e+00	4.478174e-01	
9438	9.419716e-07	1.799871e+00	4.472363e-01	
9439	9.420716e-07	1.799860e+00	4.466558e-01	
9440	9.421716e-07	1.799881e+00	4.460761e-01	
9441	9.422716e-07	1.799875e+00	4.454971e-01	
9442	9.423716e-07	1.799906e+00	4.449189e-01	
9443	9.424716e-07	1.799909e+00	4.443413e-01	
9444	9.425716e-07	1.799957e+00	4.437645e-01	
9445	9.426716e-07	1.799979e+00	4.431884e-01	
9446	9.427716e-07	1.800052e+00	4.426131e-01	
9447	9.428716e-07	1.800104e+00	4.420385e-01	
9448	9.429716e-07	1.800215e+00	4.414647e-01	
9449	9.430716e-07	1.800317e+00	4.408916e-01	
9450	9.431716e-07	1.800498e+00	4.403194e-01	

Index   time            vout2           v(x2.comp_p_0/v 
--------------------------------------------------------------------------------
9451	9.432716e-07	1.800702e+00	4.397481e-01	
9452	9.433716e-07	1.801042e+00	4.391780e-01	
9453	9.434716e-07	1.801507e+00	4.386091e-01	
9454	9.435716e-07	1.802317e+00	4.380422e-01	
9455	9.436716e-07	1.803680e+00	4.374780e-01	
9456	9.437716e-07	1.806028e+00	4.369184e-01	
9457	9.438716e-07	1.809338e+00	4.363663e-01	
9458	9.439716e-07	1.814063e+00	4.358288e-01	
9459	9.440716e-07	1.821937e+00	4.353235e-01	
9460	9.441716e-07	1.837968e+00	4.349936e-01	
9461	9.442716e-07	1.532500e+00	4.354942e-01	
9462	9.443716e-07	1.149546e-01	4.369243e-01	
9463	9.444716e-07	-3.75347e-02	4.386496e-01	
9464	9.445716e-07	3.472311e-02	4.403927e-01	
9465	9.446716e-07	-2.93886e-02	4.421458e-01	
9466	9.447716e-07	2.587991e-02	4.438945e-01	
9467	9.448716e-07	-2.20696e-02	4.456440e-01	
9468	9.449716e-07	1.937318e-02	4.473907e-01	
9469	9.450716e-07	-1.65936e-02	4.491364e-01	
9470	9.451716e-07	1.453230e-02	4.508799e-01	
9471	9.452716e-07	-1.24877e-02	4.526218e-01	
9472	9.453716e-07	1.091748e-02	4.543618e-01	
9473	9.454716e-07	-9.40449e-03	4.560998e-01	
9474	9.455716e-07	8.211483e-03	4.578358e-01	
9475	9.456716e-07	-7.08681e-03	4.595697e-01	
9476	9.457716e-07	6.182267e-03	4.613017e-01	
9477	9.458716e-07	-5.34343e-03	4.630314e-01	
9478	9.459716e-07	4.658652e-03	4.647591e-01	
9479	9.460716e-07	-4.03141e-03	4.664846e-01	
9480	9.461716e-07	3.513610e-03	4.682080e-01	
9481	9.462716e-07	-3.04370e-03	4.699291e-01	
9482	9.463716e-07	2.652495e-03	4.716482e-01	
9483	9.464716e-07	-2.29995e-03	4.733649e-01	
9484	9.465716e-07	2.004574e-03	4.750795e-01	
9485	9.466716e-07	-1.73979e-03	4.767919e-01	
9486	9.467716e-07	1.516881e-03	4.785021e-01	
9487	9.468716e-07	-1.31785e-03	4.802100e-01	
9488	9.469716e-07	1.149684e-03	4.819157e-01	
9489	9.470716e-07	-9.99979e-04	4.836192e-01	
9490	9.471716e-07	8.731497e-04	4.853205e-01	
9491	9.472716e-07	-7.60494e-04	4.870195e-01	
9492	9.473716e-07	6.648558e-04	4.887163e-01	
9493	9.474716e-07	-5.80048e-04	4.904109e-01	
9494	9.475716e-07	5.079392e-04	4.921033e-01	
9495	9.476716e-07	-4.44077e-04	4.937933e-01	
9496	9.477716e-07	3.897121e-04	4.954813e-01	
9497	9.478716e-07	-3.41610e-04	4.971669e-01	
9498	9.479716e-07	3.006242e-04	4.988504e-01	
9499	9.480716e-07	-2.64385e-04	5.005316e-01	
9500	9.481716e-07	2.334855e-04	5.022106e-01	
9501	9.482716e-07	-2.06179e-04	5.038874e-01	
9502	9.483716e-07	1.828814e-04	5.055620e-01	
9503	9.484716e-07	-1.62301e-04	5.072343e-01	
9504	9.485716e-07	1.447339e-04	5.089045e-01	
9505	9.486716e-07	-1.29219e-04	5.105723e-01	
9506	9.487716e-07	1.159712e-04	5.122381e-01	
9507	9.488716e-07	-1.04273e-04	5.139015e-01	
9508	9.489716e-07	9.427946e-05	5.155629e-01	

Index   time            vout2           v(x2.comp_p_0/v 
--------------------------------------------------------------------------------
9509	9.490716e-07	-8.54556e-05	5.172219e-01	
9510	9.491716e-07	7.791523e-05	5.188789e-01	
9511	9.492716e-07	-7.02097e-05	5.205335e-01	
9512	9.493716e-07	6.676075e-05	5.221861e-01	
9513	9.494716e-07	-5.95519e-05	5.238363e-01	
9514	9.495716e-07	5.721793e-05	5.254845e-01	
9515	9.496716e-07	-5.15464e-05	5.271303e-01	
9516	9.497716e-07	5.001536e-05	5.287741e-01	
9517	9.498716e-07	-4.55014e-05	5.304156e-01	
9518	9.499716e-07	4.457284e-05	5.320550e-01	
9519	9.500716e-07	-4.09316e-05	5.336922e-01	
9520	9.501716e-07	4.045531e-05	5.353272e-01	
9521	9.502716e-07	-3.74721e-05	5.369600e-01	
9522	9.503716e-07	3.733537e-05	5.385907e-01	
9523	9.504716e-07	-3.48485e-05	5.402192e-01	
9524	9.505716e-07	3.496658e-05	5.418455e-01	
9525	9.506716e-07	-3.28541e-05	5.434696e-01	
9526	9.507716e-07	3.316339e-05	5.450917e-01	
9527	9.508716e-07	-3.13336e-05	5.467115e-01	
9528	9.509716e-07	3.178610e-05	5.483292e-01	
9529	9.510716e-07	-3.01699e-05	5.499447e-01	
9530	9.511716e-07	3.072953e-05	5.515581e-01	
9531	9.512716e-07	-2.92748e-05	5.531693e-01	
9532	9.513716e-07	2.991450e-05	5.547785e-01	
9533	9.514716e-07	-2.85821e-05	5.563854e-01	
9534	9.515716e-07	2.928139e-05	5.579903e-01	
9535	9.516716e-07	-2.80417e-05	5.595929e-01	
9536	9.517716e-07	2.878529e-05	5.611935e-01	
9537	9.518716e-07	-2.76161e-05	5.627919e-01	
9538	9.519716e-07	2.839243e-05	5.643883e-01	
9539	9.520716e-07	-2.72770e-05	5.659824e-01	
9540	9.521716e-07	2.807734e-05	5.675745e-01	
9541	9.522716e-07	-2.70031e-05	5.691644e-01	
9542	9.523716e-07	2.782086e-05	5.707524e-01	
9543	9.524716e-07	-2.67783e-05	5.723380e-01	
9544	9.525716e-07	2.760857e-05	5.739217e-01	
9545	9.526716e-07	-2.65905e-05	5.755032e-01	
9546	9.527716e-07	2.742960e-05	5.770827e-01	
9547	9.528716e-07	-2.64306e-05	5.786600e-01	
9548	9.529716e-07	2.727578e-05	5.802354e-01	
9549	9.530716e-07	-2.62919e-05	5.818085e-01	
9550	9.531716e-07	2.714093e-05	5.833796e-01	
9551	9.532716e-07	-2.61690e-05	5.849486e-01	
9552	9.533716e-07	2.702044e-05	5.865156e-01	
9553	9.534716e-07	-2.60582e-05	5.880804e-01	
9554	9.535716e-07	2.691080e-05	5.896433e-01	
9555	9.536716e-07	-2.59565e-05	5.912040e-01	
9556	9.537716e-07	2.680938e-05	5.927627e-01	
9557	9.538716e-07	-2.58618e-05	5.943192e-01	
9558	9.539716e-07	2.671421e-05	5.958738e-01	
9559	9.540716e-07	-2.57722e-05	5.974263e-01	
9560	9.541716e-07	2.662379e-05	5.989768e-01	
9561	9.542716e-07	-2.56867e-05	6.005252e-01	
9562	9.543716e-07	2.653700e-05	6.020716e-01	
9563	9.544716e-07	-2.56043e-05	6.036158e-01	
9564	9.545716e-07	2.645300e-05	6.051582e-01	
9565	9.546716e-07	-2.55242e-05	6.066984e-01	
9566	9.547716e-07	2.637114e-05	6.082367e-01	

Index   time            vout2           v(x2.comp_p_0/v 
--------------------------------------------------------------------------------
9567	9.548716e-07	-2.54460e-05	6.097728e-01	
9568	9.549716e-07	2.629096e-05	6.113070e-01	
9569	9.550716e-07	-2.53691e-05	6.128391e-01	
9570	9.551716e-07	2.621208e-05	6.143693e-01	
9571	9.552716e-07	-2.52934e-05	6.158974e-01	
9572	9.553716e-07	2.613424e-05	6.174236e-01	
9573	9.554716e-07	-2.52186e-05	6.189476e-01	
9574	9.555716e-07	2.605723e-05	6.204698e-01	
9575	9.556716e-07	-2.51445e-05	6.219898e-01	
9576	9.557716e-07	2.598089e-05	6.235080e-01	
9577	9.558716e-07	-2.50710e-05	6.250241e-01	
9578	9.559716e-07	2.590511e-05	6.265383e-01	
9579	9.560716e-07	-2.49980e-05	6.280504e-01	
9580	9.561716e-07	2.582981e-05	6.295606e-01	
9581	9.562716e-07	-2.49254e-05	6.310687e-01	
9582	9.563716e-07	2.575491e-05	6.325750e-01	
9583	9.564716e-07	-2.48532e-05	6.340792e-01	
9584	9.565716e-07	2.568036e-05	6.355815e-01	
9585	9.566716e-07	-2.47813e-05	6.370818e-01	
9586	9.567716e-07	2.560613e-05	6.385802e-01	
9587	9.568716e-07	-2.47097e-05	6.400766e-01	
9588	9.569716e-07	2.553219e-05	6.415711e-01	
9589	9.570716e-07	-2.46384e-05	6.430635e-01	
9590	9.571716e-07	2.545852e-05	6.445541e-01	
9591	9.572716e-07	-2.45673e-05	6.460427e-01	
9592	9.573716e-07	2.538509e-05	6.475294e-01	
9593	9.574716e-07	-2.44964e-05	6.490141e-01	
9594	9.575716e-07	2.531190e-05	6.504969e-01	
9595	9.576716e-07	-2.44258e-05	6.519778e-01	
9596	9.577716e-07	2.523894e-05	6.534568e-01	
9597	9.578716e-07	-2.43554e-05	6.549338e-01	
9598	9.579716e-07	2.516620e-05	6.564089e-01	
9599	9.580716e-07	-2.42852e-05	6.578821e-01	
9600	9.581716e-07	2.509368e-05	6.593534e-01	
9601	9.582716e-07	-2.42152e-05	6.608227e-01	
9602	9.583716e-07	2.502136e-05	6.622903e-01	
9603	9.584716e-07	-2.41454e-05	6.637558e-01	
9604	9.585716e-07	2.494925e-05	6.652195e-01	
9605	9.586716e-07	-2.40758e-05	6.666812e-01	
9606	9.587716e-07	2.487734e-05	6.681412e-01	
9607	9.588716e-07	-2.40064e-05	6.695991e-01	
9608	9.589716e-07	2.480564e-05	6.710553e-01	
9609	9.590716e-07	-2.39372e-05	6.725095e-01	
9610	9.591716e-07	2.473413e-05	6.739619e-01	
9611	9.592716e-07	-2.38682e-05	6.754123e-01	
9612	9.593716e-07	2.466281e-05	6.768609e-01	
9613	9.594716e-07	-2.37994e-05	6.783076e-01	
9614	9.595716e-07	2.459169e-05	6.797525e-01	
9615	9.596716e-07	-2.37307e-05	6.811955e-01	
9616	9.597716e-07	2.452075e-05	6.826366e-01	
9617	9.598716e-07	-2.36623e-05	6.840758e-01	
9618	9.599716e-07	2.445000e-05	6.855133e-01	
9619	9.600716e-07	-2.35941e-05	6.869488e-01	
9620	9.601716e-07	2.437943e-05	6.883825e-01	
9621	9.602716e-07	-2.35260e-05	6.898143e-01	
9622	9.603716e-07	2.430903e-05	6.912443e-01	
9623	9.604716e-07	-2.34582e-05	6.926723e-01	
9624	9.605716e-07	2.423878e-05	6.940985e-01	

Index   time            vout2           v(x2.comp_p_0/v 
--------------------------------------------------------------------------------
9625	9.606716e-07	-2.33906e-05	6.955228e-01	
9626	9.607716e-07	2.416869e-05	6.969453e-01	
9627	9.608716e-07	-2.33232e-05	6.983658e-01	
9628	9.609716e-07	2.409874e-05	6.997845e-01	
9629	9.610716e-07	-2.32561e-05	7.012011e-01	
9630	9.611716e-07	2.402891e-05	7.026160e-01	
9631	9.612716e-07	-2.31891e-05	7.040288e-01	
9632	9.613716e-07	2.395912e-05	7.054396e-01	
9633	9.614716e-07	-2.31223e-05	7.068484e-01	
9634	9.615716e-07	2.388958e-05	7.082553e-01	
9635	9.616716e-07	-2.30557e-05	7.096600e-01	
9636	9.617716e-07	2.381995e-05	7.110627e-01	
9637	9.618716e-07	-2.29890e-05	7.124631e-01	
9638	9.619716e-07	2.375050e-05	7.138616e-01	
9639	9.620716e-07	-2.29224e-05	7.152577e-01	
9640	9.621716e-07	2.368143e-05	7.166517e-01	
9641	9.622716e-07	-2.28558e-05	7.180434e-01	
9642	9.623716e-07	2.361272e-05	7.194330e-01	
9643	9.624716e-07	-2.27894e-05	7.208203e-01	
9644	9.625716e-07	2.354436e-05	7.222054e-01	
9645	9.626716e-07	-2.27230e-05	7.235882e-01	
9646	9.627716e-07	2.347632e-05	7.249690e-01	
9647	9.628716e-07	-2.26568e-05	7.263475e-01	
9648	9.629716e-07	2.340855e-05	7.277240e-01	
9649	9.630716e-07	-2.25909e-05	7.290983e-01	
9650	9.631716e-07	2.334100e-05	7.304707e-01	
9651	9.632716e-07	-2.25252e-05	7.318410e-01	
9652	9.633716e-07	2.327365e-05	7.332094e-01	
9653	9.634716e-07	-2.24598e-05	7.345759e-01	
9654	9.635716e-07	2.320650e-05	7.359405e-01	
9655	9.636716e-07	-2.23947e-05	7.373033e-01	
9656	9.637716e-07	2.313953e-05	7.386643e-01	
9657	9.638716e-07	-2.23298e-05	7.400234e-01	
9658	9.639716e-07	2.307273e-05	7.413809e-01	
9659	9.640716e-07	-2.22668e-05	7.427366e-01	
9660	9.641716e-07	2.300820e-05	7.440906e-01	
9661	9.642716e-07	-2.22024e-05	7.454428e-01	
9662	9.643716e-07	2.294096e-05	7.467935e-01	
9663	9.644716e-07	-2.21377e-05	7.481423e-01	
9664	9.645716e-07	2.287429e-05	7.494896e-01	
9665	9.646716e-07	-2.20734e-05	7.508352e-01	
9666	9.647716e-07	2.280786e-05	7.521791e-01	
9667	9.648716e-07	-2.20092e-05	7.535213e-01	
9668	9.649716e-07	2.274166e-05	7.548620e-01	
9669	9.650716e-07	-2.19453e-05	7.562009e-01	
9670	9.651716e-07	2.267569e-05	7.575383e-01	
9671	9.652716e-07	-2.18816e-05	7.588739e-01	
9672	9.653716e-07	2.260993e-05	7.602080e-01	
9673	9.654716e-07	-2.18182e-05	7.615403e-01	
9674	9.655716e-07	2.254434e-05	7.628711e-01	
9675	9.656716e-07	-2.17549e-05	7.642002e-01	
9676	9.657716e-07	2.247893e-05	7.655278e-01	
9677	9.658716e-07	-2.16919e-05	7.668536e-01	
9678	9.659716e-07	2.241369e-05	7.681779e-01	
9679	9.660716e-07	-2.16290e-05	7.695004e-01	
9680	9.661716e-07	2.234867e-05	7.708215e-01	
9681	9.662716e-07	-2.15663e-05	7.721408e-01	
9682	9.663716e-07	2.228386e-05	7.734586e-01	

Index   time            vout2           v(x2.comp_p_0/v 
--------------------------------------------------------------------------------
9683	9.664716e-07	-2.15037e-05	7.747746e-01	
9684	9.665716e-07	2.221924e-05	7.760892e-01	
9685	9.666716e-07	-2.14413e-05	7.774020e-01	
9686	9.667716e-07	2.215479e-05	7.787133e-01	
9687	9.668716e-07	-2.13791e-05	7.800229e-01	
9688	9.669716e-07	2.209051e-05	7.813310e-01	
9689	9.670716e-07	-2.13170e-05	7.826374e-01	
9690	9.671716e-07	2.202641e-05	7.839423e-01	
9691	9.672716e-07	-2.12552e-05	7.852454e-01	
9692	9.673716e-07	2.196250e-05	7.865471e-01	
9693	9.674716e-07	-2.11935e-05	7.878471e-01	
9694	9.675716e-07	2.189876e-05	7.891456e-01	
9695	9.676716e-07	-2.11319e-05	7.904423e-01	
9696	9.677716e-07	2.183521e-05	7.917376e-01	
9697	9.678716e-07	-2.10706e-05	7.930312e-01	
9698	9.679716e-07	2.177184e-05	7.943233e-01	
9699	9.680716e-07	-2.10094e-05	7.956137e-01	
9700	9.681716e-07	2.170864e-05	7.969026e-01	
9701	9.682716e-07	-2.09483e-05	7.981899e-01	
9702	9.683716e-07	2.164563e-05	7.994756e-01	
9703	9.684716e-07	-2.08874e-05	8.007597e-01	
9704	9.685716e-07	2.158280e-05	8.020423e-01	
9705	9.686716e-07	-2.08267e-05	8.033232e-01	
9706	9.687716e-07	2.152014e-05	8.046027e-01	
9707	9.688716e-07	-2.07662e-05	8.058805e-01	
9708	9.689716e-07	2.145765e-05	8.071568e-01	
9709	9.690716e-07	-2.07059e-05	8.084315e-01	
9710	9.691716e-07	2.139534e-05	8.097047e-01	
9711	9.692716e-07	-2.06457e-05	8.109763e-01	
9712	9.693716e-07	2.133320e-05	8.122464e-01	
9713	9.694716e-07	-2.05856e-05	8.135149e-01	
9714	9.695716e-07	2.127122e-05	8.147820e-01	
9715	9.696716e-07	-2.05258e-05	8.160474e-01	
9716	9.697716e-07	2.120940e-05	8.173114e-01	
9717	9.698716e-07	-2.04661e-05	8.185739e-01	
9718	9.699716e-07	2.114775e-05	8.198349e-01	
9719	9.700716e-07	-2.04066e-05	8.210944e-01	
9720	9.701716e-07	2.108625e-05	8.223525e-01	
9721	9.702716e-07	-2.03472e-05	8.236090e-01	
9722	9.703716e-07	2.102490e-05	8.248642e-01	
9723	9.704716e-07	-2.02880e-05	8.261179e-01	
9724	9.705716e-07	2.096371e-05	8.273703e-01	
9725	9.706716e-07	-2.02289e-05	8.286212e-01	
9726	9.707716e-07	2.090268e-05	8.298707e-01	
9727	9.708716e-07	-2.01700e-05	8.311188e-01	
9728	9.709716e-07	2.084181e-05	8.323655e-01	
9729	9.710716e-07	-2.01113e-05	8.336107e-01	
9730	9.711716e-07	2.078110e-05	8.348545e-01	
9731	9.712716e-07	-2.00527e-05	8.360969e-01	
9732	9.713716e-07	2.072055e-05	8.373378e-01	
9733	9.714716e-07	-1.99942e-05	8.385772e-01	
9734	9.715716e-07	2.066016e-05	8.398153e-01	
9735	9.716716e-07	-1.99359e-05	8.410517e-01	
9736	9.717716e-07	2.059992e-05	8.422868e-01	
9737	9.718716e-07	-1.98778e-05	8.435202e-01	
9738	9.719716e-07	2.053985e-05	8.447523e-01	
9739	9.720716e-07	-1.98198e-05	8.459827e-01	
9740	9.721716e-07	2.047993e-05	8.472117e-01	

Index   time            vout2           v(x2.comp_p_0/v 
--------------------------------------------------------------------------------
9741	9.722716e-07	-1.97619e-05	8.484391e-01	
9742	9.723716e-07	2.042017e-05	8.496651e-01	
9743	9.724716e-07	-1.97043e-05	8.508894e-01	
9744	9.725716e-07	2.036057e-05	8.521122e-01	
9745	9.726716e-07	-1.96467e-05	8.533335e-01	
9746	9.727716e-07	2.030112e-05	8.545533e-01	
9747	9.728716e-07	-1.95894e-05	8.557714e-01	
9748	9.729716e-07	2.024183e-05	8.569882e-01	
9749	9.730716e-07	-1.95321e-05	8.582032e-01	
9750	9.731716e-07	2.018270e-05	8.594169e-01	
9751	9.732716e-07	-1.94751e-05	8.606288e-01	
9752	9.733716e-07	2.012373e-05	8.618394e-01	
9753	9.734716e-07	-1.94182e-05	8.630483e-01	
9754	9.735716e-07	2.006491e-05	8.642557e-01	
9755	9.736716e-07	-1.93614e-05	8.654616e-01	
9756	9.737716e-07	2.000625e-05	8.666659e-01	
9757	9.738716e-07	-1.93048e-05	8.678687e-01	
9758	9.739716e-07	1.994775e-05	8.690700e-01	
9759	9.740716e-07	-1.92483e-05	8.702697e-01	
9760	9.741716e-07	1.988940e-05	8.714679e-01	
9761	9.742716e-07	-1.91920e-05	8.726645e-01	
9762	9.743716e-07	1.983120e-05	8.738597e-01	
9763	9.744716e-07	-1.91358e-05	8.750532e-01	
9764	9.745716e-07	1.977316e-05	8.762453e-01	
9765	9.746716e-07	-1.90798e-05	8.774358e-01	
9766	9.747716e-07	1.971528e-05	8.786249e-01	
9767	9.748716e-07	-1.90240e-05	8.798123e-01	
9768	9.749716e-07	1.965755e-05	8.809983e-01	
9769	9.750716e-07	-1.89682e-05	8.821827e-01	
9770	9.751716e-07	1.959997e-05	8.833657e-01	
9771	9.752716e-07	-1.89127e-05	8.845471e-01	
9772	9.753716e-07	1.954255e-05	8.857270e-01	
9773	9.754716e-07	-1.88573e-05	8.869054e-01	
9774	9.755716e-07	1.948528e-05	8.880823e-01	
9775	9.756716e-07	-1.88020e-05	8.892576e-01	
9776	9.757716e-07	1.942817e-05	8.904315e-01	
9777	9.758716e-07	-1.87469e-05	8.916038e-01	
9778	9.759716e-07	1.937120e-05	8.927747e-01	
9779	9.760716e-07	-1.86919e-05	8.939440e-01	
9780	9.761716e-07	1.931439e-05	8.951119e-01	
9781	9.762716e-07	-1.86370e-05	8.962782e-01	
9782	9.763716e-07	1.925773e-05	8.974431e-01	
9783	9.764716e-07	-1.85824e-05	8.986065e-01	
9784	9.765716e-07	1.920122e-05	8.997684e-01	
9785	9.766716e-07	-1.85278e-05	9.009287e-01	
9786	9.767716e-07	1.914486e-05	9.020876e-01	
9787	9.768716e-07	-1.84734e-05	9.032449e-01	
9788	9.769716e-07	1.908865e-05	9.044009e-01	
9789	9.770716e-07	-1.84192e-05	9.055553e-01	
9790	9.771716e-07	1.903260e-05	9.067082e-01	
9791	9.772716e-07	-1.83651e-05	9.078597e-01	
9792	9.773716e-07	1.897669e-05	9.090097e-01	
9793	9.774716e-07	-1.83111e-05	9.101581e-01	
9794	9.775716e-07	1.892093e-05	9.113052e-01	
9795	9.776716e-07	-1.82573e-05	9.124507e-01	
9796	9.777716e-07	1.886532e-05	9.135948e-01	
9797	9.778716e-07	-1.82036e-05	9.147373e-01	
9798	9.779716e-07	1.880986e-05	9.158785e-01	

Index   time            vout2           v(x2.comp_p_0/v 
--------------------------------------------------------------------------------
9799	9.780716e-07	-1.81501e-05	9.170181e-01	
9800	9.781716e-07	1.875454e-05	9.181563e-01	
9801	9.782716e-07	-1.80967e-05	9.192930e-01	
9802	9.783716e-07	1.869937e-05	9.204283e-01	
9803	9.784716e-07	-1.80435e-05	9.215621e-01	
9804	9.785716e-07	1.864435e-05	9.226945e-01	
9805	9.786716e-07	-1.79903e-05	9.238253e-01	
9806	9.787716e-07	1.858948e-05	9.249548e-01	
9807	9.788716e-07	-1.79374e-05	9.260827e-01	
9808	9.789716e-07	1.853476e-05	9.272093e-01	
9809	9.790716e-07	-1.78846e-05	9.283343e-01	
9810	9.791716e-07	1.848018e-05	9.294579e-01	
9811	9.792716e-07	-1.78319e-05	9.305801e-01	
9812	9.793716e-07	1.842574e-05	9.317008e-01	
9813	9.794716e-07	-1.77793e-05	9.328201e-01	
9814	9.795716e-07	1.837145e-05	9.339379e-01	
9815	9.796716e-07	-1.77269e-05	9.350543e-01	
9816	9.797716e-07	1.831731e-05	9.361693e-01	
9817	9.798716e-07	-1.76747e-05	9.372828e-01	
9818	9.799716e-07	1.826331e-05	9.383949e-01	
9819	9.800716e-07	-1.76225e-05	9.395055e-01	
9820	9.801716e-07	1.820946e-05	9.406148e-01	
9821	9.802716e-07	-1.75705e-05	9.417225e-01	
9822	9.803716e-07	1.815575e-05	9.428289e-01	
9823	9.804716e-07	-1.75187e-05	9.439338e-01	
9824	9.805716e-07	1.810219e-05	9.450373e-01	
9825	9.806716e-07	-1.74670e-05	9.461393e-01	
9826	9.807716e-07	1.804877e-05	9.472400e-01	
9827	9.808716e-07	-1.74154e-05	9.483392e-01	
9828	9.809716e-07	1.799550e-05	9.494371e-01	
9829	9.810716e-07	-1.73640e-05	9.505334e-01	
9830	9.811716e-07	1.794237e-05	9.516285e-01	
9831	9.812716e-07	-1.73126e-05	9.527220e-01	
9832	9.813716e-07	1.788938e-05	9.538142e-01	
9833	9.814716e-07	-1.72615e-05	9.549049e-01	
9834	9.815716e-07	1.783654e-05	9.559943e-01	
9835	9.816716e-07	-1.72104e-05	9.570822e-01	
9836	9.817716e-07	1.778384e-05	9.581687e-01	
9837	9.818716e-07	-1.71595e-05	9.592538e-01	
9838	9.819716e-07	1.773128e-05	9.603376e-01	
9839	9.820716e-07	-1.71088e-05	9.614199e-01	
9840	9.821716e-07	1.767886e-05	9.625008e-01	
9841	9.822716e-07	-1.70581e-05	9.635803e-01	
9842	9.823716e-07	1.762658e-05	9.646585e-01	
9843	9.824716e-07	-1.70077e-05	9.657352e-01	
9844	9.825716e-07	1.757443e-05	9.668106e-01	
9845	9.826716e-07	-1.69573e-05	9.678845e-01	
9846	9.827716e-07	1.752242e-05	9.689571e-01	
9847	9.828716e-07	-1.69071e-05	9.700282e-01	
9848	9.829716e-07	1.747053e-05	9.710981e-01	
9849	9.830716e-07	-1.68570e-05	9.721665e-01	
9850	9.831716e-07	1.741877e-05	9.732335e-01	
9851	9.832716e-07	-1.68071e-05	9.742991e-01	
9852	9.833716e-07	1.736715e-05	9.753635e-01	
9853	9.834716e-07	-1.67573e-05	9.764263e-01	
9854	9.835716e-07	1.731566e-05	9.774879e-01	
9855	9.836716e-07	-1.67076e-05	9.785480e-01	
9856	9.837716e-07	1.726430e-05	9.796068e-01	

Index   time            vout2           v(x2.comp_p_0/v 
--------------------------------------------------------------------------------
9857	9.838716e-07	-1.66581e-05	9.806642e-01	
9858	9.839716e-07	1.721308e-05	9.817203e-01	
9859	9.840716e-07	-1.66087e-05	9.827749e-01	
9860	9.841716e-07	1.716199e-05	9.838283e-01	
9861	9.842716e-07	-1.65594e-05	9.848802e-01	
9862	9.843716e-07	1.711104e-05	9.859309e-01	
9863	9.844716e-07	-1.65103e-05	9.869800e-01	
9864	9.845716e-07	1.706022e-05	9.880280e-01	
9865	9.846716e-07	-1.64612e-05	9.890744e-01	
9866	9.847716e-07	1.700958e-05	9.901196e-01	
9867	9.848716e-07	-1.64124e-05	9.911634e-01	
9868	9.849716e-07	1.695904e-05	9.922059e-01	
9869	9.850716e-07	-1.63636e-05	9.932470e-01	
9870	9.851716e-07	1.690860e-05	9.942868e-01	
9871	9.852716e-07	-1.63149e-05	9.953252e-01	
9872	9.853716e-07	1.685829e-05	9.963623e-01	
9873	9.854716e-07	-1.62664e-05	9.973980e-01	
9874	9.855716e-07	1.680813e-05	9.984324e-01	
9875	9.856716e-07	-1.62180e-05	9.994654e-01	
9876	9.857716e-07	1.675810e-05	1.000497e+00	
9877	9.858716e-07	-1.61697e-05	1.001527e+00	
9878	9.859716e-07	1.670820e-05	1.002557e+00	
9879	9.860716e-07	-1.61216e-05	1.003584e+00	
9880	9.861716e-07	1.665845e-05	1.004611e+00	
9881	9.862716e-07	-1.60736e-05	1.005636e+00	
9882	9.863716e-07	1.660884e-05	1.006659e+00	
9883	9.864716e-07	-1.60257e-05	1.007682e+00	
9884	9.865716e-07	1.655937e-05	1.008703e+00	
9885	9.866716e-07	-1.59779e-05	1.009723e+00	
9886	9.867716e-07	1.651004e-05	1.010741e+00	
9887	9.868716e-07	-1.59303e-05	1.011758e+00	
9888	9.869716e-07	1.646085e-05	1.012774e+00	
9889	9.870716e-07	-1.58829e-05	1.013788e+00	
9890	9.871716e-07	1.641179e-05	1.014802e+00	
9891	9.872716e-07	-1.58355e-05	1.015813e+00	
9892	9.873716e-07	1.636286e-05	1.016824e+00	
9893	9.874716e-07	-1.57883e-05	1.017833e+00	
9894	9.875716e-07	1.631406e-05	1.018841e+00	
9895	9.876716e-07	-1.57412e-05	1.019848e+00	
9896	9.877716e-07	1.626538e-05	1.020853e+00	
9897	9.878716e-07	-1.56942e-05	1.021857e+00	
9898	9.879716e-07	1.621684e-05	1.022860e+00	
9899	9.880716e-07	-1.56473e-05	1.023861e+00	
9900	9.881716e-07	1.616842e-05	1.024861e+00	
9901	9.882716e-07	-1.56006e-05	1.025860e+00	
9902	9.883716e-07	1.612012e-05	1.026858e+00	
9903	9.884716e-07	-1.55540e-05	1.027854e+00	
9904	9.885716e-07	1.607196e-05	1.028849e+00	
9905	9.886716e-07	-1.55075e-05	1.029842e+00	
9906	9.887716e-07	1.602391e-05	1.030835e+00	
9907	9.888716e-07	-1.54611e-05	1.031826e+00	
9908	9.889716e-07	1.597600e-05	1.032816e+00	
9909	9.890716e-07	-1.54149e-05	1.033804e+00	
9910	9.891716e-07	1.592820e-05	1.034791e+00	
9911	9.892716e-07	-1.53687e-05	1.035777e+00	
9912	9.893716e-07	1.588054e-05	1.036762e+00	
9913	9.894716e-07	-1.53227e-05	1.037745e+00	
9914	9.895716e-07	1.583299e-05	1.038728e+00	

Index   time            vout2           v(x2.comp_p_0/v 
--------------------------------------------------------------------------------
9915	9.896716e-07	-1.52768e-05	1.039708e+00	
9916	9.897716e-07	1.578557e-05	1.040688e+00	
9917	9.898716e-07	-1.52311e-05	1.041666e+00	
9918	9.899716e-07	1.573828e-05	1.042643e+00	
9919	9.900716e-07	-1.51854e-05	1.043619e+00	
9920	9.901716e-07	1.569111e-05	1.044594e+00	
9921	9.902716e-07	-1.51399e-05	1.045567e+00	
9922	9.903716e-07	1.564406e-05	1.046539e+00	
9923	9.904716e-07	-1.50945e-05	1.047510e+00	
9924	9.905716e-07	1.559713e-05	1.048479e+00	
9925	9.906716e-07	-1.50492e-05	1.049447e+00	
9926	9.907716e-07	1.555033e-05	1.050414e+00	
9927	9.908716e-07	-1.50040e-05	1.051380e+00	
9928	9.909716e-07	1.550365e-05	1.052345e+00	
9929	9.910716e-07	-1.49589e-05	1.053308e+00	
9930	9.911716e-07	1.545710e-05	1.054270e+00	
9931	9.912716e-07	-1.49140e-05	1.055231e+00	
9932	9.913716e-07	1.541066e-05	1.056190e+00	
9933	9.914716e-07	-1.48692e-05	1.057148e+00	
9934	9.915716e-07	1.536435e-05	1.058105e+00	
9935	9.916716e-07	-1.48245e-05	1.059061e+00	
9936	9.917716e-07	1.531816e-05	1.060016e+00	
9937	9.918716e-07	-1.47799e-05	1.060969e+00	
9938	9.919716e-07	1.527209e-05	1.061921e+00	
9939	9.920716e-07	-1.47354e-05	1.062872e+00	
9940	9.921716e-07	1.522614e-05	1.063822e+00	
9941	9.922716e-07	-1.46910e-05	1.064770e+00	
9942	9.923716e-07	1.518031e-05	1.065717e+00	
9943	9.924716e-07	-1.46468e-05	1.066663e+00	
9944	9.925716e-07	1.513460e-05	1.067608e+00	
9945	9.926716e-07	-1.46027e-05	1.068551e+00	
9946	9.927716e-07	1.508902e-05	1.069493e+00	
9947	9.928716e-07	-1.45587e-05	1.070434e+00	
9948	9.929716e-07	1.504355e-05	1.071374e+00	
9949	9.930716e-07	-1.45148e-05	1.072313e+00	
9950	9.931716e-07	1.499820e-05	1.073250e+00	
9951	9.932716e-07	-1.44710e-05	1.074186e+00	
9952	9.933716e-07	1.495297e-05	1.075121e+00	
9953	9.934716e-07	-1.44273e-05	1.076055e+00	
9954	9.935716e-07	1.490785e-05	1.076988e+00	
9955	9.936716e-07	-1.43838e-05	1.077919e+00	
9956	9.937716e-07	1.486286e-05	1.078849e+00	
9957	9.938716e-07	-1.43404e-05	1.079778e+00	
9958	9.939716e-07	1.481798e-05	1.080706e+00	
9959	9.940716e-07	-1.42970e-05	1.081633e+00	
9960	9.941716e-07	1.477322e-05	1.082558e+00	
9961	9.942716e-07	-1.42538e-05	1.083482e+00	
9962	9.943716e-07	1.472858e-05	1.084405e+00	
9963	9.944716e-07	-1.42107e-05	1.085327e+00	
9964	9.945716e-07	1.468406e-05	1.086248e+00	
9965	9.946716e-07	-1.41678e-05	1.087167e+00	
9966	9.947716e-07	1.463965e-05	1.088085e+00	
9967	9.948716e-07	-1.41249e-05	1.089002e+00	
9968	9.949716e-07	1.459536e-05	1.089918e+00	
9969	9.950716e-07	-1.40821e-05	1.090833e+00	
9970	9.951716e-07	1.455118e-05	1.091746e+00	
9971	9.952716e-07	-1.40395e-05	1.092658e+00	
9972	9.953716e-07	1.450712e-05	1.093570e+00	

Index   time            vout2           v(x2.comp_p_0/v 
--------------------------------------------------------------------------------
9973	9.954716e-07	-1.39970e-05	1.094480e+00	
9974	9.955716e-07	1.446318e-05	1.095388e+00	
9975	9.956716e-07	-1.39545e-05	1.096296e+00	
9976	9.957716e-07	1.441935e-05	1.097202e+00	
9977	9.958716e-07	-1.39122e-05	1.098108e+00	
9978	9.959716e-07	1.416081e-05	1.099012e+00	
9979	9.960716e-07	-1.41230e-05	1.099915e+00	
9980	9.961716e-07	1.410857e-05	1.100816e+00	
9981	9.962716e-07	-1.40833e-05	1.101717e+00	
9982	9.963716e-07	1.406925e-05	1.102617e+00	
9983	9.964716e-07	-1.40436e-05	1.103515e+00	
9984	9.965716e-07	1.402920e-05	1.104412e+00	
9985	9.966716e-07	-1.40032e-05	1.105308e+00	
9986	9.967607e-07	1.398613e-05	1.106105e+00	
9987	9.968480e-07	-1.39569e-05	1.106886e+00	
9988	9.969448e-07	1.394140e-05	1.107750e+00	
9989	9.970448e-07	-1.39150e-05	1.108642e+00	
9990	9.971448e-07	1.390009e-05	1.109532e+00	
9991	9.972448e-07	-1.38736e-05	1.110421e+00	
9992	9.973448e-07	1.385862e-05	1.111310e+00	
9993	9.974448e-07	-1.38321e-05	1.112197e+00	
9994	9.975448e-07	1.381706e-05	1.113083e+00	
9995	9.976448e-07	-1.37905e-05	1.113968e+00	
9996	9.977448e-07	1.377544e-05	1.114851e+00	
9997	9.978448e-07	-1.37488e-05	1.115734e+00	
9998	9.979448e-07	1.373382e-05	1.116615e+00	
9999	9.980448e-07	-1.37072e-05	1.117495e+00	
10000	9.981448e-07	1.369222e-05	1.118375e+00	
10001	9.982448e-07	-1.36656e-05	1.119253e+00	
10002	9.983448e-07	1.365066e-05	1.120129e+00	
10003	9.984448e-07	-1.36241e-05	1.121005e+00	
10004	9.985448e-07	1.360916e-05	1.121880e+00	
10005	9.986448e-07	-1.35826e-05	1.122753e+00	
10006	9.987448e-07	1.356774e-05	1.123626e+00	
10007	9.988448e-07	-1.35412e-05	1.124497e+00	
10008	9.989448e-07	1.352639e-05	1.125367e+00	
10009	9.990448e-07	-1.34999e-05	1.126236e+00	
10010	9.991448e-07	1.348513e-05	1.127104e+00	
10011	9.992448e-07	-1.34586e-05	1.127971e+00	
10012	9.993448e-07	1.344395e-05	1.128836e+00	
10013	9.994448e-07	-1.34175e-05	1.129701e+00	
10014	9.995448e-07	1.340288e-05	1.130564e+00	
10015	9.996448e-07	-1.33765e-05	1.131427e+00	
10016	9.997448e-07	1.336190e-05	1.132288e+00	
10017	9.998448e-07	-1.33355e-05	1.133148e+00	
10018	9.999448e-07	1.332102e-05	1.134007e+00	
10019	1.000045e-06	-1.32947e-05	1.134865e+00	
10020	1.000145e-06	1.328025e-05	1.135722e+00	
10021	1.000245e-06	-1.32540e-05	1.136577e+00	
10022	1.000345e-06	1.344005e-05	1.137432e+00	
10023	1.000445e-06	-1.31715e-05	1.138286e+00	
10024	1.000545e-06	1.337302e-05	1.139138e+00	
10025	1.000645e-06	-1.31098e-05	1.139989e+00	
10026	1.000745e-06	1.331319e-05	1.140840e+00	
10027	1.000845e-06	-1.30535e-05	1.141689e+00	
10028	1.000945e-06	1.325820e-05	1.142537e+00	
10029	1.001045e-06	-1.28091e-05	1.143384e+00	
10030	1.001145e-06	1.324138e-05	1.144230e+00	

Index   time            vout2           v(x2.comp_p_0/v 
--------------------------------------------------------------------------------
10031	1.001245e-06	-1.27789e-05	1.145074e+00	
10032	1.001345e-06	1.320805e-05	1.145918e+00	
10033	1.001445e-06	-1.27457e-05	1.146761e+00	
10034	1.001545e-06	1.317297e-05	1.147602e+00	
10035	1.001645e-06	-1.27111e-05	1.148443e+00	
10036	1.001745e-06	1.313662e-05	1.149282e+00	
10037	1.001845e-06	-1.26755e-05	1.150120e+00	
10038	1.001945e-06	1.309936e-05	1.150957e+00	
10039	1.002045e-06	-1.26391e-05	1.151793e+00	
10040	1.002145e-06	1.306142e-05	1.152629e+00	
10041	1.002245e-06	-1.26022e-05	1.153462e+00	
10042	1.002345e-06	1.302300e-05	1.154295e+00	
10043	1.002445e-06	-1.25649e-05	1.155127e+00	
10044	1.002545e-06	1.298425e-05	1.155958e+00	
10045	1.002645e-06	-1.25273e-05	1.156788e+00	
10046	1.002745e-06	1.294528e-05	1.157616e+00	
10047	1.002845e-06	-1.24895e-05	1.158444e+00	
10048	1.002945e-06	1.290615e-05	1.159270e+00	
10049	1.003045e-06	-1.24517e-05	1.160096e+00	
10050	1.003145e-06	1.267514e-05	1.160920e+00	
10051	1.003245e-06	-1.24531e-05	1.161743e+00	
10052	1.003345e-06	1.266085e-05	1.162566e+00	
10053	1.003445e-06	-1.24353e-05	1.163387e+00	
10054	1.003545e-06	1.264003e-05	1.164207e+00	
10055	1.003645e-06	-1.24124e-05	1.165026e+00	
10056	1.003745e-06	1.261477e-05	1.165844e+00	
10057	1.003845e-06	-1.23858e-05	1.166661e+00	
10058	1.003945e-06	1.258620e-05	1.167477e+00	
10059	1.004045e-06	-1.23564e-05	1.168292e+00	
10060	1.004145e-06	1.255515e-05	1.169106e+00	
10061	1.004245e-06	-1.23249e-05	1.169918e+00	
10062	1.004345e-06	1.252226e-05	1.170730e+00	
10063	1.004445e-06	-1.24762e-05	1.171541e+00	
10064	1.004545e-06	1.264386e-05	1.172350e+00	
10065	1.004645e-06	-1.23846e-05	1.173159e+00	
10066	1.004745e-06	1.238187e-05	1.173967e+00	
10067	1.004845e-06	-1.21730e-05	1.174773e+00	
10068	1.004945e-06	1.237373e-05	1.175578e+00	
10069	1.005045e-06	-1.21501e-05	1.176383e+00	
10070	1.005145e-06	1.234775e-05	1.177186e+00	
10071	1.005245e-06	-1.21229e-05	1.177988e+00	
10072	1.005345e-06	1.231877e-05	1.178790e+00	
10073	1.005445e-06	-1.20932e-05	1.179590e+00	
10074	1.005545e-06	1.228758e-05	1.180389e+00	
10075	1.005645e-06	-1.20617e-05	1.181187e+00	
10076	1.005745e-06	1.244005e-05	1.181985e+00	
10077	1.005845e-06	-1.19907e-05	1.182781e+00	
10078	1.005945e-06	1.238160e-05	1.183576e+00	
10079	1.006045e-06	-1.19373e-05	1.184370e+00	
10080	1.006145e-06	1.214506e-05	1.185163e+00	
10081	1.006245e-06	-1.21047e-05	1.185955e+00	
10082	1.006345e-06	1.208836e-05	1.186746e+00	
10083	1.006445e-06	-1.20605e-05	1.187535e+00	
10084	1.006545e-06	1.204571e-05	1.188324e+00	
10085	1.006645e-06	-1.20186e-05	1.189112e+00	
10086	1.006745e-06	1.218583e-05	1.189899e+00	
10087	1.006845e-06	-1.17635e-05	1.190685e+00	
10088	1.006945e-06	1.215342e-05	1.191469e+00	

Index   time            vout2           v(x2.comp_p_0/v 
--------------------------------------------------------------------------------
10089	1.007045e-06	-1.17219e-05	1.192253e+00	
10090	1.007145e-06	1.211035e-05	1.193036e+00	
10091	1.007245e-06	-1.16809e-05	1.193817e+00	
10092	1.007345e-06	1.206867e-05	1.194598e+00	
10093	1.007445e-06	-1.16412e-05	1.195378e+00	
10094	1.007545e-06	1.202807e-05	1.196156e+00	
10095	1.007645e-06	-1.16024e-05	1.196934e+00	
10096	1.007745e-06	1.198831e-05	1.197710e+00	
10097	1.007845e-06	-1.17376e-05	1.198486e+00	
10098	1.007945e-06	1.191795e-05	1.199260e+00	
10099	1.008045e-06	-1.16831e-05	1.200033e+00	
10100	1.008145e-06	1.186571e-05	1.200806e+00	
10101	1.008245e-06	-1.16338e-05	1.201577e+00	
10102	1.008345e-06	1.181739e-05	1.202348e+00	
10103	1.008445e-06	-1.15878e-05	1.203117e+00	
10104	1.008545e-06	1.177199e-05	1.203885e+00	
10105	1.008645e-06	-1.15444e-05	1.204652e+00	
10106	1.008745e-06	1.172882e-05	1.205419e+00	
10107	1.008845e-06	-1.15028e-05	1.206184e+00	
10108	1.008945e-06	1.168734e-05	1.206948e+00	
10109	1.009045e-06	-1.14627e-05	1.207711e+00	
10110	1.009145e-06	1.164716e-05	1.208473e+00	
10111	1.009245e-06	-1.14237e-05	1.209234e+00	
10112	1.009345e-06	1.160797e-05	1.209995e+00	
10113	1.009445e-06	-1.13856e-05	1.210754e+00	
10114	1.009545e-06	1.156956e-05	1.211512e+00	
10115	1.009645e-06	-1.13482e-05	1.212269e+00	
10116	1.009745e-06	1.153176e-05	1.213025e+00	
10117	1.009845e-06	-1.13112e-05	1.213780e+00	
10118	1.009945e-06	1.149443e-05	1.214534e+00	
10119	1.010045e-06	-1.12747e-05	1.215287e+00	
10120	1.010145e-06	1.145748e-05	1.216039e+00	
10121	1.010245e-06	-1.12386e-05	1.216790e+00	
10122	1.010345e-06	1.142084e-05	1.217540e+00	
10123	1.010445e-06	-1.12027e-05	1.218288e+00	
10124	1.010545e-06	1.138446e-05	1.219036e+00	
10125	1.010645e-06	-1.11670e-05	1.219783e+00	
10126	1.010745e-06	1.134829e-05	1.220529e+00	
10127	1.010845e-06	-1.11315e-05	1.221274e+00	
10128	1.010945e-06	1.131231e-05	1.222018e+00	
10129	1.011045e-06	-1.10962e-05	1.222761e+00	
10130	1.011145e-06	1.127648e-05	1.223503e+00	
10131	1.011245e-06	-1.10611e-05	1.224244e+00	
10132	1.011345e-06	1.124080e-05	1.224984e+00	
10133	1.011445e-06	-1.10261e-05	1.225722e+00	
10134	1.011545e-06	1.120526e-05	1.226460e+00	
10135	1.011645e-06	-1.09912e-05	1.227197e+00	
10136	1.011745e-06	1.116983e-05	1.227933e+00	
10137	1.011845e-06	-1.09564e-05	1.228668e+00	
10138	1.011945e-06	1.113451e-05	1.229402e+00	
10139	1.012045e-06	-1.09217e-05	1.230135e+00	
10140	1.012145e-06	1.109931e-05	1.230867e+00	
10141	1.012245e-06	-1.08871e-05	1.231598e+00	
10142	1.012345e-06	1.106420e-05	1.232328e+00	
10143	1.012445e-06	-1.08527e-05	1.233057e+00	
10144	1.012545e-06	1.102920e-05	1.233785e+00	
10145	1.012645e-06	-1.08183e-05	1.234512e+00	
10146	1.012745e-06	1.099429e-05	1.235238e+00	

Index   time            vout2           v(x2.comp_p_0/v 
--------------------------------------------------------------------------------
10147	1.012845e-06	-1.07840e-05	1.235963e+00	
10148	1.012945e-06	1.095947e-05	1.236687e+00	
10149	1.013045e-06	-1.07498e-05	1.237410e+00	
10150	1.013145e-06	1.092475e-05	1.238133e+00	
10151	1.013245e-06	-1.07157e-05	1.238854e+00	
10152	1.013345e-06	1.089013e-05	1.239574e+00	
10153	1.013445e-06	-1.06817e-05	1.240293e+00	
10154	1.013545e-06	1.085559e-05	1.241012e+00	
10155	1.013645e-06	-1.06478e-05	1.241729e+00	
10156	1.013745e-06	1.082114e-05	1.242445e+00	
10157	1.013845e-06	-1.06140e-05	1.243161e+00	
10158	1.013945e-06	1.078679e-05	1.243875e+00	
10159	1.014045e-06	-1.05803e-05	1.244589e+00	
10160	1.014145e-06	1.075252e-05	1.245301e+00	
10161	1.014245e-06	-1.05466e-05	1.246013e+00	
10162	1.014345e-06	1.071834e-05	1.246723e+00	
10163	1.014445e-06	-1.05131e-05	1.247433e+00	
10164	1.014545e-06	1.068425e-05	1.248142e+00	
10165	1.014645e-06	-1.04796e-05	1.248850e+00	
10166	1.014745e-06	1.065025e-05	1.249556e+00	
10167	1.014845e-06	-1.04462e-05	1.250262e+00	
10168	1.014945e-06	1.061633e-05	1.250967e+00	
10169	1.015045e-06	-1.04129e-05	1.251671e+00	
10170	1.015145e-06	1.058251e-05	1.252374e+00	
10171	1.015245e-06	-1.03797e-05	1.253076e+00	
10172	1.015345e-06	1.054877e-05	1.253778e+00	
10173	1.015445e-06	-1.03465e-05	1.254478e+00	
10174	1.015545e-06	1.051511e-05	1.255177e+00	
10175	1.015645e-06	-1.03135e-05	1.255875e+00	
10176	1.015745e-06	1.048155e-05	1.256573e+00	
10177	1.015845e-06	-1.02805e-05	1.257269e+00	
10178	1.015945e-06	1.044807e-05	1.257965e+00	
10179	1.016045e-06	-1.02476e-05	1.258660e+00	
10180	1.016145e-06	1.041467e-05	1.259353e+00	
10181	1.016245e-06	-1.02149e-05	1.260046e+00	
10182	1.016345e-06	1.038136e-05	1.260738e+00	
10183	1.016445e-06	-1.01821e-05	1.261429e+00	
10184	1.016545e-06	1.034813e-05	1.262119e+00	
10185	1.016645e-06	-1.01495e-05	1.262808e+00	
10186	1.016745e-06	1.031499e-05	1.263496e+00	
10187	1.016845e-06	-1.01170e-05	1.264184e+00	
10188	1.016945e-06	1.028193e-05	1.264870e+00	
10189	1.017045e-06	-1.00845e-05	1.265555e+00	
10190	1.017145e-06	1.024896e-05	1.266240e+00	
10191	1.017245e-06	-1.00521e-05	1.266924e+00	
10192	1.017345e-06	1.021607e-05	1.267606e+00	
10193	1.017445e-06	-1.00198e-05	1.268288e+00	
10194	1.017545e-06	1.018326e-05	1.268969e+00	
10195	1.017645e-06	-9.98763e-06	1.269649e+00	
10196	1.017745e-06	1.015054e-05	1.270328e+00	
10197	1.017845e-06	-9.80894e-06	1.271006e+00	
10198	1.017945e-06	1.014470e-05	1.271684e+00	
10199	1.018045e-06	-9.93732e-06	1.272360e+00	
10200	1.018145e-06	1.009695e-05	1.273036e+00	
10201	1.018245e-06	-9.90134e-06	1.273710e+00	
10202	1.018345e-06	1.006158e-05	1.274384e+00	
10203	1.018445e-06	-9.72179e-06	1.275057e+00	
10204	1.018545e-06	1.005361e-05	1.275729e+00	

Index   time            vout2           v(x2.comp_p_0/v 
--------------------------------------------------------------------------------
10205	1.018645e-06	-9.84713e-06	1.276400e+00	
10206	1.018745e-06	1.000464e-05	1.277070e+00	
10207	1.018845e-06	-9.66569e-06	1.277740e+00	
10208	1.018945e-06	9.994742e-06	1.278408e+00	
10209	1.019045e-06	-9.78866e-06	1.279076e+00	
10210	1.019145e-06	9.944596e-06	1.279742e+00	
10211	1.019245e-06	-9.60708e-06	1.280408e+00	
10212	1.019345e-06	9.933655e-06	1.281073e+00	
10213	1.019445e-06	-9.72834e-06	1.281737e+00	
10214	1.019545e-06	9.882976e-06	1.282401e+00	
10215	1.019645e-06	-9.54718e-06	1.283063e+00	
10216	1.019745e-06	9.871455e-06	1.283725e+00	
10217	1.019845e-06	-9.66710e-06	1.284385e+00	
10218	1.019945e-06	9.820577e-06	1.285045e+00	
10219	1.020045e-06	-9.48665e-06	1.285704e+00	
10220	1.020145e-06	9.808743e-06	1.286362e+00	
10221	1.020245e-06	-9.60545e-06	1.287020e+00	
10222	1.020345e-06	9.757899e-06	1.287676e+00	
10223	1.020445e-06	-9.42593e-06	1.288332e+00	
10224	1.020545e-06	9.745977e-06	1.288987e+00	
10225	1.020645e-06	-9.54372e-06	1.289641e+00	
10226	1.020745e-06	9.695214e-06	1.290294e+00	
10227	1.020845e-06	-9.36518e-06	1.290946e+00	
10228	1.020945e-06	9.683220e-06	1.291598e+00	
10229	1.021045e-06	-9.48208e-06	1.292249e+00	
10230	1.021145e-06	9.632626e-06	1.292898e+00	
10231	1.021245e-06	-9.30464e-06	1.293548e+00	
10232	1.021345e-06	9.620579e-06	1.294196e+00	
10233	1.021445e-06	-9.42072e-06	1.294843e+00	
10234	1.021545e-06	9.570191e-06	1.295490e+00	
10235	1.021645e-06	-9.24436e-06	1.296136e+00	
10236	1.021745e-06	9.558134e-06	1.296781e+00	
10237	1.021845e-06	-9.35961e-06	1.297426e+00	
10238	1.021945e-06	9.507974e-06	1.298070e+00	
10239	1.022045e-06	-9.18436e-06	1.298712e+00	
10240	1.022145e-06	9.495922e-06	1.299355e+00	
10241	1.022245e-06	-9.29878e-06	1.299996e+00	
10242	1.022345e-06	9.445997e-06	1.300637e+00	
10243	1.022445e-06	-9.12463e-06	1.301277e+00	
10244	1.022545e-06	9.433955e-06	1.301916e+00	
10245	1.022645e-06	-9.23824e-06	1.302554e+00	
10246	1.022745e-06	9.384239e-06	1.303192e+00	
10247	1.022845e-06	-9.06526e-06	1.303829e+00	
10248	1.022945e-06	9.372064e-06	1.304466e+00	
10249	1.023045e-06	-9.04348e-06	1.305101e+00	
10250	1.023145e-06	9.346645e-06	1.305736e+00	
10251	1.023245e-06	-9.15524e-06	1.306371e+00	
10252	1.023345e-06	9.292302e-06	1.307004e+00	
10253	1.023445e-06	-8.98953e-06	1.307637e+00	
10254	1.023545e-06	9.266645e-06	1.308270e+00	
10255	1.023645e-06	-8.98691e-06	1.308901e+00	
10256	1.023745e-06	9.208166e-06	1.309532e+00	
10257	1.023845e-06	-9.00516e-06	1.310163e+00	
10258	1.023945e-06	9.126315e-06	1.310792e+00	
10259	1.024045e-06	-9.18520e-06	1.311421e+00	
10260	1.024145e-06	8.802732e-06	1.312050e+00	
10261	1.024245e-06	-9.48088e-06	1.312677e+00	
10262	1.024345e-06	8.039305e-06	1.313304e+00	

Index   time            vout2           v(x2.comp_p_0/v 
--------------------------------------------------------------------------------
10263	1.024445e-06	-1.00976e-05	1.313930e+00	
10264	1.024545e-06	1.017740e-05	1.314556e+00	
10265	1.024645e-06	1.262031e-05	1.315183e+00	
10266	1.024745e-06	7.761569e-05	1.315818e+00	
10267	1.024845e-06	8.678187e-05	1.316466e+00	
10268	1.024945e-06	9.651871e-05	1.317126e+00	
10269	1.025045e-06	4.250932e-05	1.317797e+00	
10270	1.025145e-06	-5.58084e-04	1.318434e+00	
10271	1.025245e-06	-2.97888e-03	1.318628e+00	
10272	1.025345e-06	-8.13131e-03	1.317571e+00	
10273	1.025432e-06	-1.99054e-02	1.316125e+00	
10274	1.025522e-06	-3.81791e-02	1.314611e+00	
10275	1.025622e-06	1.426816e+00	1.312914e+00	
10276	1.025722e-06	1.863360e+00	1.311227e+00	
10277	1.025822e-06	1.754226e+00	1.309531e+00	
10278	1.025922e-06	1.831056e+00	1.307842e+00	
10279	1.026022e-06	1.777459e+00	1.306148e+00	
10280	1.026122e-06	1.815389e+00	1.304460e+00	
10281	1.026222e-06	1.788635e+00	1.302770e+00	
10282	1.026322e-06	1.807714e+00	1.301085e+00	
10283	1.026422e-06	1.794128e+00	1.299399e+00	
10284	1.026522e-06	1.803882e+00	1.297718e+00	
10285	1.026622e-06	1.796882e+00	1.296036e+00	
10286	1.026722e-06	1.801944e+00	1.294359e+00	
10287	1.026822e-06	1.798279e+00	1.292682e+00	
10288	1.026922e-06	1.800957e+00	1.291008e+00	
10289	1.027022e-06	1.798991e+00	1.289336e+00	
10290	1.027122e-06	1.800453e+00	1.287667e+00	
10291	1.027222e-06	1.799356e+00	1.285999e+00	
10292	1.027322e-06	1.800178e+00	1.284334e+00	
10293	1.027422e-06	1.799525e+00	1.282671e+00	
10294	1.027522e-06	1.800048e+00	1.281010e+00	
10295	1.027622e-06	1.799631e+00	1.279351e+00	
10296	1.027722e-06	1.799982e+00	1.277695e+00	
10297	1.027822e-06	1.799684e+00	1.276040e+00	
10298	1.027922e-06	1.799949e+00	1.274388e+00	
10299	1.028022e-06	1.799712e+00	1.272738e+00	
10300	1.028122e-06	1.799931e+00	1.271091e+00	
10301	1.028222e-06	1.799727e+00	1.269445e+00	
10302	1.028322e-06	1.799922e+00	1.267802e+00	
10303	1.028422e-06	1.799735e+00	1.266161e+00	
10304	1.028522e-06	1.799918e+00	1.264522e+00	
10305	1.028622e-06	1.799739e+00	1.262885e+00	
10306	1.028722e-06	1.799915e+00	1.261250e+00	
10307	1.028822e-06	1.799742e+00	1.259618e+00	
10308	1.028922e-06	1.799914e+00	1.257987e+00	
10309	1.029022e-06	1.799743e+00	1.256359e+00	
10310	1.029122e-06	1.799913e+00	1.254733e+00	
10311	1.029222e-06	1.799745e+00	1.253109e+00	
10312	1.029322e-06	1.799913e+00	1.251487e+00	
10313	1.029422e-06	1.799746e+00	1.249868e+00	
10314	1.029522e-06	1.799912e+00	1.248250e+00	
10315	1.029622e-06	1.799746e+00	1.246635e+00	
10316	1.029722e-06	1.799912e+00	1.245022e+00	
10317	1.029822e-06	1.799747e+00	1.243411e+00	
10318	1.029922e-06	1.799912e+00	1.241802e+00	
10319	1.030022e-06	1.799748e+00	1.240196e+00	
10320	1.030122e-06	1.799912e+00	1.238591e+00	

Index   time            vout2           v(x2.comp_p_0/v 
--------------------------------------------------------------------------------
10321	1.030222e-06	1.799748e+00	1.236989e+00	
10322	1.030322e-06	1.799912e+00	1.235388e+00	
10323	1.030422e-06	1.799749e+00	1.233790e+00	
10324	1.030522e-06	1.799912e+00	1.232194e+00	
10325	1.030622e-06	1.799749e+00	1.230600e+00	
10326	1.030722e-06	1.799912e+00	1.229009e+00	
10327	1.030822e-06	1.799750e+00	1.227419e+00	
10328	1.030922e-06	1.799912e+00	1.225831e+00	
10329	1.031022e-06	1.799751e+00	1.224246e+00	
10330	1.031122e-06	1.799912e+00	1.222663e+00	
10331	1.031222e-06	1.799751e+00	1.221082e+00	
10332	1.031322e-06	1.799912e+00	1.219502e+00	
10333	1.031422e-06	1.799752e+00	1.217926e+00	
10334	1.031522e-06	1.799912e+00	1.216351e+00	
10335	1.031622e-06	1.799752e+00	1.214778e+00	
10336	1.031722e-06	1.799912e+00	1.213207e+00	
10337	1.031822e-06	1.799753e+00	1.211639e+00	
10338	1.031922e-06	1.799912e+00	1.210072e+00	
10339	1.032022e-06	1.799753e+00	1.208508e+00	
10340	1.032122e-06	1.799912e+00	1.206945e+00	
10341	1.032222e-06	1.799754e+00	1.205385e+00	
10342	1.032322e-06	1.799912e+00	1.203827e+00	
10343	1.032422e-06	1.799755e+00	1.202271e+00	
10344	1.032522e-06	1.799912e+00	1.200717e+00	
10345	1.032622e-06	1.799755e+00	1.199165e+00	
10346	1.032722e-06	1.799912e+00	1.197615e+00	
10347	1.032822e-06	1.799756e+00	1.196067e+00	
10348	1.032922e-06	1.799912e+00	1.194521e+00	
10349	1.033022e-06	1.799756e+00	1.192978e+00	
10350	1.033122e-06	1.799912e+00	1.191436e+00	
10351	1.033222e-06	1.799757e+00	1.189896e+00	
10352	1.033322e-06	1.799912e+00	1.188359e+00	
10353	1.033422e-06	1.799757e+00	1.186823e+00	
10354	1.033522e-06	1.799912e+00	1.185290e+00	
10355	1.033622e-06	1.799758e+00	1.183758e+00	
10356	1.033722e-06	1.799912e+00	1.182229e+00	
10357	1.033822e-06	1.799758e+00	1.180701e+00	
10358	1.033922e-06	1.799912e+00	1.179176e+00	
10359	1.034022e-06	1.799759e+00	1.177653e+00	
10360	1.034122e-06	1.799912e+00	1.176131e+00	
10361	1.034222e-06	1.799759e+00	1.174612e+00	
10362	1.034322e-06	1.799912e+00	1.173095e+00	
10363	1.034422e-06	1.799760e+00	1.171579e+00	
10364	1.034522e-06	1.799912e+00	1.170066e+00	
10365	1.034622e-06	1.799760e+00	1.168555e+00	
10366	1.034722e-06	1.799912e+00	1.167045e+00	
10367	1.034822e-06	1.799761e+00	1.165538e+00	
10368	1.034922e-06	1.799912e+00	1.164033e+00	
10369	1.035022e-06	1.799762e+00	1.162529e+00	
10370	1.035122e-06	1.799912e+00	1.161028e+00	
10371	1.035222e-06	1.799762e+00	1.159529e+00	
10372	1.035322e-06	1.799912e+00	1.158031e+00	
10373	1.035422e-06	1.799763e+00	1.156536e+00	
10374	1.035522e-06	1.799912e+00	1.155042e+00	
10375	1.035622e-06	1.799763e+00	1.153551e+00	
10376	1.035722e-06	1.799912e+00	1.152061e+00	
10377	1.035822e-06	1.799764e+00	1.150574e+00	
10378	1.035922e-06	1.799912e+00	1.149088e+00	

Index   time            vout2           v(x2.comp_p_0/v 
--------------------------------------------------------------------------------
10379	1.036022e-06	1.799764e+00	1.147604e+00	
10380	1.036122e-06	1.799911e+00	1.146122e+00	
10381	1.036222e-06	1.799765e+00	1.144643e+00	
10382	1.036322e-06	1.799911e+00	1.143165e+00	
10383	1.036422e-06	1.799765e+00	1.141689e+00	
10384	1.036522e-06	1.799911e+00	1.140215e+00	
10385	1.036622e-06	1.799766e+00	1.138743e+00	
10386	1.036722e-06	1.799911e+00	1.137273e+00	
10387	1.036822e-06	1.799766e+00	1.135804e+00	
10388	1.036922e-06	1.799911e+00	1.134338e+00	
10389	1.037022e-06	1.799767e+00	1.132874e+00	
10390	1.037122e-06	1.799911e+00	1.131411e+00	
10391	1.037222e-06	1.799767e+00	1.129951e+00	
10392	1.037322e-06	1.799911e+00	1.128492e+00	
10393	1.037422e-06	1.799768e+00	1.127035e+00	
10394	1.037522e-06	1.799911e+00	1.125580e+00	
10395	1.037622e-06	1.799768e+00	1.124127e+00	
10396	1.037722e-06	1.799911e+00	1.122676e+00	
10397	1.037822e-06	1.799769e+00	1.121227e+00	
10398	1.037922e-06	1.799911e+00	1.119780e+00	
10399	1.038022e-06	1.799769e+00	1.118334e+00	
10400	1.038122e-06	1.799911e+00	1.116891e+00	
10401	1.038222e-06	1.799770e+00	1.115449e+00	
10402	1.038322e-06	1.799911e+00	1.114009e+00	
10403	1.038422e-06	1.799770e+00	1.112571e+00	
10404	1.038522e-06	1.799911e+00	1.111135e+00	
10405	1.038622e-06	1.799771e+00	1.109701e+00	
10406	1.038722e-06	1.799911e+00	1.108269e+00	
10407	1.038822e-06	1.799771e+00	1.106838e+00	
10408	1.038922e-06	1.799911e+00	1.105410e+00	
10409	1.039022e-06	1.799772e+00	1.103983e+00	
10410	1.039122e-06	1.799911e+00	1.102558e+00	
10411	1.039222e-06	1.799772e+00	1.101135e+00	
10412	1.039322e-06	1.799911e+00	1.099714e+00	
10413	1.039422e-06	1.799773e+00	1.098294e+00	
10414	1.039522e-06	1.799911e+00	1.096877e+00	
10415	1.039622e-06	1.799773e+00	1.095461e+00	
10416	1.039722e-06	1.799911e+00	1.094047e+00	
10417	1.039822e-06	1.799774e+00	1.092635e+00	
10418	1.039922e-06	1.799911e+00	1.091225e+00	
10419	1.040022e-06	1.799774e+00	1.089817e+00	
10420	1.040122e-06	1.799911e+00	1.088411e+00	
10421	1.040222e-06	1.799775e+00	1.087006e+00	
10422	1.040322e-06	1.799911e+00	1.085603e+00	
10423	1.040422e-06	1.799775e+00	1.084202e+00	
10424	1.040522e-06	1.799911e+00	1.082803e+00	
10425	1.040622e-06	1.799776e+00	1.081406e+00	
10426	1.040722e-06	1.799911e+00	1.080010e+00	
10427	1.040822e-06	1.799776e+00	1.078617e+00	
10428	1.040922e-06	1.799911e+00	1.077225e+00	
10429	1.041022e-06	1.799777e+00	1.075835e+00	
10430	1.041122e-06	1.799911e+00	1.074447e+00	
10431	1.041222e-06	1.799777e+00	1.073061e+00	
10432	1.041322e-06	1.799911e+00	1.071676e+00	
10433	1.041422e-06	1.799778e+00	1.070294e+00	
10434	1.041522e-06	1.799911e+00	1.068913e+00	
10435	1.041622e-06	1.799778e+00	1.067534e+00	
10436	1.041722e-06	1.799911e+00	1.066157e+00	

Index   time            vout2           v(x2.comp_p_0/v 
--------------------------------------------------------------------------------
10437	1.041822e-06	1.799778e+00	1.064782e+00	
10438	1.041922e-06	1.799911e+00	1.063408e+00	
10439	1.042022e-06	1.799779e+00	1.062037e+00	
10440	1.042122e-06	1.799911e+00	1.060667e+00	
10441	1.042222e-06	1.799779e+00	1.059300e+00	
10442	1.042322e-06	1.799911e+00	1.057934e+00	
10443	1.042422e-06	1.799780e+00	1.056570e+00	
10444	1.042522e-06	1.799911e+00	1.055208e+00	
10445	1.042622e-06	1.799780e+00	1.053848e+00	
10446	1.042722e-06	1.799911e+00	1.052489e+00	
10447	1.042822e-06	1.799781e+00	1.051133e+00	
10448	1.042922e-06	1.799911e+00	1.049779e+00	
10449	1.043022e-06	1.799781e+00	1.048427e+00	
10450	1.043122e-06	1.799910e+00	1.047076e+00	
10451	1.043222e-06	1.799781e+00	1.045728e+00	
10452	1.043322e-06	1.799910e+00	1.044381e+00	
10453	1.043422e-06	1.799782e+00	1.043036e+00	
10454	1.043522e-06	1.799910e+00	1.041694e+00	
10455	1.043622e-06	1.799782e+00	1.040353e+00	
10456	1.043722e-06	1.799910e+00	1.039014e+00	
10457	1.043822e-06	1.799782e+00	1.037677e+00	
10458	1.043922e-06	1.799910e+00	1.036342e+00	
10459	1.044022e-06	1.799783e+00	1.035009e+00	
10460	1.044122e-06	1.799910e+00	1.033678e+00	
10461	1.044222e-06	1.799783e+00	1.032349e+00	
10462	1.044322e-06	1.799910e+00	1.031021e+00	
10463	1.044422e-06	1.799783e+00	1.029696e+00	
10464	1.044522e-06	1.799910e+00	1.028372e+00	
10465	1.044622e-06	1.799784e+00	1.027050e+00	
10466	1.044722e-06	1.799912e+00	1.025730e+00	
10467	1.044822e-06	1.799788e+00	1.024411e+00	
10468	1.044922e-06	1.799910e+00	1.023095e+00	
10469	1.045022e-06	1.799784e+00	1.021780e+00	
10470	1.045122e-06	1.799909e+00	1.020467e+00	
10471	1.045222e-06	1.799785e+00	1.019156e+00	
10472	1.045322e-06	1.799909e+00	1.017846e+00	
10473	1.045422e-06	1.799785e+00	1.016539e+00	
10474	1.045522e-06	1.799909e+00	1.015233e+00	
10475	1.045622e-06	1.799785e+00	1.013928e+00	
10476	1.045722e-06	1.799909e+00	1.012626e+00	
10477	1.045822e-06	1.799786e+00	1.011325e+00	
10478	1.045922e-06	1.799909e+00	1.010026e+00	
10479	1.046022e-06	1.799786e+00	1.008728e+00	
10480	1.046122e-06	1.799909e+00	1.007433e+00	
10481	1.046222e-06	1.799786e+00	1.006139e+00	
10482	1.046322e-06	1.799909e+00	1.004846e+00	
10483	1.046422e-06	1.799787e+00	1.003556e+00	
10484	1.046522e-06	1.799908e+00	1.002267e+00	
10485	1.046622e-06	1.799787e+00	1.000979e+00	
10486	1.046722e-06	1.799908e+00	9.996937e-01	
10487	1.046822e-06	1.799787e+00	9.984097e-01	
10488	1.046922e-06	1.799908e+00	9.971273e-01	
10489	1.047022e-06	1.799788e+00	9.958467e-01	
10490	1.047122e-06	1.799908e+00	9.945676e-01	
10491	1.047222e-06	1.799788e+00	9.932903e-01	
10492	1.047322e-06	1.799908e+00	9.920145e-01	
10493	1.047422e-06	1.799788e+00	9.907404e-01	
10494	1.047522e-06	1.799908e+00	9.894679e-01	

Index   time            vout2           v(x2.comp_p_0/v 
--------------------------------------------------------------------------------
10495	1.047622e-06	1.799789e+00	9.881971e-01	
10496	1.047722e-06	1.799908e+00	9.869278e-01	
10497	1.047822e-06	1.799789e+00	9.856602e-01	
10498	1.047922e-06	1.799908e+00	9.843942e-01	
10499	1.048022e-06	1.799789e+00	9.831299e-01	
10500	1.048122e-06	1.799908e+00	9.818671e-01	
10501	1.048222e-06	1.799790e+00	9.806060e-01	
10502	1.048322e-06	1.799907e+00	9.793465e-01	
10503	1.048422e-06	1.799790e+00	9.780886e-01	
10504	1.048522e-06	1.799907e+00	9.768323e-01	
10505	1.048622e-06	1.799791e+00	9.755776e-01	
10506	1.048722e-06	1.799907e+00	9.743245e-01	
10507	1.048822e-06	1.799791e+00	9.730731e-01	
10508	1.048922e-06	1.799907e+00	9.718231e-01	
10509	1.049022e-06	1.799791e+00	9.705749e-01	
10510	1.049122e-06	1.799907e+00	9.693281e-01	
10511	1.049222e-06	1.799792e+00	9.680830e-01	
10512	1.049322e-06	1.799907e+00	9.668394e-01	
10513	1.049422e-06	1.799792e+00	9.655975e-01	
10514	1.049522e-06	1.799907e+00	9.643571e-01	
10515	1.049622e-06	1.799792e+00	9.631183e-01	
10516	1.049722e-06	1.799907e+00	9.618810e-01	
10517	1.049822e-06	1.799793e+00	9.606454e-01	
10518	1.049922e-06	1.799907e+00	9.594112e-01	
10519	1.050022e-06	1.799793e+00	9.581787e-01	
10520	1.050122e-06	1.799907e+00	9.569477e-01	
10521	1.050222e-06	1.799793e+00	9.557183e-01	
10522	1.050322e-06	1.799907e+00	9.544904e-01	
10523	1.050422e-06	1.799794e+00	9.532642e-01	
10524	1.050522e-06	1.799907e+00	9.520394e-01	
10525	1.050622e-06	1.799794e+00	9.508162e-01	
10526	1.050722e-06	1.799907e+00	9.495946e-01	
10527	1.050822e-06	1.799794e+00	9.483745e-01	
10528	1.050922e-06	1.799906e+00	9.471559e-01	
10529	1.051022e-06	1.799795e+00	9.459389e-01	
10530	1.051122e-06	1.799906e+00	9.447234e-01	
10531	1.051222e-06	1.799795e+00	9.435095e-01	
10532	1.051322e-06	1.799906e+00	9.422971e-01	
10533	1.051422e-06	1.799795e+00	9.410863e-01	
10534	1.051522e-06	1.799906e+00	9.398769e-01	
10535	1.051622e-06	1.799796e+00	9.386691e-01	
10536	1.051722e-06	1.799906e+00	9.374628e-01	
10537	1.051822e-06	1.799796e+00	9.362580e-01	
10538	1.051922e-06	1.799908e+00	9.350547e-01	
10539	1.052022e-06	1.799800e+00	9.338530e-01	
10540	1.052122e-06	1.799909e+00	9.326527e-01	
10541	1.052222e-06	1.799797e+00	9.314540e-01	
10542	1.052322e-06	1.799906e+00	9.302567e-01	
10543	1.052422e-06	1.799800e+00	9.290609e-01	
10544	1.052522e-06	1.799907e+00	9.278665e-01	
10545	1.052622e-06	1.799797e+00	9.266737e-01	
10546	1.052722e-06	1.799906e+00	9.254822e-01	
10547	1.052822e-06	1.799797e+00	9.242923e-01	
10548	1.052922e-06	1.799906e+00	9.231036e-01	
10549	1.053022e-06	1.799798e+00	9.219165e-01	
10550	1.053122e-06	1.799906e+00	9.207306e-01	
10551	1.053222e-06	1.799798e+00	9.195461e-01	
10552	1.053322e-06	1.799906e+00	9.183629e-01	

Index   time            vout2           v(x2.comp_p_0/v 
--------------------------------------------------------------------------------
10553	1.053422e-06	1.799799e+00	9.171811e-01	
10554	1.053522e-06	1.799905e+00	9.160005e-01	
10555	1.053622e-06	1.799799e+00	9.148212e-01	
10556	1.053722e-06	1.799905e+00	9.136432e-01	
10557	1.053822e-06	1.799799e+00	9.124665e-01	
10558	1.053922e-06	1.799905e+00	9.112910e-01	
10559	1.054022e-06	1.799800e+00	9.101168e-01	
10560	1.054122e-06	1.799905e+00	9.089439e-01	
10561	1.054222e-06	1.799800e+00	9.077723e-01	
10562	1.054322e-06	1.799905e+00	9.066020e-01	
10563	1.054422e-06	1.799800e+00	9.054330e-01	
10564	1.054522e-06	1.799905e+00	9.042653e-01	
10565	1.054622e-06	1.799801e+00	9.030990e-01	
10566	1.054722e-06	1.799905e+00	9.019339e-01	
10567	1.054822e-06	1.799801e+00	9.007703e-01	
10568	1.054922e-06	1.799905e+00	8.996080e-01	
10569	1.055022e-06	1.799801e+00	8.984471e-01	
10570	1.055122e-06	1.799905e+00	8.972875e-01	
10571	1.055222e-06	1.799802e+00	8.961295e-01	
10572	1.055322e-06	1.799905e+00	8.949727e-01	
10573	1.055422e-06	1.799802e+00	8.938174e-01	
10574	1.055522e-06	1.799905e+00	8.926635e-01	
10575	1.055622e-06	1.799802e+00	8.915111e-01	
10576	1.055722e-06	1.799907e+00	8.903600e-01	
10577	1.055822e-06	1.799803e+00	8.892105e-01	
10578	1.055922e-06	1.799906e+00	8.880623e-01	
10579	1.056022e-06	1.799804e+00	8.869157e-01	
10580	1.056122e-06	1.799904e+00	8.857704e-01	
10581	1.056222e-06	1.799803e+00	8.846266e-01	
10582	1.056322e-06	1.799906e+00	8.834843e-01	
10583	1.056422e-06	1.799807e+00	8.823434e-01	
10584	1.056522e-06	1.799907e+00	8.812040e-01	
10585	1.056622e-06	1.799807e+00	8.800661e-01	
10586	1.056722e-06	1.799907e+00	8.789295e-01	
10587	1.056822e-06	1.799807e+00	8.777945e-01	
10588	1.056922e-06	1.799907e+00	8.766609e-01	
10589	1.057022e-06	1.799807e+00	8.755288e-01	
10590	1.057122e-06	1.799907e+00	8.743981e-01	
10591	1.057222e-06	1.799807e+00	8.732690e-01	
10592	1.057310e-06	1.799907e+00	8.722736e-01	
10593	1.057403e-06	1.799807e+00	8.712225e-01	
10594	1.057503e-06	1.799907e+00	8.700974e-01	
10595	1.057596e-06	1.799808e+00	8.690633e-01	
10596	1.057696e-06	1.799907e+00	8.679410e-01	
10597	1.057796e-06	1.799808e+00	8.668202e-01	
10598	1.057896e-06	1.799907e+00	8.657008e-01	
10599	1.057996e-06	1.799808e+00	8.645829e-01	
10600	1.058096e-06	1.799907e+00	8.634664e-01	
10601	1.058196e-06	1.799809e+00	8.623514e-01	
10602	1.058296e-06	1.799907e+00	8.612378e-01	
10603	1.058396e-06	1.799809e+00	8.601257e-01	
10604	1.058496e-06	1.799907e+00	8.590150e-01	
10605	1.058596e-06	1.799809e+00	8.579058e-01	
10606	1.058696e-06	1.799907e+00	8.567980e-01	
10607	1.058796e-06	1.799809e+00	8.556917e-01	
10608	1.058896e-06	1.799907e+00	8.545868e-01	
10609	1.058996e-06	1.799810e+00	8.534833e-01	
10610	1.059096e-06	1.799907e+00	8.523813e-01	

Index   time            vout2           v(x2.comp_p_0/v 
--------------------------------------------------------------------------------
10611	1.059196e-06	1.799810e+00	8.512807e-01	
10612	1.059296e-06	1.799906e+00	8.501815e-01	
10613	1.059396e-06	1.799810e+00	8.490838e-01	
10614	1.059496e-06	1.799906e+00	8.479875e-01	
10615	1.059596e-06	1.799811e+00	8.468926e-01	
10616	1.059696e-06	1.799906e+00	8.457991e-01	
10617	1.059796e-06	1.799811e+00	8.447072e-01	
10618	1.059896e-06	1.799906e+00	8.436165e-01	
10619	1.059996e-06	1.799811e+00	8.425274e-01	
10620	1.060096e-06	1.799906e+00	8.414396e-01	
10621	1.060196e-06	1.799811e+00	8.403533e-01	
10622	1.060296e-06	1.799906e+00	8.392683e-01	
10623	1.060396e-06	1.799812e+00	8.381849e-01	
10624	1.060496e-06	1.799906e+00	8.371027e-01	
10625	1.060596e-06	1.799812e+00	8.360221e-01	
10626	1.060696e-06	1.799906e+00	8.349428e-01	
10627	1.060796e-06	1.799812e+00	8.338650e-01	
10628	1.060896e-06	1.799906e+00	8.327885e-01	
10629	1.060996e-06	1.799813e+00	8.317135e-01	
10630	1.061096e-06	1.799906e+00	8.306398e-01	
10631	1.061196e-06	1.799813e+00	8.295676e-01	
10632	1.061296e-06	1.799906e+00	8.284967e-01	
10633	1.061396e-06	1.799813e+00	8.274272e-01	
10634	1.061496e-06	1.799906e+00	8.263591e-01	
10635	1.061596e-06	1.799813e+00	8.252925e-01	
10636	1.061696e-06	1.799906e+00	8.242272e-01	
10637	1.061796e-06	1.799814e+00	8.231634e-01	
10638	1.061896e-06	1.799906e+00	8.221008e-01	
10639	1.061996e-06	1.799814e+00	8.210397e-01	
10640	1.062096e-06	1.799905e+00	8.199800e-01	
10641	1.062196e-06	1.799814e+00	8.189217e-01	
10642	1.062296e-06	1.799905e+00	8.178647e-01	
10643	1.062396e-06	1.799815e+00	8.168091e-01	
10644	1.062496e-06	1.799905e+00	8.157549e-01	
10645	1.062596e-06	1.799815e+00	8.147021e-01	
10646	1.062696e-06	1.799905e+00	8.136506e-01	
10647	1.062796e-06	1.799815e+00	8.126006e-01	
10648	1.062896e-06	1.799905e+00	8.115518e-01	
10649	1.062996e-06	1.799815e+00	8.105045e-01	
10650	1.063096e-06	1.799905e+00	8.094585e-01	
10651	1.063196e-06	1.799816e+00	8.084139e-01	
10652	1.063296e-06	1.799905e+00	8.073706e-01	
10653	1.063396e-06	1.799816e+00	8.063288e-01	
10654	1.063496e-06	1.799905e+00	8.052882e-01	
10655	1.063596e-06	1.799816e+00	8.042491e-01	
10656	1.063696e-06	1.799905e+00	8.032112e-01	
10657	1.063796e-06	1.799816e+00	8.021748e-01	
10658	1.063896e-06	1.799905e+00	8.011397e-01	
10659	1.063996e-06	1.799817e+00	8.001060e-01	
10660	1.064096e-06	1.799905e+00	7.990735e-01	
10661	1.064196e-06	1.799817e+00	7.980425e-01	
10662	1.064296e-06	1.799905e+00	7.970128e-01	
10663	1.064396e-06	1.799817e+00	7.959844e-01	
10664	1.064496e-06	1.799905e+00	7.949574e-01	
10665	1.064596e-06	1.799818e+00	7.939317e-01	
10666	1.064696e-06	1.799904e+00	7.929073e-01	
10667	1.064796e-06	1.799818e+00	7.918844e-01	
10668	1.064896e-06	1.799904e+00	7.908627e-01	

Index   time            vout2           v(x2.comp_p_0/v 
--------------------------------------------------------------------------------
10669	1.064996e-06	1.799818e+00	7.898424e-01	
10670	1.065096e-06	1.799904e+00	7.888233e-01	
10671	1.065196e-06	1.799818e+00	7.878057e-01	
10672	1.065296e-06	1.799902e+00	7.867893e-01	
10673	1.065396e-06	1.799816e+00	7.857743e-01	
10674	1.065496e-06	1.799902e+00	7.847606e-01	
10675	1.065596e-06	1.799817e+00	7.837483e-01	
10676	1.065696e-06	1.799902e+00	7.827372e-01	
10677	1.065796e-06	1.799817e+00	7.817275e-01	
10678	1.065896e-06	1.799901e+00	7.807190e-01	
10679	1.065996e-06	1.799817e+00	7.797120e-01	
10680	1.066096e-06	1.799901e+00	7.787061e-01	
10681	1.066196e-06	1.799818e+00	7.777017e-01	
10682	1.066296e-06	1.799901e+00	7.766985e-01	
10683	1.066396e-06	1.799818e+00	7.756967e-01	
10684	1.066496e-06	1.799901e+00	7.746961e-01	
10685	1.066596e-06	1.799818e+00	7.736969e-01	
10686	1.066696e-06	1.799901e+00	7.726989e-01	
10687	1.066796e-06	1.799818e+00	7.717024e-01	
10688	1.066896e-06	1.799901e+00	7.707070e-01	
10689	1.066996e-06	1.799819e+00	7.697130e-01	
10690	1.067096e-06	1.799901e+00	7.687202e-01	
10691	1.067196e-06	1.799819e+00	7.677288e-01	
10692	1.067296e-06	1.799901e+00	7.667386e-01	
10693	1.067396e-06	1.799819e+00	7.657498e-01	
10694	1.067496e-06	1.799901e+00	7.647622e-01	
10695	1.067596e-06	1.799819e+00	7.637760e-01	
10696	1.067696e-06	1.799901e+00	7.627909e-01	
10697	1.067796e-06	1.799820e+00	7.618072e-01	
10698	1.067896e-06	1.799901e+00	7.608248e-01	
10699	1.067996e-06	1.799820e+00	7.598437e-01	
10700	1.068096e-06	1.799901e+00	7.588638e-01	
10701	1.068196e-06	1.799820e+00	7.578852e-01	
10702	1.068296e-06	1.799901e+00	7.569079e-01	
10703	1.068396e-06	1.799820e+00	7.559319e-01	
10704	1.068496e-06	1.799901e+00	7.549570e-01	
10705	1.068596e-06	1.799821e+00	7.539836e-01	
10706	1.068696e-06	1.799901e+00	7.530113e-01	
10707	1.068796e-06	1.799821e+00	7.520404e-01	
10708	1.068896e-06	1.799901e+00	7.510707e-01	
10709	1.068996e-06	1.799821e+00	7.501023e-01	
10710	1.069096e-06	1.799900e+00	7.491351e-01	
10711	1.069196e-06	1.799821e+00	7.481692e-01	
10712	1.069296e-06	1.799900e+00	7.472045e-01	
10713	1.069396e-06	1.799822e+00	7.462411e-01	
10714	1.069496e-06	1.799900e+00	7.452789e-01	
10715	1.069596e-06	1.799822e+00	7.443181e-01	
10716	1.069696e-06	1.799900e+00	7.433584e-01	
10717	1.069796e-06	1.799822e+00	7.424001e-01	
10718	1.069896e-06	1.799900e+00	7.414429e-01	
10719	1.069996e-06	1.799822e+00	7.404870e-01	
10720	1.070096e-06	1.799900e+00	7.395323e-01	
10721	1.070196e-06	1.799823e+00	7.385790e-01	
10722	1.070296e-06	1.799900e+00	7.376268e-01	
10723	1.070396e-06	1.799823e+00	7.366759e-01	
10724	1.070496e-06	1.799900e+00	7.357261e-01	
10725	1.070596e-06	1.799823e+00	7.347777e-01	
10726	1.070696e-06	1.799900e+00	7.338305e-01	

Index   time            vout2           v(x2.comp_p_0/v 
--------------------------------------------------------------------------------
10727	1.070796e-06	1.799823e+00	7.328845e-01	
10728	1.070896e-06	1.799900e+00	7.319397e-01	
10729	1.070996e-06	1.799824e+00	7.309962e-01	
10730	1.071096e-06	1.799900e+00	7.300539e-01	
10731	1.071196e-06	1.799824e+00	7.291128e-01	
10732	1.071296e-06	1.799900e+00	7.281729e-01	
10733	1.071396e-06	1.799824e+00	7.272343e-01	
10734	1.071496e-06	1.799900e+00	7.262969e-01	
10735	1.071596e-06	1.799824e+00	7.253607e-01	
10736	1.071696e-06	1.799900e+00	7.244257e-01	
10737	1.071796e-06	1.799825e+00	7.234920e-01	
10738	1.071896e-06	1.799900e+00	7.225594e-01	
10739	1.071996e-06	1.799825e+00	7.216281e-01	
10740	1.072096e-06	1.799900e+00	7.206979e-01	
10741	1.072196e-06	1.799825e+00	7.197690e-01	
10742	1.072296e-06	1.799900e+00	7.188413e-01	
10743	1.072396e-06	1.799825e+00	7.179148e-01	
10744	1.072496e-06	1.799900e+00	7.169894e-01	
10745	1.072596e-06	1.799825e+00	7.160654e-01	
10746	1.072696e-06	1.799899e+00	7.151424e-01	
10747	1.072796e-06	1.799826e+00	7.142207e-01	
10748	1.072896e-06	1.799899e+00	7.133002e-01	
10749	1.072996e-06	1.799826e+00	7.123809e-01	
10750	1.073096e-06	1.799899e+00	7.114627e-01	
10751	1.073196e-06	1.799826e+00	7.105458e-01	
10752	1.073296e-06	1.799899e+00	7.096301e-01	
10753	1.073396e-06	1.799826e+00	7.087155e-01	
10754	1.073496e-06	1.799899e+00	7.078021e-01	
10755	1.073596e-06	1.799827e+00	7.068900e-01	
10756	1.073696e-06	1.799899e+00	7.059789e-01	
10757	1.073796e-06	1.799827e+00	7.050691e-01	
10758	1.073896e-06	1.799899e+00	7.041604e-01	
10759	1.073996e-06	1.799827e+00	7.032530e-01	
10760	1.074096e-06	1.799899e+00	7.023467e-01	
10761	1.074196e-06	1.799827e+00	7.014416e-01	
10762	1.074296e-06	1.799899e+00	7.005376e-01	
10763	1.074396e-06	1.799828e+00	6.996349e-01	
10764	1.074496e-06	1.799899e+00	6.987332e-01	
10765	1.074596e-06	1.799828e+00	6.978328e-01	
10766	1.074696e-06	1.799899e+00	6.969335e-01	
10767	1.074796e-06	1.799828e+00	6.960355e-01	
10768	1.074896e-06	1.799899e+00	6.951385e-01	
10769	1.074996e-06	1.799828e+00	6.942427e-01	
10770	1.075096e-06	1.799899e+00	6.933481e-01	
10771	1.075196e-06	1.799828e+00	6.924547e-01	
10772	1.075296e-06	1.799899e+00	6.915623e-01	
10773	1.075396e-06	1.799829e+00	6.906712e-01	
10774	1.075496e-06	1.799899e+00	6.897812e-01	
10775	1.075596e-06	1.799829e+00	6.888923e-01	
10776	1.075696e-06	1.799899e+00	6.880046e-01	
10777	1.075796e-06	1.799829e+00	6.871181e-01	
10778	1.075896e-06	1.799899e+00	6.862327e-01	
10779	1.075996e-06	1.799829e+00	6.853484e-01	
10780	1.076096e-06	1.799899e+00	6.844653e-01	
10781	1.076196e-06	1.799830e+00	6.835834e-01	
10782	1.076296e-06	1.799899e+00	6.827025e-01	
10783	1.076396e-06	1.799830e+00	6.818229e-01	
10784	1.076496e-06	1.799898e+00	6.809443e-01	

Index   time            vout2           v(x2.comp_p_0/v 
--------------------------------------------------------------------------------
10785	1.076596e-06	1.799830e+00	6.800669e-01	
10786	1.076696e-06	1.799898e+00	6.791906e-01	
10787	1.076796e-06	1.799830e+00	6.783155e-01	
10788	1.076896e-06	1.799898e+00	6.774414e-01	
10789	1.076996e-06	1.799830e+00	6.765686e-01	
10790	1.077096e-06	1.799898e+00	6.756968e-01	
10791	1.077196e-06	1.799831e+00	6.748262e-01	
10792	1.077296e-06	1.799898e+00	6.739567e-01	
10793	1.077396e-06	1.799831e+00	6.730884e-01	
10794	1.077496e-06	1.799898e+00	6.722211e-01	
10795	1.077596e-06	1.799831e+00	6.713550e-01	
10796	1.077696e-06	1.799898e+00	6.704900e-01	
10797	1.077796e-06	1.799831e+00	6.696261e-01	
10798	1.077896e-06	1.799898e+00	6.687633e-01	
10799	1.077996e-06	1.799832e+00	6.679017e-01	
10800	1.078096e-06	1.799898e+00	6.670411e-01	
10801	1.078196e-06	1.799832e+00	6.661818e-01	
10802	1.078296e-06	1.799898e+00	6.653234e-01	
10803	1.078396e-06	1.799832e+00	6.644663e-01	
10804	1.078496e-06	1.799898e+00	6.636102e-01	
10805	1.078596e-06	1.799832e+00	6.627553e-01	
10806	1.078696e-06	1.799898e+00	6.619014e-01	
10807	1.078796e-06	1.799832e+00	6.610487e-01	
10808	1.078896e-06	1.799898e+00	6.601970e-01	
10809	1.078996e-06	1.799833e+00	6.593465e-01	
10810	1.079096e-06	1.799898e+00	6.584970e-01	
10811	1.079196e-06	1.799833e+00	6.576487e-01	
10812	1.079296e-06	1.799898e+00	6.568015e-01	
10813	1.079396e-06	1.799833e+00	6.559554e-01	
10814	1.079496e-06	1.799898e+00	6.551103e-01	
10815	1.079596e-06	1.799833e+00	6.542664e-01	
10816	1.079696e-06	1.799898e+00	6.534236e-01	
10817	1.079796e-06	1.799833e+00	6.525819e-01	
10818	1.079896e-06	1.799898e+00	6.517412e-01	
10819	1.079996e-06	1.799834e+00	6.509017e-01	
10820	1.080096e-06	1.799898e+00	6.500632e-01	
10821	1.080196e-06	1.799834e+00	6.492259e-01	
10822	1.080296e-06	1.799898e+00	6.483896e-01	
10823	1.080396e-06	1.799834e+00	6.475545e-01	
10824	1.080496e-06	1.799897e+00	6.467204e-01	
10825	1.080596e-06	1.799834e+00	6.458875e-01	
10826	1.080696e-06	1.799897e+00	6.450555e-01	
10827	1.080796e-06	1.799834e+00	6.442248e-01	
10828	1.080896e-06	1.799897e+00	6.433950e-01	
10829	1.080996e-06	1.799835e+00	6.425664e-01	
10830	1.081096e-06	1.799897e+00	6.417388e-01	
10831	1.081196e-06	1.799835e+00	6.409124e-01	
10832	1.081296e-06	1.799897e+00	6.400870e-01	
10833	1.081396e-06	1.799835e+00	6.392628e-01	
10834	1.081496e-06	1.799897e+00	6.384395e-01	
10835	1.081596e-06	1.799835e+00	6.376174e-01	
10836	1.081696e-06	1.799897e+00	6.367963e-01	
10837	1.081796e-06	1.799835e+00	6.359764e-01	
10838	1.081896e-06	1.799897e+00	6.351575e-01	
10839	1.081996e-06	1.799836e+00	6.343397e-01	
10840	1.082096e-06	1.799897e+00	6.335229e-01	
10841	1.082196e-06	1.799836e+00	6.327073e-01	
10842	1.082296e-06	1.799897e+00	6.318927e-01	

Index   time            vout2           v(x2.comp_p_0/v 
--------------------------------------------------------------------------------
10843	1.082396e-06	1.799836e+00	6.310792e-01	
10844	1.082496e-06	1.799897e+00	6.302667e-01	
10845	1.082596e-06	1.799836e+00	6.294554e-01	
10846	1.082696e-06	1.799897e+00	6.286450e-01	
10847	1.082796e-06	1.799836e+00	6.278358e-01	
10848	1.082896e-06	1.799897e+00	6.270276e-01	
10849	1.082996e-06	1.799837e+00	6.262205e-01	
10850	1.083096e-06	1.799897e+00	6.254144e-01	
10851	1.083196e-06	1.799837e+00	6.246095e-01	
10852	1.083296e-06	1.799897e+00	6.238055e-01	
10853	1.083396e-06	1.799837e+00	6.230027e-01	
10854	1.083496e-06	1.799897e+00	6.222008e-01	
10855	1.083596e-06	1.799837e+00	6.214001e-01	
10856	1.083696e-06	1.799897e+00	6.206004e-01	
10857	1.083796e-06	1.799837e+00	6.198018e-01	
10858	1.083896e-06	1.799897e+00	6.190042e-01	
10859	1.083996e-06	1.799838e+00	6.182077e-01	
10860	1.084096e-06	1.799897e+00	6.174121e-01	
10861	1.084196e-06	1.799838e+00	6.166177e-01	
10862	1.084296e-06	1.799897e+00	6.158243e-01	
10863	1.084396e-06	1.799838e+00	6.150320e-01	
10864	1.084496e-06	1.799896e+00	6.142407e-01	
10865	1.084596e-06	1.799838e+00	6.134505e-01	
10866	1.084696e-06	1.799896e+00	6.126612e-01	
10867	1.084796e-06	1.799838e+00	6.118731e-01	
10868	1.084896e-06	1.799896e+00	6.110859e-01	
10869	1.084996e-06	1.799838e+00	6.102998e-01	
10870	1.085096e-06	1.799896e+00	6.095147e-01	
10871	1.085196e-06	1.799839e+00	6.087308e-01	
10872	1.085296e-06	1.799896e+00	6.079477e-01	
10873	1.085396e-06	1.799839e+00	6.071658e-01	
10874	1.085496e-06	1.799896e+00	6.063848e-01	
10875	1.085596e-06	1.799839e+00	6.056050e-01	
10876	1.085696e-06	1.799896e+00	6.048261e-01	
10877	1.085796e-06	1.799839e+00	6.040483e-01	
10878	1.085896e-06	1.799896e+00	6.032714e-01	
10879	1.085996e-06	1.799839e+00	6.024956e-01	
10880	1.086096e-06	1.799896e+00	6.017208e-01	
10881	1.086196e-06	1.799840e+00	6.009471e-01	
10882	1.086296e-06	1.799896e+00	6.001743e-01	
10883	1.086396e-06	1.799840e+00	5.994027e-01	
10884	1.086496e-06	1.799896e+00	5.986319e-01	
10885	1.086596e-06	1.799840e+00	5.978623e-01	
10886	1.086696e-06	1.799896e+00	5.970936e-01	
10887	1.086796e-06	1.799840e+00	5.963260e-01	
10888	1.086896e-06	1.799896e+00	5.955593e-01	
10889	1.086996e-06	1.799840e+00	5.947937e-01	
10890	1.087096e-06	1.799896e+00	5.940290e-01	
10891	1.087196e-06	1.799841e+00	5.932655e-01	
10892	1.087296e-06	1.799896e+00	5.925028e-01	
10893	1.087396e-06	1.799841e+00	5.917412e-01	
10894	1.087496e-06	1.799896e+00	5.909806e-01	
10895	1.087596e-06	1.799841e+00	5.902210e-01	
10896	1.087696e-06	1.799896e+00	5.894624e-01	
10897	1.087796e-06	1.799841e+00	5.887048e-01	
10898	1.087896e-06	1.799896e+00	5.879482e-01	
10899	1.087996e-06	1.799841e+00	5.871926e-01	
10900	1.088096e-06	1.799896e+00	5.864380e-01	

Index   time            vout2           v(x2.comp_p_0/v 
--------------------------------------------------------------------------------
10901	1.088196e-06	1.799841e+00	5.856844e-01	
10902	1.088296e-06	1.799896e+00	5.849317e-01	
10903	1.088396e-06	1.799842e+00	5.841801e-01	
10904	1.088496e-06	1.799896e+00	5.834294e-01	
10905	1.088596e-06	1.799842e+00	5.826798e-01	
10906	1.088696e-06	1.799896e+00	5.819311e-01	
10907	1.088796e-06	1.799842e+00	5.811834e-01	
10908	1.088896e-06	1.799895e+00	5.804367e-01	
10909	1.088996e-06	1.799842e+00	5.796910e-01	
10910	1.089096e-06	1.799895e+00	5.789462e-01	
10911	1.089196e-06	1.799842e+00	5.782025e-01	
10912	1.089296e-06	1.799895e+00	5.774597e-01	
10913	1.089396e-06	1.799842e+00	5.767179e-01	
10914	1.089496e-06	1.799895e+00	5.759771e-01	
10915	1.089596e-06	1.799843e+00	5.752372e-01	
10916	1.089696e-06	1.799895e+00	5.744983e-01	
10917	1.089796e-06	1.799843e+00	5.737605e-01	
10918	1.089896e-06	1.799895e+00	5.730235e-01	
10919	1.089996e-06	1.799843e+00	5.722875e-01	
10920	1.090096e-06	1.799895e+00	5.715525e-01	
10921	1.090196e-06	1.799843e+00	5.708185e-01	
10922	1.090296e-06	1.799895e+00	5.700854e-01	
10923	1.090396e-06	1.799843e+00	5.693533e-01	
10924	1.090496e-06	1.799895e+00	5.686221e-01	
10925	1.090596e-06	1.799843e+00	5.678919e-01	
10926	1.090696e-06	1.799895e+00	5.671627e-01	
10927	1.090796e-06	1.799844e+00	5.664344e-01	
10928	1.090896e-06	1.799895e+00	5.657071e-01	
10929	1.090996e-06	1.799844e+00	5.649807e-01	
10930	1.091096e-06	1.799895e+00	5.642552e-01	
10931	1.091196e-06	1.799844e+00	5.635308e-01	
10932	1.091296e-06	1.799895e+00	5.628072e-01	
10933	1.091396e-06	1.799844e+00	5.620847e-01	
10934	1.091496e-06	1.799895e+00	5.613630e-01	
10935	1.091596e-06	1.799844e+00	5.606423e-01	
10936	1.091696e-06	1.799895e+00	5.599225e-01	
10937	1.091796e-06	1.799844e+00	5.592036e-01	
10938	1.091896e-06	1.799895e+00	5.584857e-01	
10939	1.091996e-06	1.799845e+00	5.577687e-01	
10940	1.092096e-06	1.799895e+00	5.570526e-01	
10941	1.092196e-06	1.799845e+00	5.563374e-01	
10942	1.092296e-06	1.799895e+00	5.556231e-01	
10943	1.092396e-06	1.799845e+00	5.549097e-01	
10944	1.092496e-06	1.799895e+00	5.541972e-01	
10945	1.092596e-06	1.799845e+00	5.534856e-01	
10946	1.092696e-06	1.799895e+00	5.527749e-01	
10947	1.092796e-06	1.799845e+00	5.520650e-01	
10948	1.092896e-06	1.799895e+00	5.513559e-01	
10949	1.092996e-06	1.799845e+00	5.506478e-01	
10950	1.093096e-06	1.799895e+00	5.499404e-01	
10951	1.093196e-06	1.799846e+00	5.492339e-01	
10952	1.093296e-06	1.799895e+00	5.485281e-01	
10953	1.093396e-06	1.799846e+00	5.478232e-01	
10954	1.093496e-06	1.799895e+00	5.471189e-01	
10955	1.093596e-06	1.799846e+00	5.464155e-01	
10956	1.093696e-06	1.799894e+00	5.457128e-01	
10957	1.093796e-06	1.799846e+00	5.450108e-01	
10958	1.093896e-06	1.799894e+00	5.443095e-01	

Index   time            vout2           v(x2.comp_p_0/v 
--------------------------------------------------------------------------------
10959	1.093996e-06	1.799846e+00	5.436089e-01	
10960	1.094096e-06	1.799894e+00	5.429089e-01	
10961	1.094196e-06	1.799846e+00	5.422097e-01	
10962	1.094296e-06	1.799894e+00	5.415110e-01	
10963	1.094396e-06	1.799847e+00	5.408131e-01	
10964	1.094496e-06	1.799894e+00	5.401157e-01	
10965	1.094596e-06	1.799847e+00	5.394191e-01	
10966	1.094696e-06	1.799894e+00	5.387230e-01	
10967	1.094796e-06	1.799847e+00	5.380277e-01	
10968	1.094896e-06	1.799894e+00	5.373329e-01	
10969	1.094996e-06	1.799847e+00	5.366389e-01	
10970	1.095096e-06	1.799894e+00	5.359455e-01	
10971	1.095196e-06	1.799847e+00	5.352529e-01	
10972	1.095296e-06	1.799894e+00	5.345609e-01	
10973	1.095396e-06	1.799847e+00	5.338697e-01	
10974	1.095496e-06	1.799894e+00	5.331792e-01	
10975	1.095596e-06	1.799847e+00	5.324895e-01	
10976	1.095696e-06	1.799894e+00	5.318004e-01	
10977	1.095796e-06	1.799848e+00	5.311123e-01	
10978	1.095896e-06	1.799894e+00	5.304248e-01	
10979	1.095996e-06	1.799848e+00	5.297382e-01	
10980	1.096096e-06	1.799894e+00	5.290524e-01	
10981	1.096196e-06	1.799848e+00	5.283674e-01	
10982	1.096296e-06	1.799894e+00	5.276832e-01	
10983	1.096396e-06	1.799848e+00	5.269999e-01	
10984	1.096496e-06	1.799894e+00	5.263173e-01	
10985	1.096596e-06	1.799848e+00	5.256356e-01	
10986	1.096696e-06	1.799894e+00	5.249547e-01	
10987	1.096796e-06	1.799848e+00	5.242746e-01	
10988	1.096896e-06	1.799894e+00	5.235954e-01	
10989	1.096996e-06	1.799848e+00	5.229171e-01	
10990	1.097096e-06	1.799894e+00	5.222396e-01	
10991	1.097196e-06	1.799849e+00	5.215630e-01	
10992	1.097296e-06	1.799894e+00	5.208871e-01	
10993	1.097396e-06	1.799849e+00	5.202123e-01	
10994	1.097496e-06	1.799894e+00	5.195382e-01	
10995	1.097596e-06	1.799849e+00	5.188651e-01	
10996	1.097696e-06	1.799893e+00	5.181927e-01	
10997	1.097796e-06	1.799849e+00	5.175213e-01	
10998	1.097896e-06	1.799893e+00	5.168507e-01	
10999	1.097996e-06	1.799849e+00	5.161811e-01	
11000	1.098096e-06	1.799893e+00	5.155123e-01	
11001	1.098196e-06	1.799849e+00	5.148444e-01	
11002	1.098296e-06	1.799893e+00	5.141773e-01	
11003	1.098396e-06	1.799849e+00	5.135112e-01	
11004	1.098496e-06	1.799893e+00	5.128458e-01	
11005	1.098596e-06	1.799850e+00	5.121814e-01	
11006	1.098696e-06	1.799893e+00	5.115178e-01	
11007	1.098796e-06	1.799850e+00	5.108552e-01	
11008	1.098896e-06	1.799893e+00	5.101933e-01	
11009	1.098996e-06	1.799850e+00	5.095324e-01	
11010	1.099096e-06	1.799893e+00	5.088722e-01	
11011	1.099196e-06	1.799850e+00	5.082130e-01	
11012	1.099296e-06	1.799893e+00	5.075546e-01	
11013	1.099396e-06	1.799850e+00	5.068970e-01	
11014	1.099496e-06	1.799893e+00	5.062403e-01	
11015	1.099596e-06	1.799850e+00	5.055845e-01	
11016	1.099696e-06	1.799893e+00	5.049294e-01	

Index   time            vout2           v(x2.comp_p_0/v 
--------------------------------------------------------------------------------
11017	1.099796e-06	1.799850e+00	5.042753e-01	
11018	1.099896e-06	1.799893e+00	5.036220e-01	
11019	1.099996e-06	1.799850e+00	5.029695e-01	
11020	1.100096e-06	1.799893e+00	5.023178e-01	
11021	1.100196e-06	1.799850e+00	5.016671e-01	
11022	1.100296e-06	1.799893e+00	5.010171e-01	
11023	1.100396e-06	1.799851e+00	5.003680e-01	
11024	1.100496e-06	1.799893e+00	4.997197e-01	
11025	1.100596e-06	1.799851e+00	4.990723e-01	
11026	1.100696e-06	1.799893e+00	4.984256e-01	
11027	1.100796e-06	1.799851e+00	4.977799e-01	
11028	1.100896e-06	1.799892e+00	4.971349e-01	
11029	1.100996e-06	1.799851e+00	4.964908e-01	
11030	1.101096e-06	1.799892e+00	4.958475e-01	
11031	1.101196e-06	1.799851e+00	4.952051e-01	
11032	1.101296e-06	1.799892e+00	4.945634e-01	
11033	1.101396e-06	1.799851e+00	4.939226e-01	
11034	1.101496e-06	1.799892e+00	4.932826e-01	
11035	1.101596e-06	1.799851e+00	4.926435e-01	
11036	1.101696e-06	1.799892e+00	4.920051e-01	
11037	1.101796e-06	1.799851e+00	4.913676e-01	
11038	1.101896e-06	1.799892e+00	4.907309e-01	
11039	1.101996e-06	1.799852e+00	4.900951e-01	
11040	1.102096e-06	1.799892e+00	4.894600e-01	
11041	1.102196e-06	1.799852e+00	4.888258e-01	
11042	1.102296e-06	1.799892e+00	4.881924e-01	
11043	1.102396e-06	1.799852e+00	4.875598e-01	
11044	1.102496e-06	1.799892e+00	4.869280e-01	
11045	1.102596e-06	1.799852e+00	4.862971e-01	
11046	1.102696e-06	1.799892e+00	4.856669e-01	
11047	1.102796e-06	1.799852e+00	4.850376e-01	
11048	1.102896e-06	1.799892e+00	4.844090e-01	
11049	1.102996e-06	1.799852e+00	4.837814e-01	
11050	1.103096e-06	1.799892e+00	4.831544e-01	
11051	1.103196e-06	1.799852e+00	4.825284e-01	
11052	1.103296e-06	1.799892e+00	4.819030e-01	
11053	1.103396e-06	1.799852e+00	4.812786e-01	
11054	1.103496e-06	1.799892e+00	4.806549e-01	
11055	1.103596e-06	1.799852e+00	4.800321e-01	
11056	1.103696e-06	1.799892e+00	4.794100e-01	
11057	1.103796e-06	1.799852e+00	4.787888e-01	
11058	1.103896e-06	1.799891e+00	4.781683e-01	
11059	1.103996e-06	1.799852e+00	4.775486e-01	
11060	1.104096e-06	1.799891e+00	4.769297e-01	
11061	1.104196e-06	1.799853e+00	4.763117e-01	
11062	1.104296e-06	1.799891e+00	4.756944e-01	
11063	1.104396e-06	1.799853e+00	4.750780e-01	
11064	1.104496e-06	1.799891e+00	4.744623e-01	
11065	1.104596e-06	1.799853e+00	4.738474e-01	
11066	1.104696e-06	1.799891e+00	4.732333e-01	
11067	1.104796e-06	1.799852e+00	4.726200e-01	
11068	1.104896e-06	1.799890e+00	4.720074e-01	
11069	1.104996e-06	1.799852e+00	4.713957e-01	
11070	1.105096e-06	1.799890e+00	4.707847e-01	
11071	1.105196e-06	1.799852e+00	4.701746e-01	
11072	1.105296e-06	1.799890e+00	4.695651e-01	
11073	1.105396e-06	1.799852e+00	4.689565e-01	
11074	1.105496e-06	1.799889e+00	4.683487e-01	

Index   time            vout2           v(x2.comp_p_0/v 
--------------------------------------------------------------------------------
11075	1.105596e-06	1.799852e+00	4.677416e-01	
11076	1.105696e-06	1.799889e+00	4.671353e-01	
11077	1.105796e-06	1.799851e+00	4.665298e-01	
11078	1.105896e-06	1.799888e+00	4.659250e-01	
11079	1.105996e-06	1.799851e+00	4.653210e-01	
11080	1.106096e-06	1.799888e+00	4.647177e-01	
11081	1.106196e-06	1.799851e+00	4.641153e-01	
11082	1.106296e-06	1.799887e+00	4.635136e-01	
11083	1.106396e-06	1.799850e+00	4.629127e-01	
11084	1.106496e-06	1.799886e+00	4.623125e-01	
11085	1.106596e-06	1.799850e+00	4.617131e-01	
11086	1.106696e-06	1.799886e+00	4.611144e-01	
11087	1.106796e-06	1.799849e+00	4.605166e-01	
11088	1.106896e-06	1.799885e+00	4.599194e-01	
11089	1.106996e-06	1.799849e+00	4.593231e-01	
11090	1.107096e-06	1.799884e+00	4.587275e-01	
11091	1.107196e-06	1.799848e+00	4.581328e-01	
11092	1.107296e-06	1.799883e+00	4.575387e-01	
11093	1.107396e-06	1.799847e+00	4.569454e-01	
11094	1.107496e-06	1.799882e+00	4.563529e-01	
11095	1.107596e-06	1.799846e+00	4.557611e-01	
11096	1.107696e-06	1.799880e+00	4.551701e-01	
11097	1.107796e-06	1.799845e+00	4.545798e-01	
11098	1.107896e-06	1.799879e+00	4.539903e-01	
11099	1.107996e-06	1.799844e+00	4.534015e-01	
11100	1.108096e-06	1.799877e+00	4.528134e-01	
11101	1.108196e-06	1.799843e+00	4.522261e-01	
11102	1.108296e-06	1.799876e+00	4.516394e-01	
11103	1.108396e-06	1.799842e+00	4.510535e-01	
11104	1.108496e-06	1.799875e+00	4.504683e-01	
11105	1.108596e-06	1.799842e+00	4.498838e-01	
11106	1.108696e-06	1.799875e+00	4.493001e-01	
11107	1.108796e-06	1.799842e+00	4.487171e-01	
11108	1.108896e-06	1.799876e+00	4.481348e-01	
11109	1.108996e-06	1.799845e+00	4.475532e-01	
11110	1.109096e-06	1.799881e+00	4.469723e-01	
11111	1.109196e-06	1.799852e+00	4.463923e-01	
11112	1.109296e-06	1.799893e+00	4.458129e-01	
11113	1.109396e-06	1.799870e+00	4.452342e-01	
11114	1.109496e-06	1.799922e+00	4.446563e-01	
11115	1.109596e-06	1.799910e+00	4.440791e-01	
11116	1.109696e-06	1.799985e+00	4.435026e-01	
11117	1.109796e-06	1.799991e+00	4.429269e-01	
11118	1.109896e-06	1.800093e+00	4.423519e-01	
11119	1.109996e-06	1.800132e+00	4.417776e-01	
11120	1.110096e-06	1.800277e+00	4.412041e-01	
11121	1.110196e-06	1.800374e+00	4.406315e-01	
11122	1.110296e-06	1.800601e+00	4.400596e-01	
11123	1.110396e-06	1.800821e+00	4.394889e-01	
11124	1.110496e-06	1.801244e+00	4.389192e-01	
11125	1.110596e-06	1.801805e+00	4.383512e-01	
11126	1.110696e-06	1.802860e+00	4.377853e-01	
11127	1.110796e-06	1.804599e+00	4.372230e-01	
11128	1.110896e-06	1.807425e+00	4.366662e-01	
11129	1.110996e-06	1.811235e+00	4.361196e-01	
11130	1.111096e-06	1.817020e+00	4.355930e-01	
11131	1.111196e-06	1.828368e+00	4.351265e-01	
11132	1.111296e-06	1.824817e+00	4.350442e-01	

Index   time            vout2           v(x2.comp_p_0/v 
--------------------------------------------------------------------------------
11133	1.111396e-06	6.564322e-01	4.361074e-01	
11134	1.111496e-06	-1.37077e-02	4.377794e-01	
11135	1.111586e-06	1.999874e-02	4.393487e-01	
11136	1.111686e-06	-1.52035e-02	4.411034e-01	
11137	1.111786e-06	1.325612e-02	4.428504e-01	
11138	1.111886e-06	-1.13720e-02	4.446021e-01	
11139	1.111986e-06	9.925852e-03	4.463489e-01	
11140	1.112086e-06	-8.54493e-03	4.480961e-01	
11141	1.112186e-06	7.452335e-03	4.498404e-01	
11142	1.112286e-06	-6.42898e-03	4.515836e-01	
11143	1.112386e-06	5.603207e-03	4.533246e-01	
11144	1.112486e-06	-4.84090e-03	4.550637e-01	
11145	1.112586e-06	4.216897e-03	4.568010e-01	
11146	1.112686e-06	-3.64713e-03	4.585361e-01	
11147	1.112786e-06	3.175785e-03	4.602694e-01	
11148	1.112886e-06	-2.74896e-03	4.620003e-01	
11149	1.112986e-06	2.393086e-03	4.637293e-01	
11150	1.113086e-06	-2.07284e-03	4.654560e-01	
11151	1.113186e-06	1.804256e-03	4.671808e-01	
11152	1.113286e-06	-1.56371e-03	4.689031e-01	
11153	1.113386e-06	1.361076e-03	4.706236e-01	
11154	1.113486e-06	-1.17892e-03	4.723415e-01	
11155	1.113586e-06	1.028019e-03	4.740576e-01	
11156	1.113686e-06	-8.91494e-04	4.757711e-01	
11157	1.113786e-06	7.762139e-04	4.774827e-01	
11158	1.113886e-06	-6.73847e-04	4.791918e-01	
11159	1.113986e-06	5.869595e-04	4.808990e-01	
11160	1.114086e-06	-5.09905e-04	4.826037e-01	
11161	1.114186e-06	4.444090e-04	4.843065e-01	
11162	1.114286e-06	-3.86393e-04	4.860067e-01	
11163	1.114386e-06	3.370283e-04	4.877050e-01	
11164	1.114486e-06	-2.93339e-04	4.894007e-01	
11165	1.114586e-06	2.561369e-04	4.910945e-01	
11166	1.114686e-06	-2.23234e-04	4.927858e-01	
11167	1.114786e-06	1.951992e-04	4.944752e-01	
11168	1.114886e-06	-1.70416e-04	4.961621e-01	
11169	1.114986e-06	1.492933e-04	4.978470e-01	
11170	1.115086e-06	-1.30628e-04	4.995294e-01	
11171	1.115186e-06	1.147122e-04	5.012099e-01	
11172	1.115286e-06	-1.00653e-04	5.028878e-01	
11173	1.115386e-06	8.866295e-05	5.045639e-01	
11174	1.115486e-06	-7.80737e-05	5.062374e-01	
11175	1.115586e-06	7.009298e-05	5.079090e-01	
11176	1.115686e-06	-6.00042e-05	5.095781e-01	
11177	1.115786e-06	5.508738e-05	5.112453e-01	
11178	1.115886e-06	-4.73863e-05	5.129099e-01	
11179	1.115986e-06	4.376663e-05	5.145727e-01	
11180	1.116086e-06	-3.78945e-05	5.162329e-01	
11181	1.116186e-06	3.524946e-05	5.178913e-01	
11182	1.116286e-06	-3.07554e-05	5.195471e-01	
11183	1.116386e-06	2.884296e-05	5.212011e-01	
11184	1.116486e-06	-2.53872e-05	5.228526e-01	
11185	1.116586e-06	2.402560e-05	5.245021e-01	
11186	1.116686e-06	-2.13518e-05	5.261492e-01	
11187	1.116786e-06	2.040475e-05	5.277944e-01	
11188	1.116886e-06	-1.83198e-05	5.294371e-01	
11189	1.116986e-06	1.768480e-05	5.310779e-01	
11190	1.117086e-06	-1.60431e-05	5.327162e-01	

Index   time            vout2           v(x2.comp_p_0/v 
--------------------------------------------------------------------------------
11191	1.117186e-06	1.564320e-05	5.343527e-01	
11192	1.117286e-06	-1.43351e-05	5.359867e-01	
11193	1.117386e-06	1.391423e-05	5.376188e-01	
11194	1.117486e-06	-1.32878e-05	5.392484e-01	
11195	1.117586e-06	1.277120e-05	5.408762e-01	
11196	1.117686e-06	-1.23153e-05	5.425015e-01	
11197	1.117786e-06	1.192984e-05	5.441249e-01	
11198	1.117886e-06	-1.15891e-05	5.457459e-01	
11199	1.117986e-06	1.130214e-05	5.473650e-01	
11200	1.118086e-06	-1.10482e-05	5.489817e-01	
11201	1.118186e-06	1.083543e-05	5.505965e-01	
11202	1.118286e-06	-1.06469e-05	5.522089e-01	
11203	1.118381e-06	1.048114e-05	5.537271e-01	
11204	1.118481e-06	-1.03431e-05	5.553353e-01	
11205	1.118581e-06	1.022938e-05	5.569416e-01	
11206	1.118681e-06	-1.01281e-05	5.585456e-01	
11207	1.118781e-06	1.004586e-05	5.601477e-01	
11208	1.118881e-06	-9.97227e-06	5.617473e-01	
11209	1.118981e-06	9.913698e-06	5.633452e-01	
11210	1.119081e-06	-9.86092e-06	5.649406e-01	
11211	1.119181e-06	9.820196e-06	5.665342e-01	
11212	1.119281e-06	-9.78307e-06	5.681254e-01	
11213	1.119381e-06	9.755782e-06	5.697148e-01	
11214	1.119481e-06	-9.73041e-06	5.713018e-01	
11215	1.119581e-06	9.713248e-06	5.728870e-01	
11216	1.119681e-06	-9.69671e-06	5.744697e-01	
11217	1.119781e-06	9.687160e-06	5.760507e-01	
11218	1.119881e-06	-9.67724e-06	5.776293e-01	
11219	1.119981e-06	9.673426e-06	5.792060e-01	
11220	1.120081e-06	-9.66846e-06	5.807804e-01	
11221	1.120181e-06	9.668961e-06	5.823530e-01	
11222	1.120281e-06	-9.66770e-06	5.839233e-01	
11223	1.120381e-06	9.671442e-06	5.854917e-01	
11224	1.120481e-06	-9.67294e-06	5.870578e-01	
11225	1.120581e-06	9.679118e-06	5.886221e-01	
11226	1.120681e-06	-9.68267e-06	5.901840e-01	
11227	1.120781e-06	9.690671e-06	5.917442e-01	
11228	1.120881e-06	-9.69573e-06	5.933020e-01	
11229	1.120981e-06	9.705106e-06	5.948581e-01	
11230	1.121081e-06	-9.71128e-06	5.964118e-01	
11231	1.121181e-06	9.721675e-06	5.979637e-01	
11232	1.121281e-06	-9.72865e-06	5.995133e-01	
11233	1.121381e-06	9.739817e-06	6.010611e-01	
11234	1.121481e-06	-9.74737e-06	6.026066e-01	
11235	1.121581e-06	9.759105e-06	6.041504e-01	
11236	1.121681e-06	-9.76706e-06	6.056918e-01	
11237	1.121781e-06	9.779219e-06	6.072315e-01	
11238	1.121881e-06	-9.78745e-06	6.087689e-01	
11239	1.121981e-06	9.799918e-06	6.103046e-01	
11240	1.122081e-06	-9.80833e-06	6.118379e-01	
11241	1.122181e-06	9.821022e-06	6.133695e-01	
11242	1.122281e-06	-9.82953e-06	6.148988e-01	
11243	1.122381e-06	9.842392e-06	6.164264e-01	
11244	1.122481e-06	-9.85095e-06	6.179516e-01	
11245	1.122581e-06	1.000063e-05	6.194752e-01	
11246	1.122681e-06	-9.83598e-06	6.209965e-01	
11247	1.122781e-06	1.000608e-05	6.225160e-01	
11248	1.122881e-06	-9.71005e-06	6.240333e-01	

Index   time            vout2           v(x2.comp_p_0/v 
--------------------------------------------------------------------------------
11249	1.122981e-06	1.004767e-05	6.255489e-01	
11250	1.123081e-06	-9.73362e-06	6.270622e-01	
11251	1.123181e-06	1.007137e-05	6.285738e-01	
11252	1.123281e-06	-9.75626e-06	6.300831e-01	
11253	1.123381e-06	1.009463e-05	6.315908e-01	
11254	1.123481e-06	-9.77851e-06	6.330962e-01	
11255	1.123581e-06	1.011751e-05	6.345999e-01	
11256	1.123681e-06	-9.80041e-06	6.361014e-01	
11257	1.123781e-06	1.014005e-05	6.376011e-01	
11258	1.123881e-06	-9.82200e-06	6.390987e-01	
11259	1.123981e-06	1.016229e-05	6.405946e-01	
11260	1.124081e-06	-9.84333e-06	6.420882e-01	
11261	1.124181e-06	1.018428e-05	6.435801e-01	
11262	1.124281e-06	-9.86442e-06	6.450699e-01	
11263	1.124381e-06	1.020604e-05	6.465580e-01	
11264	1.124481e-06	-9.88530e-06	6.480438e-01	
11265	1.124581e-06	1.022758e-05	6.495280e-01	
11266	1.124681e-06	-9.90598e-06	6.510100e-01	
11267	1.124781e-06	1.024893e-05	6.524904e-01	
11268	1.124881e-06	-9.92649e-06	6.539685e-01	
11269	1.124981e-06	1.027010e-05	6.554450e-01	
11270	1.125081e-06	-9.94682e-06	6.569193e-01	
11271	1.125181e-06	1.029109e-05	6.583920e-01	
11272	1.125281e-06	-9.96699e-06	6.598625e-01	
11273	1.125381e-06	1.031192e-05	6.613314e-01	
11274	1.125481e-06	-9.98700e-06	6.627980e-01	
11275	1.125581e-06	1.033258e-05	6.642631e-01	
11276	1.125681e-06	-1.00069e-05	6.657260e-01	
11277	1.125781e-06	1.035309e-05	6.671872e-01	
11278	1.125881e-06	-1.01663e-05	6.686463e-01	
11279	1.125981e-06	1.019939e-05	6.701038e-01	
11280	1.126081e-06	-1.02103e-05	6.715591e-01	
11281	1.126181e-06	1.022563e-05	6.730129e-01	
11282	1.126281e-06	-1.00939e-05	6.744644e-01	
11283	1.126381e-06	1.042432e-05	6.759144e-01	
11284	1.126481e-06	-1.00926e-05	6.773622e-01	
11285	1.126581e-06	1.044051e-05	6.788084e-01	
11286	1.126681e-06	-1.01098e-05	6.802525e-01	
11287	1.126781e-06	1.045852e-05	6.816950e-01	
11288	1.126881e-06	-1.01273e-05	6.831353e-01	
11289	1.126981e-06	1.047684e-05	6.845741e-01	
11290	1.127081e-06	-1.01452e-05	6.860107e-01	
11291	1.127181e-06	1.049533e-05	6.874457e-01	
11292	1.127281e-06	-1.01631e-05	6.888786e-01	
11293	1.127381e-06	1.051387e-05	6.903099e-01	
11294	1.127481e-06	-1.03235e-05	6.917390e-01	
11295	1.127581e-06	1.035541e-05	6.931666e-01	
11296	1.127681e-06	-1.03658e-05	6.945920e-01	
11297	1.127781e-06	1.037996e-05	6.960158e-01	
11298	1.127881e-06	-1.03887e-05	6.974375e-01	
11299	1.127981e-06	1.040185e-05	6.988575e-01	
11300	1.128081e-06	-1.02666e-05	7.002753e-01	
11301	1.128181e-06	1.060099e-05	7.016915e-01	
11302	1.128281e-06	-1.02633e-05	7.031055e-01	
11303	1.128381e-06	1.061437e-05	7.045178e-01	
11304	1.128481e-06	-1.02782e-05	7.059278e-01	
11305	1.128581e-06	1.062954e-05	7.073361e-01	
11306	1.128681e-06	-1.02936e-05	7.087420e-01	

Index   time            vout2           v(x2.comp_p_0/v 
--------------------------------------------------------------------------------
11307	1.128781e-06	1.064497e-05	7.101462e-01	
11308	1.128881e-06	-1.03091e-05	7.115479e-01	
11309	1.128981e-06	1.066044e-05	7.129479e-01	
11310	1.129081e-06	-1.03244e-05	7.143453e-01	
11311	1.129181e-06	1.067599e-05	7.157409e-01	
11312	1.129281e-06	-1.03397e-05	7.171340e-01	
11313	1.129381e-06	1.069194e-05	7.185251e-01	
11314	1.129481e-06	-1.03552e-05	7.199137e-01	
11315	1.129581e-06	1.055907e-05	7.213004e-01	
11316	1.129681e-06	-1.04067e-05	7.226846e-01	
11317	1.129781e-06	1.074191e-05	7.240668e-01	
11318	1.129881e-06	-1.03992e-05	7.254466e-01	
11319	1.129981e-06	1.075294e-05	7.268246e-01	
11320	1.130081e-06	-1.04111e-05	7.282002e-01	
11321	1.130181e-06	1.076643e-05	7.295740e-01	
11322	1.130281e-06	-1.04240e-05	7.309455e-01	
11323	1.130381e-06	1.078061e-05	7.323153e-01	
11324	1.130481e-06	-1.04375e-05	7.336829e-01	
11325	1.130581e-06	1.079528e-05	7.350489e-01	
11326	1.130681e-06	-1.04515e-05	7.364127e-01	
11327	1.130781e-06	1.081033e-05	7.377750e-01	
11328	1.130881e-06	-1.04659e-05	7.391352e-01	
11329	1.130981e-06	1.082567e-05	7.404939e-01	
11330	1.131081e-06	-1.04808e-05	7.418506e-01	
11331	1.131181e-06	1.083939e-05	7.432059e-01	
11332	1.131281e-06	-1.04923e-05	7.445591e-01	
11333	1.131381e-06	1.085317e-05	7.459110e-01	
11334	1.131481e-06	-1.05073e-05	7.472608e-01	
11335	1.131581e-06	1.086925e-05	7.486093e-01	
11336	1.131681e-06	-1.05229e-05	7.499558e-01	
11337	1.131781e-06	1.088553e-05	7.513010e-01	
11338	1.131881e-06	-1.05386e-05	7.526441e-01	
11339	1.131981e-06	1.090181e-05	7.539860e-01	
11340	1.132081e-06	-1.05542e-05	7.553259e-01	
11341	1.132181e-06	1.091803e-05	7.566644e-01	
11342	1.132281e-06	-1.05698e-05	7.580010e-01	
11343	1.132381e-06	1.093416e-05	7.593363e-01	
11344	1.132481e-06	-1.05853e-05	7.606696e-01	
11345	1.132581e-06	1.095015e-05	7.620016e-01	
11346	1.132681e-06	-1.06007e-05	7.633316e-01	
11347	1.132781e-06	1.096601e-05	7.646603e-01	
11348	1.132881e-06	-1.06160e-05	7.659871e-01	
11349	1.132981e-06	1.098173e-05	7.673126e-01	
11350	1.133081e-06	-1.06312e-05	7.686361e-01	
11351	1.133181e-06	1.099737e-05	7.699583e-01	
11352	1.133281e-06	-1.06463e-05	7.712786e-01	
11353	1.133381e-06	1.101295e-05	7.725975e-01	
11354	1.133481e-06	-1.06613e-05	7.739145e-01	
11355	1.133581e-06	1.102843e-05	7.752302e-01	
11356	1.133681e-06	-1.06761e-05	7.765440e-01	
11357	1.133781e-06	1.104378e-05	7.778565e-01	
11358	1.133881e-06	-1.06908e-05	7.791670e-01	
11359	1.133981e-06	1.105900e-05	7.804763e-01	
11360	1.134081e-06	-1.07055e-05	7.817836e-01	
11361	1.134181e-06	1.107412e-05	7.830897e-01	
11362	1.134281e-06	-1.07200e-05	7.843938e-01	
11363	1.134381e-06	1.108913e-05	7.856966e-01	
11364	1.134481e-06	-1.07344e-05	7.869975e-01	

Index   time            vout2           v(x2.comp_p_0/v 
--------------------------------------------------------------------------------
11365	1.134581e-06	1.110405e-05	7.882971e-01	
11366	1.134681e-06	-1.07487e-05	7.895948e-01	
11367	1.134781e-06	1.111887e-05	7.908913e-01	
11368	1.134881e-06	-1.07630e-05	7.921858e-01	
11369	1.134981e-06	1.113360e-05	7.934790e-01	
11370	1.135081e-06	-1.07771e-05	7.947704e-01	
11371	1.135181e-06	1.114824e-05	7.960604e-01	
11372	1.135281e-06	-1.07911e-05	7.973486e-01	
11373	1.135381e-06	1.116280e-05	7.986355e-01	
11374	1.135481e-06	-1.08051e-05	7.999205e-01	
11375	1.135581e-06	1.117725e-05	8.012042e-01	
11376	1.135681e-06	-1.08189e-05	8.024861e-01	
11377	1.135781e-06	1.119158e-05	8.037667e-01	
11378	1.135881e-06	-1.08326e-05	8.050454e-01	
11379	1.135981e-06	1.120589e-05	8.063229e-01	
11380	1.136081e-06	-1.08464e-05	8.075984e-01	
11381	1.136181e-06	1.122011e-05	8.088728e-01	
11382	1.136281e-06	-1.08600e-05	8.101453e-01	
11383	1.136381e-06	1.123422e-05	8.114165e-01	
11384	1.136481e-06	-1.08735e-05	8.126859e-01	
11385	1.136581e-06	1.124823e-05	8.139541e-01	
11386	1.136681e-06	-1.08869e-05	8.152204e-01	
11387	1.136781e-06	1.126211e-05	8.164855e-01	
11388	1.136881e-06	-1.09002e-05	8.177488e-01	
11389	1.136981e-06	1.127587e-05	8.190109e-01	
11390	1.137081e-06	-1.09134e-05	8.202712e-01	
11391	1.137181e-06	1.128948e-05	8.215304e-01	
11392	1.137281e-06	-1.09265e-05	8.227878e-01	
11393	1.137381e-06	1.130296e-05	8.240441e-01	
11394	1.137481e-06	-1.09394e-05	8.252986e-01	
11395	1.137581e-06	1.131628e-05	8.265520e-01	
11396	1.137681e-06	-1.09522e-05	8.278037e-01	
11397	1.137781e-06	1.132947e-05	8.290542e-01	
11398	1.137881e-06	-1.09649e-05	8.303031e-01	
11399	1.137981e-06	1.134251e-05	8.315508e-01	
11400	1.138081e-06	-1.09774e-05	8.327969e-01	
11401	1.138181e-06	1.135542e-05	8.340418e-01	
11402	1.138281e-06	-1.09898e-05	8.352849e-01	
11403	1.138381e-06	1.136819e-05	8.365269e-01	
11404	1.138481e-06	-1.10020e-05	8.377672e-01	
11405	1.138581e-06	1.138082e-05	8.390063e-01	
11406	1.138681e-06	-1.10141e-05	8.402436e-01	
11407	1.138781e-06	1.139333e-05	8.414798e-01	
11408	1.138881e-06	-1.10261e-05	8.427141e-01	
11409	1.138981e-06	1.140571e-05	8.439472e-01	
11410	1.139081e-06	-1.10380e-05	8.451786e-01	
11411	1.139181e-06	1.141796e-05	8.464087e-01	
11412	1.139281e-06	-1.10498e-05	8.476370e-01	
11413	1.139381e-06	1.143009e-05	8.488640e-01	
11414	1.139481e-06	-1.10614e-05	8.500892e-01	
11415	1.139581e-06	1.144211e-05	8.513132e-01	
11416	1.139681e-06	-1.10729e-05	8.525354e-01	
11417	1.139781e-06	1.145401e-05	8.537563e-01	
11418	1.139881e-06	-1.10844e-05	8.549753e-01	
11419	1.139981e-06	1.146580e-05	8.561932e-01	
11420	1.140081e-06	-1.10957e-05	8.574091e-01	
11421	1.140181e-06	1.147748e-05	8.586239e-01	
11422	1.140281e-06	-1.11069e-05	8.598368e-01	

Index   time            vout2           v(x2.comp_p_0/v 
--------------------------------------------------------------------------------
11423	1.140381e-06	1.148906e-05	8.610484e-01	
11424	1.140481e-06	-1.11180e-05	8.622582e-01	
11425	1.140581e-06	1.150053e-05	8.634668e-01	
11426	1.140681e-06	-1.11291e-05	8.646735e-01	
11427	1.140781e-06	1.151190e-05	8.658790e-01	
11428	1.140881e-06	-1.11400e-05	8.670826e-01	
11429	1.140981e-06	1.152316e-05	8.682850e-01	
11430	1.141081e-06	-1.11508e-05	8.694856e-01	
11431	1.141181e-06	1.153432e-05	8.706850e-01	
11432	1.141281e-06	-1.11615e-05	8.718825e-01	
11433	1.141381e-06	1.154539e-05	8.730787e-01	
11434	1.141481e-06	-1.11722e-05	8.742732e-01	
11435	1.141581e-06	1.155635e-05	8.754664e-01	
11436	1.141681e-06	-1.11827e-05	8.766578e-01	
11437	1.141781e-06	1.156721e-05	8.778479e-01	
11438	1.141881e-06	-1.11931e-05	8.790363e-01	
11439	1.141981e-06	1.157797e-05	8.802234e-01	
11440	1.142081e-06	-1.12035e-05	8.814087e-01	
11441	1.142181e-06	1.158863e-05	8.825928e-01	
11442	1.142281e-06	-1.12137e-05	8.837750e-01	
11443	1.142381e-06	1.159919e-05	8.849561e-01	
11444	1.142481e-06	-1.12239e-05	8.861353e-01	
11445	1.142581e-06	1.160966e-05	8.873133e-01	
11446	1.142681e-06	-1.12339e-05	8.884895e-01	
11447	1.142781e-06	1.162002e-05	8.896645e-01	
11448	1.142881e-06	-1.12439e-05	8.908377e-01	
11449	1.142981e-06	1.163029e-05	8.920097e-01	
11450	1.143081e-06	-1.12537e-05	8.931799e-01	
11451	1.143181e-06	1.164046e-05	8.943488e-01	
11452	1.143281e-06	-1.12635e-05	8.955160e-01	
11453	1.143381e-06	1.165053e-05	8.966820e-01	
11454	1.143481e-06	-1.12732e-05	8.978462e-01	
11455	1.143581e-06	1.166051e-05	8.990092e-01	
11456	1.143681e-06	-1.12828e-05	9.001704e-01	
11457	1.143781e-06	1.167039e-05	9.013304e-01	
11458	1.143881e-06	-1.12922e-05	9.024886e-01	
11459	1.143981e-06	1.168017e-05	9.036456e-01	
11460	1.144081e-06	-1.13016e-05	9.048008e-01	
11461	1.144181e-06	1.168986e-05	9.059549e-01	
11462	1.144281e-06	-1.13109e-05	9.071072e-01	
11463	1.144381e-06	1.169946e-05	9.082582e-01	
11464	1.144481e-06	-1.13202e-05	9.094076e-01	
11465	1.144581e-06	1.170896e-05	9.105557e-01	
11466	1.144681e-06	-1.13293e-05	9.117020e-01	
11467	1.144781e-06	1.171836e-05	9.128472e-01	
11468	1.144881e-06	-1.13383e-05	9.139906e-01	
11469	1.144981e-06	1.172767e-05	9.151329e-01	
11470	1.145081e-06	-1.13472e-05	9.162733e-01	
11471	1.145181e-06	1.173689e-05	9.174126e-01	
11472	1.145281e-06	-1.13561e-05	9.185502e-01	
11473	1.145381e-06	1.174602e-05	9.196865e-01	
11474	1.145481e-06	-1.13649e-05	9.208211e-01	
11475	1.145581e-06	1.175506e-05	9.219546e-01	
11476	1.145681e-06	-1.13735e-05	9.230863e-01	
11477	1.145781e-06	1.176400e-05	9.242168e-01	
11478	1.145881e-06	-1.13821e-05	9.253456e-01	
11479	1.145981e-06	1.177286e-05	9.264732e-01	
11480	1.146081e-06	-1.13906e-05	9.275990e-01	

Index   time            vout2           v(x2.comp_p_0/v 
--------------------------------------------------------------------------------
11481	1.146181e-06	1.178162e-05	9.287237e-01	
11482	1.146281e-06	-1.13990e-05	9.298467e-01	
11483	1.146381e-06	1.179029e-05	9.309685e-01	
11484	1.146481e-06	-1.14073e-05	9.320886e-01	
11485	1.146581e-06	1.179888e-05	9.332075e-01	
11486	1.146681e-06	-1.14156e-05	9.343247e-01	
11487	1.146781e-06	1.180770e-05	9.354408e-01	
11488	1.146881e-06	-1.14242e-05	9.365551e-01	
11489	1.146981e-06	1.181624e-05	9.376682e-01	
11490	1.147081e-06	-1.14322e-05	9.387797e-01	
11491	1.147181e-06	1.182447e-05	9.398900e-01	
11492	1.147281e-06	-1.14401e-05	9.409985e-01	
11493	1.147381e-06	1.183261e-05	9.421060e-01	
11494	1.147481e-06	-1.14479e-05	9.432117e-01	
11495	1.147581e-06	1.184069e-05	9.443163e-01	
11496	1.147681e-06	-1.14556e-05	9.454191e-01	
11497	1.147781e-06	1.184869e-05	9.465208e-01	
11498	1.147881e-06	-1.14633e-05	9.476209e-01	
11499	1.147981e-06	1.185662e-05	9.487198e-01	
11500	1.148081e-06	-1.14709e-05	9.498169e-01	
11501	1.148181e-06	1.186448e-05	9.509130e-01	
11502	1.148281e-06	-1.14784e-05	9.520073e-01	
11503	1.148381e-06	1.187226e-05	9.531006e-01	
11504	1.148481e-06	-1.14858e-05	9.541921e-01	
11505	1.148581e-06	1.187997e-05	9.552825e-01	
11506	1.148681e-06	-1.14932e-05	9.563712e-01	
11507	1.148781e-06	1.188760e-05	9.574588e-01	
11508	1.148881e-06	-1.15005e-05	9.585447e-01	
11509	1.148981e-06	1.189514e-05	9.596294e-01	
11510	1.149081e-06	-1.15077e-05	9.607125e-01	
11511	1.149181e-06	1.190259e-05	9.617945e-01	
11512	1.149281e-06	-1.15148e-05	9.628748e-01	
11513	1.149381e-06	1.190996e-05	9.639540e-01	
11514	1.149481e-06	-1.15218e-05	9.650315e-01	
11515	1.149581e-06	1.191723e-05	9.661079e-01	
11516	1.149681e-06	-1.15288e-05	9.671826e-01	
11517	1.149781e-06	1.192442e-05	9.682563e-01	
11518	1.149881e-06	-1.15357e-05	9.693282e-01	
11519	1.149981e-06	1.193152e-05	9.703990e-01	
11520	1.150081e-06	-1.15425e-05	9.714682e-01	
11521	1.150181e-06	1.193855e-05	9.725363e-01	
11522	1.150281e-06	-1.15493e-05	9.736027e-01	
11523	1.150381e-06	1.194548e-05	9.746680e-01	
11524	1.150481e-06	-1.15559e-05	9.757317e-01	
11525	1.150581e-06	1.195232e-05	9.767943e-01	
11526	1.150681e-06	-1.15625e-05	9.778552e-01	
11527	1.150781e-06	1.195909e-05	9.789150e-01	
11528	1.150881e-06	-1.15690e-05	9.799732e-01	
11529	1.150981e-06	1.196581e-05	9.810303e-01	
11530	1.151081e-06	-1.15756e-05	9.820857e-01	
11531	1.151181e-06	1.197251e-05	9.831400e-01	
11532	1.151281e-06	-1.15820e-05	9.841927e-01	
11533	1.151381e-06	1.197917e-05	9.852444e-01	
11534	1.151481e-06	-1.15885e-05	9.862943e-01	
11535	1.151581e-06	1.198577e-05	9.873432e-01	
11536	1.151681e-06	-1.15948e-05	9.883905e-01	
11537	1.151781e-06	1.199232e-05	9.894367e-01	
11538	1.151881e-06	-1.16011e-05	9.904813e-01	

Index   time            vout2           v(x2.comp_p_0/v 
--------------------------------------------------------------------------------
11539	1.151981e-06	1.199879e-05	9.915247e-01	
11540	1.152081e-06	-1.16074e-05	9.925666e-01	
11541	1.152181e-06	1.200519e-05	9.936074e-01	
11542	1.152281e-06	-1.16135e-05	9.946465e-01	
11543	1.152381e-06	1.201151e-05	9.956846e-01	
11544	1.152481e-06	-1.16196e-05	9.967211e-01	
11545	1.152581e-06	1.201775e-05	9.977565e-01	
11546	1.152681e-06	-1.16256e-05	9.987903e-01	
11547	1.152781e-06	1.202390e-05	9.998230e-01	
11548	1.152881e-06	-1.16315e-05	1.000854e+00	
11549	1.152981e-06	1.202997e-05	1.001884e+00	
11550	1.153081e-06	-1.16373e-05	1.002913e+00	
11551	1.153181e-06	1.203595e-05	1.003940e+00	
11552	1.153281e-06	-1.16430e-05	1.004966e+00	
11553	1.153381e-06	1.204184e-05	1.005991e+00	
11554	1.153481e-06	-1.16487e-05	1.007014e+00	
11555	1.153581e-06	1.204765e-05	1.008036e+00	
11556	1.153681e-06	-1.16542e-05	1.009056e+00	
11557	1.153781e-06	1.205337e-05	1.010076e+00	
11558	1.153881e-06	-1.16597e-05	1.011093e+00	
11559	1.153981e-06	1.205901e-05	1.012110e+00	
11560	1.154081e-06	-1.16651e-05	1.013125e+00	
11561	1.154181e-06	1.206456e-05	1.014140e+00	
11562	1.154281e-06	-1.16704e-05	1.015152e+00	
11563	1.154381e-06	1.207003e-05	1.016164e+00	
11564	1.154481e-06	-1.16757e-05	1.017174e+00	
11565	1.154581e-06	1.207542e-05	1.018183e+00	
11566	1.154681e-06	-1.16808e-05	1.019190e+00	
11567	1.154781e-06	1.208074e-05	1.020196e+00	
11568	1.154881e-06	-1.16859e-05	1.021201e+00	
11569	1.154981e-06	1.208597e-05	1.022205e+00	
11570	1.155081e-06	-1.16909e-05	1.023207e+00	
11571	1.155181e-06	1.209113e-05	1.024208e+00	
11572	1.155281e-06	-1.16959e-05	1.025207e+00	
11573	1.155381e-06	1.209621e-05	1.026206e+00	
11574	1.155481e-06	-1.17007e-05	1.027203e+00	
11575	1.155581e-06	1.210121e-05	1.028199e+00	
11576	1.155681e-06	-1.17055e-05	1.029193e+00	
11577	1.155781e-06	1.210614e-05	1.030186e+00	
11578	1.155881e-06	-1.17102e-05	1.031178e+00	
11579	1.155981e-06	1.211100e-05	1.032169e+00	
11580	1.156081e-06	-1.17149e-05	1.033158e+00	
11581	1.156181e-06	1.211578e-05	1.034146e+00	
11582	1.156281e-06	-1.17195e-05	1.035133e+00	
11583	1.156381e-06	1.212050e-05	1.036119e+00	
11584	1.156481e-06	-1.17240e-05	1.037103e+00	
11585	1.156581e-06	1.212514e-05	1.038086e+00	
11586	1.156681e-06	-1.17284e-05	1.039067e+00	
11587	1.156781e-06	1.212971e-05	1.040048e+00	
11588	1.156881e-06	-1.17328e-05	1.041027e+00	
11589	1.156981e-06	1.213421e-05	1.042005e+00	
11590	1.157081e-06	-1.17371e-05	1.042981e+00	
11591	1.157181e-06	1.213863e-05	1.043957e+00	
11592	1.157281e-06	-1.17413e-05	1.044931e+00	
11593	1.157381e-06	1.214300e-05	1.045904e+00	
11594	1.157481e-06	-1.17455e-05	1.046875e+00	
11595	1.157581e-06	1.214729e-05	1.047846e+00	
11596	1.157681e-06	-1.17496e-05	1.048815e+00	

Index   time            vout2           v(x2.comp_p_0/v 
--------------------------------------------------------------------------------
11597	1.157781e-06	1.215151e-05	1.049783e+00	
11598	1.157881e-06	-1.17536e-05	1.050749e+00	
11599	1.157981e-06	1.215567e-05	1.051714e+00	
11600	1.158081e-06	-1.17576e-05	1.052678e+00	
11601	1.158181e-06	1.215975e-05	1.053641e+00	
11602	1.158281e-06	-1.17615e-05	1.054603e+00	
11603	1.158381e-06	1.216377e-05	1.055563e+00	
11604	1.158481e-06	-1.17653e-05	1.056522e+00	
11605	1.158581e-06	1.216773e-05	1.057480e+00	
11606	1.158681e-06	-1.17691e-05	1.058436e+00	
11607	1.158781e-06	1.217162e-05	1.059392e+00	
11608	1.158881e-06	-1.17728e-05	1.060346e+00	
11609	1.158981e-06	1.217544e-05	1.061299e+00	
11610	1.159081e-06	-1.17765e-05	1.062250e+00	
11611	1.159181e-06	1.217920e-05	1.063201e+00	
11612	1.159281e-06	-1.17801e-05	1.064150e+00	
11613	1.159381e-06	1.218289e-05	1.065098e+00	
11614	1.159481e-06	-1.17836e-05	1.066045e+00	
11615	1.159581e-06	1.218651e-05	1.066990e+00	
11616	1.159681e-06	-1.17870e-05	1.067935e+00	
11617	1.159781e-06	1.219008e-05	1.068878e+00	
11618	1.159881e-06	-1.17904e-05	1.069819e+00	
11619	1.159981e-06	1.219357e-05	1.070760e+00	
11620	1.160081e-06	-1.17938e-05	1.071699e+00	
11621	1.160181e-06	1.219701e-05	1.072638e+00	
11622	1.160281e-06	-1.17971e-05	1.073575e+00	
11623	1.160381e-06	1.220038e-05	1.074511e+00	
11624	1.160481e-06	-1.18003e-05	1.075445e+00	
11625	1.160581e-06	1.220369e-05	1.076378e+00	
11626	1.160681e-06	-1.18034e-05	1.077310e+00	
11627	1.160781e-06	1.220693e-05	1.078242e+00	
11628	1.160881e-06	-1.18065e-05	1.079171e+00	
11629	1.160981e-06	1.221011e-05	1.080100e+00	
11630	1.161081e-06	-1.18095e-05	1.081027e+00	
11631	1.161181e-06	1.221323e-05	1.081953e+00	
11632	1.161281e-06	-1.18125e-05	1.082878e+00	
11633	1.161381e-06	1.221629e-05	1.083802e+00	
11634	1.161481e-06	-1.18154e-05	1.084724e+00	
11635	1.161581e-06	1.221929e-05	1.085646e+00	
11636	1.161681e-06	-1.18183e-05	1.086566e+00	
11637	1.161781e-06	1.222223e-05	1.087485e+00	
11638	1.161881e-06	-1.18211e-05	1.088403e+00	
11639	1.161981e-06	1.222510e-05	1.089320e+00	
11640	1.162081e-06	-1.18238e-05	1.090235e+00	
11641	1.162181e-06	1.222792e-05	1.091149e+00	
11642	1.162281e-06	-1.18265e-05	1.092062e+00	
11643	1.162381e-06	1.223067e-05	1.092974e+00	
11644	1.162481e-06	-1.18291e-05	1.093885e+00	
11645	1.162581e-06	1.223337e-05	1.094795e+00	
11646	1.162681e-06	-1.18317e-05	1.095703e+00	
11647	1.162781e-06	1.223600e-05	1.096610e+00	
11648	1.162881e-06	-1.18342e-05	1.097516e+00	
11649	1.162981e-06	1.223858e-05	1.098421e+00	
11650	1.163081e-06	-1.18366e-05	1.099325e+00	
11651	1.163181e-06	1.224110e-05	1.100227e+00	
11652	1.163281e-06	-1.18390e-05	1.101128e+00	
11653	1.163381e-06	1.224355e-05	1.102029e+00	
11654	1.163481e-06	-1.18414e-05	1.102928e+00	

Index   time            vout2           v(x2.comp_p_0/v 
--------------------------------------------------------------------------------
11655	1.163581e-06	1.224595e-05	1.103826e+00	
11656	1.163681e-06	-1.18436e-05	1.104722e+00	
11657	1.163781e-06	1.224830e-05	1.105618e+00	
11658	1.163881e-06	-1.18459e-05	1.106512e+00	
11659	1.163981e-06	1.225058e-05	1.107406e+00	
11660	1.164081e-06	-1.18480e-05	1.108298e+00	
11661	1.164181e-06	1.225281e-05	1.109189e+00	
11662	1.164281e-06	-1.18501e-05	1.110079e+00	
11663	1.164381e-06	1.225498e-05	1.110967e+00	
11664	1.164481e-06	-1.18522e-05	1.111855e+00	
11665	1.164581e-06	1.225709e-05	1.112741e+00	
11666	1.164681e-06	-1.18542e-05	1.113626e+00	
11667	1.164781e-06	1.225915e-05	1.114511e+00	
11668	1.164881e-06	-1.18561e-05	1.115394e+00	
11669	1.164981e-06	1.226115e-05	1.116276e+00	
11670	1.165081e-06	-1.18580e-05	1.117156e+00	
11671	1.165181e-06	1.226309e-05	1.118036e+00	
11672	1.165281e-06	-1.18599e-05	1.118914e+00	
11673	1.165381e-06	1.226498e-05	1.119792e+00	
11674	1.165481e-06	-1.18617e-05	1.120668e+00	
11675	1.165581e-06	1.226681e-05	1.121543e+00	
11676	1.165681e-06	-1.18634e-05	1.122417e+00	
11677	1.165781e-06	1.226859e-05	1.123290e+00	
11678	1.165881e-06	-1.18651e-05	1.124161e+00	
11679	1.165981e-06	1.227031e-05	1.125032e+00	
11680	1.166081e-06	-1.18667e-05	1.125901e+00	
11681	1.166181e-06	1.227198e-05	1.126770e+00	
11682	1.166281e-06	-1.18683e-05	1.127637e+00	
11683	1.166381e-06	1.227360e-05	1.128503e+00	
11684	1.166481e-06	-1.18698e-05	1.129368e+00	
11685	1.166581e-06	1.227516e-05	1.130232e+00	
11686	1.166681e-06	-1.18713e-05	1.131094e+00	
11687	1.166781e-06	1.227666e-05	1.131956e+00	
11688	1.166881e-06	-1.18727e-05	1.132817e+00	
11689	1.166981e-06	1.227812e-05	1.133676e+00	
11690	1.167081e-06	-1.18740e-05	1.134534e+00	
11691	1.167181e-06	1.227952e-05	1.135392e+00	
11692	1.167281e-06	-1.18754e-05	1.136248e+00	
11693	1.167381e-06	1.228086e-05	1.137103e+00	
11694	1.167481e-06	-1.18766e-05	1.137957e+00	
11695	1.167581e-06	1.228216e-05	1.138810e+00	
11696	1.167681e-06	-1.18778e-05	1.139661e+00	
11697	1.167781e-06	1.228340e-05	1.140512e+00	
11698	1.167881e-06	-1.18790e-05	1.141361e+00	
11699	1.167981e-06	1.228459e-05	1.142210e+00	
11700	1.168081e-06	-1.18801e-05	1.143057e+00	
11701	1.168181e-06	1.228573e-05	1.143904e+00	
11702	1.168281e-06	-1.18812e-05	1.144749e+00	
11703	1.168381e-06	1.228681e-05	1.145593e+00	
11704	1.168481e-06	-1.18822e-05	1.146436e+00	
11705	1.168581e-06	1.228785e-05	1.147278e+00	
11706	1.168681e-06	-1.18831e-05	1.148119e+00	
11707	1.168781e-06	1.228883e-05	1.148958e+00	
11708	1.168881e-06	-1.18840e-05	1.149797e+00	
11709	1.168981e-06	1.228977e-05	1.150635e+00	
11710	1.169081e-06	-1.18849e-05	1.151471e+00	
11711	1.169181e-06	1.229065e-05	1.152307e+00	
11712	1.169281e-06	-1.18857e-05	1.153141e+00	

Index   time            vout2           v(x2.comp_p_0/v 
--------------------------------------------------------------------------------
11713	1.169381e-06	1.229148e-05	1.153974e+00	
11714	1.169481e-06	-1.18865e-05	1.154807e+00	
11715	1.169581e-06	1.229227e-05	1.155638e+00	
11716	1.169681e-06	-1.18872e-05	1.156468e+00	
11717	1.169781e-06	1.229300e-05	1.157297e+00	
11718	1.169881e-06	-1.18879e-05	1.158125e+00	
11719	1.169981e-06	1.229368e-05	1.158952e+00	
11720	1.170081e-06	-1.18885e-05	1.159778e+00	
11721	1.170181e-06	1.229432e-05	1.160602e+00	
11722	1.170281e-06	-1.18891e-05	1.161426e+00	
11723	1.170381e-06	1.229490e-05	1.162249e+00	
11724	1.170481e-06	-1.18896e-05	1.163070e+00	
11725	1.170581e-06	1.229544e-05	1.163891e+00	
11726	1.170681e-06	-1.18901e-05	1.164710e+00	
11727	1.170781e-06	1.229593e-05	1.165529e+00	
11728	1.170881e-06	-1.18905e-05	1.166346e+00	
11729	1.170981e-06	1.229637e-05	1.167163e+00	
11730	1.171081e-06	-1.18909e-05	1.167978e+00	
11731	1.171181e-06	1.229677e-05	1.168792e+00	
11732	1.171281e-06	-1.18912e-05	1.169605e+00	
11733	1.171381e-06	1.229711e-05	1.170417e+00	
11734	1.171481e-06	-1.18915e-05	1.171228e+00	
11735	1.171581e-06	1.229741e-05	1.172038e+00	
11736	1.171681e-06	-1.18918e-05	1.172847e+00	
11737	1.171781e-06	1.229766e-05	1.173655e+00	
11738	1.171881e-06	-1.18920e-05	1.174462e+00	
11739	1.171981e-06	1.229786e-05	1.175268e+00	
11740	1.172081e-06	-1.18922e-05	1.176073e+00	
11741	1.172181e-06	1.229802e-05	1.176877e+00	
11742	1.172281e-06	-1.18923e-05	1.177679e+00	
11743	1.172381e-06	1.229813e-05	1.178481e+00	
11744	1.172481e-06	-1.18923e-05	1.179282e+00	
11745	1.172581e-06	1.229820e-05	1.180081e+00	
11746	1.172681e-06	-1.18924e-05	1.180880e+00	
11747	1.172781e-06	1.229822e-05	1.181677e+00	
11748	1.172881e-06	-1.18923e-05	1.182474e+00	
11749	1.172981e-06	1.229819e-05	1.183269e+00	
11750	1.173081e-06	-1.18923e-05	1.184064e+00	
11751	1.173181e-06	1.229812e-05	1.184857e+00	
11752	1.173281e-06	-1.18922e-05	1.185649e+00	
11753	1.173381e-06	1.229800e-05	1.186441e+00	
11754	1.173481e-06	-1.18920e-05	1.187231e+00	
11755	1.173581e-06	1.229784e-05	1.188020e+00	
11756	1.173681e-06	-1.18918e-05	1.188808e+00	
11757	1.173781e-06	1.229764e-05	1.189596e+00	
11758	1.173881e-06	-1.18916e-05	1.190382e+00	
11759	1.173981e-06	1.229739e-05	1.191167e+00	
11760	1.174081e-06	-1.18913e-05	1.191951e+00	
11761	1.174181e-06	1.229709e-05	1.192734e+00	
11762	1.174281e-06	-1.18910e-05	1.193516e+00	
11763	1.174381e-06	1.229675e-05	1.194297e+00	
11764	1.174481e-06	-1.18906e-05	1.195077e+00	
11765	1.174581e-06	1.229637e-05	1.195856e+00	
11766	1.174681e-06	-1.18902e-05	1.196634e+00	
11767	1.174781e-06	1.229595e-05	1.197411e+00	
11768	1.174881e-06	-1.18898e-05	1.198187e+00	
11769	1.174981e-06	1.229548e-05	1.198962e+00	
11770	1.175081e-06	-1.18893e-05	1.199735e+00	

Index   time            vout2           v(x2.comp_p_0/v 
--------------------------------------------------------------------------------
11771	1.175181e-06	1.229497e-05	1.200508e+00	
11772	1.175281e-06	-1.18887e-05	1.201280e+00	
11773	1.175381e-06	1.229441e-05	1.202051e+00	
11774	1.175481e-06	-1.18882e-05	1.202820e+00	
11775	1.175581e-06	1.229381e-05	1.203589e+00	
11776	1.175681e-06	-1.18875e-05	1.204357e+00	
11777	1.175781e-06	1.229318e-05	1.205123e+00	
11778	1.175881e-06	-1.18869e-05	1.205889e+00	
11779	1.175981e-06	1.229249e-05	1.206654e+00	
11780	1.176081e-06	-1.18862e-05	1.207417e+00	
11781	1.176181e-06	1.229177e-05	1.208180e+00	
11782	1.176281e-06	-1.18854e-05	1.208941e+00	
11783	1.176381e-06	1.229101e-05	1.209702e+00	
11784	1.176481e-06	-1.18847e-05	1.210461e+00	
11785	1.176581e-06	1.229020e-05	1.211220e+00	
11786	1.176681e-06	-1.18838e-05	1.211977e+00	
11787	1.176781e-06	1.228935e-05	1.212733e+00	
11788	1.176881e-06	-1.18830e-05	1.213489e+00	
11789	1.176981e-06	1.228847e-05	1.214243e+00	
11790	1.177081e-06	-1.18821e-05	1.214996e+00	
11791	1.177181e-06	1.228754e-05	1.215749e+00	
11792	1.177281e-06	-1.18812e-05	1.216500e+00	
11793	1.177381e-06	1.228657e-05	1.217251e+00	
11794	1.177481e-06	-1.18802e-05	1.218000e+00	
11795	1.177581e-06	1.228556e-05	1.218748e+00	
11796	1.177681e-06	-1.20534e-05	1.219495e+00	
11797	1.177781e-06	1.207535e-05	1.220242e+00	
11798	1.177881e-06	-1.20724e-05	1.220987e+00	
11799	1.177981e-06	1.208212e-05	1.221731e+00	
11800	1.178081e-06	-1.20775e-05	1.222474e+00	
11801	1.178181e-06	1.208635e-05	1.223217e+00	
11802	1.178281e-06	-1.20810e-05	1.223958e+00	
11803	1.178381e-06	1.208922e-05	1.224698e+00	
11804	1.178481e-06	-1.20833e-05	1.225438e+00	
11805	1.178581e-06	1.209105e-05	1.226176e+00	
11806	1.178681e-06	-1.20846e-05	1.226913e+00	
11807	1.178781e-06	1.209209e-05	1.227650e+00	
11808	1.178881e-06	-1.20854e-05	1.228385e+00	
11809	1.178981e-06	1.209253e-05	1.229119e+00	
11810	1.179081e-06	-1.20855e-05	1.229852e+00	
11811	1.179181e-06	1.209250e-05	1.230585e+00	
11812	1.179281e-06	-1.20853e-05	1.231316e+00	
11813	1.179381e-06	1.209211e-05	1.232047e+00	
11814	1.179481e-06	-1.20847e-05	1.232776e+00	
11815	1.179581e-06	1.209145e-05	1.233504e+00	
11816	1.179681e-06	-1.20839e-05	1.234232e+00	
11817	1.179781e-06	1.209056e-05	1.234958e+00	
11818	1.179881e-06	-1.20829e-05	1.235684e+00	
11819	1.179981e-06	1.208950e-05	1.236408e+00	
11820	1.180081e-06	-1.20818e-05	1.237132e+00	
11821	1.180181e-06	1.208829e-05	1.237854e+00	
11822	1.180281e-06	-1.20805e-05	1.238576e+00	
11823	1.180381e-06	1.208698e-05	1.239296e+00	
11824	1.180481e-06	-1.20791e-05	1.240016e+00	
11825	1.180581e-06	1.208556e-05	1.240735e+00	
11826	1.180681e-06	-1.20777e-05	1.241452e+00	
11827	1.180781e-06	1.208407e-05	1.242169e+00	
11828	1.180881e-06	-1.20761e-05	1.242885e+00	

Index   time            vout2           v(x2.comp_p_0/v 
--------------------------------------------------------------------------------
11829	1.180981e-06	1.208251e-05	1.243600e+00	
11830	1.181081e-06	-1.20745e-05	1.244314e+00	
11831	1.181181e-06	1.208088e-05	1.245027e+00	
11832	1.181281e-06	-1.20729e-05	1.245738e+00	
11833	1.181381e-06	1.207920e-05	1.246450e+00	
11834	1.181481e-06	-1.20711e-05	1.247160e+00	
11835	1.181581e-06	1.207747e-05	1.247869e+00	
11836	1.181681e-06	-1.20694e-05	1.248577e+00	
11837	1.181781e-06	1.207570e-05	1.249284e+00	
11838	1.181881e-06	-1.20676e-05	1.249990e+00	
11839	1.181981e-06	1.207388e-05	1.250696e+00	
11840	1.182081e-06	-1.20657e-05	1.251400e+00	
11841	1.182181e-06	1.207202e-05	1.252103e+00	
11842	1.182281e-06	-1.20638e-05	1.252806e+00	
11843	1.182381e-06	1.207012e-05	1.253507e+00	
11844	1.182481e-06	-1.20619e-05	1.254208e+00	
11845	1.182581e-06	1.206818e-05	1.254908e+00	
11846	1.182681e-06	-1.20599e-05	1.255606e+00	
11847	1.182781e-06	1.206621e-05	1.256304e+00	
11848	1.182881e-06	-1.20579e-05	1.257001e+00	
11849	1.182981e-06	1.206420e-05	1.257697e+00	
11850	1.183081e-06	-1.20559e-05	1.258392e+00	
11851	1.183181e-06	1.206216e-05	1.259086e+00	
11852	1.183281e-06	-1.20538e-05	1.259779e+00	
11853	1.183381e-06	1.206008e-05	1.260471e+00	
11854	1.183481e-06	-1.20517e-05	1.261163e+00	
11855	1.183581e-06	1.205796e-05	1.261853e+00	
11856	1.183681e-06	-1.20496e-05	1.262542e+00	
11857	1.183781e-06	1.205581e-05	1.263231e+00	
11858	1.183881e-06	-1.20474e-05	1.263919e+00	
11859	1.183981e-06	1.205362e-05	1.264605e+00	
11860	1.184081e-06	-1.20452e-05	1.265291e+00	
11861	1.184181e-06	1.205140e-05	1.265976e+00	
11862	1.184281e-06	-1.20429e-05	1.266660e+00	
11863	1.184381e-06	1.204914e-05	1.267343e+00	
11864	1.184481e-06	-1.20406e-05	1.268025e+00	
11865	1.184581e-06	1.204685e-05	1.268707e+00	
11866	1.184681e-06	-1.20383e-05	1.269387e+00	
11867	1.184781e-06	1.204452e-05	1.270066e+00	
11868	1.184881e-06	-1.20360e-05	1.270745e+00	
11869	1.184981e-06	1.204216e-05	1.271423e+00	
11870	1.185081e-06	-1.20336e-05	1.272099e+00	
11871	1.185181e-06	1.203977e-05	1.272775e+00	
11872	1.185281e-06	-1.20312e-05	1.273450e+00	
11873	1.185381e-06	1.203734e-05	1.274124e+00	
11874	1.185481e-06	-1.20287e-05	1.274798e+00	
11875	1.185581e-06	1.203487e-05	1.275470e+00	
11876	1.185681e-06	-1.20262e-05	1.276141e+00	
11877	1.185781e-06	1.203238e-05	1.276812e+00	
11878	1.185881e-06	-1.20237e-05	1.277482e+00	
11879	1.185981e-06	1.202986e-05	1.278151e+00	
11880	1.186081e-06	-1.20212e-05	1.278818e+00	
11881	1.186181e-06	1.202732e-05	1.279486e+00	
11882	1.186281e-06	-1.20186e-05	1.280152e+00	
11883	1.186381e-06	1.202476e-05	1.280817e+00	
11884	1.186481e-06	-1.20161e-05	1.281481e+00	
11885	1.186581e-06	1.202217e-05	1.282145e+00	
11886	1.186681e-06	-1.20135e-05	1.282808e+00	

Index   time            vout2           v(x2.comp_p_0/v 
--------------------------------------------------------------------------------
11887	1.186781e-06	1.201956e-05	1.283470e+00	
11888	1.186881e-06	-1.20108e-05	1.284131e+00	
11889	1.186981e-06	1.201693e-05	1.284791e+00	
11890	1.187081e-06	-1.20082e-05	1.285450e+00	
11891	1.187181e-06	1.201428e-05	1.286109e+00	
11892	1.187281e-06	-1.18313e-05	1.286766e+00	
11893	1.187381e-06	1.221985e-05	1.287423e+00	
11894	1.187481e-06	-1.18096e-05	1.288079e+00	
11895	1.187581e-06	1.220908e-05	1.288734e+00	
11896	1.187681e-06	-1.18008e-05	1.289389e+00	
11897	1.187781e-06	1.220089e-05	1.290042e+00	
11898	1.187881e-06	-1.17935e-05	1.290695e+00	
11899	1.187981e-06	1.219404e-05	1.291347e+00	
11900	1.188081e-06	-1.17874e-05	1.291998e+00	
11901	1.188181e-06	1.218817e-05	1.292648e+00	
11902	1.188281e-06	-1.17821e-05	1.293297e+00	
11903	1.188381e-06	1.218299e-05	1.293946e+00	
11904	1.188481e-06	-1.17773e-05	1.294594e+00	
11905	1.188581e-06	1.217831e-05	1.295241e+00	
11906	1.188681e-06	-1.17731e-05	1.295887e+00	
11907	1.188781e-06	1.217401e-05	1.296533e+00	
11908	1.188881e-06	-1.17691e-05	1.297177e+00	
11909	1.188981e-06	1.216998e-05	1.297821e+00	
11910	1.189081e-06	-1.17654e-05	1.298465e+00	
11911	1.189181e-06	1.216615e-05	1.299107e+00	
11912	1.189281e-06	-1.17619e-05	1.299749e+00	
11913	1.189381e-06	1.216246e-05	1.300390e+00	
11914	1.189481e-06	-1.17587e-05	1.301030e+00	
11915	1.189581e-06	1.215921e-05	1.301670e+00	
11916	1.189681e-06	-1.17554e-05	1.302308e+00	
11917	1.189781e-06	1.215563e-05	1.302946e+00	
11918	1.189881e-06	-1.17522e-05	1.303584e+00	
11919	1.189981e-06	1.215199e-05	1.304220e+00	
11920	1.190081e-06	-1.17492e-05	1.304856e+00	
11921	1.190181e-06	1.214793e-05	1.305492e+00	
11922	1.190281e-06	-1.17472e-05	1.306126e+00	
11923	1.190381e-06	1.214187e-05	1.306760e+00	
11924	1.190481e-06	-1.17494e-05	1.307393e+00	
11925	1.190581e-06	1.212840e-05	1.308026e+00	
11926	1.190681e-06	-1.17631e-05	1.308658e+00	
11927	1.190781e-06	1.209624e-05	1.309289e+00	
11928	1.190881e-06	-1.17994e-05	1.309920e+00	
11929	1.190981e-06	1.204513e-05	1.310550e+00	
11930	1.191081e-06	-1.18648e-05	1.311179e+00	
11931	1.191181e-06	1.177452e-05	1.311808e+00	
11932	1.191281e-06	-1.23068e-05	1.312435e+00	
11933	1.191381e-06	1.121391e-05	1.313063e+00	
11934	1.191481e-06	-1.31118e-05	1.313689e+00	
11935	1.191581e-06	1.143361e-05	1.314315e+00	
11936	1.191681e-06	-2.05587e-06	1.314940e+00	
11937	1.191781e-06	6.219477e-05	1.315572e+00	
11938	1.191881e-06	7.943344e-05	1.316214e+00	
11939	1.191981e-06	1.034304e-04	1.316871e+00	
11940	1.192081e-06	6.354680e-05	1.317538e+00	
11941	1.192181e-06	-1.58831e-04	1.318203e+00	
11942	1.192281e-06	-1.74612e-03	1.318677e+00	
11943	1.192381e-06	-5.80342e-03	1.318163e+00	
11944	1.192481e-06	-1.50677e-02	1.316695e+00	

Index   time            vout2           v(x2.comp_p_0/v 
--------------------------------------------------------------------------------
11945	1.192581e-06	-5.30916e-02	1.315009e+00	
11946	1.192681e-06	1.314896e+00	1.313320e+00	
11947	1.192781e-06	1.844275e+00	1.311627e+00	
11948	1.192881e-06	1.765588e+00	1.309935e+00	
11949	1.192981e-06	1.824153e+00	1.308242e+00	
11950	1.193081e-06	1.782307e+00	1.306551e+00	
11951	1.193181e-06	1.812059e+00	1.304860e+00	
11952	1.193281e-06	1.791040e+00	1.303172e+00	
11953	1.193381e-06	1.806019e+00	1.301484e+00	
11954	1.193481e-06	1.795361e+00	1.299799e+00	
11955	1.193581e-06	1.803003e+00	1.298116e+00	
11956	1.193681e-06	1.797525e+00	1.296435e+00	
11957	1.193781e-06	1.801422e+00	1.294756e+00	
11958	1.193881e-06	1.798601e+00	1.293080e+00	
11959	1.193981e-06	1.800682e+00	1.291405e+00	
11960	1.194081e-06	1.799160e+00	1.289733e+00	
11961	1.194181e-06	1.800303e+00	1.288063e+00	
11962	1.194281e-06	1.799432e+00	1.286395e+00	
11963	1.194381e-06	1.800101e+00	1.284729e+00	
11964	1.194481e-06	1.799593e+00	1.283065e+00	
11965	1.194581e-06	1.800001e+00	1.281404e+00	
11966	1.194681e-06	1.799674e+00	1.279745e+00	
11967	1.194781e-06	1.799950e+00	1.278088e+00	
11968	1.194881e-06	1.799715e+00	1.276433e+00	
11969	1.194981e-06	1.799925e+00	1.274780e+00	
11970	1.195081e-06	1.799736e+00	1.273130e+00	
11971	1.195181e-06	1.799912e+00	1.271482e+00	
11972	1.195281e-06	1.799747e+00	1.269835e+00	
11973	1.195381e-06	1.799905e+00	1.268192e+00	
11974	1.195481e-06	1.799753e+00	1.266550e+00	
11975	1.195581e-06	1.799902e+00	1.264910e+00	
11976	1.195681e-06	1.799756e+00	1.263273e+00	
11977	1.195781e-06	1.799900e+00	1.261638e+00	
11978	1.195881e-06	1.799758e+00	1.260005e+00	
11979	1.195981e-06	1.799900e+00	1.258374e+00	
11980	1.196081e-06	1.799759e+00	1.256745e+00	
11981	1.196181e-06	1.799899e+00	1.255119e+00	
11982	1.196281e-06	1.799760e+00	1.253494e+00	
11983	1.196381e-06	1.799899e+00	1.251872e+00	
11984	1.196481e-06	1.799761e+00	1.250252e+00	
11985	1.196581e-06	1.799899e+00	1.248634e+00	
11986	1.196681e-06	1.799762e+00	1.247018e+00	
11987	1.196781e-06	1.799899e+00	1.245405e+00	
11988	1.196881e-06	1.799762e+00	1.243793e+00	
11989	1.196981e-06	1.799899e+00	1.242184e+00	
11990	1.197081e-06	1.799763e+00	1.240577e+00	
11991	1.197181e-06	1.799899e+00	1.238972e+00	
11992	1.197281e-06	1.799763e+00	1.237369e+00	
11993	1.197381e-06	1.799899e+00	1.235768e+00	
11994	1.197481e-06	1.799764e+00	1.234169e+00	
11995	1.197581e-06	1.799899e+00	1.232573e+00	
11996	1.197681e-06	1.799764e+00	1.230978e+00	
11997	1.197781e-06	1.799899e+00	1.229386e+00	
11998	1.197881e-06	1.799765e+00	1.227796e+00	
11999	1.197981e-06	1.799899e+00	1.226208e+00	
12000	1.198081e-06	1.799765e+00	1.224622e+00	
12001	1.198181e-06	1.799899e+00	1.223038e+00	
12002	1.198281e-06	1.799766e+00	1.221457e+00	

Index   time            vout2           v(x2.comp_p_0/v 
--------------------------------------------------------------------------------
12003	1.198381e-06	1.799899e+00	1.219877e+00	
12004	1.198481e-06	1.799766e+00	1.218300e+00	
12005	1.198581e-06	1.799899e+00	1.216724e+00	
12006	1.198681e-06	1.799767e+00	1.215151e+00	
12007	1.198781e-06	1.799899e+00	1.213580e+00	
12008	1.198881e-06	1.799767e+00	1.212011e+00	
12009	1.198981e-06	1.799899e+00	1.210444e+00	
12010	1.199081e-06	1.799768e+00	1.208879e+00	
12011	1.199181e-06	1.799899e+00	1.207316e+00	
12012	1.199281e-06	1.799768e+00	1.205755e+00	
12013	1.199381e-06	1.799899e+00	1.204197e+00	
12014	1.199481e-06	1.799769e+00	1.202640e+00	
12015	1.199581e-06	1.799899e+00	1.201085e+00	
12016	1.199681e-06	1.799769e+00	1.199533e+00	
12017	1.199781e-06	1.799899e+00	1.197983e+00	
12018	1.199881e-06	1.799770e+00	1.196434e+00	
12019	1.199981e-06	1.799899e+00	1.194888e+00	
12020	1.200081e-06	1.799770e+00	1.193344e+00	
12021	1.200181e-06	1.799899e+00	1.191802e+00	
12022	1.200281e-06	1.799771e+00	1.190261e+00	
12023	1.200381e-06	1.799899e+00	1.188723e+00	
12024	1.200481e-06	1.799771e+00	1.187187e+00	
12025	1.200581e-06	1.799899e+00	1.185653e+00	
12026	1.200681e-06	1.799772e+00	1.184121e+00	
12027	1.200781e-06	1.799899e+00	1.182592e+00	
12028	1.200881e-06	1.799772e+00	1.181064e+00	
12029	1.200981e-06	1.799900e+00	1.179538e+00	
12030	1.201081e-06	1.799773e+00	1.178014e+00	
12031	1.201181e-06	1.799900e+00	1.176492e+00	
12032	1.201281e-06	1.799773e+00	1.174972e+00	
12033	1.201381e-06	1.799900e+00	1.173454e+00	
12034	1.201481e-06	1.799774e+00	1.171939e+00	
12035	1.201581e-06	1.799900e+00	1.170425e+00	
12036	1.201681e-06	1.799774e+00	1.168913e+00	
12037	1.201781e-06	1.799900e+00	1.167403e+00	
12038	1.201881e-06	1.799774e+00	1.165895e+00	
12039	1.201981e-06	1.799900e+00	1.164390e+00	
12040	1.202081e-06	1.799775e+00	1.162886e+00	
12041	1.202181e-06	1.799900e+00	1.161384e+00	
12042	1.202281e-06	1.799775e+00	1.159884e+00	
12043	1.202381e-06	1.799900e+00	1.158386e+00	
12044	1.202481e-06	1.799776e+00	1.156890e+00	
12045	1.202581e-06	1.799900e+00	1.155396e+00	
12046	1.202681e-06	1.799776e+00	1.153904e+00	
12047	1.202781e-06	1.799900e+00	1.152414e+00	
12048	1.202881e-06	1.799777e+00	1.150926e+00	
12049	1.202981e-06	1.799900e+00	1.149440e+00	
12050	1.203081e-06	1.799777e+00	1.147956e+00	
12051	1.203181e-06	1.799900e+00	1.146474e+00	
12052	1.203281e-06	1.799778e+00	1.144994e+00	
12053	1.203381e-06	1.799900e+00	1.143515e+00	
12054	1.203481e-06	1.799778e+00	1.142039e+00	
12055	1.203581e-06	1.799900e+00	1.140564e+00	
12056	1.203681e-06	1.799779e+00	1.139092e+00	
12057	1.203781e-06	1.799900e+00	1.137621e+00	
12058	1.203881e-06	1.799779e+00	1.136153e+00	
12059	1.203981e-06	1.799900e+00	1.134686e+00	
12060	1.204081e-06	1.799780e+00	1.133221e+00	

Index   time            vout2           v(x2.comp_p_0/v 
--------------------------------------------------------------------------------
12061	1.204181e-06	1.799900e+00	1.131758e+00	
12062	1.204281e-06	1.799780e+00	1.130297e+00	
12063	1.204381e-06	1.799900e+00	1.128838e+00	
12064	1.204481e-06	1.799781e+00	1.127381e+00	
12065	1.204581e-06	1.799900e+00	1.125925e+00	
12066	1.204681e-06	1.799781e+00	1.124472e+00	
12067	1.204781e-06	1.799900e+00	1.123020e+00	
12068	1.204881e-06	1.799781e+00	1.121571e+00	
12069	1.204981e-06	1.799900e+00	1.120123e+00	
12070	1.205081e-06	1.799782e+00	1.118677e+00	
12071	1.205181e-06	1.799900e+00	1.117233e+00	
12072	1.205281e-06	1.799782e+00	1.115791e+00	
12073	1.205381e-06	1.799900e+00	1.114351e+00	
12074	1.205481e-06	1.799783e+00	1.112912e+00	
12075	1.205581e-06	1.799900e+00	1.111476e+00	
12076	1.205681e-06	1.799783e+00	1.110041e+00	
12077	1.205781e-06	1.799900e+00	1.108609e+00	
12078	1.205881e-06	1.799784e+00	1.107178e+00	
12079	1.205981e-06	1.799900e+00	1.105749e+00	
12080	1.206081e-06	1.799784e+00	1.104321e+00	
12081	1.206181e-06	1.799900e+00	1.102896e+00	
12082	1.206281e-06	1.799785e+00	1.101472e+00	
12083	1.206381e-06	1.799901e+00	1.100051e+00	
12084	1.206481e-06	1.799785e+00	1.098631e+00	
12085	1.206581e-06	1.799901e+00	1.097213e+00	
12086	1.206681e-06	1.799785e+00	1.095797e+00	
12087	1.206781e-06	1.799901e+00	1.094383e+00	
12088	1.206881e-06	1.799786e+00	1.092970e+00	
12089	1.206981e-06	1.799901e+00	1.091560e+00	
12090	1.207081e-06	1.799786e+00	1.090151e+00	
12091	1.207181e-06	1.799901e+00	1.088744e+00	
12092	1.207281e-06	1.799787e+00	1.087339e+00	
12093	1.207381e-06	1.799901e+00	1.085936e+00	
12094	1.207481e-06	1.799787e+00	1.084534e+00	
12095	1.207581e-06	1.799901e+00	1.083135e+00	
12096	1.207681e-06	1.799788e+00	1.081737e+00	
12097	1.207781e-06	1.799901e+00	1.080341e+00	
12098	1.207881e-06	1.799788e+00	1.078947e+00	
12099	1.207981e-06	1.799901e+00	1.077555e+00	
12100	1.208081e-06	1.799788e+00	1.076165e+00	
12101	1.208181e-06	1.799901e+00	1.074776e+00	
12102	1.208281e-06	1.799789e+00	1.073389e+00	
12103	1.208381e-06	1.799901e+00	1.072005e+00	
12104	1.208481e-06	1.799789e+00	1.070622e+00	
12105	1.208581e-06	1.799901e+00	1.069240e+00	
12106	1.208681e-06	1.799790e+00	1.067861e+00	
12107	1.208781e-06	1.799901e+00	1.066484e+00	
12108	1.208881e-06	1.799790e+00	1.065108e+00	
12109	1.208981e-06	1.799901e+00	1.063734e+00	
12110	1.209081e-06	1.799790e+00	1.062362e+00	
12111	1.209181e-06	1.799901e+00	1.060992e+00	
12112	1.209281e-06	1.799791e+00	1.059624e+00	
12113	1.209381e-06	1.799901e+00	1.058258e+00	
12114	1.209481e-06	1.799791e+00	1.056893e+00	
12115	1.209581e-06	1.799901e+00	1.055531e+00	
12116	1.209681e-06	1.799791e+00	1.054170e+00	
12117	1.209781e-06	1.799901e+00	1.052811e+00	
12118	1.209881e-06	1.799792e+00	1.051455e+00	

Index   time            vout2           v(x2.comp_p_0/v 
--------------------------------------------------------------------------------
12119	1.209981e-06	1.799901e+00	1.050100e+00	
12120	1.210081e-06	1.799792e+00	1.048747e+00	
12121	1.210181e-06	1.799901e+00	1.047396e+00	
12122	1.210281e-06	1.799792e+00	1.046047e+00	
12123	1.210381e-06	1.799901e+00	1.044700e+00	
12124	1.210481e-06	1.799793e+00	1.043355e+00	
12125	1.210581e-06	1.799900e+00	1.042012e+00	
12126	1.210681e-06	1.799793e+00	1.040671e+00	
12127	1.210781e-06	1.799900e+00	1.039331e+00	
12128	1.210881e-06	1.799793e+00	1.037994e+00	
12129	1.210981e-06	1.799900e+00	1.036659e+00	
12130	1.211081e-06	1.799794e+00	1.035325e+00	
12131	1.211181e-06	1.799900e+00	1.033993e+00	
12132	1.211281e-06	1.799794e+00	1.032664e+00	
12133	1.211381e-06	1.799900e+00	1.031336e+00	
12134	1.211481e-06	1.799794e+00	1.030010e+00	
12135	1.211581e-06	1.799900e+00	1.028685e+00	
12136	1.211681e-06	1.799794e+00	1.027363e+00	
12137	1.211781e-06	1.799902e+00	1.026042e+00	
12138	1.211881e-06	1.799798e+00	1.024724e+00	
12139	1.211981e-06	1.799901e+00	1.023407e+00	
12140	1.212081e-06	1.799795e+00	1.022091e+00	
12141	1.212181e-06	1.799900e+00	1.020778e+00	
12142	1.212281e-06	1.799795e+00	1.019466e+00	
12143	1.212381e-06	1.799900e+00	1.018157e+00	
12144	1.212481e-06	1.799796e+00	1.016848e+00	
12145	1.212581e-06	1.799900e+00	1.015542e+00	
12146	1.212681e-06	1.799796e+00	1.014237e+00	
12147	1.212781e-06	1.799900e+00	1.012934e+00	
12148	1.212881e-06	1.799796e+00	1.011633e+00	
12149	1.212981e-06	1.799900e+00	1.010334e+00	
12150	1.213081e-06	1.799797e+00	1.009036e+00	
12151	1.213181e-06	1.799900e+00	1.007740e+00	
12152	1.213281e-06	1.799797e+00	1.006445e+00	
12153	1.213381e-06	1.799899e+00	1.005153e+00	
12154	1.213481e-06	1.799797e+00	1.003861e+00	
12155	1.213581e-06	1.799899e+00	1.002572e+00	
12156	1.213681e-06	1.799797e+00	1.001284e+00	
12157	1.213781e-06	1.799899e+00	9.999983e-01	
12158	1.213881e-06	1.799798e+00	9.987138e-01	
12159	1.213981e-06	1.799899e+00	9.974312e-01	
12160	1.214081e-06	1.799798e+00	9.961500e-01	
12161	1.214181e-06	1.799899e+00	9.948707e-01	
12162	1.214281e-06	1.799798e+00	9.935928e-01	
12163	1.214381e-06	1.799899e+00	9.923168e-01	
12164	1.214481e-06	1.799799e+00	9.910422e-01	
12165	1.214581e-06	1.799899e+00	9.897694e-01	
12166	1.214681e-06	1.799799e+00	9.884981e-01	
12167	1.214781e-06	1.799899e+00	9.872285e-01	
12168	1.214881e-06	1.799799e+00	9.859605e-01	
12169	1.214981e-06	1.799899e+00	9.846942e-01	
12170	1.215081e-06	1.799799e+00	9.834294e-01	
12171	1.215181e-06	1.799899e+00	9.821663e-01	
12172	1.215281e-06	1.799800e+00	9.809047e-01	
12173	1.215381e-06	1.799899e+00	9.796449e-01	
12174	1.215481e-06	1.799800e+00	9.783865e-01	
12175	1.215581e-06	1.799899e+00	9.771300e-01	
12176	1.215681e-06	1.799800e+00	9.758748e-01	

Index   time            vout2           v(x2.comp_p_0/v 
--------------------------------------------------------------------------------
12177	1.215781e-06	1.799899e+00	9.746214e-01	
12178	1.215881e-06	1.799801e+00	9.733695e-01	
12179	1.215981e-06	1.799899e+00	9.721193e-01	
12180	1.216081e-06	1.799801e+00	9.708705e-01	
12181	1.216181e-06	1.799899e+00	9.696235e-01	
12182	1.216281e-06	1.799801e+00	9.683780e-01	
12183	1.216381e-06	1.799899e+00	9.671341e-01	
12184	1.216481e-06	1.799801e+00	9.658917e-01	
12185	1.216581e-06	1.799899e+00	9.646510e-01	
12186	1.216681e-06	1.799802e+00	9.634117e-01	
12187	1.216781e-06	1.799899e+00	9.621742e-01	
12188	1.216881e-06	1.799802e+00	9.609381e-01	
12189	1.216981e-06	1.799898e+00	9.597037e-01	
12190	1.217081e-06	1.799802e+00	9.584707e-01	
12191	1.217181e-06	1.799898e+00	9.572394e-01	
12192	1.217281e-06	1.799803e+00	9.560096e-01	
12193	1.217381e-06	1.799898e+00	9.547814e-01	
12194	1.217481e-06	1.799803e+00	9.535547e-01	
12195	1.217581e-06	1.799898e+00	9.523296e-01	
12196	1.217681e-06	1.799803e+00	9.511060e-01	
12197	1.217781e-06	1.799898e+00	9.498841e-01	
12198	1.217881e-06	1.799804e+00	9.486635e-01	
12199	1.217981e-06	1.799898e+00	9.474447e-01	
12200	1.218081e-06	1.799804e+00	9.462272e-01	
12201	1.218181e-06	1.799898e+00	9.450115e-01	
12202	1.218281e-06	1.799804e+00	9.437971e-01	
12203	1.218381e-06	1.799898e+00	9.425844e-01	
12204	1.218481e-06	1.799804e+00	9.413731e-01	
12205	1.218581e-06	1.799898e+00	9.401635e-01	
12206	1.218681e-06	1.799805e+00	9.389552e-01	
12207	1.218781e-06	1.799898e+00	9.377487e-01	
12208	1.218881e-06	1.799805e+00	9.365434e-01	
12209	1.218981e-06	1.799898e+00	9.353399e-01	
12210	1.219081e-06	1.799805e+00	9.341377e-01	
12211	1.219181e-06	1.799898e+00	9.329372e-01	
12212	1.219281e-06	1.799806e+00	9.317380e-01	
12213	1.219381e-06	1.799898e+00	9.305405e-01	
12214	1.219481e-06	1.799806e+00	9.293442e-01	
12215	1.219581e-06	1.799898e+00	9.281496e-01	
12216	1.219681e-06	1.799806e+00	9.269563e-01	
12217	1.219781e-06	1.799898e+00	9.257646e-01	
12218	1.219881e-06	1.799806e+00	9.245742e-01	
12219	1.219981e-06	1.799898e+00	9.233854e-01	
12220	1.220081e-06	1.799807e+00	9.221978e-01	
12221	1.220181e-06	1.799898e+00	9.210117e-01	
12222	1.220281e-06	1.799807e+00	9.198268e-01	
12223	1.220381e-06	1.799898e+00	9.186434e-01	
12224	1.220481e-06	1.799807e+00	9.174612e-01	
12225	1.220581e-06	1.799898e+00	9.162804e-01	
12226	1.220681e-06	1.799808e+00	9.151007e-01	
12227	1.220781e-06	1.799898e+00	9.139225e-01	
12228	1.220881e-06	1.799808e+00	9.127454e-01	
12229	1.220981e-06	1.799898e+00	9.115697e-01	
12230	1.221081e-06	1.799808e+00	9.103952e-01	
12231	1.221181e-06	1.799898e+00	9.092221e-01	
12232	1.221281e-06	1.799808e+00	9.080501e-01	
12233	1.221381e-06	1.799898e+00	9.068795e-01	
12234	1.221481e-06	1.799809e+00	9.057101e-01	

Index   time            vout2           v(x2.comp_p_0/v 
--------------------------------------------------------------------------------
12235	1.221581e-06	1.799898e+00	9.045422e-01	
12236	1.221681e-06	1.799809e+00	9.033755e-01	
12237	1.221781e-06	1.799898e+00	9.022103e-01	
12238	1.221881e-06	1.799809e+00	9.010462e-01	
12239	1.221981e-06	1.799898e+00	8.998837e-01	
12240	1.222081e-06	1.799810e+00	8.987224e-01	
12241	1.222181e-06	1.799898e+00	8.975626e-01	
12242	1.222281e-06	1.799810e+00	8.964041e-01	
12243	1.222381e-06	1.799898e+00	8.952471e-01	
12244	1.222481e-06	1.799810e+00	8.940914e-01	
12245	1.222581e-06	1.799898e+00	8.929373e-01	
12246	1.222681e-06	1.799810e+00	8.917844e-01	
12247	1.222781e-06	1.799897e+00	8.906331e-01	
12248	1.222881e-06	1.799811e+00	8.894831e-01	
12249	1.222981e-06	1.799897e+00	8.883347e-01	
12250	1.223081e-06	1.799811e+00	8.871876e-01	
12251	1.223181e-06	1.799897e+00	8.860421e-01	
12252	1.223281e-06	1.799811e+00	8.848979e-01	
12253	1.223381e-06	1.799897e+00	8.837553e-01	
12254	1.223481e-06	1.799811e+00	8.826140e-01	
12255	1.223581e-06	1.799897e+00	8.814743e-01	
12256	1.223681e-06	1.799812e+00	8.803359e-01	
12257	1.223781e-06	1.799897e+00	8.791992e-01	
12258	1.223881e-06	1.799812e+00	8.780637e-01	
12259	1.223981e-06	1.799897e+00	8.769299e-01	
12260	1.224081e-06	1.799812e+00	8.757973e-01	
12261	1.224181e-06	1.799897e+00	8.746664e-01	
12262	1.224281e-06	1.799813e+00	8.735368e-01	
12263	1.224381e-06	1.799897e+00	8.724088e-01	
12264	1.224481e-06	1.799813e+00	8.712821e-01	
12265	1.224581e-06	1.799897e+00	8.701570e-01	
12266	1.224681e-06	1.799813e+00	8.690332e-01	
12267	1.224781e-06	1.799897e+00	8.679110e-01	
12268	1.224881e-06	1.799813e+00	8.667902e-01	
12269	1.224981e-06	1.799897e+00	8.656709e-01	
12270	1.225081e-06	1.799814e+00	8.645530e-01	
12271	1.225181e-06	1.799897e+00	8.634366e-01	
12272	1.225281e-06	1.799814e+00	8.623215e-01	
12273	1.225381e-06	1.799897e+00	8.612081e-01	
12274	1.225481e-06	1.799814e+00	8.600959e-01	
12275	1.225581e-06	1.799897e+00	8.589854e-01	
12276	1.225681e-06	1.799814e+00	8.578761e-01	
12277	1.225781e-06	1.799897e+00	8.567684e-01	
12278	1.225881e-06	1.799815e+00	8.556620e-01	
12279	1.225981e-06	1.799897e+00	8.545573e-01	
12280	1.226081e-06	1.799815e+00	8.534537e-01	
12281	1.226181e-06	1.799897e+00	8.523518e-01	
12282	1.226281e-06	1.799815e+00	8.512512e-01	
12283	1.226381e-06	1.799897e+00	8.501522e-01	
12284	1.226481e-06	1.799815e+00	8.490544e-01	
12285	1.226581e-06	1.799897e+00	8.479582e-01	
12286	1.226681e-06	1.799816e+00	8.468633e-01	
12287	1.226781e-06	1.799897e+00	8.457700e-01	
12288	1.226881e-06	1.799816e+00	8.446779e-01	
12289	1.226981e-06	1.799897e+00	8.435874e-01	
12290	1.227081e-06	1.799816e+00	8.424982e-01	
12291	1.227181e-06	1.799897e+00	8.414106e-01	
12292	1.227281e-06	1.799816e+00	8.403242e-01	

Index   time            vout2           v(x2.comp_p_0/v 
--------------------------------------------------------------------------------
12293	1.227381e-06	1.799897e+00	8.392394e-01	
12294	1.227481e-06	1.799817e+00	8.381558e-01	
12295	1.227581e-06	1.799897e+00	8.370739e-01	
12296	1.227681e-06	1.799817e+00	8.359931e-01	
12297	1.227781e-06	1.799897e+00	8.349140e-01	
12298	1.227881e-06	1.799817e+00	8.338361e-01	
12299	1.227981e-06	1.799897e+00	8.327597e-01	
12300	1.228081e-06	1.799817e+00	8.316846e-01	
12301	1.228181e-06	1.799897e+00	8.306111e-01	
12302	1.228281e-06	1.799818e+00	8.295388e-01	
12303	1.228381e-06	1.799897e+00	8.284681e-01	
12304	1.228481e-06	1.799818e+00	8.273986e-01	
12305	1.228581e-06	1.799897e+00	8.263306e-01	
12306	1.228681e-06	1.799818e+00	8.252639e-01	
12307	1.228781e-06	1.799897e+00	8.241988e-01	
12308	1.228881e-06	1.799818e+00	8.231348e-01	
12309	1.228981e-06	1.799897e+00	8.220724e-01	
12310	1.229081e-06	1.799819e+00	8.210113e-01	
12311	1.229181e-06	1.799897e+00	8.199517e-01	
12312	1.229281e-06	1.799819e+00	8.188933e-01	
12313	1.229381e-06	1.799897e+00	8.178365e-01	
12314	1.229481e-06	1.799819e+00	8.167808e-01	
12315	1.229581e-06	1.799897e+00	8.157267e-01	
12316	1.229681e-06	1.799819e+00	8.146739e-01	
12317	1.229781e-06	1.799896e+00	8.136225e-01	
12318	1.229881e-06	1.799820e+00	8.125724e-01	
12319	1.229981e-06	1.799896e+00	8.115238e-01	
12320	1.230081e-06	1.799820e+00	8.104764e-01	
12321	1.230181e-06	1.799896e+00	8.094306e-01	
12322	1.230281e-06	1.799820e+00	8.083859e-01	
12323	1.230381e-06	1.799896e+00	8.073428e-01	
12324	1.230481e-06	1.799820e+00	8.063008e-01	
12325	1.230581e-06	1.799896e+00	8.052604e-01	
12326	1.230681e-06	1.799821e+00	8.042212e-01	
12327	1.230781e-06	1.799896e+00	8.031835e-01	
12328	1.230881e-06	1.799821e+00	8.021470e-01	
12329	1.230981e-06	1.799896e+00	8.011120e-01	
12330	1.231081e-06	1.799821e+00	8.000782e-01	
12331	1.231181e-06	1.799896e+00	7.990460e-01	
12332	1.231281e-06	1.799821e+00	7.980149e-01	
12333	1.231381e-06	1.799896e+00	7.969853e-01	
12334	1.231481e-06	1.799822e+00	7.959569e-01	
12335	1.231581e-06	1.799896e+00	7.949300e-01	
12336	1.231681e-06	1.799822e+00	7.939042e-01	
12337	1.231781e-06	1.799896e+00	7.928800e-01	
12338	1.231881e-06	1.799822e+00	7.918570e-01	
12339	1.231981e-06	1.799896e+00	7.908354e-01	
12340	1.232081e-06	1.799822e+00	7.898150e-01	
12341	1.232181e-06	1.799896e+00	7.887961e-01	
12342	1.232281e-06	1.799822e+00	7.877784e-01	
12343	1.232381e-06	1.799896e+00	7.867622e-01	
12344	1.232481e-06	1.799823e+00	7.857471e-01	
12345	1.232581e-06	1.799896e+00	7.847335e-01	
12346	1.232681e-06	1.799823e+00	7.837211e-01	
12347	1.232781e-06	1.799896e+00	7.827102e-01	
12348	1.232881e-06	1.799823e+00	7.817004e-01	
12349	1.232981e-06	1.799896e+00	7.806921e-01	
12350	1.233081e-06	1.799823e+00	7.796850e-01	

Index   time            vout2           v(x2.comp_p_0/v 
--------------------------------------------------------------------------------
12351	1.233181e-06	1.799896e+00	7.786793e-01	
12352	1.233281e-06	1.799824e+00	7.776748e-01	
12353	1.233381e-06	1.799896e+00	7.766717e-01	
12354	1.233481e-06	1.799824e+00	7.756698e-01	
12355	1.233581e-06	1.799896e+00	7.746694e-01	
12356	1.233681e-06	1.799824e+00	7.736701e-01	
12357	1.233781e-06	1.799896e+00	7.726723e-01	
12358	1.233881e-06	1.799824e+00	7.716756e-01	
12359	1.233981e-06	1.799896e+00	7.706804e-01	
12360	1.234081e-06	1.799824e+00	7.696863e-01	
12361	1.234181e-06	1.799896e+00	7.686937e-01	
12362	1.234281e-06	1.799825e+00	7.677022e-01	
12363	1.234381e-06	1.799896e+00	7.667122e-01	
12364	1.234481e-06	1.799825e+00	7.657233e-01	
12365	1.234581e-06	1.799896e+00	7.647358e-01	
12366	1.234681e-06	1.799825e+00	7.637495e-01	
12367	1.234781e-06	1.799896e+00	7.627646e-01	
12368	1.234881e-06	1.799825e+00	7.617809e-01	
12369	1.234981e-06	1.799896e+00	7.607986e-01	
12370	1.235081e-06	1.799826e+00	7.598174e-01	
12371	1.235181e-06	1.799896e+00	7.588376e-01	
12372	1.235281e-06	1.799826e+00	7.578590e-01	
12373	1.235381e-06	1.799896e+00	7.568818e-01	
12374	1.235481e-06	1.799826e+00	7.559057e-01	
12375	1.235581e-06	1.799896e+00	7.549310e-01	
12376	1.235681e-06	1.799826e+00	7.539575e-01	
12377	1.235781e-06	1.799896e+00	7.529854e-01	
12378	1.235881e-06	1.799826e+00	7.520144e-01	
12379	1.235981e-06	1.799896e+00	7.510448e-01	
12380	1.236081e-06	1.799827e+00	7.500763e-01	
12381	1.236181e-06	1.799896e+00	7.491092e-01	
12382	1.236281e-06	1.799827e+00	7.481433e-01	
12383	1.236381e-06	1.799896e+00	7.471787e-01	
12384	1.236481e-06	1.799827e+00	7.462153e-01	
12385	1.236581e-06	1.799896e+00	7.452533e-01	
12386	1.236681e-06	1.799827e+00	7.442923e-01	
12387	1.236781e-06	1.799896e+00	7.433328e-01	
12388	1.236881e-06	1.799828e+00	7.423744e-01	
12389	1.236981e-06	1.799896e+00	7.414173e-01	
12390	1.237081e-06	1.799828e+00	7.404614e-01	
12391	1.237181e-06	1.799896e+00	7.395069e-01	
12392	1.237281e-06	1.799828e+00	7.385534e-01	
12393	1.237381e-06	1.799895e+00	7.376013e-01	
12394	1.237481e-06	1.799828e+00	7.366504e-01	
12395	1.237581e-06	1.799895e+00	7.357008e-01	
12396	1.237681e-06	1.799828e+00	7.347523e-01	
12397	1.237781e-06	1.799895e+00	7.338052e-01	
12398	1.237881e-06	1.799829e+00	7.328591e-01	
12399	1.237981e-06	1.799895e+00	7.319145e-01	
12400	1.238081e-06	1.799829e+00	7.309709e-01	
12401	1.238181e-06	1.799895e+00	7.300287e-01	
12402	1.238281e-06	1.799829e+00	7.290876e-01	
12403	1.238381e-06	1.799895e+00	7.281478e-01	
12404	1.238481e-06	1.799829e+00	7.272092e-01	
12405	1.238581e-06	1.799895e+00	7.262719e-01	
12406	1.238681e-06	1.799829e+00	7.253356e-01	
12407	1.238781e-06	1.799897e+00	7.244007e-01	
12408	1.238881e-06	1.799832e+00	7.234669e-01	

Index   time            vout2           v(x2.comp_p_0/v 
--------------------------------------------------------------------------------
12409	1.238981e-06	1.799897e+00	7.225345e-01	
12410	1.239081e-06	1.799832e+00	7.216031e-01	
12411	1.239181e-06	1.799897e+00	7.206731e-01	
12412	1.239281e-06	1.799832e+00	7.197441e-01	
12413	1.239381e-06	1.799897e+00	7.188165e-01	
12414	1.239481e-06	1.799832e+00	7.178899e-01	
12415	1.239581e-06	1.799897e+00	7.169647e-01	
12416	1.239674e-06	1.799832e+00	7.160992e-01	
12417	1.239774e-06	1.799897e+00	7.151763e-01	
12418	1.239874e-06	1.799832e+00	7.142545e-01	
12419	1.239974e-06	1.799897e+00	7.133340e-01	
12420	1.240074e-06	1.799832e+00	7.124146e-01	
12421	1.240174e-06	1.799897e+00	7.114965e-01	
12422	1.240274e-06	1.799833e+00	7.105794e-01	
12423	1.240374e-06	1.799897e+00	7.096637e-01	
12424	1.240474e-06	1.799833e+00	7.087490e-01	
12425	1.240574e-06	1.799897e+00	7.078357e-01	
12426	1.240674e-06	1.799833e+00	7.069234e-01	
12427	1.240774e-06	1.799897e+00	7.060124e-01	
12428	1.240874e-06	1.799833e+00	7.051025e-01	
12429	1.240974e-06	1.799897e+00	7.041939e-01	
12430	1.241074e-06	1.799833e+00	7.032863e-01	
12431	1.241174e-06	1.799897e+00	7.023800e-01	
12432	1.241274e-06	1.799834e+00	7.014748e-01	
12433	1.241374e-06	1.799897e+00	7.005709e-01	
12434	1.241474e-06	1.799834e+00	6.996680e-01	
12435	1.241574e-06	1.799897e+00	6.987664e-01	
12436	1.241674e-06	1.799834e+00	6.978658e-01	
12437	1.241774e-06	1.799897e+00	6.969666e-01	
12438	1.241874e-06	1.799834e+00	6.960684e-01	
12439	1.241974e-06	1.799897e+00	6.951715e-01	
12440	1.242074e-06	1.799834e+00	6.942755e-01	
12441	1.242174e-06	1.799897e+00	6.933810e-01	
12442	1.242274e-06	1.799834e+00	6.924874e-01	
12443	1.242374e-06	1.799897e+00	6.915951e-01	
12444	1.242474e-06	1.799835e+00	6.907038e-01	
12445	1.242574e-06	1.799897e+00	6.898139e-01	
12446	1.242674e-06	1.799835e+00	6.889249e-01	
12447	1.242774e-06	1.799897e+00	6.880372e-01	
12448	1.242874e-06	1.799835e+00	6.871506e-01	
12449	1.242974e-06	1.799897e+00	6.862652e-01	
12450	1.243074e-06	1.799835e+00	6.853808e-01	
12451	1.243174e-06	1.799897e+00	6.844978e-01	
12452	1.243274e-06	1.799835e+00	6.836157e-01	
12453	1.243374e-06	1.799897e+00	6.827349e-01	
12454	1.243474e-06	1.799836e+00	6.818551e-01	
12455	1.243574e-06	1.799897e+00	6.809766e-01	
12456	1.243674e-06	1.799836e+00	6.800990e-01	
12457	1.243774e-06	1.799895e+00	6.792228e-01	
12458	1.243874e-06	1.799834e+00	6.783475e-01	
12459	1.243974e-06	1.799895e+00	6.774736e-01	
12460	1.244074e-06	1.799835e+00	6.766006e-01	
12461	1.244174e-06	1.799895e+00	6.757289e-01	
12462	1.244274e-06	1.799835e+00	6.748581e-01	
12463	1.244374e-06	1.799895e+00	6.739887e-01	
12464	1.244474e-06	1.799835e+00	6.731202e-01	
12465	1.244574e-06	1.799895e+00	6.722530e-01	
12466	1.244674e-06	1.799835e+00	6.713867e-01	

Index   time            vout2           v(x2.comp_p_0/v 
--------------------------------------------------------------------------------
12467	1.244774e-06	1.799895e+00	6.705218e-01	
12468	1.244874e-06	1.799835e+00	6.696578e-01	
12469	1.244974e-06	1.799895e+00	6.687950e-01	
12470	1.245074e-06	1.799836e+00	6.679333e-01	
12471	1.245174e-06	1.799894e+00	6.670728e-01	
12472	1.245274e-06	1.799836e+00	6.662133e-01	
12473	1.245374e-06	1.799894e+00	6.653550e-01	
12474	1.245474e-06	1.799836e+00	6.644977e-01	
12475	1.245574e-06	1.799894e+00	6.636417e-01	
12476	1.245674e-06	1.799836e+00	6.627866e-01	
12477	1.245774e-06	1.799894e+00	6.619328e-01	
12478	1.245874e-06	1.799836e+00	6.610799e-01	
12479	1.245974e-06	1.799894e+00	6.602283e-01	
12480	1.246074e-06	1.799837e+00	6.593776e-01	
12481	1.246174e-06	1.799894e+00	6.585282e-01	
12482	1.246274e-06	1.799837e+00	6.576798e-01	
12483	1.246374e-06	1.799894e+00	6.568326e-01	
12484	1.246474e-06	1.799837e+00	6.559864e-01	
12485	1.246574e-06	1.799894e+00	6.551414e-01	
12486	1.246674e-06	1.799837e+00	6.542973e-01	
12487	1.246774e-06	1.799894e+00	6.534546e-01	
12488	1.246874e-06	1.799837e+00	6.526127e-01	
12489	1.246974e-06	1.799894e+00	6.517721e-01	
12490	1.247074e-06	1.799837e+00	6.509325e-01	
12491	1.247174e-06	1.799894e+00	6.500941e-01	
12492	1.247274e-06	1.799839e+00	6.492566e-01	
12493	1.247374e-06	1.799895e+00	6.484204e-01	
12494	1.247474e-06	1.799839e+00	6.475851e-01	
12495	1.247574e-06	1.799896e+00	6.467511e-01	
12496	1.247674e-06	1.799838e+00	6.459180e-01	
12497	1.247774e-06	1.799894e+00	6.450861e-01	
12498	1.247874e-06	1.799838e+00	6.442552e-01	
12499	1.247974e-06	1.799894e+00	6.434255e-01	
12500	1.248074e-06	1.799838e+00	6.425968e-01	
12501	1.248174e-06	1.799894e+00	6.417693e-01	
12502	1.248274e-06	1.799838e+00	6.409427e-01	
12503	1.248374e-06	1.799894e+00	6.401174e-01	
12504	1.248474e-06	1.799839e+00	6.392930e-01	
12505	1.248574e-06	1.799894e+00	6.384698e-01	
12506	1.248674e-06	1.799839e+00	6.376475e-01	
12507	1.248774e-06	1.799894e+00	6.368265e-01	
12508	1.248874e-06	1.799840e+00	6.360064e-01	
12509	1.248974e-06	1.799896e+00	6.351876e-01	
12510	1.249074e-06	1.799840e+00	6.343696e-01	
12511	1.249174e-06	1.799896e+00	6.335529e-01	
12512	1.249274e-06	1.799841e+00	6.327372e-01	
12513	1.249374e-06	1.799896e+00	6.319226e-01	
12514	1.249474e-06	1.799841e+00	6.311090e-01	
12515	1.249574e-06	1.799894e+00	6.302966e-01	
12516	1.249674e-06	1.799839e+00	6.294851e-01	
12517	1.249774e-06	1.799894e+00	6.286748e-01	
12518	1.249874e-06	1.799840e+00	6.278654e-01	
12519	1.249974e-06	1.799894e+00	6.270573e-01	
12520	1.250074e-06	1.799840e+00	6.262501e-01	
12521	1.250174e-06	1.799894e+00	6.254441e-01	
12522	1.250274e-06	1.799840e+00	6.246389e-01	
12523	1.250374e-06	1.799894e+00	6.238351e-01	
12524	1.250474e-06	1.799840e+00	6.230321e-01	

Index   time            vout2           v(x2.comp_p_0/v 
--------------------------------------------------------------------------------
12525	1.250574e-06	1.799894e+00	6.222303e-01	
12526	1.250674e-06	1.799840e+00	6.214294e-01	
12527	1.250774e-06	1.799894e+00	6.206298e-01	
12528	1.250874e-06	1.799841e+00	6.198310e-01	
12529	1.250974e-06	1.799894e+00	6.190335e-01	
12530	1.251074e-06	1.799841e+00	6.182368e-01	
12531	1.251174e-06	1.799894e+00	6.174414e-01	
12532	1.251274e-06	1.799841e+00	6.166468e-01	
12533	1.251374e-06	1.799894e+00	6.158535e-01	
12534	1.251474e-06	1.799841e+00	6.150610e-01	
12535	1.251574e-06	1.799894e+00	6.142698e-01	
12536	1.251674e-06	1.799841e+00	6.134794e-01	
12537	1.251774e-06	1.799894e+00	6.126902e-01	
12538	1.251874e-06	1.799841e+00	6.119019e-01	
12539	1.251974e-06	1.799894e+00	6.111148e-01	
12540	1.252074e-06	1.799842e+00	6.103286e-01	
12541	1.252174e-06	1.799894e+00	6.095436e-01	
12542	1.252274e-06	1.799842e+00	6.087595e-01	
12543	1.252374e-06	1.799894e+00	6.079765e-01	
12544	1.252474e-06	1.799842e+00	6.071944e-01	
12545	1.252574e-06	1.799894e+00	6.064135e-01	
12546	1.252674e-06	1.799842e+00	6.056335e-01	
12547	1.252774e-06	1.799894e+00	6.048547e-01	
12548	1.252874e-06	1.799842e+00	6.040767e-01	
12549	1.252974e-06	1.799894e+00	6.033000e-01	
12550	1.253074e-06	1.799842e+00	6.025241e-01	
12551	1.253174e-06	1.799894e+00	6.017493e-01	
12552	1.253274e-06	1.799843e+00	6.009755e-01	
12553	1.253374e-06	1.799894e+00	6.002028e-01	
12554	1.253474e-06	1.799843e+00	5.994309e-01	
12555	1.253574e-06	1.799894e+00	5.986603e-01	
12556	1.253674e-06	1.799843e+00	5.978905e-01	
12557	1.253774e-06	1.799893e+00	5.971219e-01	
12558	1.253874e-06	1.799843e+00	5.963541e-01	
12559	1.253974e-06	1.799893e+00	5.955875e-01	
12560	1.254074e-06	1.799843e+00	5.948217e-01	
12561	1.254174e-06	1.799893e+00	5.940572e-01	
12562	1.254274e-06	1.799843e+00	5.932934e-01	
12563	1.254374e-06	1.799893e+00	5.925309e-01	
12564	1.254474e-06	1.799843e+00	5.917691e-01	
12565	1.254574e-06	1.799893e+00	5.910086e-01	
12566	1.254674e-06	1.799844e+00	5.902488e-01	
12567	1.254774e-06	1.799893e+00	5.894903e-01	
12568	1.254874e-06	1.799844e+00	5.887326e-01	
12569	1.254974e-06	1.799893e+00	5.879760e-01	
12570	1.255074e-06	1.799844e+00	5.872203e-01	
12571	1.255174e-06	1.799893e+00	5.864657e-01	
12572	1.255274e-06	1.799844e+00	5.857120e-01	
12573	1.255374e-06	1.799893e+00	5.849594e-01	
12574	1.255474e-06	1.799844e+00	5.842076e-01	
12575	1.255574e-06	1.799893e+00	5.834570e-01	
12576	1.255674e-06	1.799844e+00	5.827073e-01	
12577	1.255774e-06	1.799893e+00	5.819586e-01	
12578	1.255874e-06	1.799845e+00	5.812108e-01	
12579	1.255974e-06	1.799893e+00	5.804642e-01	
12580	1.256074e-06	1.799845e+00	5.797183e-01	
12581	1.256174e-06	1.799893e+00	5.789736e-01	
12582	1.256274e-06	1.799845e+00	5.782297e-01	

Index   time            vout2           v(x2.comp_p_0/v 
--------------------------------------------------------------------------------
12583	1.256374e-06	1.799893e+00	5.774870e-01	
12584	1.256474e-06	1.799845e+00	5.767451e-01	
12585	1.256574e-06	1.799893e+00	5.760043e-01	
12586	1.256674e-06	1.799845e+00	5.752643e-01	
12587	1.256774e-06	1.799893e+00	5.745255e-01	
12588	1.256874e-06	1.799845e+00	5.737875e-01	
12589	1.256974e-06	1.799893e+00	5.730506e-01	
12590	1.257074e-06	1.799845e+00	5.723145e-01	
12591	1.257174e-06	1.799893e+00	5.715795e-01	
12592	1.257274e-06	1.799846e+00	5.708454e-01	
12593	1.257374e-06	1.799893e+00	5.701123e-01	
12594	1.257474e-06	1.799846e+00	5.693801e-01	
12595	1.257574e-06	1.799893e+00	5.686490e-01	
12596	1.257674e-06	1.799846e+00	5.679187e-01	
12597	1.257774e-06	1.799893e+00	5.671895e-01	
12598	1.257874e-06	1.799846e+00	5.664611e-01	
12599	1.257974e-06	1.799893e+00	5.657338e-01	
12600	1.258074e-06	1.799846e+00	5.650073e-01	
12601	1.258174e-06	1.799893e+00	5.642819e-01	
12602	1.258274e-06	1.799846e+00	5.635573e-01	
12603	1.258374e-06	1.799893e+00	5.628338e-01	
12604	1.258474e-06	1.799846e+00	5.621111e-01	
12605	1.258574e-06	1.799893e+00	5.613895e-01	
12606	1.258674e-06	1.799847e+00	5.606687e-01	
12607	1.258774e-06	1.799893e+00	5.599489e-01	
12608	1.258874e-06	1.799847e+00	5.592300e-01	
12609	1.258974e-06	1.799893e+00	5.585121e-01	
12610	1.259074e-06	1.799847e+00	5.577949e-01	
12611	1.259174e-06	1.799893e+00	5.570789e-01	
12612	1.259274e-06	1.799847e+00	5.563636e-01	
12613	1.259374e-06	1.799893e+00	5.556494e-01	
12614	1.259474e-06	1.799847e+00	5.549359e-01	
12615	1.259574e-06	1.799893e+00	5.542234e-01	
12616	1.259674e-06	1.799847e+00	5.535117e-01	
12617	1.259774e-06	1.799893e+00	5.528010e-01	
12618	1.259874e-06	1.799847e+00	5.520910e-01	
12619	1.259974e-06	1.799893e+00	5.513820e-01	
12620	1.260074e-06	1.799848e+00	5.506737e-01	
12621	1.260174e-06	1.799893e+00	5.499664e-01	
12622	1.260274e-06	1.799848e+00	5.492598e-01	
12623	1.260374e-06	1.799893e+00	5.485541e-01	
12624	1.260474e-06	1.799848e+00	5.478490e-01	
12625	1.260574e-06	1.799893e+00	5.471448e-01	
12626	1.260674e-06	1.799848e+00	5.464413e-01	
12627	1.260774e-06	1.799893e+00	5.457386e-01	
12628	1.260874e-06	1.799848e+00	5.450365e-01	
12629	1.260974e-06	1.799893e+00	5.443353e-01	
12630	1.261074e-06	1.799848e+00	5.436345e-01	
12631	1.261174e-06	1.799893e+00	5.429346e-01	
12632	1.261274e-06	1.799848e+00	5.422353e-01	
12633	1.261374e-06	1.799893e+00	5.415367e-01	
12634	1.261474e-06	1.799848e+00	5.408386e-01	
12635	1.261574e-06	1.799893e+00	5.401414e-01	
12636	1.261674e-06	1.799849e+00	5.394446e-01	
12637	1.261774e-06	1.799893e+00	5.387486e-01	
12638	1.261874e-06	1.799849e+00	5.380531e-01	
12639	1.261974e-06	1.799893e+00	5.373585e-01	
12640	1.262074e-06	1.799849e+00	5.366643e-01	

Index   time            vout2           v(x2.comp_p_0/v 
--------------------------------------------------------------------------------
12641	1.262174e-06	1.799893e+00	5.359710e-01	
12642	1.262274e-06	1.799849e+00	5.352783e-01	
12643	1.262374e-06	1.799893e+00	5.345864e-01	
12644	1.262474e-06	1.799849e+00	5.338950e-01	
12645	1.262574e-06	1.799892e+00	5.332046e-01	
12646	1.262674e-06	1.799849e+00	5.325147e-01	
12647	1.262774e-06	1.799892e+00	5.318258e-01	
12648	1.262874e-06	1.799849e+00	5.311375e-01	
12649	1.262974e-06	1.799892e+00	5.304501e-01	
12650	1.263074e-06	1.799850e+00	5.297634e-01	
12651	1.263174e-06	1.799892e+00	5.290776e-01	
12652	1.263274e-06	1.799850e+00	5.283925e-01	
12653	1.263374e-06	1.799892e+00	5.277084e-01	
12654	1.263474e-06	1.799850e+00	5.270249e-01	
12655	1.263574e-06	1.799892e+00	5.263424e-01	
12656	1.263674e-06	1.799850e+00	5.256605e-01	
12657	1.263774e-06	1.799892e+00	5.249797e-01	
12658	1.263874e-06	1.799850e+00	5.242995e-01	
12659	1.263974e-06	1.799892e+00	5.236204e-01	
12660	1.264074e-06	1.799850e+00	5.229419e-01	
12661	1.264174e-06	1.799892e+00	5.222645e-01	
12662	1.264274e-06	1.799850e+00	5.215877e-01	
12663	1.264374e-06	1.799892e+00	5.209120e-01	
12664	1.264474e-06	1.799850e+00	5.202370e-01	
12665	1.264574e-06	1.799892e+00	5.195630e-01	
12666	1.264674e-06	1.799850e+00	5.188897e-01	
12667	1.264774e-06	1.799892e+00	5.182174e-01	
12668	1.264874e-06	1.799851e+00	5.175459e-01	
12669	1.264974e-06	1.799892e+00	5.168754e-01	
12670	1.265074e-06	1.799851e+00	5.162056e-01	
12671	1.265174e-06	1.799892e+00	5.155369e-01	
12672	1.265274e-06	1.799851e+00	5.148688e-01	
12673	1.265374e-06	1.799892e+00	5.142018e-01	
12674	1.265474e-06	1.799851e+00	5.135356e-01	
12675	1.265574e-06	1.799892e+00	5.128703e-01	
12676	1.265674e-06	1.799851e+00	5.122058e-01	
12677	1.265774e-06	1.799892e+00	5.115422e-01	
12678	1.265874e-06	1.799851e+00	5.108794e-01	
12679	1.265974e-06	1.799892e+00	5.102176e-01	
12680	1.266074e-06	1.799851e+00	5.095566e-01	
12681	1.266174e-06	1.799892e+00	5.088965e-01	
12682	1.266274e-06	1.799851e+00	5.082371e-01	
12683	1.266374e-06	1.799892e+00	5.075788e-01	
12684	1.266474e-06	1.799851e+00	5.069211e-01	
12685	1.266574e-06	1.799892e+00	5.062645e-01	
12686	1.266674e-06	1.799851e+00	5.056085e-01	
12687	1.266774e-06	1.799892e+00	5.049535e-01	
12688	1.266874e-06	1.799852e+00	5.042993e-01	
12689	1.266974e-06	1.799892e+00	5.036460e-01	
12690	1.267074e-06	1.799852e+00	5.029934e-01	
12691	1.267174e-06	1.799892e+00	5.023418e-01	
12692	1.267274e-06	1.799852e+00	5.016909e-01	
12693	1.267374e-06	1.799892e+00	5.010410e-01	
12694	1.267474e-06	1.799852e+00	5.003918e-01	
12695	1.267574e-06	1.799892e+00	4.997435e-01	
12696	1.267674e-06	1.799852e+00	4.990960e-01	
12697	1.267774e-06	1.799891e+00	4.984494e-01	
12698	1.267874e-06	1.799852e+00	4.978035e-01	

Index   time            vout2           v(x2.comp_p_0/v 
--------------------------------------------------------------------------------
12699	1.267974e-06	1.799891e+00	4.971586e-01	
12700	1.268074e-06	1.799852e+00	4.965144e-01	
12701	1.268174e-06	1.799891e+00	4.958711e-01	
12702	1.268274e-06	1.799852e+00	4.952286e-01	
12703	1.268374e-06	1.799891e+00	4.945870e-01	
12704	1.268474e-06	1.799852e+00	4.939461e-01	
12705	1.268574e-06	1.799891e+00	4.933061e-01	
12706	1.268674e-06	1.799852e+00	4.926669e-01	
12707	1.268774e-06	1.799891e+00	4.920286e-01	
12708	1.268874e-06	1.799853e+00	4.913910e-01	
12709	1.268974e-06	1.799891e+00	4.907543e-01	
12710	1.269074e-06	1.799853e+00	4.901183e-01	
12711	1.269174e-06	1.799891e+00	4.894833e-01	
12712	1.269274e-06	1.799853e+00	4.888490e-01	
12713	1.269374e-06	1.799891e+00	4.882157e-01	
12714	1.269474e-06	1.799853e+00	4.875830e-01	
12715	1.269574e-06	1.799891e+00	4.869512e-01	
12716	1.269674e-06	1.799853e+00	4.863202e-01	
12717	1.269774e-06	1.799891e+00	4.856901e-01	
12718	1.269874e-06	1.799853e+00	4.850606e-01	
12719	1.269974e-06	1.799891e+00	4.844321e-01	
12720	1.270074e-06	1.799853e+00	4.838043e-01	
12721	1.270174e-06	1.799891e+00	4.831775e-01	
12722	1.270274e-06	1.799853e+00	4.825513e-01	
12723	1.270374e-06	1.799891e+00	4.819260e-01	
12724	1.270474e-06	1.799853e+00	4.813015e-01	
12725	1.270574e-06	1.799891e+00	4.806778e-01	
12726	1.270674e-06	1.799853e+00	4.800549e-01	
12727	1.270774e-06	1.799891e+00	4.794329e-01	
12728	1.270874e-06	1.799853e+00	4.788115e-01	
12729	1.270974e-06	1.799891e+00	4.781911e-01	
12730	1.271074e-06	1.799853e+00	4.775713e-01	
12731	1.271174e-06	1.799891e+00	4.769525e-01	
12732	1.271274e-06	1.799853e+00	4.763343e-01	
12733	1.271374e-06	1.799890e+00	4.757171e-01	
12734	1.271474e-06	1.799853e+00	4.751005e-01	
12735	1.271574e-06	1.799890e+00	4.744849e-01	
12736	1.271674e-06	1.799853e+00	4.738699e-01	
12737	1.271774e-06	1.799890e+00	4.732559e-01	
12738	1.271874e-06	1.799853e+00	4.726424e-01	
12739	1.271974e-06	1.799890e+00	4.720300e-01	
12740	1.272074e-06	1.799853e+00	4.714181e-01	
12741	1.272174e-06	1.799890e+00	4.708072e-01	
12742	1.272274e-06	1.799853e+00	4.701969e-01	
12743	1.272374e-06	1.799889e+00	4.695876e-01	
12744	1.272474e-06	1.799853e+00	4.689788e-01	
12745	1.272574e-06	1.799889e+00	4.683710e-01	
12746	1.272674e-06	1.799852e+00	4.677638e-01	
12747	1.272774e-06	1.799888e+00	4.671576e-01	
12748	1.272874e-06	1.799852e+00	4.665519e-01	
12749	1.272974e-06	1.799888e+00	4.659472e-01	
12750	1.273074e-06	1.799852e+00	4.653431e-01	
12751	1.273174e-06	1.799887e+00	4.647399e-01	
12752	1.273274e-06	1.799851e+00	4.641373e-01	
12753	1.273374e-06	1.799887e+00	4.635357e-01	
12754	1.273474e-06	1.799851e+00	4.629347e-01	
12755	1.273574e-06	1.799886e+00	4.623345e-01	
12756	1.273674e-06	1.799850e+00	4.617350e-01	

Index   time            vout2           v(x2.comp_p_0/v 
--------------------------------------------------------------------------------
12757	1.273774e-06	1.799885e+00	4.611364e-01	
12758	1.273874e-06	1.799850e+00	4.605385e-01	
12759	1.273974e-06	1.799884e+00	4.599414e-01	
12760	1.274074e-06	1.799849e+00	4.593450e-01	
12761	1.274174e-06	1.799883e+00	4.587494e-01	
12762	1.274274e-06	1.799848e+00	4.581545e-01	
12763	1.274374e-06	1.799882e+00	4.575605e-01	
12764	1.274474e-06	1.799848e+00	4.569671e-01	
12765	1.274574e-06	1.799881e+00	4.563747e-01	
12766	1.274674e-06	1.799847e+00	4.557828e-01	
12767	1.274774e-06	1.799880e+00	4.551918e-01	
12768	1.274874e-06	1.799846e+00	4.546014e-01	
12769	1.274974e-06	1.799878e+00	4.540120e-01	
12770	1.275074e-06	1.799844e+00	4.534230e-01	
12771	1.275174e-06	1.799877e+00	4.528350e-01	
12772	1.275274e-06	1.799843e+00	4.522475e-01	
12773	1.275374e-06	1.799876e+00	4.516610e-01	
12774	1.275474e-06	1.799843e+00	4.510749e-01	
12775	1.275574e-06	1.799875e+00	4.504898e-01	
12776	1.275674e-06	1.799842e+00	4.499052e-01	
12777	1.275774e-06	1.799875e+00	4.493215e-01	
12778	1.275874e-06	1.799843e+00	4.487384e-01	
12779	1.275974e-06	1.799876e+00	4.481562e-01	
12780	1.276074e-06	1.799845e+00	4.475745e-01	
12781	1.276174e-06	1.799880e+00	4.469937e-01	
12782	1.276274e-06	1.799852e+00	4.464135e-01	
12783	1.276374e-06	1.799892e+00	4.458342e-01	
12784	1.276474e-06	1.799870e+00	4.452554e-01	
12785	1.276574e-06	1.799921e+00	4.446775e-01	
12786	1.276674e-06	1.799910e+00	4.441002e-01	
12787	1.276774e-06	1.799983e+00	4.435238e-01	
12788	1.276874e-06	1.799990e+00	4.429480e-01	
12789	1.276974e-06	1.800090e+00	4.423730e-01	
12790	1.277074e-06	1.800129e+00	4.417986e-01	
12791	1.277174e-06	1.800272e+00	4.412252e-01	
12792	1.277274e-06	1.800368e+00	4.406524e-01	
12793	1.277374e-06	1.800592e+00	4.400807e-01	
12794	1.277474e-06	1.800809e+00	4.395097e-01	
12795	1.277574e-06	1.801226e+00	4.389402e-01	
12796	1.277674e-06	1.801777e+00	4.383720e-01	
12797	1.277774e-06	1.802810e+00	4.378061e-01	
12798	1.277874e-06	1.804515e+00	4.372435e-01	
12799	1.277974e-06	1.807303e+00	4.366866e-01	
12800	1.278074e-06	1.811067e+00	4.361393e-01	
12801	1.278174e-06	1.816749e+00	4.356118e-01	
12802	1.278274e-06	1.827739e+00	4.351403e-01	
12803	1.278374e-06	1.828351e+00	4.350307e-01	
12804	1.278474e-06	7.439206e-01	4.360647e-01	
12805	1.278574e-06	-4.59323e-03	4.377281e-01	
12806	1.278665e-06	1.413857e-02	4.392898e-01	
12807	1.278765e-06	-1.01251e-02	4.410441e-01	
12808	1.278865e-06	8.786287e-03	4.427911e-01	
12809	1.278965e-06	-7.55088e-03	4.445430e-01	
12810	1.279065e-06	6.574635e-03	4.462897e-01	
12811	1.279165e-06	-5.66900e-03	4.480371e-01	
12812	1.279265e-06	4.935214e-03	4.497814e-01	
12813	1.279365e-06	-4.26256e-03	4.515247e-01	
12814	1.279465e-06	3.709778e-03	4.532657e-01	

Index   time            vout2           v(x2.comp_p_0/v 
--------------------------------------------------------------------------------
12815	1.279565e-06	-3.20763e-03	4.550050e-01	
12816	1.279665e-06	2.790813e-03	4.567422e-01	
12817	1.279765e-06	-2.41481e-03	4.584775e-01	
12818	1.279865e-06	2.100411e-03	4.602107e-01	
12819	1.279965e-06	-1.81831e-03	4.619418e-01	
12820	1.280065e-06	1.581174e-03	4.636708e-01	
12821	1.280165e-06	-1.37071e-03	4.653977e-01	
12822	1.280265e-06	1.190760e-03	4.671224e-01	
12823	1.280365e-06	-1.03091e-03	4.688449e-01	
12824	1.280465e-06	8.960474e-04	4.705653e-01	
12825	1.280565e-06	-7.76214e-04	4.722835e-01	
12826	1.280665e-06	6.745605e-04	4.739995e-01	
12827	1.280765e-06	-5.84376e-04	4.757132e-01	
12828	1.280865e-06	5.077467e-04	4.774248e-01	
12829	1.280965e-06	-4.39855e-04	4.791341e-01	
12830	1.281065e-06	3.820956e-04	4.808413e-01	
12831	1.281165e-06	-3.30975e-04	4.825461e-01	
12832	1.281265e-06	2.874437e-04	4.842488e-01	
12833	1.281365e-06	-2.48946e-04	4.859492e-01	
12834	1.281465e-06	2.161409e-04	4.876475e-01	
12835	1.281565e-06	-1.87146e-04	4.893434e-01	
12836	1.281665e-06	1.624266e-04	4.910372e-01	
12837	1.281765e-06	-1.40588e-04	4.927287e-01	
12838	1.281865e-06	1.219636e-04	4.944180e-01	
12839	1.281965e-06	-1.05514e-04	4.961051e-01	
12840	1.282065e-06	9.148199e-05	4.977900e-01	
12841	1.282165e-06	-7.90928e-05	4.994725e-01	
12842	1.282265e-06	6.958010e-05	5.011530e-01	
12843	1.282365e-06	-5.81472e-05	5.028311e-01	
12844	1.282465e-06	5.201188e-05	5.045071e-01	
12845	1.282565e-06	-4.33865e-05	5.061808e-01	
12846	1.282665e-06	3.876398e-05	5.078524e-01	
12847	1.282765e-06	-3.22820e-05	5.095217e-01	
12848	1.282865e-06	2.879591e-05	5.111888e-01	
12849	1.282965e-06	-2.39295e-05	5.128537e-01	
12850	1.283065e-06	2.129718e-05	5.145164e-01	
12851	1.283165e-06	-1.76481e-05	5.161768e-01	
12852	1.283265e-06	1.565776e-05	5.178352e-01	
12853	1.283365e-06	-1.29257e-05	5.194912e-01	
12854	1.283465e-06	1.141822e-05	5.211451e-01	
12855	1.283565e-06	-9.37675e-06	5.227968e-01	
12856	1.283665e-06	8.232731e-06	5.244463e-01	
12857	1.283765e-06	-6.71123e-06	5.260936e-01	
12858	1.283865e-06	5.840930e-06	5.277387e-01	
12859	1.283965e-06	-4.71083e-06	5.293816e-01	
12860	1.284065e-06	4.046764e-06	5.310224e-01	
12861	1.284165e-06	-3.21121e-06	5.326609e-01	
12862	1.284265e-06	2.702606e-06	5.342973e-01	
12863	1.284365e-06	-2.08863e-06	5.359315e-01	
12864	1.284465e-06	1.697287e-06	5.375635e-01	
12865	1.284565e-06	-1.24993e-06	5.391933e-01	
12866	1.284665e-06	9.470955e-07	5.408211e-01	
12867	1.284765e-06	-6.24963e-07	5.424466e-01	
12868	1.284865e-06	3.889915e-07	5.440700e-01	
12869	1.284965e-06	-1.60905e-07	5.456911e-01	
12870	1.285065e-06	-2.44965e-08	5.473102e-01	
12871	1.285165e-06	1.827511e-07	5.489271e-01	
12872	1.285265e-06	-3.19324e-07	5.505418e-01	

Index   time            vout2           v(x2.comp_p_0/v 
--------------------------------------------------------------------------------
12873	1.285365e-06	4.469093e-07	5.521544e-01	
12874	1.285465e-06	-5.34455e-07	5.537649e-01	
12875	1.285565e-06	6.366587e-07	5.553731e-01	
12876	1.285665e-06	-6.90046e-07	5.569794e-01	
12877	1.285765e-06	7.728979e-07	5.585833e-01	
12878	1.285865e-06	-8.00778e-07	5.601853e-01	
12879	1.285965e-06	8.688763e-07	5.617850e-01	
12880	1.286065e-06	-8.77764e-07	5.633827e-01	
12881	1.286165e-06	9.345747e-07	5.649782e-01	
12882	1.286265e-06	-9.29376e-07	5.665717e-01	
12883	1.286365e-06	9.775088e-07	5.681629e-01	
12884	1.286465e-06	-9.61916e-07	5.697521e-01	
12885	1.286565e-06	1.003749e-06	5.713392e-01	
12886	1.286665e-06	-9.80875e-07	5.729242e-01	
12887	1.286765e-06	1.017097e-06	5.745070e-01	
12888	1.286865e-06	-9.88283e-07	5.760878e-01	
12889	1.286965e-06	1.020317e-06	5.776664e-01	
12890	1.287065e-06	-9.87545e-07	5.792431e-01	
12891	1.287165e-06	1.016306e-06	5.808175e-01	
12892	1.287265e-06	-9.80783e-07	5.823900e-01	
12893	1.287365e-06	1.006917e-06	5.839603e-01	
12894	1.287465e-06	-9.69535e-07	5.855286e-01	
12895	1.287565e-06	9.935224e-07	5.870947e-01	
12896	1.287665e-06	-9.54950e-07	5.886588e-01	
12897	1.287765e-06	9.771534e-07	5.902208e-01	
12898	1.287865e-06	-9.37891e-07	5.917808e-01	
12899	1.287965e-06	9.585819e-07	5.933387e-01	
12900	1.288065e-06	-9.19004e-07	5.948946e-01	
12901	1.288165e-06	9.383888e-07	5.964484e-01	
12902	1.288265e-06	-8.98777e-07	5.980001e-01	
12903	1.288365e-06	9.170106e-07	5.995498e-01	
12904	1.288465e-06	-8.77575e-07	6.010975e-01	
12905	1.288565e-06	8.947759e-07	6.026431e-01	
12906	1.288665e-06	-8.55674e-07	6.041867e-01	
12907	1.288765e-06	8.719318e-07	6.057282e-01	
12908	1.288865e-06	-8.33281e-07	6.072677e-01	
12909	1.288965e-06	8.486643e-07	6.088051e-01	
12910	1.289065e-06	-8.10552e-07	6.103406e-01	
12911	1.289165e-06	8.251132e-07	6.118740e-01	
12912	1.289265e-06	-7.87603e-07	6.134055e-01	
12913	1.289365e-06	8.013836e-07	6.149348e-01	
12914	1.289465e-06	-7.64524e-07	6.164622e-01	
12915	1.289565e-06	7.775546e-07	6.179876e-01	
12916	1.289665e-06	-7.41380e-07	6.195110e-01	
12917	1.289765e-06	7.536856e-07	6.210323e-01	
12918	1.289865e-06	-7.18221e-07	6.225517e-01	
12919	1.289965e-06	7.298210e-07	6.240691e-01	
12920	1.290065e-06	-6.95084e-07	6.255845e-01	
12921	1.290165e-06	7.059943e-07	6.270978e-01	
12922	1.290265e-06	-6.71997e-07	6.286093e-01	
12923	1.290365e-06	6.822305e-07	6.301187e-01	
12924	1.290465e-06	-6.48982e-07	6.316262e-01	
12925	1.290565e-06	6.585482e-07	6.331317e-01	
12926	1.290665e-06	-6.26053e-07	6.346352e-01	
12927	1.290765e-06	6.349614e-07	6.361367e-01	
12928	1.290865e-06	-6.03222e-07	6.376364e-01	
12929	1.290965e-06	6.114805e-07	6.391340e-01	
12930	1.291065e-06	-5.80499e-07	6.406297e-01	

Index   time            vout2           v(x2.comp_p_0/v 
--------------------------------------------------------------------------------
12931	1.291165e-06	5.881129e-07	6.421234e-01	
12932	1.291265e-06	-5.57889e-07	6.436152e-01	
12933	1.291365e-06	5.648644e-07	6.451050e-01	
12934	1.291465e-06	-5.35396e-07	6.465929e-01	
12935	1.291565e-06	5.417390e-07	6.480788e-01	
12936	1.291665e-06	-5.13025e-07	6.495629e-01	
12937	1.291765e-06	5.187395e-07	6.510449e-01	
12938	1.291865e-06	-4.90777e-07	6.525251e-01	
12939	1.291965e-06	4.958681e-07	6.540033e-01	
12940	1.292065e-06	-4.68655e-07	6.554797e-01	
12941	1.292165e-06	4.731261e-07	6.569541e-01	
12942	1.292265e-06	-4.46659e-07	6.584266e-01	
12943	1.292365e-06	4.505142e-07	6.598971e-01	
12944	1.292465e-06	-4.24791e-07	6.613659e-01	
12945	1.292565e-06	4.280321e-07	6.628326e-01	
12946	1.292665e-06	-4.03049e-07	6.642975e-01	
12947	1.292765e-06	4.056797e-07	6.657604e-01	
12948	1.292865e-06	-3.81434e-07	6.672215e-01	
12949	1.292965e-06	3.834567e-07	6.686807e-01	
12950	1.293065e-06	-3.59947e-07	6.701380e-01	
12951	1.293165e-06	3.613627e-07	6.715934e-01	
12952	1.293265e-06	-3.38589e-07	6.730470e-01	
12953	1.293365e-06	3.393970e-07	6.744986e-01	
12954	1.293465e-06	-3.17359e-07	6.759484e-01	
12955	1.293565e-06	3.175582e-07	6.773963e-01	
12956	1.293665e-06	-2.96259e-07	6.788424e-01	
12957	1.293765e-06	2.958443e-07	6.802865e-01	
12958	1.293865e-06	-2.75289e-07	6.817288e-01	
12959	1.293965e-06	2.742522e-07	6.831692e-01	
12960	1.294065e-06	-2.54453e-07	6.846078e-01	
12961	1.294165e-06	2.527778e-07	6.860445e-01	
12962	1.294265e-06	-2.33754e-07	6.874794e-01	
12963	1.294365e-06	2.314150e-07	6.889123e-01	
12964	1.294465e-06	-2.13194e-07	6.903435e-01	
12965	1.294565e-06	2.101559e-07	6.917727e-01	
12966	1.294665e-06	-1.92781e-07	6.932001e-01	
12967	1.294765e-06	1.889902e-07	6.946256e-01	
12968	1.294865e-06	-1.72518e-07	6.960493e-01	
12969	1.294965e-06	1.679113e-07	6.974710e-01	
12970	1.295065e-06	-1.52434e-07	6.988908e-01	
12971	1.295165e-06	1.469289e-07	7.003087e-01	
12972	1.295265e-06	-1.25206e-07	7.017248e-01	
12973	1.295365e-06	1.183868e-07	7.031388e-01	
12974	1.295465e-06	-1.14666e-07	7.045509e-01	
12975	1.295565e-06	1.076047e-07	7.059610e-01	
12976	1.295665e-06	-9.55511e-08	7.073691e-01	
12977	1.295765e-06	8.690800e-08	7.087751e-01	
12978	1.295865e-06	-7.63140e-08	7.101791e-01	
12979	1.295965e-06	6.675800e-08	7.115810e-01	
12980	1.296065e-06	-5.75300e-08	7.129807e-01	
12981	1.296165e-06	4.710130e-08	7.143783e-01	
12982	1.296265e-06	-3.88889e-08	7.157737e-01	
12983	1.296365e-06	2.765795e-08	7.171668e-01	
12984	1.296465e-06	-2.05488e-08	7.185578e-01	
12985	1.296565e-06	9.212781e-09	7.199464e-01	
12986	1.296665e-06	-2.17284e-09	7.213330e-01	
12987	1.296765e-06	-9.72381e-09	7.227172e-01	
12988	1.296865e-06	1.723254e-08	7.240993e-01	

Index   time            vout2           v(x2.comp_p_0/v 
--------------------------------------------------------------------------------
12989	1.296965e-06	-2.78661e-08	7.254792e-01	
12990	1.297065e-06	3.671425e-08	7.268570e-01	
12991	1.297165e-06	-4.60100e-08	7.282326e-01	
12992	1.297265e-06	5.604172e-08	7.296062e-01	
12993	1.297365e-06	-6.40448e-08	7.309778e-01	
12994	1.297465e-06	7.519406e-08	7.323475e-01	
12995	1.297565e-06	-8.20086e-08	7.337151e-01	
12996	1.297665e-06	9.417858e-08	7.350809e-01	
12997	1.297765e-06	-9.99300e-08	7.364448e-01	
12998	1.297865e-06	1.130220e-07	7.378070e-01	
12999	1.297965e-06	-1.17830e-07	7.391672e-01	
13000	1.298065e-06	1.317546e-07	7.405258e-01	
13001	1.298165e-06	-1.35917e-07	7.418826e-01	
13002	1.298265e-06	1.487503e-07	7.432377e-01	
13003	1.298365e-06	-1.50420e-07	7.445910e-01	
13004	1.298465e-06	1.655299e-07	7.459427e-01	
13005	1.298565e-06	-1.68215e-07	7.472926e-01	
13006	1.298665e-06	1.843560e-07	7.486410e-01	
13007	1.298765e-06	-1.86391e-07	7.499875e-01	
13008	1.298865e-06	2.032391e-07	7.513325e-01	
13009	1.298965e-06	-2.04523e-07	7.526758e-01	
13010	1.299065e-06	2.220182e-07	7.540175e-01	
13011	1.299165e-06	-2.17448e-07	7.553575e-01	
13012	1.299265e-06	2.383125e-07	7.566959e-01	
13013	1.299365e-06	-2.43960e-07	7.580325e-01	
13014	1.299465e-06	2.563993e-07	7.593676e-01	
13015	1.299565e-06	-2.61476e-07	7.607010e-01	
13016	1.299665e-06	2.739137e-07	7.620329e-01	
13017	1.299765e-06	-2.78994e-07	7.633630e-01	
13018	1.299865e-06	2.913877e-07	7.646915e-01	
13019	1.299965e-06	-2.96527e-07	7.660184e-01	
13020	1.300065e-06	3.088148e-07	7.673437e-01	
13021	1.300165e-06	-3.14023e-07	7.686673e-01	
13022	1.300265e-06	3.262197e-07	7.699893e-01	
13023	1.300365e-06	-3.31427e-07	7.713097e-01	
13024	1.300465e-06	3.436090e-07	7.726285e-01	
13025	1.300565e-06	-3.48726e-07	7.739456e-01	
13026	1.300665e-06	3.609424e-07	7.752611e-01	
13027	1.300765e-06	-3.65943e-07	7.765750e-01	
13028	1.300865e-06	3.781794e-07	7.778873e-01	
13029	1.300965e-06	-3.83089e-07	7.791979e-01	
13030	1.301065e-06	3.953154e-07	7.805070e-01	
13031	1.301165e-06	-4.00151e-07	7.818144e-01	
13032	1.301265e-06	4.123603e-07	7.831203e-01	
13033	1.301365e-06	-4.17121e-07	7.844245e-01	
13034	1.301465e-06	4.293180e-07	7.857272e-01	
13035	1.301565e-06	-4.33998e-07	7.870282e-01	
13036	1.301665e-06	4.461888e-07	7.883276e-01	
13037	1.301765e-06	-4.50780e-07	7.896254e-01	
13038	1.301865e-06	4.629729e-07	7.909217e-01	
13039	1.301965e-06	-4.67468e-07	7.922163e-01	
13040	1.302065e-06	4.796713e-07	7.935094e-01	
13041	1.302165e-06	-4.84064e-07	7.948008e-01	
13042	1.302265e-06	4.962853e-07	7.960907e-01	
13043	1.302365e-06	-5.00568e-07	7.973790e-01	
13044	1.302465e-06	5.128156e-07	7.986657e-01	
13045	1.302565e-06	-5.16982e-07	7.999508e-01	
13046	1.302665e-06	5.292624e-07	8.012344e-01	

Index   time            vout2           v(x2.comp_p_0/v 
--------------------------------------------------------------------------------
13047	1.302765e-06	-5.33307e-07	8.025163e-01	
13048	1.302865e-06	5.456245e-07	8.037968e-01	
13049	1.302965e-06	-5.49545e-07	8.050755e-01	
13050	1.303065e-06	5.618992e-07	8.063529e-01	
13051	1.303165e-06	-5.65694e-07	8.076285e-01	
13052	1.303265e-06	5.780824e-07	8.089027e-01	
13053	1.303365e-06	-5.81753e-07	8.101753e-01	
13054	1.303465e-06	5.941688e-07	8.114463e-01	
13055	1.303565e-06	-5.97719e-07	8.127158e-01	
13056	1.303665e-06	6.101521e-07	8.139838e-01	
13057	1.303765e-06	-6.13589e-07	8.152502e-01	
13058	1.303865e-06	6.260260e-07	8.165152e-01	
13059	1.303965e-06	-6.29357e-07	8.177786e-01	
13060	1.304065e-06	6.417844e-07	8.190405e-01	
13061	1.304165e-06	-6.45019e-07	8.203009e-01	
13062	1.304265e-06	6.574228e-07	8.215600e-01	
13063	1.304365e-06	-6.60572e-07	8.228174e-01	
13064	1.304465e-06	6.729386e-07	8.240736e-01	
13065	1.304565e-06	-6.76010e-07	8.253282e-01	
13066	1.304665e-06	6.883317e-07	8.265814e-01	
13067	1.304765e-06	-6.91331e-07	8.278332e-01	
13068	1.304865e-06	7.036038e-07	8.290836e-01	
13069	1.304965e-06	-7.06530e-07	8.303325e-01	
13070	1.305065e-06	7.187570e-07	8.315801e-01	
13071	1.305165e-06	-7.21606e-07	8.328262e-01	
13072	1.305265e-06	7.337931e-07	8.340710e-01	
13073	1.305365e-06	-7.36562e-07	8.353142e-01	
13074	1.305465e-06	7.487130e-07	8.365561e-01	
13075	1.305565e-06	-7.51398e-07	8.377964e-01	
13076	1.305665e-06	7.635179e-07	8.390354e-01	
13077	1.305765e-06	-7.66119e-07	8.402728e-01	
13078	1.305865e-06	7.782092e-07	8.415088e-01	
13079	1.305965e-06	-7.80727e-07	8.427432e-01	
13080	1.306065e-06	7.927888e-07	8.439762e-01	
13081	1.306165e-06	-7.95227e-07	8.452076e-01	
13082	1.306265e-06	8.072589e-07	8.464376e-01	
13083	1.306365e-06	-8.09621e-07	8.476659e-01	
13084	1.306465e-06	8.216222e-07	8.488928e-01	
13085	1.306565e-06	-8.23912e-07	8.501181e-01	
13086	1.306665e-06	8.358812e-07	8.513419e-01	
13087	1.306765e-06	-8.38101e-07	8.525642e-01	
13088	1.306865e-06	8.500382e-07	8.537849e-01	
13089	1.306965e-06	-8.52193e-07	8.550041e-01	
13090	1.307065e-06	8.640954e-07	8.562217e-01	
13091	1.307165e-06	-8.66186e-07	8.574378e-01	
13092	1.307265e-06	8.780547e-07	8.586524e-01	
13093	1.307365e-06	-8.80084e-07	8.598654e-01	
13094	1.307465e-06	8.919175e-07	8.610769e-01	
13095	1.307565e-06	-8.93887e-07	8.622867e-01	
13096	1.307665e-06	9.056850e-07	8.634952e-01	
13097	1.307765e-06	-9.07596e-07	8.647020e-01	
13098	1.307865e-06	9.193582e-07	8.659073e-01	
13099	1.307965e-06	-9.21211e-07	8.671110e-01	
13100	1.308065e-06	9.329380e-07	8.683133e-01	
13101	1.308165e-06	-9.27810e-07	8.695139e-01	
13102	1.308265e-06	9.616345e-07	8.707131e-01	
13103	1.308365e-06	-9.32946e-07	8.719107e-01	
13104	1.308465e-06	9.747102e-07	8.731068e-01	

Index   time            vout2           v(x2.comp_p_0/v 
--------------------------------------------------------------------------------
13105	1.308565e-06	-9.46086e-07	8.743013e-01	
13106	1.308665e-06	9.883068e-07	8.754944e-01	
13107	1.308765e-06	-9.59163e-07	8.766859e-01	
13108	1.308865e-06	1.001794e-06	8.778759e-01	
13109	1.308965e-06	-9.72132e-07	8.790643e-01	
13110	1.309065e-06	1.015172e-06	8.802513e-01	
13111	1.309165e-06	-9.84997e-07	8.814366e-01	
13112	1.309265e-06	1.028442e-06	8.826206e-01	
13113	1.309365e-06	-9.97760e-07	8.838029e-01	
13114	1.309465e-06	1.041610e-06	8.849838e-01	
13115	1.309565e-06	-1.01042e-06	8.861631e-01	
13116	1.309665e-06	1.054677e-06	8.873410e-01	
13117	1.309765e-06	-1.02299e-06	8.885172e-01	
13118	1.309865e-06	1.067647e-06	8.896921e-01	
13119	1.309965e-06	-1.03547e-06	8.908654e-01	
13120	1.310065e-06	1.080521e-06	8.920372e-01	
13121	1.310165e-06	-1.04785e-06	8.932074e-01	
13122	1.310265e-06	1.093301e-06	8.943763e-01	
13123	1.310365e-06	-1.06015e-06	8.955435e-01	
13124	1.310465e-06	1.105987e-06	8.967094e-01	
13125	1.310565e-06	-1.07235e-06	8.978736e-01	
13126	1.310665e-06	1.118582e-06	8.990365e-01	
13127	1.310765e-06	-1.08446e-06	9.001977e-01	
13128	1.310865e-06	1.131087e-06	9.013576e-01	
13129	1.310965e-06	-1.09649e-06	9.025159e-01	
13130	1.311065e-06	1.143501e-06	9.036728e-01	
13131	1.311165e-06	-1.10843e-06	9.048281e-01	
13132	1.311265e-06	1.155826e-06	9.059820e-01	
13133	1.311365e-06	-1.12029e-06	9.071343e-01	
13134	1.311465e-06	1.168063e-06	9.082853e-01	
13135	1.311565e-06	-1.13206e-06	9.094347e-01	
13136	1.311665e-06	1.180212e-06	9.105826e-01	
13137	1.311765e-06	-1.14374e-06	9.117291e-01	
13138	1.311865e-06	1.192273e-06	9.128741e-01	
13139	1.311965e-06	-1.15535e-06	9.140176e-01	
13140	1.312065e-06	1.204248e-06	9.151597e-01	
13141	1.312165e-06	-1.16686e-06	9.163002e-01	
13142	1.312265e-06	1.216137e-06	9.174394e-01	
13143	1.312365e-06	-1.17830e-06	9.185770e-01	
13144	1.312465e-06	1.227940e-06	9.197132e-01	
13145	1.312565e-06	-1.18965e-06	9.208479e-01	
13146	1.312665e-06	1.239657e-06	9.219812e-01	
13147	1.312765e-06	-1.20092e-06	9.231129e-01	
13148	1.312865e-06	1.251290e-06	9.242433e-01	
13149	1.312965e-06	-1.21210e-06	9.253722e-01	
13150	1.313065e-06	1.262839e-06	9.264996e-01	
13151	1.313165e-06	-1.22321e-06	9.276256e-01	
13152	1.313265e-06	1.274305e-06	9.287501e-01	
13153	1.313365e-06	-1.23423e-06	9.298732e-01	
13154	1.313465e-06	1.285687e-06	9.309949e-01	
13155	1.313565e-06	-1.24517e-06	9.321150e-01	
13156	1.313665e-06	1.296986e-06	9.332338e-01	
13157	1.313765e-06	-1.25604e-06	9.343511e-01	
13158	1.313865e-06	1.308204e-06	9.354670e-01	
13159	1.313965e-06	-1.26682e-06	9.365813e-01	
13160	1.314065e-06	1.319340e-06	9.376944e-01	
13161	1.314165e-06	-1.27752e-06	9.388059e-01	
13162	1.314265e-06	1.330395e-06	9.399160e-01	

Index   time            vout2           v(x2.comp_p_0/v 
--------------------------------------------------------------------------------
13163	1.314365e-06	-1.28814e-06	9.410247e-01	
13164	1.314465e-06	1.341369e-06	9.421320e-01	
13165	1.314565e-06	-1.29868e-06	9.432378e-01	
13166	1.314665e-06	1.352264e-06	9.443422e-01	
13167	1.314765e-06	-1.30914e-06	9.454451e-01	
13168	1.314865e-06	1.363080e-06	9.465467e-01	
13169	1.314965e-06	-1.31953e-06	9.476468e-01	
13170	1.315065e-06	1.373818e-06	9.487455e-01	
13171	1.315165e-06	-1.32983e-06	9.498428e-01	
13172	1.315265e-06	1.384477e-06	9.509387e-01	
13173	1.315365e-06	-1.34005e-06	9.520331e-01	
13174	1.315465e-06	1.395059e-06	9.531262e-01	
13175	1.315565e-06	-1.35020e-06	9.542178e-01	
13176	1.315665e-06	1.405563e-06	9.553081e-01	
13177	1.315765e-06	-1.36026e-06	9.563969e-01	
13178	1.315865e-06	1.415990e-06	9.574843e-01	
13179	1.315965e-06	-1.37025e-06	9.585703e-01	
13180	1.316065e-06	1.426337e-06	9.596549e-01	
13181	1.316165e-06	-1.38017e-06	9.607381e-01	
13182	1.316265e-06	1.436603e-06	9.618199e-01	
13183	1.316365e-06	-1.39001e-06	9.629003e-01	
13184	1.316465e-06	1.446981e-06	9.639793e-01	
13185	1.316565e-06	-1.40008e-06	9.650569e-01	
13186	1.316665e-06	1.457156e-06	9.661332e-01	
13187	1.316765e-06	-1.40971e-06	9.672080e-01	
13188	1.316865e-06	1.467112e-06	9.682815e-01	
13189	1.316965e-06	-1.41928e-06	9.693535e-01	
13190	1.317065e-06	1.476990e-06	9.704242e-01	
13191	1.317165e-06	-1.42879e-06	9.714934e-01	
13192	1.317265e-06	1.486795e-06	9.725614e-01	
13193	1.317365e-06	-1.43824e-06	9.736279e-01	
13194	1.317465e-06	1.496530e-06	9.746931e-01	
13195	1.317565e-06	-1.44763e-06	9.757568e-01	
13196	1.317665e-06	1.506202e-06	9.768192e-01	
13197	1.317765e-06	-1.45697e-06	9.778802e-01	
13198	1.317865e-06	1.515810e-06	9.789399e-01	
13199	1.317965e-06	-1.46624e-06	9.799981e-01	
13200	1.318065e-06	1.525344e-06	9.810551e-01	
13201	1.318165e-06	-1.47544e-06	9.821106e-01	
13202	1.318265e-06	1.534802e-06	9.831648e-01	
13203	1.318365e-06	-1.48457e-06	9.842176e-01	
13204	1.318465e-06	1.544188e-06	9.852691e-01	
13205	1.318565e-06	-1.49363e-06	9.863191e-01	
13206	1.318665e-06	1.553523e-06	9.873679e-01	
13207	1.318765e-06	-1.50266e-06	9.884152e-01	
13208	1.318865e-06	1.562831e-06	9.894613e-01	
13209	1.318965e-06	-1.51165e-06	9.905059e-01	
13210	1.319065e-06	1.572100e-06	9.915492e-01	
13211	1.319165e-06	-1.52060e-06	9.925912e-01	
13212	1.319265e-06	1.581318e-06	9.936318e-01	
13213	1.319365e-06	-1.52949e-06	9.946710e-01	
13214	1.319465e-06	1.590477e-06	9.957090e-01	
13215	1.319565e-06	-1.53832e-06	9.967455e-01	
13216	1.319665e-06	1.599571e-06	9.977808e-01	
13217	1.319765e-06	-1.54708e-06	9.988147e-01	
13218	1.319865e-06	1.608597e-06	9.998473e-01	
13219	1.319965e-06	-1.55577e-06	1.000878e+00	
13220	1.320065e-06	1.617550e-06	1.001908e+00	

Index   time            vout2           v(x2.comp_p_0/v 
--------------------------------------------------------------------------------
13221	1.320165e-06	-1.56438e-06	1.002937e+00	
13222	1.320265e-06	1.626428e-06	1.003964e+00	
13223	1.320365e-06	-1.57292e-06	1.004990e+00	
13224	1.320465e-06	1.635230e-06	1.006015e+00	
13225	1.320565e-06	-1.58139e-06	1.007038e+00	
13226	1.320665e-06	1.643953e-06	1.008060e+00	
13227	1.320765e-06	-1.58978e-06	1.009080e+00	
13228	1.320865e-06	1.652599e-06	1.010100e+00	
13229	1.320965e-06	-1.59809e-06	1.011117e+00	
13230	1.321065e-06	1.661167e-06	1.012134e+00	
13231	1.321165e-06	-1.60633e-06	1.013149e+00	
13232	1.321265e-06	1.669657e-06	1.014163e+00	
13233	1.321365e-06	-1.61449e-06	1.015176e+00	
13234	1.321465e-06	1.678072e-06	1.016187e+00	
13235	1.321565e-06	-1.62258e-06	1.017197e+00	
13236	1.321665e-06	1.686412e-06	1.018206e+00	
13237	1.321765e-06	-1.63059e-06	1.019214e+00	
13238	1.321865e-06	1.694677e-06	1.020220e+00	
13239	1.321965e-06	-1.63853e-06	1.021225e+00	
13240	1.322065e-06	1.702870e-06	1.022228e+00	
13241	1.322165e-06	-1.64641e-06	1.023230e+00	
13242	1.322265e-06	1.710990e-06	1.024231e+00	
13243	1.322365e-06	-1.65421e-06	1.025231e+00	
13244	1.322465e-06	1.719040e-06	1.026229e+00	
13245	1.322565e-06	-1.66195e-06	1.027226e+00	
13246	1.322665e-06	1.727019e-06	1.028222e+00	
13247	1.322765e-06	-1.66962e-06	1.029217e+00	
13248	1.322865e-06	1.734930e-06	1.030210e+00	
13249	1.322965e-06	-1.67722e-06	1.031202e+00	
13250	1.323065e-06	1.742772e-06	1.032192e+00	
13251	1.323165e-06	-1.68475e-06	1.033181e+00	
13252	1.323265e-06	1.750546e-06	1.034170e+00	
13253	1.323365e-06	-1.69222e-06	1.035156e+00	
13254	1.323465e-06	1.758252e-06	1.036142e+00	
13255	1.323565e-06	-1.69963e-06	1.037126e+00	
13256	1.323665e-06	1.765893e-06	1.038109e+00	
13257	1.323765e-06	-1.70697e-06	1.039091e+00	
13258	1.323865e-06	1.773468e-06	1.040071e+00	
13259	1.323965e-06	-1.71425e-06	1.041050e+00	
13260	1.324065e-06	1.780977e-06	1.042028e+00	
13261	1.324165e-06	-1.72147e-06	1.043005e+00	
13262	1.324265e-06	1.788421e-06	1.043980e+00	
13263	1.324365e-06	-1.72862e-06	1.044954e+00	
13264	1.324465e-06	1.795801e-06	1.045927e+00	
13265	1.324565e-06	-1.73571e-06	1.046898e+00	
13266	1.324665e-06	1.803118e-06	1.047869e+00	
13267	1.324765e-06	-1.74274e-06	1.048838e+00	
13268	1.324865e-06	1.810370e-06	1.049805e+00	
13269	1.324965e-06	-1.74971e-06	1.050772e+00	
13270	1.325065e-06	1.817560e-06	1.051737e+00	
13271	1.325165e-06	-1.75662e-06	1.052701e+00	
13272	1.325265e-06	1.824687e-06	1.053664e+00	
13273	1.325365e-06	-1.76346e-06	1.054625e+00	
13274	1.325465e-06	1.831752e-06	1.055586e+00	
13275	1.325565e-06	-1.77025e-06	1.056545e+00	
13276	1.325665e-06	1.838755e-06	1.057503e+00	
13277	1.325765e-06	-1.77698e-06	1.058459e+00	
13278	1.325865e-06	1.845696e-06	1.059414e+00	

Index   time            vout2           v(x2.comp_p_0/v 
--------------------------------------------------------------------------------
13279	1.325965e-06	-1.78365e-06	1.060368e+00	
13280	1.326065e-06	1.852577e-06	1.061321e+00	
13281	1.326165e-06	-1.79026e-06	1.062273e+00	
13282	1.326265e-06	1.859396e-06	1.063223e+00	
13283	1.326365e-06	-1.79681e-06	1.064172e+00	
13284	1.326465e-06	1.866155e-06	1.065120e+00	
13285	1.326565e-06	-1.80330e-06	1.066067e+00	
13286	1.326665e-06	1.872853e-06	1.067013e+00	
13287	1.326765e-06	-1.80974e-06	1.067957e+00	
13288	1.326865e-06	1.879492e-06	1.068900e+00	
13289	1.326965e-06	-1.81611e-06	1.069842e+00	
13290	1.327065e-06	1.886072e-06	1.070782e+00	
13291	1.327165e-06	-1.82243e-06	1.071722e+00	
13292	1.327265e-06	1.892593e-06	1.072660e+00	
13293	1.327365e-06	-1.82870e-06	1.073597e+00	
13294	1.327465e-06	1.899054e-06	1.074533e+00	
13295	1.327565e-06	-1.83490e-06	1.075467e+00	
13296	1.327665e-06	1.905457e-06	1.076400e+00	
13297	1.327765e-06	-1.84106e-06	1.077332e+00	
13298	1.327865e-06	1.911802e-06	1.078263e+00	
13299	1.327965e-06	-1.84715e-06	1.079193e+00	
13300	1.328065e-06	1.918090e-06	1.080122e+00	
13301	1.328165e-06	-1.85319e-06	1.081049e+00	
13302	1.328265e-06	1.924319e-06	1.081975e+00	
13303	1.328365e-06	-1.85917e-06	1.082900e+00	
13304	1.328465e-06	1.930491e-06	1.083824e+00	
13305	1.328565e-06	-1.86510e-06	1.084746e+00	
13306	1.328665e-06	1.936606e-06	1.085668e+00	
13307	1.328765e-06	-1.87097e-06	1.086588e+00	
13308	1.328865e-06	1.942665e-06	1.087507e+00	
13309	1.328965e-06	-1.87679e-06	1.088424e+00	
13310	1.329065e-06	1.948666e-06	1.089341e+00	
13311	1.329165e-06	-1.88255e-06	1.090256e+00	
13312	1.329265e-06	1.954612e-06	1.091171e+00	
13313	1.329365e-06	-1.88826e-06	1.092084e+00	
13314	1.329465e-06	1.960502e-06	1.092996e+00	
13315	1.329565e-06	-1.89392e-06	1.093906e+00	
13316	1.329665e-06	1.966336e-06	1.094816e+00	
13317	1.329765e-06	-1.89952e-06	1.095724e+00	
13318	1.329865e-06	1.972115e-06	1.096631e+00	
13319	1.329965e-06	-1.90507e-06	1.097537e+00	
13320	1.330065e-06	1.977838e-06	1.098442e+00	
13321	1.330165e-06	-1.91056e-06	1.099346e+00	
13322	1.330265e-06	1.983506e-06	1.100248e+00	
13323	1.330365e-06	-1.91600e-06	1.101150e+00	
13324	1.330465e-06	1.989121e-06	1.102050e+00	
13325	1.330565e-06	-1.92139e-06	1.102949e+00	
13326	1.330665e-06	1.994682e-06	1.103847e+00	
13327	1.330765e-06	-1.92673e-06	1.104744e+00	
13328	1.330865e-06	2.000188e-06	1.105639e+00	
13329	1.330965e-06	-1.93202e-06	1.106533e+00	
13330	1.331065e-06	2.005641e-06	1.107427e+00	
13331	1.331165e-06	-1.93725e-06	1.108319e+00	
13332	1.331265e-06	2.011041e-06	1.109210e+00	
13333	1.331365e-06	-1.94243e-06	1.110100e+00	
13334	1.331465e-06	2.016388e-06	1.110988e+00	
13335	1.331565e-06	-1.94757e-06	1.111876e+00	
13336	1.331665e-06	2.021681e-06	1.112762e+00	

Index   time            vout2           v(x2.comp_p_0/v 
--------------------------------------------------------------------------------
13337	1.331765e-06	-1.95265e-06	1.113647e+00	
13338	1.331865e-06	2.026922e-06	1.114531e+00	
13339	1.331965e-06	-1.95768e-06	1.115414e+00	
13340	1.332065e-06	2.032111e-06	1.116296e+00	
13341	1.332165e-06	-1.96266e-06	1.117177e+00	
13342	1.332265e-06	2.037248e-06	1.118056e+00	
13343	1.332365e-06	-1.96758e-06	1.118935e+00	
13344	1.332465e-06	2.042333e-06	1.119812e+00	
13345	1.332565e-06	-1.97246e-06	1.120688e+00	
13346	1.332665e-06	2.047367e-06	1.121563e+00	
13347	1.332765e-06	-1.97729e-06	1.122437e+00	
13348	1.332865e-06	2.052349e-06	1.123310e+00	
13349	1.332965e-06	-1.98207e-06	1.124182e+00	
13350	1.333065e-06	2.057281e-06	1.125052e+00	
13351	1.333165e-06	-1.98681e-06	1.125922e+00	
13352	1.333265e-06	2.062162e-06	1.126790e+00	
13353	1.333365e-06	-1.99149e-06	1.127657e+00	
13354	1.333465e-06	2.066992e-06	1.128523e+00	
13355	1.333565e-06	-1.99612e-06	1.129388e+00	
13356	1.333665e-06	2.071772e-06	1.130252e+00	
13357	1.333765e-06	-2.00071e-06	1.131115e+00	
13358	1.333865e-06	2.076503e-06	1.131976e+00	
13359	1.333965e-06	-2.00524e-06	1.132837e+00	
13360	1.334065e-06	2.081184e-06	1.133696e+00	
13361	1.334165e-06	-2.00973e-06	1.134555e+00	
13362	1.334265e-06	2.085815e-06	1.135412e+00	
13363	1.334365e-06	-2.01417e-06	1.136268e+00	
13364	1.334465e-06	2.090397e-06	1.137123e+00	
13365	1.334565e-06	-2.01857e-06	1.137977e+00	
13366	1.334665e-06	2.094931e-06	1.138830e+00	
13367	1.334765e-06	-2.02292e-06	1.139681e+00	
13368	1.334865e-06	2.099416e-06	1.140532e+00	
13369	1.334965e-06	-2.02722e-06	1.141381e+00	
13370	1.335065e-06	2.103852e-06	1.142230e+00	
13371	1.335165e-06	-2.03147e-06	1.143077e+00	
13372	1.335265e-06	2.108240e-06	1.143923e+00	
13373	1.335365e-06	-2.03568e-06	1.144769e+00	
13374	1.335465e-06	2.112581e-06	1.145613e+00	
13375	1.335565e-06	-2.03984e-06	1.146456e+00	
13376	1.335665e-06	2.116874e-06	1.147298e+00	
13377	1.335765e-06	-2.04395e-06	1.148138e+00	
13378	1.335865e-06	2.121120e-06	1.148978e+00	
13379	1.335965e-06	-2.04802e-06	1.149817e+00	
13380	1.336065e-06	2.125318e-06	1.150654e+00	
13381	1.336165e-06	-2.05205e-06	1.151491e+00	
13382	1.336265e-06	2.129470e-06	1.152326e+00	
13383	1.336365e-06	-2.05602e-06	1.153161e+00	
13384	1.336465e-06	2.133575e-06	1.153994e+00	
13385	1.336565e-06	-2.05996e-06	1.154826e+00	
13386	1.336665e-06	2.137634e-06	1.155657e+00	
13387	1.336765e-06	-2.06385e-06	1.156487e+00	
13388	1.336865e-06	2.141646e-06	1.157316e+00	
13389	1.336965e-06	-2.06769e-06	1.158144e+00	
13390	1.337065e-06	2.145613e-06	1.158971e+00	
13391	1.337165e-06	-2.07149e-06	1.159797e+00	
13392	1.337265e-06	2.149534e-06	1.160622e+00	
13393	1.337365e-06	-2.07525e-06	1.161445e+00	
13394	1.337465e-06	2.153410e-06	1.162268e+00	

Index   time            vout2           v(x2.comp_p_0/v 
--------------------------------------------------------------------------------
13395	1.337565e-06	-2.07896e-06	1.163090e+00	
13396	1.337665e-06	2.157240e-06	1.163910e+00	
13397	1.337765e-06	-2.08263e-06	1.164730e+00	
13398	1.337865e-06	2.161026e-06	1.165548e+00	
13399	1.337965e-06	-2.08625e-06	1.166365e+00	
13400	1.338065e-06	2.164767e-06	1.167182e+00	
13401	1.338165e-06	-2.08983e-06	1.167997e+00	
13402	1.338265e-06	2.168464e-06	1.168811e+00	
13403	1.338365e-06	-2.09337e-06	1.169624e+00	
13404	1.338465e-06	2.172116e-06	1.170436e+00	
13405	1.338565e-06	-2.09687e-06	1.171247e+00	
13406	1.338665e-06	2.175724e-06	1.172057e+00	
13407	1.338765e-06	-2.10032e-06	1.172866e+00	
13408	1.338865e-06	2.179289e-06	1.173674e+00	
13409	1.338965e-06	-2.10374e-06	1.174481e+00	
13410	1.339065e-06	2.182810e-06	1.175287e+00	
13411	1.339165e-06	-2.10710e-06	1.176092e+00	
13412	1.339265e-06	2.186288e-06	1.176895e+00	
13413	1.339365e-06	-2.11043e-06	1.177698e+00	
13414	1.339465e-06	2.189723e-06	1.178500e+00	
13415	1.339565e-06	-2.11372e-06	1.179300e+00	
13416	1.339665e-06	2.193115e-06	1.180100e+00	
13417	1.339765e-06	-2.11696e-06	1.180899e+00	
13418	1.339865e-06	2.196464e-06	1.181696e+00	
13419	1.339965e-06	-2.12017e-06	1.182492e+00	
13420	1.340065e-06	2.199772e-06	1.183288e+00	
13421	1.340165e-06	-2.12333e-06	1.184082e+00	
13422	1.340265e-06	2.203037e-06	1.184876e+00	
13423	1.340365e-06	-2.12645e-06	1.185668e+00	
13424	1.340465e-06	2.206260e-06	1.186459e+00	
13425	1.340565e-06	-2.12953e-06	1.187250e+00	
13426	1.340665e-06	2.209441e-06	1.188039e+00	
13427	1.340765e-06	-2.13257e-06	1.188827e+00	
13428	1.340865e-06	2.212581e-06	1.189614e+00	
13429	1.340965e-06	-2.13557e-06	1.190400e+00	
13430	1.341065e-06	2.215680e-06	1.191185e+00	
13431	1.341165e-06	-2.13853e-06	1.191969e+00	
13432	1.341265e-06	2.218738e-06	1.192753e+00	
13433	1.341365e-06	-2.14146e-06	1.193534e+00	
13434	1.341465e-06	2.221755e-06	1.194316e+00	
13435	1.341565e-06	-2.14434e-06	1.195095e+00	
13436	1.341665e-06	2.224731e-06	1.195874e+00	
13437	1.341765e-06	-2.14718e-06	1.196652e+00	
13438	1.341865e-06	2.227667e-06	1.197429e+00	
13439	1.341965e-06	-2.14998e-06	1.198205e+00	
13440	1.342065e-06	2.230563e-06	1.198980e+00	
13441	1.342165e-06	-2.15275e-06	1.199754e+00	
13442	1.342265e-06	2.233419e-06	1.200526e+00	
13443	1.342365e-06	-2.15547e-06	1.201298e+00	
13444	1.342465e-06	2.236236e-06	1.202069e+00	
13445	1.342565e-06	-2.15816e-06	1.202838e+00	
13446	1.342665e-06	2.239013e-06	1.203607e+00	
13447	1.342765e-06	-2.16081e-06	1.204375e+00	
13448	1.342865e-06	2.241750e-06	1.205141e+00	
13449	1.342965e-06	-2.16342e-06	1.205907e+00	
13450	1.343065e-06	2.244449e-06	1.206672e+00	
13451	1.343165e-06	-2.16599e-06	1.207435e+00	
13452	1.343265e-06	2.247108e-06	1.208198e+00	

Index   time            vout2           v(x2.comp_p_0/v 
--------------------------------------------------------------------------------
13453	1.343365e-06	-2.16853e-06	1.208959e+00	
13454	1.343465e-06	2.249729e-06	1.209720e+00	
13455	1.343565e-06	-2.17103e-06	1.210479e+00	
13456	1.343665e-06	2.252312e-06	1.211237e+00	
13457	1.343765e-06	-2.17349e-06	1.211995e+00	
13458	1.343865e-06	2.254856e-06	1.212751e+00	
13459	1.343965e-06	-2.17591e-06	1.213506e+00	
13460	1.344065e-06	2.257362e-06	1.214261e+00	
13461	1.344165e-06	-2.17830e-06	1.215014e+00	
13462	1.344265e-06	2.259830e-06	1.215767e+00	
13463	1.344365e-06	-2.18065e-06	1.216518e+00	
13464	1.344465e-06	2.262260e-06	1.217268e+00	
13465	1.344565e-06	-2.18297e-06	1.218017e+00	
13466	1.344665e-06	2.264653e-06	1.218766e+00	
13467	1.344765e-06	-2.18525e-06	1.219513e+00	
13468	1.344865e-06	2.267009e-06	1.220259e+00	
13469	1.344965e-06	-2.18749e-06	1.221004e+00	
13470	1.345065e-06	2.269327e-06	1.221749e+00	
13471	1.345165e-06	-2.18970e-06	1.222492e+00	
13472	1.345265e-06	2.271609e-06	1.223234e+00	
13473	1.345365e-06	-2.19187e-06	1.223975e+00	
13474	1.345465e-06	2.273854e-06	1.224716e+00	
13475	1.345565e-06	-2.19400e-06	1.225455e+00	
13476	1.345665e-06	2.276062e-06	1.226193e+00	
13477	1.345765e-06	-2.19611e-06	1.226931e+00	
13478	1.345865e-06	2.278234e-06	1.227667e+00	
13479	1.345965e-06	-2.19817e-06	1.228402e+00	
13480	1.346065e-06	2.280370e-06	1.229136e+00	
13481	1.346165e-06	-2.20020e-06	1.229870e+00	
13482	1.346265e-06	2.282470e-06	1.230602e+00	
13483	1.346365e-06	-2.20220e-06	1.231333e+00	
13484	1.346465e-06	2.284534e-06	1.232064e+00	
13485	1.346565e-06	-2.20416e-06	1.232793e+00	
13486	1.346665e-06	2.286563e-06	1.233521e+00	
13487	1.346765e-06	-2.20609e-06	1.234249e+00	
13488	1.346865e-06	2.288556e-06	1.234975e+00	
13489	1.346965e-06	-2.20799e-06	1.235701e+00	
13490	1.347065e-06	2.290514e-06	1.236425e+00	
13491	1.347165e-06	-2.20985e-06	1.237149e+00	
13492	1.347265e-06	2.292437e-06	1.237871e+00	
13493	1.347365e-06	-2.21168e-06	1.238593e+00	
13494	1.347465e-06	2.294325e-06	1.239313e+00	
13495	1.347565e-06	-2.21347e-06	1.240033e+00	
13496	1.347665e-06	2.296179e-06	1.240752e+00	
13497	1.347765e-06	-2.21523e-06	1.241469e+00	
13498	1.347865e-06	2.297998e-06	1.242186e+00	
13499	1.347965e-06	-2.21696e-06	1.242902e+00	
13500	1.348065e-06	2.299783e-06	1.243617e+00	
13501	1.348165e-06	-2.21865e-06	1.244330e+00	
13502	1.348265e-06	2.301533e-06	1.245043e+00	
13503	1.348365e-06	-2.22032e-06	1.245755e+00	
13504	1.348465e-06	2.303250e-06	1.246466e+00	
13505	1.348565e-06	-2.22195e-06	1.247176e+00	
13506	1.348665e-06	2.304933e-06	1.247885e+00	
13507	1.348765e-06	-2.22354e-06	1.248593e+00	
13508	1.348865e-06	2.306583e-06	1.249301e+00	
13509	1.348965e-06	-2.22511e-06	1.250007e+00	
13510	1.349065e-06	2.308199e-06	1.250712e+00	

Index   time            vout2           v(x2.comp_p_0/v 
--------------------------------------------------------------------------------
13511	1.349165e-06	-2.22664e-06	1.251416e+00	
13512	1.349265e-06	2.309782e-06	1.252120e+00	
13513	1.349365e-06	-2.22814e-06	1.252822e+00	
13514	1.349465e-06	2.311331e-06	1.253524e+00	
13515	1.349565e-06	-2.22961e-06	1.254224e+00	
13516	1.349665e-06	2.312850e-06	1.254924e+00	
13517	1.349765e-06	-2.23106e-06	1.255623e+00	
13518	1.349865e-06	2.314337e-06	1.256321e+00	
13519	1.349965e-06	-2.23247e-06	1.257017e+00	
13520	1.350065e-06	2.315791e-06	1.257713e+00	
13521	1.350165e-06	-2.23384e-06	1.258408e+00	
13522	1.350265e-06	2.317212e-06	1.259102e+00	
13523	1.350365e-06	-2.23519e-06	1.259795e+00	
13524	1.350465e-06	2.318600e-06	1.260488e+00	
13525	1.350565e-06	-2.23651e-06	1.261179e+00	
13526	1.350665e-06	2.319956e-06	1.261869e+00	
13527	1.350765e-06	-2.23779e-06	1.262559e+00	
13528	1.350865e-06	2.321278e-06	1.263247e+00	
13529	1.350965e-06	-2.23904e-06	1.263935e+00	
13530	1.351065e-06	2.322569e-06	1.264622e+00	
13531	1.351165e-06	-2.24026e-06	1.265307e+00	
13532	1.351265e-06	2.323827e-06	1.265992e+00	
13533	1.351365e-06	-2.24145e-06	1.266676e+00	
13534	1.351465e-06	2.325052e-06	1.267359e+00	
13535	1.351565e-06	-2.24262e-06	1.268041e+00	
13536	1.351665e-06	2.326245e-06	1.268723e+00	
13537	1.351765e-06	-2.24374e-06	1.269403e+00	
13538	1.351865e-06	2.327406e-06	1.270082e+00	
13539	1.351965e-06	-2.24484e-06	1.270761e+00	
13540	1.352065e-06	2.328534e-06	1.271439e+00	
13541	1.352165e-06	-2.24591e-06	1.272115e+00	
13542	1.352265e-06	2.329629e-06	1.272791e+00	
13543	1.352365e-06	-2.24695e-06	1.273466e+00	
13544	1.352465e-06	2.330693e-06	1.274140e+00	
13545	1.352565e-06	-2.24795e-06	1.274813e+00	
13546	1.352665e-06	2.331730e-06	1.275486e+00	
13547	1.352765e-06	-2.24894e-06	1.276157e+00	
13548	1.352865e-06	2.332746e-06	1.276828e+00	
13549	1.352965e-06	-2.24991e-06	1.277497e+00	
13550	1.353065e-06	2.333741e-06	1.278166e+00	
13551	1.353165e-06	-2.25086e-06	1.278834e+00	
13552	1.353265e-06	2.334717e-06	1.279501e+00	
13553	1.353365e-06	-2.25177e-06	1.280167e+00	
13554	1.353465e-06	2.335631e-06	1.280833e+00	
13555	1.353565e-06	-2.25264e-06	1.281497e+00	
13556	1.353665e-06	2.336539e-06	1.282161e+00	
13557	1.353765e-06	-2.25351e-06	1.282823e+00	
13558	1.353865e-06	2.337441e-06	1.283485e+00	
13559	1.353965e-06	-2.25436e-06	1.284146e+00	
13560	1.354065e-06	2.338318e-06	1.284806e+00	
13561	1.354165e-06	-2.25520e-06	1.285466e+00	
13562	1.354265e-06	2.339209e-06	1.286124e+00	
13563	1.354365e-06	-2.25602e-06	1.286782e+00	
13564	1.354465e-06	2.340061e-06	1.287439e+00	
13565	1.354565e-06	-2.25679e-06	1.288095e+00	
13566	1.354665e-06	2.340900e-06	1.288750e+00	
13567	1.354765e-06	-2.25754e-06	1.289404e+00	
13568	1.354865e-06	2.341700e-06	1.290058e+00	

Index   time            vout2           v(x2.comp_p_0/v 
--------------------------------------------------------------------------------
13569	1.354965e-06	-2.25823e-06	1.290710e+00	
13570	1.355065e-06	2.342439e-06	1.291362e+00	
13571	1.355165e-06	-2.25889e-06	1.292013e+00	
13572	1.355265e-06	2.343108e-06	1.292663e+00	
13573	1.355365e-06	-2.25952e-06	1.293313e+00	
13574	1.355465e-06	2.343714e-06	1.293961e+00	
13575	1.355565e-06	-2.26013e-06	1.294609e+00	
13576	1.355665e-06	2.344271e-06	1.295256e+00	
13577	1.355765e-06	-2.26083e-06	1.295902e+00	
13578	1.355865e-06	2.344994e-06	1.296548e+00	
13579	1.355965e-06	-2.26145e-06	1.297193e+00	
13580	1.356065e-06	2.345462e-06	1.297837e+00	
13581	1.356165e-06	-2.29338e-06	1.298480e+00	
13582	1.356265e-06	2.338040e-06	1.299122e+00	
13583	1.356365e-06	-2.25960e-06	1.299764e+00	
13584	1.356465e-06	2.343907e-06	1.300405e+00	
13585	1.356565e-06	-2.26094e-06	1.301045e+00	
13586	1.356665e-06	2.344875e-06	1.301685e+00	
13587	1.356765e-06	-2.26189e-06	1.302323e+00	
13588	1.356865e-06	2.345633e-06	1.302961e+00	
13589	1.356965e-06	-2.26274e-06	1.303599e+00	
13590	1.357065e-06	2.346157e-06	1.304235e+00	
13591	1.357165e-06	-2.26370e-06	1.304871e+00	
13592	1.357265e-06	2.346108e-06	1.305507e+00	
13593	1.357365e-06	-2.26558e-06	1.306141e+00	
13594	1.357465e-06	2.343921e-06	1.306775e+00	
13595	1.357565e-06	-2.27166e-06	1.307408e+00	
13596	1.357665e-06	2.334154e-06	1.308041e+00	
13597	1.357765e-06	-2.28927e-06	1.308673e+00	
13598	1.357865e-06	2.305608e-06	1.309304e+00	
13599	1.357965e-06	-2.32965e-06	1.309935e+00	
13600	1.358065e-06	2.258193e-06	1.310565e+00	
13601	1.358165e-06	-2.39935e-06	1.311194e+00	
13602	1.358265e-06	2.135306e-06	1.311822e+00	
13603	1.358365e-06	-2.68089e-06	1.312450e+00	
13604	1.358465e-06	1.567846e-06	1.313077e+00	
13605	1.358565e-06	-3.47911e-06	1.313704e+00	
13606	1.358665e-06	1.857691e-06	1.314329e+00	
13607	1.358765e-06	7.994856e-06	1.314955e+00	
13608	1.358865e-06	5.395793e-05	1.315587e+00	
13609	1.358965e-06	8.927509e-05	1.316230e+00	
13610	1.359065e-06	9.410226e-05	1.316886e+00	
13611	1.359165e-06	7.171643e-05	1.317554e+00	
13612	1.359265e-06	-1.85721e-04	1.318217e+00	
13613	1.359365e-06	-1.80051e-03	1.318678e+00	
13614	1.359465e-06	-5.93871e-03	1.318127e+00	
13615	1.359565e-06	-1.54382e-02	1.316645e+00	
13616	1.359665e-06	-5.23419e-02	1.314959e+00	
13617	1.359765e-06	1.338444e+00	1.313270e+00	
13618	1.359865e-06	1.848603e+00	1.311577e+00	
13619	1.359965e-06	1.763027e+00	1.309885e+00	
13620	1.360065e-06	1.825732e+00	1.308192e+00	
13621	1.360165e-06	1.781197e+00	1.306501e+00	
13622	1.360265e-06	1.812818e+00	1.304810e+00	
13623	1.360365e-06	1.790495e+00	1.303122e+00	
13624	1.360465e-06	1.806400e+00	1.301435e+00	
13625	1.360565e-06	1.795087e+00	1.299750e+00	
13626	1.360665e-06	1.803195e+00	1.298067e+00	

Index   time            vout2           v(x2.comp_p_0/v 
--------------------------------------------------------------------------------
13627	1.360765e-06	1.797387e+00	1.296386e+00	
13628	1.360865e-06	1.801578e+00	1.294707e+00	
13629	1.360965e-06	1.798551e+00	1.293030e+00	
13630	1.361065e-06	1.800756e+00	1.291356e+00	
13631	1.361165e-06	1.799144e+00	1.289684e+00	
13632	1.361265e-06	1.800338e+00	1.288013e+00	
13633	1.361365e-06	1.799446e+00	1.286346e+00	
13634	1.361465e-06	1.800124e+00	1.284680e+00	
13635	1.361565e-06	1.799601e+00	1.283016e+00	
13636	1.361665e-06	1.800014e+00	1.281355e+00	
13637	1.361765e-06	1.799681e+00	1.279696e+00	
13638	1.361865e-06	1.799958e+00	1.278039e+00	
13639	1.361965e-06	1.799721e+00	1.276384e+00	
13640	1.362065e-06	1.799930e+00	1.274731e+00	
13641	1.362165e-06	1.799743e+00	1.273081e+00	
13642	1.362265e-06	1.799915e+00	1.271433e+00	
13643	1.362365e-06	1.799754e+00	1.269787e+00	
13644	1.362465e-06	1.799908e+00	1.268143e+00	
13645	1.362565e-06	1.799760e+00	1.266501e+00	
13646	1.362665e-06	1.799904e+00	1.264862e+00	
13647	1.362765e-06	1.799763e+00	1.263225e+00	
13648	1.362865e-06	1.799902e+00	1.261589e+00	
13649	1.362965e-06	1.799765e+00	1.259957e+00	
13650	1.363065e-06	1.799901e+00	1.258326e+00	
13651	1.363165e-06	1.799766e+00	1.256697e+00	
13652	1.363265e-06	1.799900e+00	1.255071e+00	
13653	1.363365e-06	1.799767e+00	1.253446e+00	
13654	1.363465e-06	1.799900e+00	1.251824e+00	
13655	1.363565e-06	1.799768e+00	1.250204e+00	
13656	1.363665e-06	1.799900e+00	1.248586e+00	
13657	1.363765e-06	1.799768e+00	1.246971e+00	
13658	1.363865e-06	1.799900e+00	1.245357e+00	
13659	1.363965e-06	1.799769e+00	1.243746e+00	
13660	1.364065e-06	1.799900e+00	1.242136e+00	
13661	1.364165e-06	1.799769e+00	1.240529e+00	
13662	1.364265e-06	1.799900e+00	1.238924e+00	
13663	1.364365e-06	1.799770e+00	1.237322e+00	
13664	1.364465e-06	1.799897e+00	1.235721e+00	
13665	1.364565e-06	1.799769e+00	1.234122e+00	
13666	1.364665e-06	1.799898e+00	1.232526e+00	
13667	1.364765e-06	1.799769e+00	1.230931e+00	
13668	1.364865e-06	1.799898e+00	1.229339e+00	
13669	1.364965e-06	1.799770e+00	1.227749e+00	
13670	1.365065e-06	1.799898e+00	1.226161e+00	
13671	1.365165e-06	1.799767e+00	1.224575e+00	
13672	1.365265e-06	1.799897e+00	1.222992e+00	
13673	1.365365e-06	1.799769e+00	1.221410e+00	
13674	1.365465e-06	1.799896e+00	1.219830e+00	
13675	1.365565e-06	1.799769e+00	1.218253e+00	
13676	1.365665e-06	1.799896e+00	1.216678e+00	
13677	1.365765e-06	1.799770e+00	1.215104e+00	
13678	1.365865e-06	1.799896e+00	1.213533e+00	
13679	1.365965e-06	1.799771e+00	1.211964e+00	
13680	1.366065e-06	1.799896e+00	1.210397e+00	
13681	1.366165e-06	1.799771e+00	1.208833e+00	
13682	1.366265e-06	1.799896e+00	1.207270e+00	
13683	1.366365e-06	1.799772e+00	1.205709e+00	
13684	1.366465e-06	1.799896e+00	1.204150e+00	

Index   time            vout2           v(x2.comp_p_0/v 
--------------------------------------------------------------------------------
13685	1.366565e-06	1.799772e+00	1.202594e+00	
13686	1.366665e-06	1.799896e+00	1.201039e+00	
13687	1.366765e-06	1.799773e+00	1.199487e+00	
13688	1.366865e-06	1.799896e+00	1.197937e+00	
13689	1.366965e-06	1.799773e+00	1.196389e+00	
13690	1.367065e-06	1.799896e+00	1.194842e+00	
13691	1.367165e-06	1.799774e+00	1.193298e+00	
13692	1.367265e-06	1.799896e+00	1.191756e+00	
13693	1.367365e-06	1.799774e+00	1.190216e+00	
13694	1.367465e-06	1.799899e+00	1.188678e+00	
13695	1.367565e-06	1.799776e+00	1.187142e+00	
13696	1.367665e-06	1.799899e+00	1.185608e+00	
13697	1.367765e-06	1.799776e+00	1.184076e+00	
13698	1.367865e-06	1.799898e+00	1.182546e+00	
13699	1.367965e-06	1.799777e+00	1.181019e+00	
13700	1.368065e-06	1.799898e+00	1.179493e+00	
13701	1.368165e-06	1.799777e+00	1.177969e+00	
13702	1.368265e-06	1.799898e+00	1.176447e+00	
13703	1.368365e-06	1.799778e+00	1.174927e+00	
13704	1.368465e-06	1.799898e+00	1.173410e+00	
13705	1.368565e-06	1.799778e+00	1.171894e+00	
13706	1.368665e-06	1.799898e+00	1.170380e+00	
13707	1.368765e-06	1.799782e+00	1.168868e+00	
13708	1.368865e-06	1.799897e+00	1.167359e+00	
13709	1.368965e-06	1.799781e+00	1.165851e+00	
13710	1.369065e-06	1.799900e+00	1.164345e+00	
13711	1.369165e-06	1.799779e+00	1.162841e+00	
13712	1.369265e-06	1.799899e+00	1.161340e+00	
13713	1.369365e-06	1.799780e+00	1.159840e+00	
13714	1.369465e-06	1.799899e+00	1.158342e+00	
13715	1.369565e-06	1.799781e+00	1.156846e+00	
13716	1.369665e-06	1.799899e+00	1.155352e+00	
13717	1.369765e-06	1.799781e+00	1.153860e+00	
13718	1.369865e-06	1.799896e+00	1.152370e+00	
13719	1.369965e-06	1.799781e+00	1.150882e+00	
13720	1.370065e-06	1.799896e+00	1.149396e+00	
13721	1.370165e-06	1.799781e+00	1.147912e+00	
13722	1.370265e-06	1.799897e+00	1.146430e+00	
13723	1.370365e-06	1.799784e+00	1.144950e+00	
13724	1.370465e-06	1.799900e+00	1.143472e+00	
13725	1.370565e-06	1.799785e+00	1.141995e+00	
13726	1.370665e-06	1.799900e+00	1.140521e+00	
13727	1.370765e-06	1.799785e+00	1.139048e+00	
13728	1.370865e-06	1.799900e+00	1.137578e+00	
13729	1.370965e-06	1.799786e+00	1.136109e+00	
13730	1.371065e-06	1.799898e+00	1.134643e+00	
13731	1.371165e-06	1.799782e+00	1.133178e+00	
13732	1.371265e-06	1.799897e+00	1.131715e+00	
13733	1.371365e-06	1.799783e+00	1.130254e+00	
13734	1.371465e-06	1.799897e+00	1.128795e+00	
13735	1.371565e-06	1.799784e+00	1.127338e+00	
13736	1.371665e-06	1.799897e+00	1.125882e+00	
13737	1.371765e-06	1.799784e+00	1.124429e+00	
13738	1.371865e-06	1.799897e+00	1.122978e+00	
13739	1.371965e-06	1.799785e+00	1.121528e+00	
13740	1.372065e-06	1.799897e+00	1.120080e+00	
13741	1.372165e-06	1.799788e+00	1.118635e+00	
13742	1.372265e-06	1.799898e+00	1.117191e+00	

Index   time            vout2           v(x2.comp_p_0/v 
--------------------------------------------------------------------------------
13743	1.372365e-06	1.799788e+00	1.115749e+00	
13744	1.372465e-06	1.799899e+00	1.114308e+00	
13745	1.372565e-06	1.799788e+00	1.112870e+00	
13746	1.372665e-06	1.799899e+00	1.111434e+00	
13747	1.372765e-06	1.799788e+00	1.109999e+00	
13748	1.372865e-06	1.799899e+00	1.108566e+00	
13749	1.372965e-06	1.799789e+00	1.107135e+00	
13750	1.373065e-06	1.799899e+00	1.105706e+00	
13751	1.373165e-06	1.799789e+00	1.104279e+00	
13752	1.373265e-06	1.799899e+00	1.102854e+00	
13753	1.373365e-06	1.799790e+00	1.101431e+00	
13754	1.373465e-06	1.799899e+00	1.100009e+00	
13755	1.373565e-06	1.799790e+00	1.098589e+00	
13756	1.373665e-06	1.799901e+00	1.097171e+00	
13757	1.373765e-06	1.799791e+00	1.095755e+00	
13758	1.373865e-06	1.799901e+00	1.094341e+00	
13759	1.373965e-06	1.799792e+00	1.092929e+00	
13760	1.374065e-06	1.799901e+00	1.091518e+00	
13761	1.374165e-06	1.799792e+00	1.090109e+00	
13762	1.374265e-06	1.799901e+00	1.088703e+00	
13763	1.374365e-06	1.799793e+00	1.087298e+00	
13764	1.374465e-06	1.799901e+00	1.085894e+00	
13765	1.374565e-06	1.799793e+00	1.084493e+00	
13766	1.374665e-06	1.799901e+00	1.083094e+00	
13767	1.374765e-06	1.799794e+00	1.081696e+00	
13768	1.374865e-06	1.799901e+00	1.080300e+00	
13769	1.374965e-06	1.799794e+00	1.078906e+00	
13770	1.375065e-06	1.799901e+00	1.077514e+00	
13771	1.375165e-06	1.799795e+00	1.076124e+00	
13772	1.375265e-06	1.799901e+00	1.074735e+00	
13773	1.375365e-06	1.799795e+00	1.073349e+00	
13774	1.375465e-06	1.799901e+00	1.071964e+00	
13775	1.375565e-06	1.799795e+00	1.070581e+00	
13776	1.375665e-06	1.799901e+00	1.069200e+00	
13777	1.375765e-06	1.799796e+00	1.067820e+00	
13778	1.375865e-06	1.799901e+00	1.066443e+00	
13779	1.375965e-06	1.799796e+00	1.065067e+00	
13780	1.376065e-06	1.799901e+00	1.063694e+00	
13781	1.376165e-06	1.799797e+00	1.062322e+00	
13782	1.376265e-06	1.799901e+00	1.060952e+00	
13783	1.376365e-06	1.799797e+00	1.059584e+00	
13784	1.376465e-06	1.799901e+00	1.058217e+00	
13785	1.376565e-06	1.799797e+00	1.056853e+00	
13786	1.376665e-06	1.799901e+00	1.055490e+00	
13787	1.376765e-06	1.799798e+00	1.054130e+00	
13788	1.376865e-06	1.799901e+00	1.052771e+00	
13789	1.376965e-06	1.799798e+00	1.051415e+00	
13790	1.377065e-06	1.799901e+00	1.050060e+00	
13791	1.377165e-06	1.799798e+00	1.048707e+00	
13792	1.377265e-06	1.799900e+00	1.047356e+00	
13793	1.377365e-06	1.799799e+00	1.046007e+00	
13794	1.377465e-06	1.799900e+00	1.044660e+00	
13795	1.377565e-06	1.799799e+00	1.043315e+00	
13796	1.377665e-06	1.799900e+00	1.041972e+00	
13797	1.377765e-06	1.799799e+00	1.040631e+00	
13798	1.377865e-06	1.799900e+00	1.039292e+00	
13799	1.377965e-06	1.799799e+00	1.037955e+00	
13800	1.378065e-06	1.799900e+00	1.036619e+00	

Index   time            vout2           v(x2.comp_p_0/v 
--------------------------------------------------------------------------------
13801	1.378165e-06	1.799800e+00	1.035286e+00	
13802	1.378265e-06	1.799900e+00	1.033954e+00	
13803	1.378365e-06	1.799800e+00	1.032624e+00	
13804	1.378465e-06	1.799900e+00	1.031296e+00	
13805	1.378565e-06	1.799800e+00	1.029970e+00	
13806	1.378665e-06	1.799900e+00	1.028646e+00	
13807	1.378765e-06	1.799801e+00	1.027324e+00	
13808	1.378865e-06	1.799900e+00	1.026003e+00	
13809	1.378965e-06	1.799801e+00	1.024685e+00	
13810	1.379065e-06	1.799900e+00	1.023368e+00	
13811	1.379165e-06	1.799801e+00	1.022053e+00	
13812	1.379265e-06	1.799900e+00	1.020739e+00	
13813	1.379365e-06	1.799801e+00	1.019428e+00	
13814	1.379465e-06	1.799899e+00	1.018118e+00	
13815	1.379565e-06	1.799802e+00	1.016810e+00	
13816	1.379665e-06	1.799899e+00	1.015503e+00	
13817	1.379765e-06	1.799802e+00	1.014199e+00	
13818	1.379865e-06	1.799899e+00	1.012896e+00	
13819	1.379965e-06	1.799802e+00	1.011595e+00	
13820	1.380065e-06	1.799899e+00	1.010295e+00	
13821	1.380165e-06	1.799803e+00	1.008998e+00	
13822	1.380265e-06	1.799899e+00	1.007701e+00	
13823	1.380365e-06	1.799803e+00	1.006407e+00	
13824	1.380465e-06	1.799899e+00	1.005114e+00	
13825	1.380565e-06	1.799803e+00	1.003823e+00	
13826	1.380665e-06	1.799899e+00	1.002534e+00	
13827	1.380765e-06	1.799803e+00	1.001246e+00	
13828	1.380865e-06	1.799899e+00	9.999604e-01	
13829	1.380965e-06	1.799804e+00	9.986760e-01	
13830	1.381065e-06	1.799899e+00	9.973933e-01	
13831	1.381165e-06	1.799804e+00	9.961123e-01	
13832	1.381265e-06	1.799899e+00	9.948329e-01	
13833	1.381365e-06	1.799804e+00	9.935552e-01	
13834	1.381465e-06	1.799899e+00	9.922791e-01	
13835	1.381565e-06	1.799805e+00	9.910047e-01	
13836	1.381665e-06	1.799899e+00	9.897318e-01	
13837	1.381765e-06	1.799805e+00	9.884607e-01	
13838	1.381865e-06	1.799898e+00	9.871911e-01	
13839	1.381965e-06	1.799805e+00	9.859231e-01	
13840	1.382065e-06	1.799898e+00	9.846568e-01	
13841	1.382165e-06	1.799805e+00	9.833921e-01	
13842	1.382265e-06	1.799898e+00	9.821290e-01	
13843	1.382365e-06	1.799806e+00	9.808676e-01	
13844	1.382465e-06	1.799898e+00	9.796077e-01	
13845	1.382565e-06	1.799806e+00	9.783495e-01	
13846	1.382665e-06	1.799898e+00	9.770929e-01	
13847	1.382765e-06	1.799806e+00	9.758379e-01	
13848	1.382865e-06	1.799898e+00	9.745844e-01	
13849	1.382965e-06	1.799807e+00	9.733326e-01	
13850	1.383065e-06	1.799898e+00	9.720824e-01	
13851	1.383165e-06	1.799807e+00	9.708338e-01	
13852	1.383265e-06	1.799898e+00	9.695867e-01	
13853	1.383365e-06	1.799807e+00	9.683413e-01	
13854	1.383465e-06	1.799898e+00	9.670974e-01	
13855	1.383565e-06	1.799808e+00	9.658551e-01	
13856	1.383665e-06	1.799898e+00	9.646144e-01	
13857	1.383765e-06	1.799808e+00	9.633753e-01	
13858	1.383865e-06	1.799898e+00	9.621377e-01	

Index   time            vout2           v(x2.comp_p_0/v 
--------------------------------------------------------------------------------
13859	1.383965e-06	1.799808e+00	9.609017e-01	
13860	1.384065e-06	1.799898e+00	9.596672e-01	
13861	1.384165e-06	1.799808e+00	9.584344e-01	
13862	1.384265e-06	1.799898e+00	9.572031e-01	
13863	1.384365e-06	1.799809e+00	9.559734e-01	
13864	1.384465e-06	1.799898e+00	9.547452e-01	
13865	1.384565e-06	1.799809e+00	9.535186e-01	
13866	1.384665e-06	1.799898e+00	9.522935e-01	
13867	1.384765e-06	1.799809e+00	9.510700e-01	
13868	1.384865e-06	1.799898e+00	9.498480e-01	
13869	1.384965e-06	1.799810e+00	9.486276e-01	
13870	1.385065e-06	1.799898e+00	9.474087e-01	
13871	1.385165e-06	1.799810e+00	9.461914e-01	
13872	1.385265e-06	1.799897e+00	9.449756e-01	
13873	1.385365e-06	1.799810e+00	9.437614e-01	
13874	1.385465e-06	1.799897e+00	9.425486e-01	
13875	1.385565e-06	1.799810e+00	9.413375e-01	
13876	1.385665e-06	1.799897e+00	9.401278e-01	
13877	1.385765e-06	1.799811e+00	9.389197e-01	
13878	1.385865e-06	1.799897e+00	9.377130e-01	
13879	1.385965e-06	1.799811e+00	9.365080e-01	
13880	1.386065e-06	1.799897e+00	9.353044e-01	
13881	1.386165e-06	1.799811e+00	9.341023e-01	
13882	1.386265e-06	1.799897e+00	9.329017e-01	
13883	1.386365e-06	1.799812e+00	9.317027e-01	
13884	1.386465e-06	1.799897e+00	9.305051e-01	
13885	1.386565e-06	1.799812e+00	9.293090e-01	
13886	1.386665e-06	1.799897e+00	9.281144e-01	
13887	1.386765e-06	1.799812e+00	9.269212e-01	
13888	1.386865e-06	1.799897e+00	9.257295e-01	
13889	1.386965e-06	1.799812e+00	9.245392e-01	
13890	1.387065e-06	1.799897e+00	9.233503e-01	
13891	1.387165e-06	1.799813e+00	9.221628e-01	
13892	1.387265e-06	1.799897e+00	9.209767e-01	
13893	1.387365e-06	1.799813e+00	9.197919e-01	
13894	1.387465e-06	1.799897e+00	9.186085e-01	
13895	1.387565e-06	1.799813e+00	9.174263e-01	
13896	1.387665e-06	1.799897e+00	9.162455e-01	
13897	1.387765e-06	1.799814e+00	9.150660e-01	
13898	1.387865e-06	1.799897e+00	9.138877e-01	
13899	1.387965e-06	1.799814e+00	9.127107e-01	
13900	1.388065e-06	1.799897e+00	9.115350e-01	
13901	1.388165e-06	1.799814e+00	9.103606e-01	
13902	1.388265e-06	1.799897e+00	9.091874e-01	
13903	1.388365e-06	1.799814e+00	9.080156e-01	
13904	1.388465e-06	1.799897e+00	9.068450e-01	
13905	1.388565e-06	1.799815e+00	9.056757e-01	
13906	1.388665e-06	1.799897e+00	9.045077e-01	
13907	1.388765e-06	1.799815e+00	9.033411e-01	
13908	1.388865e-06	1.799897e+00	9.021758e-01	
13909	1.388965e-06	1.799815e+00	9.010119e-01	
13910	1.389065e-06	1.799897e+00	8.998493e-01	
13911	1.389165e-06	1.799815e+00	8.986882e-01	
13912	1.389265e-06	1.799897e+00	8.975283e-01	
13913	1.389365e-06	1.799816e+00	8.963699e-01	
13914	1.389465e-06	1.799896e+00	8.952129e-01	
13915	1.389565e-06	1.799816e+00	8.940573e-01	
13916	1.389665e-06	1.799896e+00	8.929032e-01	

Index   time            vout2           v(x2.comp_p_0/v 
--------------------------------------------------------------------------------
13917	1.389765e-06	1.799816e+00	8.917504e-01	
13918	1.389865e-06	1.799896e+00	8.905991e-01	
13919	1.389965e-06	1.799817e+00	8.894492e-01	
13920	1.390065e-06	1.799896e+00	8.883008e-01	
13921	1.390165e-06	1.799817e+00	8.871538e-01	
13922	1.390265e-06	1.799896e+00	8.860082e-01	
13923	1.390365e-06	1.799817e+00	8.848642e-01	
13924	1.390465e-06	1.799896e+00	8.837215e-01	
13925	1.390565e-06	1.799817e+00	8.825804e-01	
13926	1.390665e-06	1.799896e+00	8.814406e-01	
13927	1.390765e-06	1.799818e+00	8.803024e-01	
13928	1.390865e-06	1.799896e+00	8.791656e-01	
13929	1.390965e-06	1.799818e+00	8.780302e-01	
13930	1.391065e-06	1.799896e+00	8.768963e-01	
13931	1.391165e-06	1.799818e+00	8.757640e-01	
13932	1.391265e-06	1.799896e+00	8.746330e-01	
13933	1.391365e-06	1.799818e+00	8.735035e-01	
13934	1.391465e-06	1.799896e+00	8.723754e-01	
13935	1.391565e-06	1.799819e+00	8.712489e-01	
13936	1.391665e-06	1.799896e+00	8.701238e-01	
13937	1.391765e-06	1.799819e+00	8.690001e-01	
13938	1.391865e-06	1.799896e+00	8.678779e-01	
13939	1.391965e-06	1.799819e+00	8.667572e-01	
13940	1.392065e-06	1.799896e+00	8.656378e-01	
13941	1.392165e-06	1.799819e+00	8.645200e-01	
13942	1.392265e-06	1.799896e+00	8.634036e-01	
13943	1.392365e-06	1.799820e+00	8.622887e-01	
13944	1.392465e-06	1.799896e+00	8.611752e-01	
13945	1.392565e-06	1.799820e+00	8.600632e-01	
13946	1.392665e-06	1.799896e+00	8.589526e-01	
13947	1.392765e-06	1.799820e+00	8.578434e-01	
13948	1.392865e-06	1.799896e+00	8.567357e-01	
13949	1.392965e-06	1.799820e+00	8.556295e-01	
13950	1.393065e-06	1.799896e+00	8.545246e-01	
13951	1.393165e-06	1.799821e+00	8.534212e-01	
13952	1.393265e-06	1.799896e+00	8.523193e-01	
13953	1.393365e-06	1.799821e+00	8.512188e-01	
13954	1.393465e-06	1.799896e+00	8.501197e-01	
13955	1.393565e-06	1.799821e+00	8.490220e-01	
13956	1.393665e-06	1.799896e+00	8.479258e-01	
13957	1.393765e-06	1.799821e+00	8.468310e-01	
13958	1.393865e-06	1.799896e+00	8.457377e-01	
13959	1.393965e-06	1.799822e+00	8.446457e-01	
13960	1.394065e-06	1.799896e+00	8.435552e-01	
13961	1.394165e-06	1.799822e+00	8.424661e-01	
13962	1.394265e-06	1.799895e+00	8.413784e-01	
13963	1.394365e-06	1.799822e+00	8.402922e-01	
13964	1.394465e-06	1.799895e+00	8.392073e-01	
13965	1.394565e-06	1.799822e+00	8.381239e-01	
13966	1.394665e-06	1.799895e+00	8.370419e-01	
13967	1.394765e-06	1.799823e+00	8.359613e-01	
13968	1.394865e-06	1.799895e+00	8.348821e-01	
13969	1.394965e-06	1.799823e+00	8.338043e-01	
13970	1.395065e-06	1.799895e+00	8.327279e-01	
13971	1.395165e-06	1.799823e+00	8.316530e-01	
13972	1.395265e-06	1.799895e+00	8.305794e-01	
13973	1.395365e-06	1.799823e+00	8.295072e-01	
13974	1.395465e-06	1.799895e+00	8.284364e-01	

Index   time            vout2           v(x2.comp_p_0/v 
--------------------------------------------------------------------------------
13975	1.395565e-06	1.799824e+00	8.273671e-01	
13976	1.395665e-06	1.799895e+00	8.262991e-01	
13977	1.395765e-06	1.799824e+00	8.252325e-01	
13978	1.395865e-06	1.799895e+00	8.241673e-01	
13979	1.395965e-06	1.799824e+00	8.231035e-01	
13980	1.396065e-06	1.799895e+00	8.220411e-01	
13981	1.396165e-06	1.799824e+00	8.209800e-01	
13982	1.396265e-06	1.799895e+00	8.199204e-01	
13983	1.396365e-06	1.799825e+00	8.188621e-01	
13984	1.396465e-06	1.799895e+00	8.178052e-01	
13985	1.396565e-06	1.799825e+00	8.167497e-01	
13986	1.396665e-06	1.799895e+00	8.156956e-01	
13987	1.396765e-06	1.799825e+00	8.146429e-01	
13988	1.396865e-06	1.799895e+00	8.135915e-01	
13989	1.396965e-06	1.799825e+00	8.125415e-01	
13990	1.397065e-06	1.799895e+00	8.114928e-01	
13991	1.397165e-06	1.799826e+00	8.104456e-01	
13992	1.397265e-06	1.799895e+00	8.093997e-01	
13993	1.397365e-06	1.799826e+00	8.083551e-01	
13994	1.397465e-06	1.799895e+00	8.073120e-01	
13995	1.397565e-06	1.799826e+00	8.062702e-01	
13996	1.397665e-06	1.799895e+00	8.052297e-01	
13997	1.397765e-06	1.799826e+00	8.041906e-01	
13998	1.397865e-06	1.799895e+00	8.031529e-01	
13999	1.397965e-06	1.799827e+00	8.021165e-01	
14000	1.398065e-06	1.799895e+00	8.010815e-01	
14001	1.398165e-06	1.799827e+00	8.000478e-01	
14002	1.398265e-06	1.799895e+00	7.990155e-01	
14003	1.398365e-06	1.799827e+00	7.979845e-01	
14004	1.398465e-06	1.799895e+00	7.969548e-01	
14005	1.398565e-06	1.799827e+00	7.959266e-01	
14006	1.398665e-06	1.799895e+00	7.948996e-01	
14007	1.398765e-06	1.799828e+00	7.938740e-01	
14008	1.398865e-06	1.799895e+00	7.928497e-01	
14009	1.398965e-06	1.799828e+00	7.918268e-01	
14010	1.399065e-06	1.799895e+00	7.908052e-01	
14011	1.399165e-06	1.799828e+00	7.897850e-01	
14012	1.399265e-06	1.799895e+00	7.887660e-01	
14013	1.399365e-06	1.799828e+00	7.877484e-01	
14014	1.399465e-06	1.799894e+00	7.867322e-01	
14015	1.399565e-06	1.799828e+00	7.857172e-01	
14016	1.399665e-06	1.799894e+00	7.847036e-01	
14017	1.399765e-06	1.799829e+00	7.836913e-01	
14018	1.399865e-06	1.799894e+00	7.826803e-01	
14019	1.399965e-06	1.799829e+00	7.816707e-01	
14020	1.400065e-06	1.799894e+00	7.806623e-01	
14021	1.400165e-06	1.799829e+00	7.796553e-01	
14022	1.400265e-06	1.799894e+00	7.786496e-01	
14023	1.400365e-06	1.799829e+00	7.776452e-01	
14024	1.400465e-06	1.799894e+00	7.766421e-01	
14025	1.400565e-06	1.799830e+00	7.756403e-01	
14026	1.400665e-06	1.799894e+00	7.746398e-01	
14027	1.400765e-06	1.799830e+00	7.736407e-01	
14028	1.400865e-06	1.799894e+00	7.726428e-01	
14029	1.400965e-06	1.799830e+00	7.716463e-01	
14030	1.401065e-06	1.799894e+00	7.706510e-01	
14031	1.401165e-06	1.799830e+00	7.696571e-01	
14032	1.401265e-06	1.799894e+00	7.686644e-01	

Index   time            vout2           v(x2.comp_p_0/v 
--------------------------------------------------------------------------------
14033	1.401365e-06	1.799830e+00	7.676730e-01	
14034	1.401465e-06	1.799894e+00	7.666829e-01	
14035	1.401565e-06	1.799831e+00	7.656942e-01	
14036	1.401665e-06	1.799894e+00	7.647066e-01	
14037	1.401765e-06	1.799831e+00	7.637205e-01	
14038	1.401865e-06	1.799894e+00	7.627355e-01	
14039	1.401965e-06	1.799831e+00	7.617519e-01	
14040	1.402065e-06	1.799894e+00	7.607695e-01	
14041	1.402165e-06	1.799831e+00	7.597885e-01	
14042	1.402265e-06	1.799894e+00	7.588087e-01	
14043	1.402365e-06	1.799832e+00	7.578302e-01	
14044	1.402465e-06	1.799894e+00	7.568529e-01	
14045	1.402565e-06	1.799832e+00	7.558769e-01	
14046	1.402665e-06	1.799894e+00	7.549022e-01	
14047	1.402765e-06	1.799832e+00	7.539288e-01	
14048	1.402865e-06	1.799894e+00	7.529566e-01	
14049	1.402965e-06	1.799832e+00	7.519858e-01	
14050	1.403065e-06	1.799894e+00	7.510161e-01	
14051	1.403165e-06	1.799832e+00	7.500478e-01	
14052	1.403265e-06	1.799894e+00	7.490807e-01	
14053	1.403365e-06	1.799833e+00	7.481148e-01	
14054	1.403465e-06	1.799894e+00	7.471502e-01	
14055	1.403565e-06	1.799833e+00	7.461869e-01	
14056	1.403665e-06	1.799894e+00	7.452248e-01	
14057	1.403765e-06	1.799833e+00	7.442640e-01	
14058	1.403865e-06	1.799894e+00	7.433044e-01	
14059	1.403965e-06	1.799833e+00	7.423461e-01	
14060	1.404065e-06	1.799894e+00	7.413891e-01	
14061	1.404165e-06	1.799833e+00	7.404332e-01	
14062	1.404265e-06	1.799894e+00	7.394786e-01	
14063	1.404365e-06	1.799834e+00	7.385253e-01	
14064	1.404465e-06	1.799894e+00	7.375732e-01	
14065	1.404565e-06	1.799834e+00	7.366224e-01	
14066	1.404665e-06	1.799894e+00	7.356727e-01	
14067	1.404765e-06	1.799834e+00	7.347244e-01	
14068	1.404865e-06	1.799893e+00	7.337772e-01	
14069	1.404965e-06	1.799834e+00	7.328313e-01	
14070	1.405065e-06	1.799893e+00	7.318866e-01	
14071	1.405165e-06	1.799834e+00	7.309431e-01	
14072	1.405265e-06	1.799893e+00	7.300009e-01	
14073	1.405365e-06	1.799835e+00	7.290599e-01	
14074	1.405465e-06	1.799893e+00	7.281201e-01	
14075	1.405565e-06	1.799835e+00	7.271815e-01	
14076	1.405665e-06	1.799893e+00	7.262442e-01	
14077	1.405765e-06	1.799835e+00	7.253080e-01	
14078	1.405865e-06	1.799893e+00	7.243731e-01	
14079	1.405965e-06	1.799835e+00	7.234394e-01	
14080	1.406065e-06	1.799893e+00	7.225069e-01	
14081	1.406165e-06	1.799835e+00	7.215757e-01	
14082	1.406265e-06	1.799893e+00	7.206456e-01	
14083	1.406365e-06	1.799836e+00	7.197168e-01	
14084	1.406465e-06	1.799893e+00	7.187891e-01	
14085	1.406565e-06	1.799836e+00	7.178627e-01	
14086	1.406665e-06	1.799893e+00	7.169374e-01	
14087	1.406765e-06	1.799836e+00	7.160134e-01	
14088	1.406865e-06	1.799893e+00	7.150905e-01	
14089	1.406965e-06	1.799836e+00	7.141689e-01	
14090	1.407065e-06	1.799893e+00	7.132484e-01	

Index   time            vout2           v(x2.comp_p_0/v 
--------------------------------------------------------------------------------
14091	1.407165e-06	1.799836e+00	7.123292e-01	
14092	1.407265e-06	1.799893e+00	7.114111e-01	
14093	1.407365e-06	1.799837e+00	7.104943e-01	
14094	1.407465e-06	1.799893e+00	7.095786e-01	
14095	1.407565e-06	1.799837e+00	7.086641e-01	
14096	1.407665e-06	1.799893e+00	7.077508e-01	
14097	1.407765e-06	1.799837e+00	7.068386e-01	
14098	1.407865e-06	1.799893e+00	7.059277e-01	
14099	1.407965e-06	1.799837e+00	7.050179e-01	
14100	1.408065e-06	1.799893e+00	7.041093e-01	
14101	1.408165e-06	1.799837e+00	7.032020e-01	
14102	1.408265e-06	1.799893e+00	7.022957e-01	
14103	1.408365e-06	1.799838e+00	7.013907e-01	
14104	1.408465e-06	1.799893e+00	7.004868e-01	
14105	1.408565e-06	1.799838e+00	6.995841e-01	
14106	1.408665e-06	1.799893e+00	6.986825e-01	
14107	1.408765e-06	1.799838e+00	6.977822e-01	
14108	1.408865e-06	1.799893e+00	6.968830e-01	
14109	1.408965e-06	1.799838e+00	6.959849e-01	
14110	1.409065e-06	1.799893e+00	6.950880e-01	
14111	1.409165e-06	1.799838e+00	6.941923e-01	
14112	1.409265e-06	1.799893e+00	6.932978e-01	
14113	1.409365e-06	1.799839e+00	6.924044e-01	
14114	1.409465e-06	1.799893e+00	6.915121e-01	
14115	1.409565e-06	1.799839e+00	6.906210e-01	
14116	1.409665e-06	1.799893e+00	6.897311e-01	
14117	1.409765e-06	1.799839e+00	6.888423e-01	
14118	1.409865e-06	1.799893e+00	6.879547e-01	
14119	1.409965e-06	1.799839e+00	6.870682e-01	
14120	1.410065e-06	1.799893e+00	6.861829e-01	
14121	1.410165e-06	1.799839e+00	6.852987e-01	
14122	1.410265e-06	1.799893e+00	6.844156e-01	
14123	1.410365e-06	1.799840e+00	6.835337e-01	
14124	1.410465e-06	1.799893e+00	6.826530e-01	
14125	1.410565e-06	1.799840e+00	6.817734e-01	
14126	1.410665e-06	1.799892e+00	6.808949e-01	
14127	1.410765e-06	1.799840e+00	6.800175e-01	
14128	1.410865e-06	1.799892e+00	6.791413e-01	
14129	1.410965e-06	1.799840e+00	6.782662e-01	
14130	1.411065e-06	1.799892e+00	6.773923e-01	
14131	1.411165e-06	1.799840e+00	6.765195e-01	
14132	1.411265e-06	1.799892e+00	6.756478e-01	
14133	1.411365e-06	1.799840e+00	6.747772e-01	
14134	1.411465e-06	1.799892e+00	6.739078e-01	
14135	1.411565e-06	1.799841e+00	6.730395e-01	
14136	1.411665e-06	1.799892e+00	6.721723e-01	
14137	1.411765e-06	1.799841e+00	6.713063e-01	
14138	1.411865e-06	1.799892e+00	6.704413e-01	
14139	1.411965e-06	1.799841e+00	6.695775e-01	
14140	1.412065e-06	1.799892e+00	6.687148e-01	
14141	1.412165e-06	1.799841e+00	6.678532e-01	
14142	1.412265e-06	1.799892e+00	6.669928e-01	
14143	1.412365e-06	1.799841e+00	6.661334e-01	
14144	1.412465e-06	1.799892e+00	6.652752e-01	
14145	1.412565e-06	1.799841e+00	6.644181e-01	
14146	1.412665e-06	1.799892e+00	6.635620e-01	
14147	1.412765e-06	1.799842e+00	6.627071e-01	
14148	1.412865e-06	1.799892e+00	6.618533e-01	

Index   time            vout2           v(x2.comp_p_0/v 
--------------------------------------------------------------------------------
14149	1.412965e-06	1.799842e+00	6.610007e-01	
14150	1.413065e-06	1.799892e+00	6.601491e-01	
14151	1.413165e-06	1.799842e+00	6.592986e-01	
14152	1.413265e-06	1.799892e+00	6.584492e-01	
14153	1.413365e-06	1.799842e+00	6.576010e-01	
14154	1.413465e-06	1.799892e+00	6.567538e-01	
14155	1.413565e-06	1.799842e+00	6.559078e-01	
14156	1.413665e-06	1.799892e+00	6.550628e-01	
14157	1.413765e-06	1.799843e+00	6.542189e-01	
14158	1.413865e-06	1.799892e+00	6.533762e-01	
14159	1.413965e-06	1.799843e+00	6.525345e-01	
14160	1.414065e-06	1.799892e+00	6.516939e-01	
14161	1.414165e-06	1.799843e+00	6.508545e-01	
14162	1.414265e-06	1.799892e+00	6.500161e-01	
14163	1.414365e-06	1.799843e+00	6.491788e-01	
14164	1.414465e-06	1.799892e+00	6.483426e-01	
14165	1.414565e-06	1.799843e+00	6.475075e-01	
14166	1.414665e-06	1.799892e+00	6.466735e-01	
14167	1.414765e-06	1.799843e+00	6.458406e-01	
14168	1.414865e-06	1.799892e+00	6.450088e-01	
14169	1.414965e-06	1.799844e+00	6.441780e-01	
14170	1.415065e-06	1.799892e+00	6.433484e-01	
14171	1.415165e-06	1.799844e+00	6.425198e-01	
14172	1.415265e-06	1.799892e+00	6.416923e-01	
14173	1.415365e-06	1.799844e+00	6.408659e-01	
14174	1.415465e-06	1.799892e+00	6.400406e-01	
14175	1.415565e-06	1.799844e+00	6.392164e-01	
14176	1.415665e-06	1.799892e+00	6.383932e-01	
14177	1.415765e-06	1.799844e+00	6.375712e-01	
14178	1.415865e-06	1.799892e+00	6.367502e-01	
14179	1.415965e-06	1.799844e+00	6.359303e-01	
14180	1.416065e-06	1.799892e+00	6.351114e-01	
14181	1.416165e-06	1.799845e+00	6.342937e-01	
14182	1.416265e-06	1.799892e+00	6.334770e-01	
14183	1.416365e-06	1.799845e+00	6.326614e-01	
14184	1.416465e-06	1.799892e+00	6.318468e-01	
14185	1.416565e-06	1.799845e+00	6.310334e-01	
14186	1.416665e-06	1.799892e+00	6.302210e-01	
14187	1.416765e-06	1.799845e+00	6.294097e-01	
14188	1.416865e-06	1.799891e+00	6.285994e-01	
14189	1.416965e-06	1.799845e+00	6.277903e-01	
14190	1.417065e-06	1.799891e+00	6.269821e-01	
14191	1.417165e-06	1.799845e+00	6.261751e-01	
14192	1.417265e-06	1.799891e+00	6.253691e-01	
14193	1.417365e-06	1.799846e+00	6.245642e-01	
14194	1.417465e-06	1.799891e+00	6.237603e-01	
14195	1.417565e-06	1.799846e+00	6.229575e-01	
14196	1.417665e-06	1.799891e+00	6.221557e-01	
14197	1.417765e-06	1.799846e+00	6.213551e-01	
14198	1.417865e-06	1.799891e+00	6.205554e-01	
14199	1.417965e-06	1.799846e+00	6.197568e-01	
14200	1.418065e-06	1.799891e+00	6.189593e-01	
14201	1.418165e-06	1.799846e+00	6.181628e-01	
14202	1.418265e-06	1.799891e+00	6.173674e-01	
14203	1.418365e-06	1.799846e+00	6.165730e-01	
14204	1.418465e-06	1.799891e+00	6.157797e-01	
14205	1.418565e-06	1.799847e+00	6.149874e-01	
14206	1.418665e-06	1.799891e+00	6.141962e-01	

Index   time            vout2           v(x2.comp_p_0/v 
--------------------------------------------------------------------------------
14207	1.418765e-06	1.799847e+00	6.134060e-01	
14208	1.418865e-06	1.799891e+00	6.126168e-01	
14209	1.418965e-06	1.799847e+00	6.118287e-01	
14210	1.419065e-06	1.799891e+00	6.110416e-01	
14211	1.419165e-06	1.799847e+00	6.102556e-01	
14212	1.419265e-06	1.799891e+00	6.094706e-01	
14213	1.419365e-06	1.799847e+00	6.086866e-01	
14214	1.419465e-06	1.799891e+00	6.079037e-01	
14215	1.419565e-06	1.799847e+00	6.071218e-01	
14216	1.419665e-06	1.799891e+00	6.063409e-01	
14217	1.419765e-06	1.799847e+00	6.055611e-01	
14218	1.419865e-06	1.799891e+00	6.047823e-01	
14219	1.419965e-06	1.799847e+00	6.040045e-01	
14220	1.420065e-06	1.799890e+00	6.032277e-01	
14221	1.420165e-06	1.799847e+00	6.024520e-01	
14222	1.420265e-06	1.799890e+00	6.016773e-01	
14223	1.420365e-06	1.799847e+00	6.009036e-01	
14224	1.420465e-06	1.799890e+00	6.001309e-01	
14225	1.420565e-06	1.799848e+00	5.993593e-01	
14226	1.420665e-06	1.799890e+00	5.985886e-01	
14227	1.420765e-06	1.799849e+00	5.978190e-01	
14228	1.420865e-06	1.799891e+00	5.970504e-01	
14229	1.420965e-06	1.799849e+00	5.962828e-01	
14230	1.421065e-06	1.799891e+00	5.955162e-01	
14231	1.421165e-06	1.799849e+00	5.947506e-01	
14232	1.421265e-06	1.799891e+00	5.939860e-01	
14233	1.421365e-06	1.799849e+00	5.932225e-01	
14234	1.421465e-06	1.799891e+00	5.924599e-01	
14235	1.421565e-06	1.799849e+00	5.916984e-01	
14236	1.421660e-06	1.799891e+00	5.909759e-01	
14237	1.421760e-06	1.799849e+00	5.902163e-01	
14238	1.421860e-06	1.799891e+00	5.894577e-01	
14239	1.421960e-06	1.799849e+00	5.887001e-01	
14240	1.422060e-06	1.799891e+00	5.879435e-01	
14241	1.422160e-06	1.799849e+00	5.871879e-01	
14242	1.422260e-06	1.799891e+00	5.864333e-01	
14243	1.422360e-06	1.799849e+00	5.856797e-01	
14244	1.422460e-06	1.799891e+00	5.849270e-01	
14245	1.422560e-06	1.799850e+00	5.841754e-01	
14246	1.422660e-06	1.799891e+00	5.834247e-01	
14247	1.422760e-06	1.799850e+00	5.826751e-01	
14248	1.422860e-06	1.799891e+00	5.819264e-01	
14249	1.422960e-06	1.799850e+00	5.811788e-01	
14250	1.423060e-06	1.799891e+00	5.804320e-01	
14251	1.423160e-06	1.799850e+00	5.796863e-01	
14252	1.423260e-06	1.799891e+00	5.789416e-01	
14253	1.423360e-06	1.799850e+00	5.781979e-01	
14254	1.423460e-06	1.799891e+00	5.774551e-01	
14255	1.423560e-06	1.799850e+00	5.767133e-01	
14256	1.423660e-06	1.799890e+00	5.759724e-01	
14257	1.423760e-06	1.799851e+00	5.752326e-01	
14258	1.423860e-06	1.799890e+00	5.744937e-01	
14259	1.423960e-06	1.799851e+00	5.737558e-01	
14260	1.424060e-06	1.799890e+00	5.730189e-01	
14261	1.424160e-06	1.799851e+00	5.722829e-01	
14262	1.424260e-06	1.799890e+00	5.715479e-01	
14263	1.424360e-06	1.799851e+00	5.708139e-01	
14264	1.424460e-06	1.799890e+00	5.700808e-01	

Index   time            vout2           v(x2.comp_p_0/v 
--------------------------------------------------------------------------------
14265	1.424560e-06	1.799851e+00	5.693487e-01	
14266	1.424660e-06	1.799890e+00	5.686175e-01	
14267	1.424760e-06	1.799851e+00	5.678874e-01	
14268	1.424860e-06	1.799890e+00	5.671581e-01	
14269	1.424960e-06	1.799851e+00	5.664299e-01	
14270	1.425060e-06	1.799890e+00	5.657025e-01	
14271	1.425160e-06	1.799852e+00	5.649762e-01	
14272	1.425260e-06	1.799890e+00	5.642507e-01	
14273	1.425360e-06	1.799852e+00	5.635263e-01	
14274	1.425460e-06	1.799890e+00	5.628027e-01	
14275	1.425560e-06	1.799852e+00	5.620801e-01	
14276	1.425660e-06	1.799890e+00	5.613585e-01	
14277	1.425760e-06	1.799852e+00	5.606378e-01	
14278	1.425860e-06	1.799890e+00	5.599180e-01	
14279	1.425960e-06	1.799852e+00	5.591991e-01	
14280	1.426060e-06	1.799890e+00	5.584812e-01	
14281	1.426160e-06	1.799852e+00	5.577642e-01	
14282	1.426260e-06	1.799890e+00	5.570481e-01	
14283	1.426360e-06	1.799852e+00	5.563329e-01	
14284	1.426460e-06	1.799890e+00	5.556186e-01	
14285	1.426560e-06	1.799852e+00	5.549053e-01	
14286	1.426660e-06	1.799890e+00	5.541928e-01	
14287	1.426760e-06	1.799853e+00	5.534812e-01	
14288	1.426860e-06	1.799890e+00	5.527704e-01	
14289	1.426960e-06	1.799853e+00	5.520606e-01	
14290	1.427060e-06	1.799890e+00	5.513515e-01	
14291	1.427160e-06	1.799853e+00	5.506434e-01	
14292	1.427260e-06	1.799890e+00	5.499360e-01	
14293	1.427360e-06	1.799853e+00	5.492295e-01	
14294	1.427460e-06	1.799890e+00	5.485237e-01	
14295	1.427560e-06	1.799853e+00	5.478188e-01	
14296	1.427660e-06	1.799890e+00	5.471145e-01	
14297	1.427760e-06	1.799853e+00	5.464111e-01	
14298	1.427860e-06	1.799890e+00	5.457084e-01	
14299	1.427960e-06	1.799853e+00	5.450064e-01	
14300	1.428060e-06	1.799890e+00	5.443051e-01	
14301	1.428160e-06	1.799854e+00	5.436045e-01	
14302	1.428260e-06	1.799890e+00	5.429045e-01	
14303	1.428360e-06	1.799854e+00	5.422053e-01	
14304	1.428460e-06	1.799890e+00	5.415066e-01	
14305	1.428560e-06	1.799854e+00	5.408087e-01	
14306	1.428660e-06	1.799890e+00	5.401114e-01	
14307	1.428760e-06	1.799854e+00	5.394147e-01	
14308	1.428860e-06	1.799890e+00	5.387187e-01	
14309	1.428960e-06	1.799854e+00	5.380233e-01	
14310	1.429060e-06	1.799890e+00	5.373286e-01	
14311	1.429160e-06	1.799854e+00	5.366346e-01	
14312	1.429260e-06	1.799890e+00	5.359412e-01	
14313	1.429360e-06	1.799854e+00	5.352486e-01	
14314	1.429460e-06	1.799890e+00	5.345566e-01	
14315	1.429560e-06	1.799854e+00	5.338654e-01	
14316	1.429660e-06	1.799890e+00	5.331749e-01	
14317	1.429760e-06	1.799855e+00	5.324851e-01	
14318	1.429860e-06	1.799890e+00	5.317962e-01	
14319	1.429960e-06	1.799855e+00	5.311080e-01	
14320	1.430060e-06	1.799890e+00	5.304205e-01	
14321	1.430160e-06	1.799855e+00	5.297339e-01	
14322	1.430260e-06	1.799889e+00	5.290481e-01	

Index   time            vout2           v(x2.comp_p_0/v 
--------------------------------------------------------------------------------
14323	1.430360e-06	1.799855e+00	5.283631e-01	
14324	1.430460e-06	1.799889e+00	5.276789e-01	
14325	1.430560e-06	1.799855e+00	5.269956e-01	
14326	1.430660e-06	1.799889e+00	5.263130e-01	
14327	1.430760e-06	1.799855e+00	5.256313e-01	
14328	1.430860e-06	1.799889e+00	5.249504e-01	
14329	1.430960e-06	1.799855e+00	5.242704e-01	
14330	1.431060e-06	1.799889e+00	5.235912e-01	
14331	1.431160e-06	1.799855e+00	5.229128e-01	
14332	1.431260e-06	1.799889e+00	5.222353e-01	
14333	1.431360e-06	1.799855e+00	5.215587e-01	
14334	1.431460e-06	1.799889e+00	5.208829e-01	
14335	1.431560e-06	1.799856e+00	5.202080e-01	
14336	1.431660e-06	1.799889e+00	5.195340e-01	
14337	1.431760e-06	1.799856e+00	5.188608e-01	
14338	1.431860e-06	1.799889e+00	5.181885e-01	
14339	1.431960e-06	1.799856e+00	5.175171e-01	
14340	1.432060e-06	1.799889e+00	5.168466e-01	
14341	1.432160e-06	1.799856e+00	5.161769e-01	
14342	1.432260e-06	1.799889e+00	5.155081e-01	
14343	1.432360e-06	1.799856e+00	5.148402e-01	
14344	1.432460e-06	1.799889e+00	5.141731e-01	
14345	1.432560e-06	1.799856e+00	5.135070e-01	
14346	1.432660e-06	1.799889e+00	5.128417e-01	
14347	1.432760e-06	1.799856e+00	5.121773e-01	
14348	1.432860e-06	1.799889e+00	5.115137e-01	
14349	1.432960e-06	1.799856e+00	5.108510e-01	
14350	1.433060e-06	1.799889e+00	5.101892e-01	
14351	1.433160e-06	1.799856e+00	5.095282e-01	
14352	1.433260e-06	1.799889e+00	5.088681e-01	
14353	1.433360e-06	1.799857e+00	5.082089e-01	
14354	1.433460e-06	1.799889e+00	5.075505e-01	
14355	1.433560e-06	1.799857e+00	5.068929e-01	
14356	1.433660e-06	1.799889e+00	5.062362e-01	
14357	1.433760e-06	1.799857e+00	5.055804e-01	
14358	1.433860e-06	1.799889e+00	5.049254e-01	
14359	1.433960e-06	1.799857e+00	5.042712e-01	
14360	1.434060e-06	1.799889e+00	5.036179e-01	
14361	1.434160e-06	1.799857e+00	5.029654e-01	
14362	1.434260e-06	1.799889e+00	5.023138e-01	
14363	1.434360e-06	1.799857e+00	5.016630e-01	
14364	1.434460e-06	1.799889e+00	5.010130e-01	
14365	1.434560e-06	1.799857e+00	5.003639e-01	
14366	1.434660e-06	1.799888e+00	4.997156e-01	
14367	1.434760e-06	1.799857e+00	4.990682e-01	
14368	1.434860e-06	1.799888e+00	4.984216e-01	
14369	1.434960e-06	1.799857e+00	4.977758e-01	
14370	1.435060e-06	1.799888e+00	4.971309e-01	
14371	1.435160e-06	1.799857e+00	4.964868e-01	
14372	1.435260e-06	1.799888e+00	4.958435e-01	
14373	1.435360e-06	1.799857e+00	4.952010e-01	
14374	1.435460e-06	1.799888e+00	4.945594e-01	
14375	1.435560e-06	1.799858e+00	4.939186e-01	
14376	1.435660e-06	1.799888e+00	4.932786e-01	
14377	1.435760e-06	1.799858e+00	4.926395e-01	
14378	1.435860e-06	1.799888e+00	4.920011e-01	
14379	1.435960e-06	1.799858e+00	4.913636e-01	
14380	1.436060e-06	1.799888e+00	4.907269e-01	

Index   time            vout2           v(x2.comp_p_0/v 
--------------------------------------------------------------------------------
14381	1.436160e-06	1.799858e+00	4.900911e-01	
14382	1.436260e-06	1.799888e+00	4.894560e-01	
14383	1.436360e-06	1.799858e+00	4.888218e-01	
14384	1.436460e-06	1.799888e+00	4.881884e-01	
14385	1.436560e-06	1.799858e+00	4.875558e-01	
14386	1.436660e-06	1.799888e+00	4.869240e-01	
14387	1.436760e-06	1.799858e+00	4.862931e-01	
14388	1.436860e-06	1.799888e+00	4.856630e-01	
14389	1.436960e-06	1.799858e+00	4.850336e-01	
14390	1.437060e-06	1.799888e+00	4.844051e-01	
14391	1.437160e-06	1.799858e+00	4.837774e-01	
14392	1.437260e-06	1.799888e+00	4.831505e-01	
14393	1.437360e-06	1.799858e+00	4.825244e-01	
14394	1.437460e-06	1.799888e+00	4.818991e-01	
14395	1.437560e-06	1.799858e+00	4.812747e-01	
14396	1.437660e-06	1.799888e+00	4.806510e-01	
14397	1.437760e-06	1.799858e+00	4.800282e-01	
14398	1.437860e-06	1.799888e+00	4.794061e-01	
14399	1.437960e-06	1.799859e+00	4.787849e-01	
14400	1.438060e-06	1.799888e+00	4.781644e-01	
14401	1.438160e-06	1.799859e+00	4.775448e-01	
14402	1.438260e-06	1.799887e+00	4.769259e-01	
14403	1.438360e-06	1.799859e+00	4.763078e-01	
14404	1.438460e-06	1.799887e+00	4.756906e-01	
14405	1.438560e-06	1.799859e+00	4.750741e-01	
14406	1.438660e-06	1.799887e+00	4.744584e-01	
14407	1.438760e-06	1.799859e+00	4.738436e-01	
14408	1.438860e-06	1.799887e+00	4.732294e-01	
14409	1.438960e-06	1.799858e+00	4.726162e-01	
14410	1.439060e-06	1.799887e+00	4.720036e-01	
14411	1.439160e-06	1.799858e+00	4.713919e-01	
14412	1.439260e-06	1.799886e+00	4.707809e-01	
14413	1.439360e-06	1.799858e+00	4.701708e-01	
14414	1.439460e-06	1.799886e+00	4.695613e-01	
14415	1.439560e-06	1.799858e+00	4.689527e-01	
14416	1.439660e-06	1.799886e+00	4.683449e-01	
14417	1.439760e-06	1.799858e+00	4.677378e-01	
14418	1.439860e-06	1.799885e+00	4.671315e-01	
14419	1.439960e-06	1.799857e+00	4.665260e-01	
14420	1.440060e-06	1.799885e+00	4.659212e-01	
14421	1.440160e-06	1.799857e+00	4.653172e-01	
14422	1.440260e-06	1.799884e+00	4.647140e-01	
14423	1.440360e-06	1.799857e+00	4.641115e-01	
14424	1.440460e-06	1.799883e+00	4.635098e-01	
14425	1.440560e-06	1.799856e+00	4.629089e-01	
14426	1.440660e-06	1.799883e+00	4.623087e-01	
14427	1.440760e-06	1.799856e+00	4.617093e-01	
14428	1.440860e-06	1.799882e+00	4.611107e-01	
14429	1.440960e-06	1.799855e+00	4.605128e-01	
14430	1.441060e-06	1.799881e+00	4.599157e-01	
14431	1.441160e-06	1.799854e+00	4.593194e-01	
14432	1.441260e-06	1.799880e+00	4.587238e-01	
14433	1.441360e-06	1.799854e+00	4.581290e-01	
14434	1.441460e-06	1.799879e+00	4.575350e-01	
14435	1.441560e-06	1.799853e+00	4.569417e-01	
14436	1.441660e-06	1.799878e+00	4.563492e-01	
14437	1.441760e-06	1.799852e+00	4.557574e-01	
14438	1.441860e-06	1.799877e+00	4.551664e-01	

Index   time            vout2           v(x2.comp_p_0/v 
--------------------------------------------------------------------------------
14439	1.441960e-06	1.799851e+00	4.545761e-01	
14440	1.442060e-06	1.799875e+00	4.539866e-01	
14441	1.442160e-06	1.799850e+00	4.533978e-01	
14442	1.442260e-06	1.799874e+00	4.528097e-01	
14443	1.442360e-06	1.799849e+00	4.522224e-01	
14444	1.442460e-06	1.799872e+00	4.516357e-01	
14445	1.442560e-06	1.799848e+00	4.510498e-01	
14446	1.442660e-06	1.799871e+00	4.504646e-01	
14447	1.442760e-06	1.799847e+00	4.498802e-01	
14448	1.442860e-06	1.799871e+00	4.492964e-01	
14449	1.442960e-06	1.799848e+00	4.487134e-01	
14450	1.443060e-06	1.799873e+00	4.481311e-01	
14451	1.443160e-06	1.799850e+00	4.475496e-01	
14452	1.443260e-06	1.799877e+00	4.469687e-01	
14453	1.443360e-06	1.799857e+00	4.463886e-01	
14454	1.443460e-06	1.799890e+00	4.458092e-01	
14455	1.443560e-06	1.799876e+00	4.452306e-01	
14456	1.443660e-06	1.799920e+00	4.446527e-01	
14457	1.443760e-06	1.799917e+00	4.440755e-01	
14458	1.443860e-06	1.799980e+00	4.434990e-01	
14459	1.443960e-06	1.799997e+00	4.429233e-01	
14460	1.444060e-06	1.800088e+00	4.423483e-01	
14461	1.444160e-06	1.800138e+00	4.417740e-01	
14462	1.444260e-06	1.800272e+00	4.412005e-01	
14463	1.444360e-06	1.800381e+00	4.406279e-01	
14464	1.444460e-06	1.800597e+00	4.400561e-01	
14465	1.444560e-06	1.800829e+00	4.394853e-01	
14466	1.444660e-06	1.801244e+00	4.389157e-01	
14467	1.444760e-06	1.801815e+00	4.383476e-01	
14468	1.444860e-06	1.802861e+00	4.377818e-01	
14469	1.444960e-06	1.804619e+00	4.372195e-01	
14470	1.445060e-06	1.807438e+00	4.366628e-01	
14471	1.445160e-06	1.811270e+00	4.361162e-01	
14472	1.445260e-06	1.817059e+00	4.355898e-01	
14473	1.445360e-06	1.828482e+00	4.351241e-01	
14474	1.445460e-06	1.824151e+00	4.350465e-01	
14475	1.445560e-06	6.418943e-01	4.361143e-01	
14476	1.445660e-06	-1.51835e-02	4.377877e-01	
14477	1.445751e-06	2.097228e-02	4.393587e-01	
14478	1.445851e-06	-1.60444e-02	4.411135e-01	
14479	1.445951e-06	1.399805e-02	4.428604e-01	
14480	1.446051e-06	-1.20044e-02	4.446122e-01	
14481	1.446151e-06	1.048129e-02	4.463589e-01	
14482	1.446251e-06	-9.02054e-03	4.481062e-01	
14483	1.446351e-06	7.869010e-03	4.498505e-01	
14484	1.446451e-06	-6.78701e-03	4.515936e-01	
14485	1.446551e-06	5.916282e-03	4.533346e-01	
14486	1.446651e-06	-5.11061e-03	4.550738e-01	
14487	1.446751e-06	4.452432e-03	4.568110e-01	
14488	1.446851e-06	-3.85046e-03	4.585461e-01	
14489	1.446951e-06	3.353181e-03	4.602793e-01	
14490	1.447051e-06	-2.90235e-03	4.620102e-01	
14491	1.447151e-06	2.526833e-03	4.637393e-01	
14492	1.447251e-06	-2.18864e-03	4.654660e-01	
14493	1.447351e-06	1.905202e-03	4.671907e-01	
14494	1.447451e-06	-1.65121e-03	4.689130e-01	
14495	1.447551e-06	1.437353e-03	4.706335e-01	
14496	1.447651e-06	-1.24644e-03	4.723514e-01	

Index   time            vout2           v(x2.comp_p_0/v 
--------------------------------------------------------------------------------
14497	1.447751e-06	1.085130e-03	4.740674e-01	
14498	1.447851e-06	-9.41536e-04	4.757810e-01	
14499	1.447951e-06	8.198965e-04	4.774926e-01	
14500	1.448051e-06	-7.11846e-04	4.792017e-01	
14501	1.448151e-06	6.201366e-04	4.809089e-01	
14502	1.448251e-06	-5.38805e-04	4.826135e-01	
14503	1.448351e-06	4.696707e-04	4.843163e-01	
14504	1.448451e-06	-4.08435e-04	4.860165e-01	
14505	1.448551e-06	3.563257e-04	4.877147e-01	
14506	1.448651e-06	-3.10212e-04	4.894105e-01	
14507	1.448751e-06	2.709390e-04	4.911043e-01	
14508	1.448851e-06	-2.36209e-04	4.927956e-01	
14509	1.448951e-06	2.066122e-04	4.944849e-01	
14510	1.449051e-06	-1.80453e-04	4.961718e-01	
14511	1.449151e-06	1.581502e-04	4.978567e-01	
14512	1.449251e-06	-1.38446e-04	4.995391e-01	
14513	1.449351e-06	1.216414e-04	5.012195e-01	
14514	1.449451e-06	-1.06798e-04	5.028975e-01	
14515	1.449551e-06	9.413612e-05	5.045735e-01	
14516	1.449651e-06	-8.29552e-05	5.062470e-01	
14517	1.449751e-06	7.341550e-05	5.079186e-01	
14518	1.449851e-06	-6.49932e-05	5.095877e-01	
14519	1.449951e-06	5.780665e-05	5.112548e-01	
14520	1.450051e-06	-5.14627e-05	5.129195e-01	
14521	1.450151e-06	4.604936e-05	5.145823e-01	
14522	1.450251e-06	-4.12712e-05	5.162425e-01	
14523	1.450351e-06	3.719412e-05	5.179008e-01	
14524	1.450451e-06	-3.35956e-05	5.195567e-01	
14525	1.450551e-06	3.052553e-05	5.212106e-01	
14526	1.450651e-06	-2.78158e-05	5.228621e-01	
14527	1.450751e-06	2.550454e-05	5.245116e-01	
14528	1.450851e-06	-2.34645e-05	5.261587e-01	
14529	1.450951e-06	2.172500e-05	5.278039e-01	
14530	1.451051e-06	-2.01895e-05	5.294466e-01	
14531	1.451151e-06	1.888087e-05	5.310873e-01	
14532	1.451251e-06	-1.77256e-05	5.327257e-01	
14533	1.451351e-06	1.674153e-05	5.343621e-01	
14534	1.451451e-06	-1.58726e-05	5.359961e-01	
14535	1.451551e-06	1.513325e-05	5.376282e-01	
14536	1.451651e-06	-1.44802e-05	5.392578e-01	
14537	1.451751e-06	1.392508e-05	5.408855e-01	
14538	1.451851e-06	-1.34346e-05	5.425108e-01	
14539	1.451951e-06	1.301838e-05	5.441343e-01	
14540	1.452051e-06	-1.26503e-05	5.457552e-01	
14541	1.452151e-06	1.233880e-05	5.473743e-01	
14542	1.452251e-06	-1.20630e-05	5.489910e-01	
14543	1.452351e-06	1.183032e-05	5.506058e-01	
14544	1.452451e-06	-1.16240e-05	5.522182e-01	
14545	1.452551e-06	1.145075e-05	5.538287e-01	
14546	1.452651e-06	-1.12967e-05	5.554368e-01	
14547	1.452751e-06	1.116827e-05	5.570430e-01	
14548	1.452851e-06	-1.10537e-05	5.586468e-01	
14549	1.452951e-06	1.095892e-05	5.602487e-01	
14550	1.453051e-06	-1.08740e-05	5.618483e-01	
14551	1.453151e-06	1.080464e-05	5.634460e-01	
14552	1.453251e-06	-1.07420e-05	5.650413e-01	
14553	1.453351e-06	1.069183e-05	5.666348e-01	
14554	1.453451e-06	-1.06460e-05	5.682258e-01	

Index   time            vout2           v(x2.comp_p_0/v 
--------------------------------------------------------------------------------
14555	1.453551e-06	1.061023e-05	5.698151e-01	
14556	1.453651e-06	-1.05770e-05	5.714019e-01	
14557	1.453751e-06	1.055211e-05	5.729869e-01	
14558	1.453851e-06	-1.05284e-05	5.745696e-01	
14559	1.453951e-06	1.051166e-05	5.761504e-01	
14560	1.454051e-06	-1.04951e-05	5.777289e-01	
14561	1.454151e-06	1.048449e-05	5.793055e-01	
14562	1.454251e-06	-1.04732e-05	5.808798e-01	
14563	1.454351e-06	1.046730e-05	5.824523e-01	
14564	1.454451e-06	-1.04600e-05	5.840224e-01	
14565	1.454551e-06	1.045759e-05	5.855907e-01	
14566	1.454651e-06	-1.04533e-05	5.871566e-01	
14567	1.454751e-06	1.045349e-05	5.887208e-01	
14568	1.454851e-06	-1.04514e-05	5.902826e-01	
14569	1.454951e-06	1.045358e-05	5.918426e-01	
14570	1.455051e-06	-1.04532e-05	5.934003e-01	
14571	1.455151e-06	1.045681e-05	5.949562e-01	
14572	1.455251e-06	-1.04576e-05	5.965098e-01	
14573	1.455351e-06	1.046236e-05	5.980616e-01	
14574	1.455451e-06	-1.04640e-05	5.996111e-01	
14575	1.455551e-06	1.046964e-05	6.011588e-01	
14576	1.455651e-06	-1.04720e-05	6.027042e-01	
14577	1.455751e-06	1.047818e-05	6.042478e-01	
14578	1.455851e-06	-1.04810e-05	6.057891e-01	
14579	1.455951e-06	1.048765e-05	6.073287e-01	
14580	1.456051e-06	-1.04907e-05	6.088659e-01	
14581	1.456151e-06	1.049778e-05	6.104014e-01	
14582	1.456251e-06	-1.05011e-05	6.119347e-01	
14583	1.456351e-06	1.050839e-05	6.134661e-01	
14584	1.456451e-06	-1.05118e-05	6.149953e-01	
14585	1.456551e-06	1.051932e-05	6.165227e-01	
14586	1.456651e-06	-1.05228e-05	6.180479e-01	
14587	1.456751e-06	1.053047e-05	6.195713e-01	
14588	1.456851e-06	-1.05340e-05	6.210925e-01	
14589	1.456951e-06	1.054176e-05	6.226119e-01	
14590	1.457051e-06	-1.05453e-05	6.241291e-01	
14591	1.457151e-06	1.055311e-05	6.256445e-01	
14592	1.457251e-06	-1.05566e-05	6.271577e-01	
14593	1.457351e-06	1.056449e-05	6.286692e-01	
14594	1.457451e-06	-1.05680e-05	6.301784e-01	
14595	1.457551e-06	1.057586e-05	6.316859e-01	
14596	1.457651e-06	-1.05793e-05	6.331912e-01	
14597	1.457751e-06	1.058718e-05	6.346948e-01	
14598	1.457851e-06	-1.05905e-05	6.361961e-01	
14599	1.457951e-06	1.059846e-05	6.376958e-01	
14600	1.458051e-06	-1.06017e-05	6.391932e-01	
14601	1.458151e-06	1.060966e-05	6.406889e-01	
14602	1.458251e-06	-1.06128e-05	6.421824e-01	
14603	1.458351e-06	1.062077e-05	6.436743e-01	
14604	1.458451e-06	-1.06239e-05	6.451639e-01	
14605	1.458551e-06	1.063180e-05	6.466518e-01	
14606	1.458651e-06	-1.06348e-05	6.481376e-01	
14607	1.458751e-06	1.064273e-05	6.496217e-01	
14608	1.458851e-06	-1.06456e-05	6.511036e-01	
14609	1.458951e-06	1.065356e-05	6.525838e-01	
14610	1.459051e-06	-1.06564e-05	6.540618e-01	
14611	1.459151e-06	1.066428e-05	6.555382e-01	
14612	1.459251e-06	-1.06670e-05	6.570124e-01	

Index   time            vout2           v(x2.comp_p_0/v 
--------------------------------------------------------------------------------
14613	1.459351e-06	1.067490e-05	6.584849e-01	
14614	1.459451e-06	-1.06775e-05	6.599553e-01	
14615	1.459551e-06	1.068541e-05	6.614240e-01	
14616	1.459651e-06	-1.06880e-05	6.628906e-01	
14617	1.459751e-06	1.069581e-05	6.643555e-01	
14618	1.459851e-06	-1.06983e-05	6.658183e-01	
14619	1.459951e-06	1.070610e-05	6.672794e-01	
14620	1.460051e-06	-1.07085e-05	6.687384e-01	
14621	1.460151e-06	1.071628e-05	6.701958e-01	
14622	1.460251e-06	-1.07186e-05	6.716510e-01	
14623	1.460351e-06	1.072635e-05	6.731046e-01	
14624	1.460451e-06	-1.07285e-05	6.745560e-01	
14625	1.460551e-06	1.073631e-05	6.760058e-01	
14626	1.460651e-06	-1.07384e-05	6.774536e-01	
14627	1.460751e-06	1.074615e-05	6.788996e-01	
14628	1.460851e-06	-1.07482e-05	6.803436e-01	
14629	1.460951e-06	1.075587e-05	6.817860e-01	
14630	1.461051e-06	-1.07579e-05	6.832262e-01	
14631	1.461151e-06	1.076548e-05	6.846648e-01	
14632	1.461251e-06	-1.07674e-05	6.861013e-01	
14633	1.461351e-06	1.077497e-05	6.875362e-01	
14634	1.461451e-06	-1.07769e-05	6.889690e-01	
14635	1.461551e-06	1.078433e-05	6.904002e-01	
14636	1.461651e-06	-1.07863e-05	6.918292e-01	
14637	1.461751e-06	1.079356e-05	6.932567e-01	
14638	1.461851e-06	-1.07956e-05	6.946820e-01	
14639	1.461951e-06	1.080265e-05	6.961057e-01	
14640	1.462051e-06	-1.08049e-05	6.975272e-01	
14641	1.462151e-06	1.081156e-05	6.989471e-01	
14642	1.462251e-06	-1.08140e-05	7.003648e-01	
14643	1.462351e-06	1.082018e-05	7.017809e-01	
14644	1.462451e-06	-1.08229e-05	7.031947e-01	
14645	1.462551e-06	1.082848e-05	7.046069e-01	
14646	1.462651e-06	-1.08315e-05	7.060168e-01	
14647	1.462751e-06	1.083641e-05	7.074249e-01	
14648	1.462851e-06	-1.08398e-05	7.088307e-01	
14649	1.462951e-06	1.084394e-05	7.102347e-01	
14650	1.463051e-06	-1.08477e-05	7.116364e-01	
14651	1.463151e-06	1.085116e-05	7.130362e-01	
14652	1.463251e-06	-1.08553e-05	7.144335e-01	
14653	1.463351e-06	1.085837e-05	7.158289e-01	
14654	1.463451e-06	-1.08627e-05	7.172219e-01	
14655	1.463551e-06	1.086578e-05	7.186129e-01	
14656	1.463651e-06	-1.08700e-05	7.200013e-01	
14657	1.463751e-06	1.087334e-05	7.213879e-01	
14658	1.463851e-06	-1.08772e-05	7.227719e-01	
14659	1.463951e-06	1.088097e-05	7.241540e-01	
14660	1.464051e-06	-1.08843e-05	7.255337e-01	
14661	1.464151e-06	1.088858e-05	7.269115e-01	
14662	1.464251e-06	-1.08912e-05	7.282870e-01	
14663	1.464351e-06	1.089610e-05	7.296606e-01	
14664	1.464451e-06	-1.08981e-05	7.310320e-01	
14665	1.464551e-06	1.090351e-05	7.324017e-01	
14666	1.464651e-06	-1.09050e-05	7.337692e-01	
14667	1.464751e-06	1.091080e-05	7.351350e-01	
14668	1.464851e-06	-1.09119e-05	7.364988e-01	
14669	1.464951e-06	1.091800e-05	7.378609e-01	
14670	1.465051e-06	-1.09188e-05	7.392210e-01	

Index   time            vout2           v(x2.comp_p_0/v 
--------------------------------------------------------------------------------
14671	1.465151e-06	1.092513e-05	7.405796e-01	
14672	1.465251e-06	-1.09260e-05	7.419362e-01	
14673	1.465351e-06	1.093079e-05	7.432914e-01	
14674	1.465451e-06	-1.09297e-05	7.446445e-01	
14675	1.465551e-06	1.093607e-05	7.459962e-01	
14676	1.465651e-06	-1.09365e-05	7.473460e-01	
14677	1.465751e-06	1.094332e-05	7.486944e-01	
14678	1.465851e-06	-1.09437e-05	7.500408e-01	
14679	1.465951e-06	1.095064e-05	7.513858e-01	
14680	1.466051e-06	-1.09510e-05	7.527289e-01	
14681	1.466151e-06	1.095791e-05	7.540706e-01	
14682	1.466251e-06	-1.09581e-05	7.554105e-01	
14683	1.466351e-06	1.096506e-05	7.567489e-01	
14684	1.466451e-06	-1.09651e-05	7.580854e-01	
14685	1.466551e-06	1.097209e-05	7.594205e-01	
14686	1.466651e-06	-1.09721e-05	7.607538e-01	
14687	1.466751e-06	1.097898e-05	7.620856e-01	
14688	1.466851e-06	-1.09789e-05	7.634156e-01	
14689	1.466951e-06	1.098573e-05	7.647442e-01	
14690	1.467051e-06	-1.09857e-05	7.660709e-01	
14691	1.467151e-06	1.099236e-05	7.673962e-01	
14692	1.467251e-06	-1.09923e-05	7.687196e-01	
14693	1.467351e-06	1.099892e-05	7.700417e-01	
14694	1.467451e-06	-1.09989e-05	7.713619e-01	
14695	1.467551e-06	1.100542e-05	7.726807e-01	
14696	1.467651e-06	-1.10053e-05	7.739977e-01	
14697	1.467751e-06	1.101184e-05	7.753132e-01	
14698	1.467851e-06	-1.10116e-05	7.766269e-01	
14699	1.467951e-06	1.101816e-05	7.779393e-01	
14700	1.468051e-06	-1.10178e-05	7.792498e-01	
14701	1.468151e-06	1.102437e-05	7.805589e-01	
14702	1.468251e-06	-1.10239e-05	7.818661e-01	
14703	1.468351e-06	1.103049e-05	7.831720e-01	
14704	1.468451e-06	-1.10300e-05	7.844761e-01	
14705	1.468551e-06	1.103653e-05	7.857788e-01	
14706	1.468651e-06	-1.10359e-05	7.870796e-01	
14707	1.468751e-06	1.104248e-05	7.883791e-01	
14708	1.468851e-06	-1.10418e-05	7.896767e-01	
14709	1.468951e-06	1.104837e-05	7.909730e-01	
14710	1.469051e-06	-1.10476e-05	7.922675e-01	
14711	1.469151e-06	1.105418e-05	7.935606e-01	
14712	1.469251e-06	-1.10533e-05	7.948519e-01	
14713	1.469351e-06	1.105992e-05	7.961418e-01	
14714	1.469451e-06	-1.10590e-05	7.974299e-01	
14715	1.469551e-06	1.106560e-05	7.987167e-01	
14716	1.469651e-06	-1.10645e-05	8.000016e-01	
14717	1.469751e-06	1.107120e-05	8.012852e-01	
14718	1.469851e-06	-1.10700e-05	8.025670e-01	
14719	1.469951e-06	1.107674e-05	8.038475e-01	
14720	1.470051e-06	-1.10754e-05	8.051261e-01	
14721	1.470151e-06	1.108221e-05	8.064035e-01	
14722	1.470251e-06	-1.10808e-05	8.076790e-01	
14723	1.470351e-06	1.108761e-05	8.089532e-01	
14724	1.470451e-06	-1.10861e-05	8.102256e-01	
14725	1.470551e-06	1.109293e-05	8.114967e-01	
14726	1.470651e-06	-1.10913e-05	8.127660e-01	
14727	1.470751e-06	1.109815e-05	8.140341e-01	
14728	1.470851e-06	-1.10964e-05	8.153003e-01	

Index   time            vout2           v(x2.comp_p_0/v 
--------------------------------------------------------------------------------
14729	1.470951e-06	1.110329e-05	8.165653e-01	
14730	1.471051e-06	-1.11014e-05	8.178285e-01	
14731	1.471151e-06	1.110833e-05	8.190905e-01	
14732	1.471251e-06	-1.11064e-05	8.203508e-01	
14733	1.471351e-06	1.111326e-05	8.216098e-01	
14734	1.471451e-06	-1.11112e-05	8.228672e-01	
14735	1.471551e-06	1.128158e-05	8.241233e-01	
14736	1.471651e-06	-1.10803e-05	8.253778e-01	
14737	1.471751e-06	1.126593e-05	8.266311e-01	
14738	1.471851e-06	-1.10683e-05	8.278827e-01	
14739	1.471951e-06	1.125589e-05	8.291331e-01	
14740	1.472051e-06	-1.10603e-05	8.303819e-01	
14741	1.472151e-06	1.124941e-05	8.316296e-01	
14742	1.472251e-06	-1.10553e-05	8.328755e-01	
14743	1.472351e-06	1.124555e-05	8.341203e-01	
14744	1.472451e-06	-1.10525e-05	8.353634e-01	
14745	1.472551e-06	1.124366e-05	8.366053e-01	
14746	1.472651e-06	-1.10514e-05	8.378455e-01	
14747	1.472751e-06	1.124321e-05	8.390845e-01	
14748	1.472851e-06	-1.10515e-05	8.403217e-01	
14749	1.472951e-06	1.124382e-05	8.415578e-01	
14750	1.473051e-06	-1.10525e-05	8.427920e-01	
14751	1.473151e-06	1.124521e-05	8.440250e-01	
14752	1.473251e-06	-1.10541e-05	8.452563e-01	
14753	1.473351e-06	1.124716e-05	8.464863e-01	
14754	1.473451e-06	-1.10562e-05	8.477145e-01	
14755	1.473551e-06	1.124951e-05	8.489414e-01	
14756	1.473651e-06	-1.10586e-05	8.501666e-01	
14757	1.473751e-06	1.125215e-05	8.513904e-01	
14758	1.473851e-06	-1.10613e-05	8.526125e-01	
14759	1.473951e-06	1.125495e-05	8.538333e-01	
14760	1.474051e-06	-1.10641e-05	8.550523e-01	
14761	1.474151e-06	1.125785e-05	8.562700e-01	
14762	1.474251e-06	-1.10670e-05	8.574859e-01	
14763	1.474351e-06	1.126088e-05	8.587005e-01	
14764	1.474451e-06	-1.10700e-05	8.599133e-01	
14765	1.474551e-06	1.126395e-05	8.611249e-01	
14766	1.474651e-06	-1.10730e-05	8.623346e-01	
14767	1.474751e-06	1.126703e-05	8.635430e-01	
14768	1.474851e-06	-1.10760e-05	8.647497e-01	
14769	1.474951e-06	1.127009e-05	8.659550e-01	
14770	1.475051e-06	-1.10790e-05	8.671586e-01	
14771	1.475151e-06	1.127312e-05	8.683609e-01	
14772	1.475251e-06	-1.10819e-05	8.695614e-01	
14773	1.475351e-06	1.127611e-05	8.707606e-01	
14774	1.475451e-06	-1.09246e-05	8.719581e-01	
14775	1.475551e-06	1.130878e-05	8.731542e-01	
14776	1.475651e-06	-1.09427e-05	8.743486e-01	
14777	1.475751e-06	1.132488e-05	8.755417e-01	
14778	1.475851e-06	-1.09564e-05	8.767330e-01	
14779	1.475951e-06	1.133762e-05	8.779230e-01	
14780	1.476051e-06	-1.09674e-05	8.791113e-01	
14781	1.476151e-06	1.134785e-05	8.802983e-01	
14782	1.476251e-06	-1.09763e-05	8.814835e-01	
14783	1.476351e-06	1.135618e-05	8.826675e-01	
14784	1.476451e-06	-1.09836e-05	8.838496e-01	
14785	1.476551e-06	1.136305e-05	8.850306e-01	
14786	1.476651e-06	-1.09896e-05	8.862097e-01	

Index   time            vout2           v(x2.comp_p_0/v 
--------------------------------------------------------------------------------
14787	1.476751e-06	1.136881e-05	8.873876e-01	
14788	1.476851e-06	-1.09948e-05	8.885638e-01	
14789	1.476951e-06	1.137372e-05	8.897386e-01	
14790	1.477051e-06	-1.09991e-05	8.909118e-01	
14791	1.477151e-06	1.137796e-05	8.920836e-01	
14792	1.477251e-06	-1.11646e-05	8.932537e-01	
14793	1.477351e-06	1.135195e-05	8.944226e-01	
14794	1.477451e-06	-1.11524e-05	8.955897e-01	
14795	1.477551e-06	1.117682e-05	8.967556e-01	
14796	1.477651e-06	-1.10176e-05	8.979197e-01	
14797	1.477751e-06	1.138552e-05	8.990825e-01	
14798	1.477851e-06	-1.10093e-05	9.002437e-01	
14799	1.477951e-06	1.138815e-05	9.014035e-01	
14800	1.478051e-06	-1.10124e-05	9.025617e-01	
14801	1.478151e-06	1.139128e-05	9.037186e-01	
14802	1.478251e-06	-1.10153e-05	9.048738e-01	
14803	1.478351e-06	1.139407e-05	9.060277e-01	
14804	1.478451e-06	-1.10178e-05	9.071799e-01	
14805	1.478551e-06	1.139660e-05	9.083309e-01	
14806	1.478651e-06	-1.10201e-05	9.094801e-01	
14807	1.478751e-06	1.139892e-05	9.106281e-01	
14808	1.478851e-06	-1.10223e-05	9.117744e-01	
14809	1.478951e-06	1.140104e-05	9.129195e-01	
14810	1.479051e-06	-1.10242e-05	9.140628e-01	
14811	1.479151e-06	1.140301e-05	9.152049e-01	
14812	1.479251e-06	-1.10261e-05	9.163453e-01	
14813	1.479351e-06	1.140485e-05	9.174845e-01	
14814	1.479451e-06	-1.10278e-05	9.186220e-01	
14815	1.479551e-06	1.140657e-05	9.197582e-01	
14816	1.479651e-06	-1.10293e-05	9.208927e-01	
14817	1.479751e-06	1.140819e-05	9.220261e-01	
14818	1.479851e-06	-1.10308e-05	9.231577e-01	
14819	1.479951e-06	1.140970e-05	9.242881e-01	
14820	1.480051e-06	-1.10322e-05	9.254168e-01	
14821	1.480151e-06	1.141113e-05	9.265443e-01	
14822	1.480251e-06	-1.10336e-05	9.276701e-01	
14823	1.480351e-06	1.141248e-05	9.287947e-01	
14824	1.480451e-06	-1.10348e-05	9.299176e-01	
14825	1.480551e-06	1.141374e-05	9.310393e-01	
14826	1.480651e-06	-1.10360e-05	9.321593e-01	
14827	1.480751e-06	1.141493e-05	9.332781e-01	
14828	1.480851e-06	-1.10371e-05	9.343952e-01	
14829	1.480951e-06	1.141604e-05	9.355112e-01	
14830	1.481051e-06	-1.10381e-05	9.366254e-01	
14831	1.481151e-06	1.141709e-05	9.377385e-01	
14832	1.481251e-06	-1.10390e-05	9.388498e-01	
14833	1.481351e-06	1.141806e-05	9.399600e-01	
14834	1.481451e-06	-1.10399e-05	9.410685e-01	
14835	1.481551e-06	1.141896e-05	9.421758e-01	
14836	1.481651e-06	-1.12034e-05	9.432815e-01	
14837	1.481751e-06	1.122408e-05	9.443859e-01	
14838	1.481851e-06	-1.12235e-05	9.454887e-01	
14839	1.481951e-06	1.123221e-05	9.465904e-01	
14840	1.482051e-06	-1.12299e-05	9.476903e-01	
14841	1.482151e-06	1.123787e-05	9.487891e-01	
14842	1.482251e-06	-1.12348e-05	9.498862e-01	
14843	1.482351e-06	1.124222e-05	9.509821e-01	
14844	1.482451e-06	-1.12386e-05	9.520764e-01	

Index   time            vout2           v(x2.comp_p_0/v 
--------------------------------------------------------------------------------
14845	1.482551e-06	1.124559e-05	9.531695e-01	
14846	1.482651e-06	-1.12415e-05	9.542610e-01	
14847	1.482751e-06	1.124820e-05	9.553513e-01	
14848	1.482851e-06	-1.12438e-05	9.564399e-01	
14849	1.482951e-06	1.125023e-05	9.575274e-01	
14850	1.483051e-06	-1.12455e-05	9.586132e-01	
14851	1.483151e-06	1.125179e-05	9.596979e-01	
14852	1.483251e-06	-1.12468e-05	9.607809e-01	
14853	1.483351e-06	1.125299e-05	9.618628e-01	
14854	1.483451e-06	-1.12478e-05	9.629430e-01	
14855	1.483551e-06	1.125391e-05	9.640221e-01	
14856	1.483651e-06	-1.12486e-05	9.650995e-01	
14857	1.483751e-06	1.125458e-05	9.661758e-01	
14858	1.483851e-06	-1.12492e-05	9.672505e-01	
14859	1.483951e-06	1.125507e-05	9.683240e-01	
14860	1.484051e-06	-1.12495e-05	9.693959e-01	
14861	1.484151e-06	1.125538e-05	9.704666e-01	
14862	1.484251e-06	-1.12498e-05	9.715357e-01	
14863	1.484351e-06	1.125556e-05	9.726037e-01	
14864	1.484451e-06	-1.12499e-05	9.736700e-01	
14865	1.484551e-06	1.125562e-05	9.747353e-01	
14866	1.484651e-06	-1.12499e-05	9.757988e-01	
14867	1.484751e-06	1.125557e-05	9.768613e-01	
14868	1.484851e-06	-1.12499e-05	9.779221e-01	
14869	1.484951e-06	1.125543e-05	9.789819e-01	
14870	1.485051e-06	-1.12497e-05	9.800400e-01	
14871	1.485151e-06	1.125522e-05	9.810969e-01	
14872	1.485251e-06	-1.12495e-05	9.821523e-01	
14873	1.485351e-06	1.125492e-05	9.832066e-01	
14874	1.485451e-06	-1.12492e-05	9.842592e-01	
14875	1.485551e-06	1.125459e-05	9.853107e-01	
14876	1.485651e-06	-1.12488e-05	9.863606e-01	
14877	1.485751e-06	1.125422e-05	9.874094e-01	
14878	1.485851e-06	-1.12485e-05	9.884566e-01	
14879	1.485951e-06	1.125382e-05	9.895027e-01	
14880	1.486051e-06	-1.12481e-05	9.905472e-01	
14881	1.486151e-06	1.125337e-05	9.915906e-01	
14882	1.486251e-06	-1.12476e-05	9.926324e-01	
14883	1.486351e-06	1.142014e-05	9.936730e-01	
14884	1.486451e-06	-1.10492e-05	9.947121e-01	
14885	1.486551e-06	1.142757e-05	9.957501e-01	
14886	1.486651e-06	-1.10471e-05	9.967865e-01	
14887	1.486751e-06	1.142525e-05	9.978218e-01	
14888	1.486851e-06	-1.10451e-05	9.988555e-01	
14889	1.486951e-06	1.142326e-05	9.998882e-01	
14890	1.487051e-06	-1.10433e-05	1.000919e+00	
14891	1.487151e-06	1.142153e-05	1.001949e+00	
14892	1.487251e-06	-1.10417e-05	1.002978e+00	
14893	1.487351e-06	1.142000e-05	1.004005e+00	
14894	1.487451e-06	-1.10403e-05	1.005031e+00	
14895	1.487551e-06	1.141859e-05	1.006055e+00	
14896	1.487651e-06	-1.10389e-05	1.007078e+00	
14897	1.487751e-06	1.141725e-05	1.008100e+00	
14898	1.487851e-06	-1.10377e-05	1.009121e+00	
14899	1.487951e-06	1.141596e-05	1.010140e+00	
14900	1.488051e-06	-1.10364e-05	1.011158e+00	
14901	1.488151e-06	1.141468e-05	1.012174e+00	
14902	1.488251e-06	-1.10352e-05	1.013190e+00	

Index   time            vout2           v(x2.comp_p_0/v 
--------------------------------------------------------------------------------
14903	1.488351e-06	1.141340e-05	1.014204e+00	
14904	1.488451e-06	-1.10339e-05	1.015216e+00	
14905	1.488551e-06	1.141210e-05	1.016228e+00	
14906	1.488651e-06	-1.10327e-05	1.017237e+00	
14907	1.488751e-06	1.141078e-05	1.018246e+00	
14908	1.488851e-06	-1.10313e-05	1.019253e+00	
14909	1.488951e-06	1.140942e-05	1.020260e+00	
14910	1.489051e-06	-1.11932e-05	1.021264e+00	
14911	1.489151e-06	1.137928e-05	1.022268e+00	
14912	1.489251e-06	-1.11760e-05	1.023270e+00	
14913	1.489351e-06	1.136425e-05	1.024271e+00	
14914	1.489451e-06	-1.11630e-05	1.025270e+00	
14915	1.489551e-06	1.135259e-05	1.026269e+00	
14916	1.489651e-06	-1.11528e-05	1.027266e+00	
14917	1.489751e-06	1.134340e-05	1.028262e+00	
14918	1.489851e-06	-1.09822e-05	1.029256e+00	
14919	1.489951e-06	1.136465e-05	1.030249e+00	
14920	1.490051e-06	-1.09914e-05	1.031241e+00	
14921	1.490151e-06	1.120549e-05	1.032231e+00	
14922	1.490251e-06	-1.11946e-05	1.033221e+00	
14923	1.490351e-06	1.120312e-05	1.034209e+00	
14924	1.490451e-06	-1.12003e-05	1.035195e+00	
14925	1.490551e-06	1.137510e-05	1.036181e+00	
14926	1.490651e-06	-1.10072e-05	1.037165e+00	
14927	1.490751e-06	1.138607e-05	1.038148e+00	
14928	1.490851e-06	-1.11713e-05	1.039129e+00	
14929	1.490951e-06	1.135791e-05	1.040110e+00	
14930	1.491051e-06	-1.11555e-05	1.041089e+00	
14931	1.491151e-06	1.134409e-05	1.042067e+00	
14932	1.491251e-06	-1.09809e-05	1.043043e+00	
14933	1.491351e-06	1.136169e-05	1.044019e+00	
14934	1.491451e-06	-1.09870e-05	1.044992e+00	
14935	1.491551e-06	1.136656e-05	1.045965e+00	
14936	1.491651e-06	-1.09908e-05	1.046937e+00	
14937	1.491751e-06	1.120280e-05	1.047907e+00	
14938	1.491851e-06	-1.11902e-05	1.048876e+00	
14939	1.491951e-06	1.119717e-05	1.049844e+00	
14940	1.492051e-06	-1.11928e-05	1.050810e+00	
14941	1.492151e-06	1.119958e-05	1.051775e+00	
14942	1.492251e-06	-1.11947e-05	1.052739e+00	
14943	1.492351e-06	1.120087e-05	1.053702e+00	
14944	1.492451e-06	-1.10320e-05	1.054663e+00	
14945	1.492551e-06	1.139678e-05	1.055624e+00	
14946	1.492651e-06	-1.10139e-05	1.056583e+00	
14947	1.492751e-06	1.138894e-05	1.057540e+00	
14948	1.492851e-06	-1.10076e-05	1.058497e+00	
14949	1.492951e-06	1.138298e-05	1.059452e+00	
14950	1.493051e-06	-1.10023e-05	1.060406e+00	
14951	1.493151e-06	1.137788e-05	1.061359e+00	
14952	1.493251e-06	-1.09977e-05	1.062311e+00	
14953	1.493351e-06	1.137340e-05	1.063261e+00	
14954	1.493451e-06	-1.09936e-05	1.064210e+00	
14955	1.493551e-06	1.120238e-05	1.065158e+00	
14956	1.493651e-06	-1.10235e-05	1.066104e+00	
14957	1.493751e-06	1.121965e-05	1.067050e+00	
14958	1.493851e-06	-1.10373e-05	1.067994e+00	
14959	1.493951e-06	1.123143e-05	1.068937e+00	
14960	1.494051e-06	-1.10470e-05	1.069879e+00	

Index   time            vout2           v(x2.comp_p_0/v 
--------------------------------------------------------------------------------
14961	1.494151e-06	1.123964e-05	1.070820e+00	
14962	1.494251e-06	-1.10536e-05	1.071759e+00	
14963	1.494351e-06	1.124515e-05	1.072697e+00	
14964	1.494451e-06	-1.10579e-05	1.073634e+00	
14965	1.494551e-06	1.124862e-05	1.074570e+00	
14966	1.494651e-06	-1.10605e-05	1.075504e+00	
14967	1.494751e-06	1.125054e-05	1.076437e+00	
14968	1.494851e-06	-1.10617e-05	1.077369e+00	
14969	1.494951e-06	1.125126e-05	1.078300e+00	
14970	1.495051e-06	-1.10620e-05	1.079230e+00	
14971	1.495151e-06	1.125109e-05	1.080158e+00	
14972	1.495251e-06	-1.10614e-05	1.081086e+00	
14973	1.495351e-06	1.125022e-05	1.082012e+00	
14974	1.495451e-06	-1.10603e-05	1.082937e+00	
14975	1.495551e-06	1.124881e-05	1.083860e+00	
14976	1.495651e-06	-1.10587e-05	1.084783e+00	
14977	1.495751e-06	1.124699e-05	1.085704e+00	
14978	1.495851e-06	-1.10567e-05	1.086624e+00	
14979	1.495951e-06	1.124485e-05	1.087543e+00	
14980	1.496051e-06	-1.10544e-05	1.088461e+00	
14981	1.496151e-06	1.124245e-05	1.089377e+00	
14982	1.496251e-06	-1.10520e-05	1.090293e+00	
14983	1.496351e-06	1.123985e-05	1.091207e+00	
14984	1.496451e-06	-1.10493e-05	1.092120e+00	
14985	1.496551e-06	1.123709e-05	1.093032e+00	
14986	1.496651e-06	-1.10465e-05	1.093942e+00	
14987	1.496751e-06	1.123419e-05	1.094852e+00	
14988	1.496851e-06	-1.10436e-05	1.095760e+00	
14989	1.496951e-06	1.123118e-05	1.096667e+00	
14990	1.497051e-06	-1.10406e-05	1.097573e+00	
14991	1.497151e-06	1.122808e-05	1.098478e+00	
14992	1.497251e-06	-1.10375e-05	1.099382e+00	
14993	1.497351e-06	1.122490e-05	1.100284e+00	
14994	1.497451e-06	-1.10343e-05	1.101185e+00	
14995	1.497551e-06	1.122165e-05	1.102086e+00	
14996	1.497651e-06	-1.10311e-05	1.102984e+00	
14997	1.497751e-06	1.121834e-05	1.103882e+00	
14998	1.497851e-06	-1.10278e-05	1.104779e+00	
14999	1.497951e-06	1.121496e-05	1.105675e+00	
15000	1.498051e-06	-1.10244e-05	1.106569e+00	
15001	1.498151e-06	1.121154e-05	1.107462e+00	
15002	1.498251e-06	-1.10210e-05	1.108354e+00	
15003	1.498351e-06	1.120806e-05	1.109245e+00	
15004	1.498451e-06	-1.10176e-05	1.110135e+00	
15005	1.498551e-06	1.120454e-05	1.111023e+00	
15006	1.498651e-06	-1.10141e-05	1.111911e+00	
15007	1.498751e-06	1.120097e-05	1.112797e+00	
15008	1.498851e-06	-1.10105e-05	1.113682e+00	
15009	1.498951e-06	1.119736e-05	1.114567e+00	
15010	1.499051e-06	-1.10069e-05	1.115449e+00	
15011	1.499151e-06	1.119370e-05	1.116331e+00	
15012	1.499251e-06	-1.10033e-05	1.117212e+00	
15013	1.499351e-06	1.119001e-05	1.118091e+00	
15014	1.499451e-06	-1.09996e-05	1.118970e+00	
15015	1.499551e-06	1.118627e-05	1.119847e+00	
15016	1.499651e-06	-1.09959e-05	1.120723e+00	
15017	1.499751e-06	1.118249e-05	1.121598e+00	
15018	1.499851e-06	-1.09922e-05	1.122472e+00	

Index   time            vout2           v(x2.comp_p_0/v 
--------------------------------------------------------------------------------
15019	1.499951e-06	1.117868e-05	1.123345e+00	
15020	1.500051e-06	-1.09884e-05	1.124216e+00	
15021	1.500151e-06	1.117482e-05	1.125087e+00	
15022	1.500251e-06	-1.09846e-05	1.125956e+00	
15023	1.500351e-06	1.117093e-05	1.126824e+00	
15024	1.500451e-06	-1.09807e-05	1.127691e+00	
15025	1.500551e-06	1.116700e-05	1.128558e+00	
15026	1.500651e-06	-1.09768e-05	1.129422e+00	
15027	1.500751e-06	1.116303e-05	1.130286e+00	
15028	1.500851e-06	-1.09729e-05	1.131149e+00	
15029	1.500951e-06	1.115902e-05	1.132010e+00	
15030	1.501051e-06	-1.09689e-05	1.132871e+00	
15031	1.501151e-06	1.115497e-05	1.133730e+00	
15032	1.501251e-06	-1.09649e-05	1.134588e+00	
15033	1.501351e-06	1.115089e-05	1.135446e+00	
15034	1.501451e-06	-1.09609e-05	1.136302e+00	
15035	1.501551e-06	1.114678e-05	1.137157e+00	
15036	1.501651e-06	-1.09568e-05	1.138010e+00	
15037	1.501751e-06	1.114262e-05	1.138863e+00	
15038	1.501851e-06	-1.09527e-05	1.139715e+00	
15039	1.501951e-06	1.113843e-05	1.140566e+00	
15040	1.502051e-06	-1.09485e-05	1.141415e+00	
15041	1.502151e-06	1.113421e-05	1.142263e+00	
15042	1.502251e-06	-1.09443e-05	1.143111e+00	
15043	1.502351e-06	1.112995e-05	1.143957e+00	
15044	1.502451e-06	-1.09401e-05	1.144802e+00	
15045	1.502551e-06	1.112565e-05	1.145646e+00	
15046	1.502651e-06	-1.09359e-05	1.146489e+00	
15047	1.502751e-06	1.112132e-05	1.147331e+00	
15048	1.502851e-06	-1.09316e-05	1.148172e+00	
15049	1.502951e-06	1.111695e-05	1.149011e+00	
15050	1.503051e-06	-1.09273e-05	1.149850e+00	
15051	1.503151e-06	1.111255e-05	1.150688e+00	
15052	1.503251e-06	-1.09229e-05	1.151524e+00	
15053	1.503351e-06	1.110811e-05	1.152359e+00	
15054	1.503451e-06	-1.09185e-05	1.153194e+00	
15055	1.503551e-06	1.110364e-05	1.154027e+00	
15056	1.503651e-06	-1.09141e-05	1.154859e+00	
15057	1.503751e-06	1.109914e-05	1.155690e+00	
15058	1.503851e-06	-1.09096e-05	1.156520e+00	
15059	1.503951e-06	1.109460e-05	1.157349e+00	
15060	1.504051e-06	-1.09051e-05	1.158177e+00	
15061	1.504151e-06	1.109003e-05	1.159004e+00	
15062	1.504251e-06	-1.09006e-05	1.159830e+00	
15063	1.504351e-06	1.108543e-05	1.160655e+00	
15064	1.504451e-06	-1.08961e-05	1.161478e+00	
15065	1.504551e-06	1.108079e-05	1.162301e+00	
15066	1.504651e-06	-1.08915e-05	1.163122e+00	
15067	1.504751e-06	1.107612e-05	1.163943e+00	
15068	1.504851e-06	-1.08868e-05	1.164762e+00	
15069	1.504951e-06	1.107141e-05	1.165581e+00	
15070	1.505051e-06	-1.08822e-05	1.166398e+00	
15071	1.505151e-06	1.106668e-05	1.167214e+00	
15072	1.505251e-06	-1.08775e-05	1.168029e+00	
15073	1.505351e-06	1.106191e-05	1.168843e+00	
15074	1.505451e-06	-1.08728e-05	1.169656e+00	
15075	1.505551e-06	1.105711e-05	1.170469e+00	
15076	1.505651e-06	-1.08680e-05	1.171279e+00	

Index   time            vout2           v(x2.comp_p_0/v 
--------------------------------------------------------------------------------
15077	1.505751e-06	1.105228e-05	1.172090e+00	
15078	1.505851e-06	-1.08633e-05	1.172898e+00	
15079	1.505951e-06	1.104741e-05	1.173706e+00	
15080	1.506051e-06	-1.08584e-05	1.174513e+00	
15081	1.506151e-06	1.104252e-05	1.175319e+00	
15082	1.506251e-06	-1.08536e-05	1.176124e+00	
15083	1.506351e-06	1.103759e-05	1.176927e+00	
15084	1.506451e-06	-1.08487e-05	1.177730e+00	
15085	1.506551e-06	1.103263e-05	1.178532e+00	
15086	1.506651e-06	-1.08438e-05	1.179332e+00	
15087	1.506751e-06	1.102765e-05	1.180132e+00	
15088	1.506851e-06	-1.08389e-05	1.180930e+00	
15089	1.506951e-06	1.102263e-05	1.181728e+00	
15090	1.507051e-06	-1.08339e-05	1.182524e+00	
15091	1.507151e-06	1.101758e-05	1.183319e+00	
15092	1.507251e-06	-1.08289e-05	1.184114e+00	
15093	1.507351e-06	1.101250e-05	1.184907e+00	
15094	1.507451e-06	-1.08239e-05	1.185699e+00	
15095	1.507551e-06	1.100739e-05	1.186491e+00	
15096	1.507651e-06	-1.08189e-05	1.187281e+00	
15097	1.507751e-06	1.100225e-05	1.188070e+00	
15098	1.507851e-06	-1.08138e-05	1.188858e+00	
15099	1.507951e-06	1.099708e-05	1.189645e+00	
15100	1.508051e-06	-1.08087e-05	1.190431e+00	
15101	1.508151e-06	1.099188e-05	1.191217e+00	
15102	1.508251e-06	-1.08035e-05	1.192000e+00	
15103	1.508351e-06	1.098666e-05	1.192784e+00	
15104	1.508451e-06	-1.07983e-05	1.193565e+00	
15105	1.508551e-06	1.098140e-05	1.194346e+00	
15106	1.508651e-06	-1.07932e-05	1.195126e+00	
15107	1.508751e-06	1.097612e-05	1.195905e+00	
15108	1.508851e-06	-1.07879e-05	1.196683e+00	
15109	1.508951e-06	1.097080e-05	1.197460e+00	
15110	1.509051e-06	-1.07827e-05	1.198236e+00	
15111	1.509151e-06	1.096546e-05	1.199011e+00	
15112	1.509251e-06	-1.07774e-05	1.199784e+00	
15113	1.509351e-06	1.096009e-05	1.200557e+00	
15114	1.509451e-06	-1.07721e-05	1.201329e+00	
15115	1.509551e-06	1.095469e-05	1.202099e+00	
15116	1.509651e-06	-1.07667e-05	1.202869e+00	
15117	1.509751e-06	1.094927e-05	1.203638e+00	
15118	1.509851e-06	-1.07614e-05	1.204405e+00	
15119	1.509951e-06	1.094381e-05	1.205172e+00	
15120	1.510051e-06	-1.07560e-05	1.205937e+00	
15121	1.510151e-06	1.093833e-05	1.206702e+00	
15122	1.510251e-06	-1.07506e-05	1.207465e+00	
15123	1.510351e-06	1.093282e-05	1.208228e+00	
15124	1.510451e-06	-1.07451e-05	1.208989e+00	
15125	1.510551e-06	1.092729e-05	1.209750e+00	
15126	1.510651e-06	-1.07396e-05	1.210509e+00	
15127	1.510751e-06	1.092172e-05	1.211267e+00	
15128	1.510851e-06	-1.07341e-05	1.212025e+00	
15129	1.510951e-06	1.091614e-05	1.212781e+00	
15130	1.511051e-06	-1.07286e-05	1.213536e+00	
15131	1.511151e-06	1.091052e-05	1.214291e+00	
15132	1.511251e-06	-1.07231e-05	1.215044e+00	
15133	1.511351e-06	1.090488e-05	1.215796e+00	
15134	1.511451e-06	-1.07175e-05	1.216548e+00	

Index   time            vout2           v(x2.comp_p_0/v 
--------------------------------------------------------------------------------
15135	1.511551e-06	1.089921e-05	1.217298e+00	
15136	1.511651e-06	-1.07119e-05	1.218047e+00	
15137	1.511751e-06	1.089351e-05	1.218795e+00	
15138	1.511851e-06	-1.07062e-05	1.219542e+00	
15139	1.511951e-06	1.088779e-05	1.220289e+00	
15140	1.512051e-06	-1.07006e-05	1.221034e+00	
15141	1.512151e-06	1.088205e-05	1.221778e+00	
15142	1.512251e-06	-1.06949e-05	1.222521e+00	
15143	1.512351e-06	1.087628e-05	1.223264e+00	
15144	1.512451e-06	-1.06892e-05	1.224005e+00	
15145	1.512551e-06	1.087048e-05	1.224745e+00	
15146	1.512651e-06	-1.06835e-05	1.225484e+00	
15147	1.512751e-06	1.086466e-05	1.226223e+00	
15148	1.512851e-06	-1.06777e-05	1.226960e+00	
15149	1.512951e-06	1.085881e-05	1.227696e+00	
15150	1.513051e-06	-1.06719e-05	1.228431e+00	
15151	1.513151e-06	1.085294e-05	1.229166e+00	
15152	1.513251e-06	-1.06661e-05	1.229899e+00	
15153	1.513351e-06	1.084704e-05	1.230631e+00	
15154	1.513451e-06	-1.06603e-05	1.231362e+00	
15155	1.513551e-06	1.084112e-05	1.232093e+00	
15156	1.513651e-06	-1.06545e-05	1.232822e+00	
15157	1.513751e-06	1.083517e-05	1.233550e+00	
15158	1.513851e-06	-1.06486e-05	1.234278e+00	
15159	1.513951e-06	1.082920e-05	1.235004e+00	
15160	1.514051e-06	-1.06427e-05	1.235729e+00	
15161	1.514151e-06	1.082321e-05	1.236454e+00	
15162	1.514251e-06	-1.06368e-05	1.237177e+00	
15163	1.514351e-06	1.081719e-05	1.237900e+00	
15164	1.514451e-06	-1.06308e-05	1.238621e+00	
15165	1.514551e-06	1.081115e-05	1.239342e+00	
15166	1.514651e-06	-1.06249e-05	1.240061e+00	
15167	1.514751e-06	1.080508e-05	1.240780e+00	
15168	1.514851e-06	-1.06189e-05	1.241498e+00	
15169	1.514951e-06	1.079900e-05	1.242214e+00	
15170	1.515051e-06	-1.06129e-05	1.242930e+00	
15171	1.515151e-06	1.079288e-05	1.243645e+00	
15172	1.515251e-06	-1.06068e-05	1.244359e+00	
15173	1.515351e-06	1.078675e-05	1.245072e+00	
15174	1.515451e-06	-1.06008e-05	1.245783e+00	
15175	1.515551e-06	1.078059e-05	1.246494e+00	
15176	1.515651e-06	-1.05947e-05	1.247204e+00	
15177	1.515751e-06	1.077441e-05	1.247913e+00	
15178	1.515851e-06	-1.05886e-05	1.248621e+00	
15179	1.515951e-06	1.076821e-05	1.249329e+00	
15180	1.516051e-06	-1.05825e-05	1.250035e+00	
15181	1.516151e-06	1.076198e-05	1.250740e+00	
15182	1.516251e-06	-1.05763e-05	1.251444e+00	
15183	1.516351e-06	1.075574e-05	1.252148e+00	
15184	1.516451e-06	-1.05701e-05	1.252850e+00	
15185	1.516551e-06	1.074947e-05	1.253552e+00	
15186	1.516651e-06	-1.05640e-05	1.254252e+00	
15187	1.516751e-06	1.074318e-05	1.254952e+00	
15188	1.516851e-06	-1.05577e-05	1.255650e+00	
15189	1.516951e-06	1.073687e-05	1.256348e+00	
15190	1.517051e-06	-1.05515e-05	1.257045e+00	
15191	1.517151e-06	1.073054e-05	1.257741e+00	
15192	1.517251e-06	-1.05453e-05	1.258436e+00	

Index   time            vout2           v(x2.comp_p_0/v 
--------------------------------------------------------------------------------
15193	1.517351e-06	1.072418e-05	1.259130e+00	
15194	1.517451e-06	-1.05390e-05	1.259823e+00	
15195	1.517551e-06	1.071780e-05	1.260515e+00	
15196	1.517651e-06	-1.05327e-05	1.261206e+00	
15197	1.517751e-06	1.071140e-05	1.261897e+00	
15198	1.517851e-06	-1.05264e-05	1.262586e+00	
15199	1.517951e-06	1.070498e-05	1.263275e+00	
15200	1.518051e-06	-1.05201e-05	1.263962e+00	
15201	1.518151e-06	1.069854e-05	1.264649e+00	
15202	1.518251e-06	-1.05137e-05	1.265334e+00	
15203	1.518351e-06	1.069208e-05	1.266019e+00	
15204	1.518451e-06	-1.05073e-05	1.266703e+00	
15205	1.518551e-06	1.068559e-05	1.267386e+00	
15206	1.518651e-06	-1.05009e-05	1.268068e+00	
15207	1.518751e-06	1.067908e-05	1.268750e+00	
15208	1.518851e-06	-1.04945e-05	1.269430e+00	
15209	1.518951e-06	1.067255e-05	1.270109e+00	
15210	1.519051e-06	-1.04881e-05	1.270788e+00	
15211	1.519151e-06	1.066600e-05	1.271465e+00	
15212	1.519251e-06	-1.04816e-05	1.272142e+00	
15213	1.519351e-06	1.065943e-05	1.272818e+00	
15214	1.519451e-06	-1.04751e-05	1.273493e+00	
15215	1.519551e-06	1.065283e-05	1.274167e+00	
15216	1.519651e-06	-1.04686e-05	1.274840e+00	
15217	1.519751e-06	1.064622e-05	1.275512e+00	
15218	1.519851e-06	-1.04621e-05	1.276184e+00	
15219	1.519951e-06	1.063960e-05	1.276854e+00	
15220	1.520051e-06	-1.04556e-05	1.277524e+00	
15221	1.520151e-06	1.063296e-05	1.278193e+00	
15222	1.520251e-06	-1.04490e-05	1.278860e+00	
15223	1.520351e-06	1.062632e-05	1.279528e+00	
15224	1.520451e-06	-1.04425e-05	1.280194e+00	
15225	1.520551e-06	1.061963e-05	1.280859e+00	
15226	1.520651e-06	-1.04359e-05	1.281523e+00	
15227	1.520751e-06	1.061294e-05	1.282187e+00	
15228	1.520851e-06	-1.04293e-05	1.282850e+00	
15229	1.520951e-06	1.076579e-05	1.283511e+00	
15230	1.521051e-06	-1.03921e-05	1.284172e+00	
15231	1.521151e-06	1.057947e-05	1.284833e+00	
15232	1.521251e-06	-1.03995e-05	1.285492e+00	
15233	1.521351e-06	1.057817e-05	1.286150e+00	
15234	1.521451e-06	-1.03970e-05	1.286808e+00	
15235	1.521551e-06	1.073415e-05	1.287465e+00	
15236	1.521651e-06	-1.03629e-05	1.288120e+00	
15237	1.521751e-06	1.055105e-05	1.288776e+00	
15238	1.521851e-06	-1.03725e-05	1.289430e+00	
15239	1.521951e-06	1.071052e-05	1.290083e+00	
15240	1.522051e-06	-1.03412e-05	1.290736e+00	
15241	1.522151e-06	1.053017e-05	1.291388e+00	
15242	1.522251e-06	-1.03528e-05	1.292039e+00	
15243	1.522351e-06	1.069108e-05	1.292689e+00	
15244	1.522451e-06	-1.03231e-05	1.293338e+00	
15245	1.522551e-06	1.051229e-05	1.293987e+00	
15246	1.522651e-06	-1.03358e-05	1.294635e+00	
15247	1.522751e-06	1.067388e-05	1.295282e+00	
15248	1.522851e-06	-1.03070e-05	1.295928e+00	
15249	1.522951e-06	1.049606e-05	1.296574e+00	
15250	1.523051e-06	-1.03204e-05	1.297218e+00	

Index   time            vout2           v(x2.comp_p_0/v 
--------------------------------------------------------------------------------
15251	1.523151e-06	1.065818e-05	1.297862e+00	
15252	1.523251e-06	-1.02922e-05	1.298505e+00	
15253	1.523351e-06	1.048098e-05	1.299148e+00	
15254	1.523451e-06	-1.03057e-05	1.299789e+00	
15255	1.523551e-06	1.064290e-05	1.300430e+00	
15256	1.523651e-06	-1.02777e-05	1.301070e+00	
15257	1.523751e-06	1.046612e-05	1.301710e+00	
15258	1.523851e-06	-1.02914e-05	1.302348e+00	
15259	1.523951e-06	1.062795e-05	1.302987e+00	
15260	1.524051e-06	-1.02636e-05	1.303624e+00	
15261	1.524151e-06	1.045139e-05	1.304261e+00	
15262	1.524251e-06	-1.02776e-05	1.304896e+00	
15263	1.524351e-06	1.061249e-05	1.305532e+00	
15264	1.524451e-06	-1.02513e-05	1.306166e+00	
15265	1.524551e-06	1.059071e-05	1.306800e+00	
15266	1.524651e-06	-1.02407e-05	1.307433e+00	
15267	1.524751e-06	1.040828e-05	1.308066e+00	
15268	1.524851e-06	-1.02746e-05	1.308698e+00	
15269	1.524951e-06	1.054198e-05	1.309329e+00	
15270	1.525051e-06	-1.02888e-05	1.309960e+00	
15271	1.525151e-06	1.047626e-05	1.310590e+00	
15272	1.525251e-06	-1.03439e-05	1.311219e+00	
15273	1.525351e-06	1.021144e-05	1.311847e+00	
15274	1.525451e-06	-1.07619e-05	1.312475e+00	
15275	1.525551e-06	9.610129e-06	1.313102e+00	
15276	1.525651e-06	-1.15382e-05	1.313729e+00	
15277	1.525751e-06	1.001755e-05	1.314354e+00	
15278	1.525851e-06	1.013506e-06	1.314980e+00	
15279	1.525951e-06	6.372811e-05	1.315612e+00	
15280	1.526051e-06	8.243614e-05	1.316255e+00	
15281	1.526151e-06	1.014035e-04	1.316912e+00	
15282	1.526251e-06	6.262233e-05	1.317580e+00	
15283	1.526351e-06	-2.09778e-04	1.318242e+00	
15284	1.526451e-06	-1.91940e-03	1.318678e+00	
15285	1.526551e-06	-6.14064e-03	1.318066e+00	
15286	1.526651e-06	-1.61304e-02	1.316560e+00	
15287	1.526751e-06	-4.96951e-02	1.314875e+00	
15288	1.526851e-06	1.370870e+00	1.313184e+00	
15289	1.526951e-06	1.854412e+00	1.311493e+00	
15290	1.527051e-06	1.759579e+00	1.309800e+00	
15291	1.527151e-06	1.827835e+00	1.308108e+00	
15292	1.527251e-06	1.779718e+00	1.306416e+00	
15293	1.527351e-06	1.813831e+00	1.304726e+00	
15294	1.527451e-06	1.789765e+00	1.303037e+00	
15295	1.527551e-06	1.806912e+00	1.301350e+00	
15296	1.527651e-06	1.794715e+00	1.299665e+00	
15297	1.527751e-06	1.803459e+00	1.297982e+00	
15298	1.527851e-06	1.797194e+00	1.296302e+00	
15299	1.527951e-06	1.801651e+00	1.294623e+00	
15300	1.528051e-06	1.798428e+00	1.292946e+00	
15301	1.528151e-06	1.800801e+00	1.291272e+00	
15302	1.528251e-06	1.799068e+00	1.289600e+00	
15303	1.528351e-06	1.800366e+00	1.287930e+00	
15304	1.528451e-06	1.799381e+00	1.286262e+00	
15305	1.528551e-06	1.800134e+00	1.284596e+00	
15306	1.528651e-06	1.799565e+00	1.282933e+00	
15307	1.528751e-06	1.800019e+00	1.281272e+00	
15308	1.528851e-06	1.799658e+00	1.279613e+00	

Index   time            vout2           v(x2.comp_p_0/v 
--------------------------------------------------------------------------------
15309	1.528951e-06	1.799961e+00	1.277956e+00	
15310	1.529051e-06	1.799706e+00	1.276301e+00	
15311	1.529151e-06	1.799931e+00	1.274649e+00	
15312	1.529251e-06	1.799730e+00	1.272998e+00	
15313	1.529351e-06	1.799916e+00	1.271350e+00	
15314	1.529451e-06	1.799743e+00	1.269704e+00	
15315	1.529551e-06	1.799909e+00	1.268061e+00	
15316	1.529651e-06	1.799750e+00	1.266419e+00	
15317	1.529751e-06	1.799905e+00	1.264780e+00	
15318	1.529851e-06	1.799754e+00	1.263143e+00	
15319	1.529951e-06	1.799903e+00	1.261508e+00	
15320	1.530051e-06	1.799756e+00	1.259875e+00	
15321	1.530151e-06	1.799902e+00	1.258244e+00	
15322	1.530251e-06	1.799757e+00	1.256616e+00	
15323	1.530351e-06	1.799901e+00	1.254989e+00	
15324	1.530451e-06	1.799758e+00	1.253365e+00	
15325	1.530551e-06	1.799901e+00	1.251743e+00	
15326	1.530651e-06	1.799759e+00	1.250123e+00	
15327	1.530751e-06	1.799901e+00	1.248505e+00	
15328	1.530851e-06	1.799759e+00	1.246890e+00	
15329	1.530951e-06	1.799901e+00	1.245276e+00	
15330	1.531051e-06	1.799760e+00	1.243665e+00	
15331	1.531151e-06	1.799901e+00	1.242056e+00	
15332	1.531251e-06	1.799761e+00	1.240449e+00	
15333	1.531351e-06	1.799901e+00	1.238844e+00	
15334	1.531451e-06	1.799761e+00	1.237241e+00	
15335	1.531551e-06	1.799901e+00	1.235641e+00	
15336	1.531651e-06	1.799762e+00	1.234042e+00	
15337	1.531751e-06	1.799901e+00	1.232446e+00	
15338	1.531851e-06	1.799762e+00	1.230852e+00	
15339	1.531951e-06	1.799901e+00	1.229260e+00	
15340	1.532051e-06	1.799763e+00	1.227670e+00	
15341	1.532151e-06	1.799901e+00	1.226082e+00	
15342	1.532251e-06	1.799763e+00	1.224496e+00	
15343	1.532351e-06	1.799901e+00	1.222912e+00	
15344	1.532451e-06	1.799764e+00	1.221331e+00	
15345	1.532551e-06	1.799901e+00	1.219751e+00	
15346	1.532651e-06	1.799764e+00	1.218174e+00	
15347	1.532751e-06	1.799901e+00	1.216599e+00	
15348	1.532851e-06	1.799765e+00	1.215026e+00	
15349	1.532951e-06	1.799901e+00	1.213455e+00	
15350	1.533051e-06	1.799765e+00	1.211886e+00	
15351	1.533151e-06	1.799901e+00	1.210319e+00	
15352	1.533251e-06	1.799766e+00	1.208754e+00	
15353	1.533351e-06	1.799901e+00	1.207192e+00	
15354	1.533451e-06	1.799766e+00	1.205631e+00	
15355	1.533551e-06	1.799901e+00	1.204072e+00	
15356	1.533651e-06	1.799767e+00	1.202516e+00	
15357	1.533751e-06	1.799901e+00	1.200962e+00	
15358	1.533851e-06	1.799767e+00	1.199409e+00	
15359	1.533951e-06	1.799901e+00	1.197859e+00	
15360	1.534051e-06	1.799768e+00	1.196311e+00	
15361	1.534151e-06	1.799901e+00	1.194765e+00	
15362	1.534251e-06	1.799768e+00	1.193221e+00	
15363	1.534351e-06	1.799901e+00	1.191679e+00	
15364	1.534451e-06	1.799769e+00	1.190139e+00	
15365	1.534551e-06	1.799901e+00	1.188601e+00	
15366	1.534651e-06	1.799769e+00	1.187065e+00	

Index   time            vout2           v(x2.comp_p_0/v 
--------------------------------------------------------------------------------
15367	1.534751e-06	1.799901e+00	1.185531e+00	
15368	1.534851e-06	1.799770e+00	1.183999e+00	
15369	1.534951e-06	1.799901e+00	1.182470e+00	
15370	1.535051e-06	1.799770e+00	1.180942e+00	
15371	1.535151e-06	1.799901e+00	1.179416e+00	
15372	1.535251e-06	1.799771e+00	1.177893e+00	
15373	1.535351e-06	1.799901e+00	1.176371e+00	
15374	1.535451e-06	1.799771e+00	1.174851e+00	
15375	1.535551e-06	1.799901e+00	1.173334e+00	
15376	1.535651e-06	1.799772e+00	1.171818e+00	
15377	1.535751e-06	1.799901e+00	1.170304e+00	
15378	1.535851e-06	1.799772e+00	1.168793e+00	
15379	1.535951e-06	1.799901e+00	1.167283e+00	
15380	1.536051e-06	1.799773e+00	1.165775e+00	
15381	1.536151e-06	1.799901e+00	1.164270e+00	
15382	1.536251e-06	1.799773e+00	1.162766e+00	
15383	1.536351e-06	1.799901e+00	1.161265e+00	
15384	1.536451e-06	1.799774e+00	1.159765e+00	
15385	1.536551e-06	1.799901e+00	1.158267e+00	
15386	1.536651e-06	1.799774e+00	1.156771e+00	
15387	1.536751e-06	1.799901e+00	1.155278e+00	
15388	1.536851e-06	1.799775e+00	1.153786e+00	
15389	1.536951e-06	1.799901e+00	1.152296e+00	
15390	1.537051e-06	1.799775e+00	1.150808e+00	
15391	1.537151e-06	1.799901e+00	1.149322e+00	
15392	1.537251e-06	1.799776e+00	1.147838e+00	
15393	1.537351e-06	1.799901e+00	1.146356e+00	
15394	1.537451e-06	1.799776e+00	1.144876e+00	
15395	1.537551e-06	1.799901e+00	1.143398e+00	
15396	1.537651e-06	1.799779e+00	1.141921e+00	
15397	1.537751e-06	1.799903e+00	1.140447e+00	
15398	1.537851e-06	1.799776e+00	1.138975e+00	
15399	1.537951e-06	1.799902e+00	1.137504e+00	
15400	1.538051e-06	1.799777e+00	1.136036e+00	
15401	1.538151e-06	1.799902e+00	1.134569e+00	
15402	1.538251e-06	1.799778e+00	1.133104e+00	
15403	1.538351e-06	1.799902e+00	1.131642e+00	
15404	1.538451e-06	1.799778e+00	1.130181e+00	
15405	1.538551e-06	1.799902e+00	1.128722e+00	
15406	1.538651e-06	1.799779e+00	1.127265e+00	
15407	1.538751e-06	1.799902e+00	1.125810e+00	
15408	1.538851e-06	1.799779e+00	1.124356e+00	
15409	1.538951e-06	1.799902e+00	1.122905e+00	
15410	1.539051e-06	1.799780e+00	1.121455e+00	
15411	1.539151e-06	1.799902e+00	1.120008e+00	
15412	1.539251e-06	1.799780e+00	1.118562e+00	
15413	1.539351e-06	1.799902e+00	1.117118e+00	
15414	1.539451e-06	1.799781e+00	1.115676e+00	
15415	1.539551e-06	1.799902e+00	1.114236e+00	
15416	1.539651e-06	1.799781e+00	1.112798e+00	
15417	1.539751e-06	1.799902e+00	1.111362e+00	
15418	1.539851e-06	1.799782e+00	1.109927e+00	
15419	1.539951e-06	1.799902e+00	1.108495e+00	
15420	1.540051e-06	1.799782e+00	1.107064e+00	
15421	1.540151e-06	1.799902e+00	1.105635e+00	
15422	1.540251e-06	1.799783e+00	1.104208e+00	
15423	1.540351e-06	1.799902e+00	1.102783e+00	
15424	1.540451e-06	1.799783e+00	1.101359e+00	

Index   time            vout2           v(x2.comp_p_0/v 
--------------------------------------------------------------------------------
15425	1.540551e-06	1.799902e+00	1.099938e+00	
15426	1.540651e-06	1.799783e+00	1.098518e+00	
15427	1.540751e-06	1.799902e+00	1.097100e+00	
15428	1.540851e-06	1.799784e+00	1.095684e+00	
15429	1.540951e-06	1.799902e+00	1.094270e+00	
15430	1.541051e-06	1.799784e+00	1.092858e+00	
15431	1.541151e-06	1.799902e+00	1.091448e+00	
15432	1.541251e-06	1.799787e+00	1.090039e+00	
15433	1.541351e-06	1.799903e+00	1.088632e+00	
15434	1.541451e-06	1.799787e+00	1.087227e+00	
15435	1.541551e-06	1.799903e+00	1.085824e+00	
15436	1.541651e-06	1.799787e+00	1.084423e+00	
15437	1.541751e-06	1.799904e+00	1.083024e+00	
15438	1.541851e-06	1.799788e+00	1.081626e+00	
15439	1.541951e-06	1.799904e+00	1.080230e+00	
15440	1.542051e-06	1.799788e+00	1.078836e+00	
15441	1.542151e-06	1.799906e+00	1.077444e+00	
15442	1.542251e-06	1.799789e+00	1.076054e+00	
15443	1.542351e-06	1.799906e+00	1.074666e+00	
15444	1.542451e-06	1.799790e+00	1.073279e+00	
15445	1.542551e-06	1.799906e+00	1.071895e+00	
15446	1.542651e-06	1.799790e+00	1.070512e+00	
15447	1.542751e-06	1.799906e+00	1.069131e+00	
15448	1.542851e-06	1.799791e+00	1.067751e+00	
15449	1.542951e-06	1.799906e+00	1.066374e+00	
15450	1.543041e-06	1.799791e+00	1.065134e+00	
15451	1.543141e-06	1.799906e+00	1.063760e+00	
15452	1.543241e-06	1.799792e+00	1.062388e+00	
15453	1.543341e-06	1.799906e+00	1.061018e+00	
15454	1.543441e-06	1.799792e+00	1.059650e+00	
15455	1.543541e-06	1.799906e+00	1.058283e+00	
15456	1.543641e-06	1.799792e+00	1.056919e+00	
15457	1.543741e-06	1.799905e+00	1.055557e+00	
15458	1.543841e-06	1.799793e+00	1.054196e+00	
15459	1.543941e-06	1.799905e+00	1.052837e+00	
15460	1.544041e-06	1.799793e+00	1.051480e+00	
15461	1.544141e-06	1.799905e+00	1.050126e+00	
15462	1.544241e-06	1.799793e+00	1.048773e+00	
15463	1.544341e-06	1.799905e+00	1.047422e+00	
15464	1.544441e-06	1.799794e+00	1.046073e+00	
15465	1.544541e-06	1.799905e+00	1.044726e+00	
15466	1.544641e-06	1.799794e+00	1.043381e+00	
15467	1.544741e-06	1.799905e+00	1.042037e+00	
15468	1.544841e-06	1.799794e+00	1.040696e+00	
15469	1.544941e-06	1.799905e+00	1.039357e+00	
15470	1.545041e-06	1.799795e+00	1.038019e+00	
15471	1.545141e-06	1.799905e+00	1.036684e+00	
15472	1.545241e-06	1.799795e+00	1.035350e+00	
15473	1.545341e-06	1.799905e+00	1.034019e+00	
15474	1.545441e-06	1.799795e+00	1.032689e+00	
15475	1.545541e-06	1.799905e+00	1.031361e+00	
15476	1.545641e-06	1.799796e+00	1.030035e+00	
15477	1.545741e-06	1.799905e+00	1.028711e+00	
15478	1.545841e-06	1.799796e+00	1.027388e+00	
15479	1.545941e-06	1.799904e+00	1.026067e+00	
15480	1.546041e-06	1.799796e+00	1.024749e+00	
15481	1.546141e-06	1.799904e+00	1.023432e+00	
15482	1.546241e-06	1.799796e+00	1.022116e+00	

Index   time            vout2           v(x2.comp_p_0/v 
--------------------------------------------------------------------------------
15483	1.546341e-06	1.799904e+00	1.020803e+00	
15484	1.546441e-06	1.799797e+00	1.019491e+00	
15485	1.546541e-06	1.799904e+00	1.018181e+00	
15486	1.546641e-06	1.799797e+00	1.016873e+00	
15487	1.546741e-06	1.799904e+00	1.015567e+00	
15488	1.546841e-06	1.799797e+00	1.014262e+00	
15489	1.546941e-06	1.799904e+00	1.012959e+00	
15490	1.547041e-06	1.799798e+00	1.011658e+00	
15491	1.547141e-06	1.799904e+00	1.010358e+00	
15492	1.547241e-06	1.799798e+00	1.009060e+00	
15493	1.547341e-06	1.799904e+00	1.007764e+00	
15494	1.547441e-06	1.799798e+00	1.006470e+00	
15495	1.547541e-06	1.799904e+00	1.005177e+00	
15496	1.547641e-06	1.799798e+00	1.003886e+00	
15497	1.547741e-06	1.799904e+00	1.002597e+00	
15498	1.547841e-06	1.799799e+00	1.001309e+00	
15499	1.547941e-06	1.799904e+00	1.000023e+00	
15500	1.548041e-06	1.799799e+00	9.987383e-01	
15501	1.548141e-06	1.799903e+00	9.974555e-01	
15502	1.548241e-06	1.799799e+00	9.961744e-01	
15503	1.548341e-06	1.799903e+00	9.948950e-01	
15504	1.548441e-06	1.799800e+00	9.936171e-01	
15505	1.548541e-06	1.799903e+00	9.923410e-01	
15506	1.548641e-06	1.799800e+00	9.910664e-01	
15507	1.548741e-06	1.799903e+00	9.897936e-01	
15508	1.548841e-06	1.799800e+00	9.885222e-01	
15509	1.548941e-06	1.799903e+00	9.872526e-01	
15510	1.549041e-06	1.799801e+00	9.859846e-01	
15511	1.549141e-06	1.799903e+00	9.847182e-01	
15512	1.549241e-06	1.799801e+00	9.834534e-01	
15513	1.549341e-06	1.799903e+00	9.821903e-01	
15514	1.549441e-06	1.799801e+00	9.809287e-01	
15515	1.549541e-06	1.799903e+00	9.796688e-01	
15516	1.549641e-06	1.799801e+00	9.784105e-01	
15517	1.549741e-06	1.799903e+00	9.771538e-01	
15518	1.549841e-06	1.799802e+00	9.758987e-01	
15519	1.549941e-06	1.799903e+00	9.746452e-01	
15520	1.550041e-06	1.799802e+00	9.733933e-01	
15521	1.550141e-06	1.799903e+00	9.721430e-01	
15522	1.550241e-06	1.799802e+00	9.708943e-01	
15523	1.550341e-06	1.799903e+00	9.696472e-01	
15524	1.550441e-06	1.799803e+00	9.684016e-01	
15525	1.550541e-06	1.799903e+00	9.671577e-01	
15526	1.550641e-06	1.799803e+00	9.659153e-01	
15527	1.550741e-06	1.799903e+00	9.646746e-01	
15528	1.550841e-06	1.799803e+00	9.634353e-01	
15529	1.550941e-06	1.799902e+00	9.621977e-01	
15530	1.551041e-06	1.799803e+00	9.609616e-01	
15531	1.551141e-06	1.799902e+00	9.597271e-01	
15532	1.551241e-06	1.799804e+00	9.584941e-01	
15533	1.551341e-06	1.799902e+00	9.572628e-01	
15534	1.551441e-06	1.799804e+00	9.560329e-01	
15535	1.551541e-06	1.799902e+00	9.548047e-01	
15536	1.551641e-06	1.799804e+00	9.535780e-01	
15537	1.551741e-06	1.799902e+00	9.523529e-01	
15538	1.551841e-06	1.799805e+00	9.511292e-01	
15539	1.551941e-06	1.799902e+00	9.499073e-01	
15540	1.552041e-06	1.799805e+00	9.486867e-01	

Index   time            vout2           v(x2.comp_p_0/v 
--------------------------------------------------------------------------------
15541	1.552141e-06	1.799902e+00	9.474678e-01	
15542	1.552241e-06	1.799805e+00	9.462504e-01	
15543	1.552341e-06	1.799902e+00	9.450345e-01	
15544	1.552441e-06	1.799806e+00	9.438202e-01	
15545	1.552541e-06	1.799902e+00	9.426074e-01	
15546	1.552641e-06	1.799806e+00	9.413961e-01	
15547	1.552741e-06	1.799902e+00	9.401864e-01	
15548	1.552841e-06	1.799806e+00	9.389782e-01	
15549	1.552941e-06	1.799902e+00	9.377716e-01	
15550	1.553041e-06	1.799806e+00	9.365663e-01	
15551	1.553141e-06	1.799902e+00	9.353627e-01	
15552	1.553241e-06	1.799807e+00	9.341606e-01	
15553	1.553341e-06	1.799902e+00	9.329600e-01	
15554	1.553441e-06	1.799807e+00	9.317608e-01	
15555	1.553541e-06	1.799902e+00	9.305632e-01	
15556	1.553641e-06	1.799807e+00	9.293669e-01	
15557	1.553741e-06	1.799902e+00	9.281723e-01	
15558	1.553841e-06	1.799808e+00	9.269790e-01	
15559	1.553941e-06	1.799902e+00	9.257872e-01	
15560	1.554041e-06	1.799808e+00	9.245968e-01	
15561	1.554141e-06	1.799902e+00	9.234079e-01	
15562	1.554241e-06	1.799808e+00	9.222203e-01	
15563	1.554341e-06	1.799901e+00	9.210342e-01	
15564	1.554441e-06	1.799808e+00	9.198493e-01	
15565	1.554541e-06	1.799901e+00	9.186658e-01	
15566	1.554641e-06	1.799809e+00	9.174836e-01	
15567	1.554741e-06	1.799901e+00	9.163028e-01	
15568	1.554841e-06	1.799809e+00	9.151231e-01	
15569	1.554941e-06	1.799901e+00	9.139448e-01	
15570	1.555041e-06	1.799809e+00	9.127677e-01	
15571	1.555141e-06	1.799901e+00	9.115920e-01	
15572	1.555241e-06	1.799810e+00	9.104175e-01	
15573	1.555341e-06	1.799901e+00	9.092443e-01	
15574	1.555441e-06	1.799810e+00	9.080723e-01	
15575	1.555541e-06	1.799901e+00	9.069017e-01	
15576	1.555641e-06	1.799810e+00	9.057323e-01	
15577	1.555741e-06	1.799901e+00	9.045644e-01	
15578	1.555841e-06	1.799810e+00	9.033976e-01	
15579	1.555941e-06	1.799901e+00	9.022323e-01	
15580	1.556041e-06	1.799811e+00	9.010683e-01	
15581	1.556141e-06	1.799901e+00	8.999057e-01	
15582	1.556241e-06	1.799811e+00	8.987444e-01	
15583	1.556341e-06	1.799901e+00	8.975846e-01	
15584	1.556441e-06	1.799811e+00	8.964260e-01	
15585	1.556541e-06	1.799901e+00	8.952690e-01	
15586	1.556641e-06	1.799812e+00	8.941133e-01	
15587	1.556741e-06	1.799901e+00	8.929591e-01	
15588	1.556841e-06	1.799812e+00	8.918062e-01	
15589	1.556941e-06	1.799901e+00	8.906549e-01	
15590	1.557041e-06	1.799812e+00	8.895049e-01	
15591	1.557141e-06	1.799901e+00	8.883564e-01	
15592	1.557241e-06	1.799812e+00	8.872093e-01	
15593	1.557341e-06	1.799901e+00	8.860638e-01	
15594	1.557441e-06	1.799813e+00	8.849196e-01	
15595	1.557541e-06	1.799901e+00	8.837769e-01	
15596	1.557641e-06	1.799813e+00	8.826356e-01	
15597	1.557741e-06	1.799901e+00	8.814959e-01	
15598	1.557841e-06	1.799813e+00	8.803575e-01	

Index   time            vout2           v(x2.comp_p_0/v 
--------------------------------------------------------------------------------
15599	1.557941e-06	1.799901e+00	8.792207e-01	
15600	1.558041e-06	1.799813e+00	8.780852e-01	
15601	1.558141e-06	1.799901e+00	8.769513e-01	
15602	1.558241e-06	1.799814e+00	8.758188e-01	
15603	1.558341e-06	1.799901e+00	8.746878e-01	
15604	1.558441e-06	1.799814e+00	8.735582e-01	
15605	1.558541e-06	1.799900e+00	8.724301e-01	
15606	1.558641e-06	1.799814e+00	8.713034e-01	
15607	1.558741e-06	1.799900e+00	8.701783e-01	
15608	1.558841e-06	1.799814e+00	8.690545e-01	
15609	1.558941e-06	1.799900e+00	8.679323e-01	
15610	1.559041e-06	1.799815e+00	8.668114e-01	
15611	1.559141e-06	1.799900e+00	8.656921e-01	
15612	1.559241e-06	1.799815e+00	8.645741e-01	
15613	1.559341e-06	1.799900e+00	8.634577e-01	
15614	1.559441e-06	1.799815e+00	8.623427e-01	
15615	1.559541e-06	1.799900e+00	8.612292e-01	
15616	1.559641e-06	1.799816e+00	8.601170e-01	
15617	1.559741e-06	1.799900e+00	8.590064e-01	
15618	1.559841e-06	1.799816e+00	8.578971e-01	
15619	1.559941e-06	1.799900e+00	8.567894e-01	
15620	1.560041e-06	1.799816e+00	8.556830e-01	
15621	1.560141e-06	1.799900e+00	8.545782e-01	
15622	1.560241e-06	1.799816e+00	8.534746e-01	
15623	1.560341e-06	1.799900e+00	8.523727e-01	
15624	1.560441e-06	1.799817e+00	8.512720e-01	
15625	1.560541e-06	1.799900e+00	8.501729e-01	
15626	1.560641e-06	1.799817e+00	8.490752e-01	
15627	1.560741e-06	1.799900e+00	8.479789e-01	
15628	1.560841e-06	1.799817e+00	8.468840e-01	
15629	1.560941e-06	1.799900e+00	8.457906e-01	
15630	1.561041e-06	1.799817e+00	8.446986e-01	
15631	1.561141e-06	1.799900e+00	8.436081e-01	
15632	1.561241e-06	1.799818e+00	8.425188e-01	
15633	1.561341e-06	1.799900e+00	8.414311e-01	
15634	1.561441e-06	1.799818e+00	8.403448e-01	
15635	1.561541e-06	1.799900e+00	8.392599e-01	
15636	1.561641e-06	1.799818e+00	8.381764e-01	
15637	1.561741e-06	1.799900e+00	8.370943e-01	
15638	1.561841e-06	1.799818e+00	8.360136e-01	
15639	1.561941e-06	1.799900e+00	8.349344e-01	
15640	1.562041e-06	1.799819e+00	8.338565e-01	
15641	1.562141e-06	1.799900e+00	8.327801e-01	
15642	1.562241e-06	1.799819e+00	8.317050e-01	
15643	1.562341e-06	1.799900e+00	8.306314e-01	
15644	1.562441e-06	1.799819e+00	8.295591e-01	
15645	1.562541e-06	1.799900e+00	8.284883e-01	
15646	1.562641e-06	1.799819e+00	8.274188e-01	
15647	1.562741e-06	1.799900e+00	8.263508e-01	
15648	1.562841e-06	1.799820e+00	8.252841e-01	
15649	1.562941e-06	1.799899e+00	8.242189e-01	
15650	1.563041e-06	1.799820e+00	8.231550e-01	
15651	1.563141e-06	1.799899e+00	8.220925e-01	
15652	1.563241e-06	1.799820e+00	8.210314e-01	
15653	1.563341e-06	1.799899e+00	8.199717e-01	
15654	1.563441e-06	1.799820e+00	8.189133e-01	
15655	1.563541e-06	1.799899e+00	8.178564e-01	
15656	1.563641e-06	1.799821e+00	8.168008e-01	

Index   time            vout2           v(x2.comp_p_0/v 
--------------------------------------------------------------------------------
15657	1.563741e-06	1.799899e+00	8.157467e-01	
15658	1.563841e-06	1.799821e+00	8.146938e-01	
15659	1.563941e-06	1.799899e+00	8.136424e-01	
15660	1.564041e-06	1.799821e+00	8.125923e-01	
15661	1.564141e-06	1.799899e+00	8.115436e-01	
15662	1.564241e-06	1.799821e+00	8.104963e-01	
15663	1.564341e-06	1.799899e+00	8.094503e-01	
15664	1.564441e-06	1.799822e+00	8.084057e-01	
15665	1.564541e-06	1.799899e+00	8.073625e-01	
15666	1.564641e-06	1.799822e+00	8.063206e-01	
15667	1.564741e-06	1.799899e+00	8.052801e-01	
15668	1.564841e-06	1.799822e+00	8.042409e-01	
15669	1.564941e-06	1.799899e+00	8.032032e-01	
15670	1.565041e-06	1.799822e+00	8.021667e-01	
15671	1.565141e-06	1.799899e+00	8.011316e-01	
15672	1.565241e-06	1.799823e+00	8.000978e-01	
15673	1.565341e-06	1.799899e+00	7.990655e-01	
15674	1.565441e-06	1.799823e+00	7.980344e-01	
15675	1.565541e-06	1.799899e+00	7.970048e-01	
15676	1.565641e-06	1.799823e+00	7.959763e-01	
15677	1.565741e-06	1.799899e+00	7.949494e-01	
15678	1.565841e-06	1.799823e+00	7.939237e-01	
15679	1.565941e-06	1.799899e+00	7.928994e-01	
15680	1.566041e-06	1.799823e+00	7.918763e-01	
15681	1.566141e-06	1.799899e+00	7.908547e-01	
15682	1.566241e-06	1.799824e+00	7.898343e-01	
15683	1.566341e-06	1.799899e+00	7.888154e-01	
15684	1.566441e-06	1.799824e+00	7.877977e-01	
15685	1.566541e-06	1.799899e+00	7.867814e-01	
15686	1.566641e-06	1.799824e+00	7.857663e-01	
15687	1.566741e-06	1.799899e+00	7.847527e-01	
15688	1.566841e-06	1.799824e+00	7.837403e-01	
15689	1.566941e-06	1.799899e+00	7.827293e-01	
15690	1.567041e-06	1.799825e+00	7.817195e-01	
15691	1.567141e-06	1.799899e+00	7.807112e-01	
15692	1.567241e-06	1.799825e+00	7.797040e-01	
15693	1.567341e-06	1.799899e+00	7.786983e-01	
15694	1.567441e-06	1.799825e+00	7.776938e-01	
15695	1.567541e-06	1.799898e+00	7.766907e-01	
15696	1.567641e-06	1.799825e+00	7.756888e-01	
15697	1.567741e-06	1.799898e+00	7.746883e-01	
15698	1.567841e-06	1.799826e+00	7.736891e-01	
15699	1.567941e-06	1.799898e+00	7.726912e-01	
15700	1.568041e-06	1.799826e+00	7.716945e-01	
15701	1.568141e-06	1.799898e+00	7.706992e-01	
15702	1.568241e-06	1.799826e+00	7.697052e-01	
15703	1.568341e-06	1.799898e+00	7.687125e-01	
15704	1.568441e-06	1.799826e+00	7.677210e-01	
15705	1.568541e-06	1.799898e+00	7.667309e-01	
15706	1.568641e-06	1.799826e+00	7.657420e-01	
15707	1.568741e-06	1.799898e+00	7.647545e-01	
15708	1.568841e-06	1.799827e+00	7.637682e-01	
15709	1.568941e-06	1.799898e+00	7.627833e-01	
15710	1.569041e-06	1.799827e+00	7.617995e-01	
15711	1.569141e-06	1.799898e+00	7.608171e-01	
15712	1.569241e-06	1.799827e+00	7.598359e-01	
15713	1.569341e-06	1.799898e+00	7.588561e-01	
15714	1.569441e-06	1.799827e+00	7.578775e-01	

Index   time            vout2           v(x2.comp_p_0/v 
--------------------------------------------------------------------------------
15715	1.569541e-06	1.799898e+00	7.569003e-01	
15716	1.569641e-06	1.799828e+00	7.559242e-01	
15717	1.569741e-06	1.799898e+00	7.549495e-01	
15718	1.569841e-06	1.799828e+00	7.539759e-01	
15719	1.569941e-06	1.799898e+00	7.530038e-01	
15720	1.570041e-06	1.799828e+00	7.520328e-01	
15721	1.570141e-06	1.799898e+00	7.510631e-01	
15722	1.570241e-06	1.799828e+00	7.500946e-01	
15723	1.570341e-06	1.799898e+00	7.491275e-01	
15724	1.570441e-06	1.799828e+00	7.481616e-01	
15725	1.570541e-06	1.799898e+00	7.471970e-01	
15726	1.570641e-06	1.799829e+00	7.462335e-01	
15727	1.570741e-06	1.799898e+00	7.452715e-01	
15728	1.570841e-06	1.799829e+00	7.443105e-01	
15729	1.570941e-06	1.799898e+00	7.433510e-01	
15730	1.571041e-06	1.799829e+00	7.423925e-01	
15731	1.571141e-06	1.799898e+00	7.414354e-01	
15732	1.571241e-06	1.799829e+00	7.404795e-01	
15733	1.571341e-06	1.799898e+00	7.395249e-01	
15734	1.571441e-06	1.799829e+00	7.385715e-01	
15735	1.571541e-06	1.799898e+00	7.376194e-01	
15736	1.571641e-06	1.799830e+00	7.366684e-01	
15737	1.571741e-06	1.799898e+00	7.357187e-01	
15738	1.571841e-06	1.799830e+00	7.347702e-01	
15739	1.571941e-06	1.799898e+00	7.338231e-01	
15740	1.572041e-06	1.799830e+00	7.328771e-01	
15741	1.572141e-06	1.799898e+00	7.319324e-01	
15742	1.572241e-06	1.799830e+00	7.309888e-01	
15743	1.572341e-06	1.799898e+00	7.300465e-01	
15744	1.572441e-06	1.799831e+00	7.291054e-01	
15745	1.572541e-06	1.799897e+00	7.281656e-01	
15746	1.572641e-06	1.799831e+00	7.272269e-01	
15747	1.572741e-06	1.799897e+00	7.262896e-01	
15748	1.572841e-06	1.799831e+00	7.253533e-01	
15749	1.572941e-06	1.799897e+00	7.244184e-01	
15750	1.573041e-06	1.799831e+00	7.234846e-01	
15751	1.573141e-06	1.799897e+00	7.225521e-01	
15752	1.573241e-06	1.799831e+00	7.216207e-01	
15753	1.573341e-06	1.799897e+00	7.206907e-01	
15754	1.573441e-06	1.799832e+00	7.197617e-01	
15755	1.573541e-06	1.799897e+00	7.188340e-01	
15756	1.573641e-06	1.799832e+00	7.179075e-01	
15757	1.573741e-06	1.799897e+00	7.169822e-01	
15758	1.573841e-06	1.799832e+00	7.160581e-01	
15759	1.573941e-06	1.799897e+00	7.151352e-01	
15760	1.574041e-06	1.799832e+00	7.142135e-01	
15761	1.574141e-06	1.799897e+00	7.132930e-01	
15762	1.574241e-06	1.799832e+00	7.123737e-01	
15763	1.574341e-06	1.799897e+00	7.114556e-01	
15764	1.574441e-06	1.799833e+00	7.105386e-01	
15765	1.574541e-06	1.799897e+00	7.096229e-01	
15766	1.574641e-06	1.799833e+00	7.087083e-01	
15767	1.574741e-06	1.799897e+00	7.077950e-01	
15768	1.574841e-06	1.799833e+00	7.068828e-01	
15769	1.574941e-06	1.799897e+00	7.059718e-01	
15770	1.575041e-06	1.799833e+00	7.050620e-01	
15771	1.575141e-06	1.799897e+00	7.041534e-01	
15772	1.575241e-06	1.799833e+00	7.032459e-01	

Index   time            vout2           v(x2.comp_p_0/v 
--------------------------------------------------------------------------------
15773	1.575341e-06	1.799897e+00	7.023396e-01	
15774	1.575441e-06	1.799834e+00	7.014345e-01	
15775	1.575541e-06	1.799897e+00	7.005306e-01	
15776	1.575641e-06	1.799834e+00	6.996278e-01	
15777	1.575741e-06	1.799897e+00	6.987262e-01	
15778	1.575841e-06	1.799834e+00	6.978258e-01	
15779	1.575941e-06	1.799897e+00	6.969265e-01	
15780	1.576041e-06	1.799834e+00	6.960284e-01	
15781	1.576141e-06	1.799897e+00	6.951315e-01	
15782	1.576241e-06	1.799834e+00	6.942357e-01	
15783	1.576341e-06	1.799897e+00	6.933411e-01	
15784	1.576441e-06	1.799835e+00	6.924476e-01	
15785	1.576541e-06	1.799897e+00	6.915554e-01	
15786	1.576641e-06	1.799835e+00	6.906642e-01	
15787	1.576741e-06	1.799897e+00	6.897742e-01	
15788	1.576841e-06	1.799835e+00	6.888853e-01	
15789	1.576941e-06	1.799897e+00	6.879977e-01	
15790	1.577041e-06	1.799835e+00	6.871111e-01	
15791	1.577141e-06	1.799897e+00	6.862258e-01	
15792	1.577241e-06	1.799835e+00	6.853415e-01	
15793	1.577341e-06	1.799897e+00	6.844584e-01	
15794	1.577441e-06	1.799835e+00	6.835764e-01	
15795	1.577541e-06	1.799897e+00	6.826957e-01	
15796	1.577641e-06	1.799836e+00	6.818159e-01	
15797	1.577741e-06	1.799896e+00	6.809374e-01	
15798	1.577841e-06	1.799836e+00	6.800600e-01	
15799	1.577941e-06	1.799896e+00	6.791838e-01	
15800	1.578041e-06	1.799836e+00	6.783086e-01	
15801	1.578141e-06	1.799896e+00	6.774346e-01	
15802	1.578241e-06	1.799836e+00	6.765617e-01	
15803	1.578341e-06	1.799896e+00	6.756900e-01	
15804	1.578441e-06	1.799836e+00	6.748194e-01	
15805	1.578541e-06	1.799896e+00	6.739499e-01	
15806	1.578641e-06	1.799837e+00	6.730815e-01	
15807	1.578741e-06	1.799896e+00	6.722143e-01	
15808	1.578841e-06	1.799837e+00	6.713482e-01	
15809	1.578941e-06	1.799896e+00	6.704832e-01	
15810	1.579041e-06	1.799837e+00	6.696193e-01	
15811	1.579141e-06	1.799896e+00	6.687566e-01	
15812	1.579241e-06	1.799837e+00	6.678949e-01	
15813	1.579341e-06	1.799896e+00	6.670345e-01	
15814	1.579441e-06	1.799837e+00	6.661750e-01	
15815	1.579541e-06	1.799896e+00	6.653168e-01	
15816	1.579641e-06	1.799837e+00	6.644595e-01	
15817	1.579741e-06	1.799896e+00	6.636035e-01	
15818	1.579841e-06	1.799838e+00	6.627485e-01	
15819	1.579941e-06	1.799896e+00	6.618947e-01	
15820	1.580041e-06	1.799838e+00	6.610419e-01	
15821	1.580141e-06	1.799896e+00	6.601904e-01	
15822	1.580241e-06	1.799838e+00	6.593398e-01	
15823	1.580341e-06	1.799896e+00	6.584904e-01	
15824	1.580441e-06	1.799838e+00	6.576420e-01	
15825	1.580541e-06	1.799896e+00	6.567949e-01	
15826	1.580641e-06	1.799838e+00	6.559487e-01	
15827	1.580741e-06	1.799896e+00	6.551038e-01	
15828	1.580841e-06	1.799839e+00	6.542598e-01	
15829	1.580941e-06	1.799896e+00	6.534170e-01	
15830	1.581041e-06	1.799839e+00	6.525753e-01	

Index   time            vout2           v(x2.comp_p_0/v 
--------------------------------------------------------------------------------
15831	1.581141e-06	1.799896e+00	6.517347e-01	
15832	1.581241e-06	1.799839e+00	6.508951e-01	
15833	1.581341e-06	1.799896e+00	6.500567e-01	
15834	1.581441e-06	1.799839e+00	6.492193e-01	
15835	1.581541e-06	1.799896e+00	6.483831e-01	
15836	1.581641e-06	1.799839e+00	6.475479e-01	
15837	1.581741e-06	1.799896e+00	6.467139e-01	
15838	1.581841e-06	1.799839e+00	6.458809e-01	
15839	1.581941e-06	1.799896e+00	6.450491e-01	
15840	1.582041e-06	1.799840e+00	6.442182e-01	
15841	1.582141e-06	1.799896e+00	6.433886e-01	
15842	1.582241e-06	1.799840e+00	6.425599e-01	
15843	1.582341e-06	1.799896e+00	6.417324e-01	
15844	1.582441e-06	1.799840e+00	6.409059e-01	
15845	1.582541e-06	1.799896e+00	6.400806e-01	
15846	1.582641e-06	1.799840e+00	6.392563e-01	
15847	1.582741e-06	1.799896e+00	6.384331e-01	
15848	1.582841e-06	1.799840e+00	6.376109e-01	
15849	1.582941e-06	1.799896e+00	6.367900e-01	
15850	1.583041e-06	1.799840e+00	6.359699e-01	
15851	1.583141e-06	1.799896e+00	6.351511e-01	
15852	1.583241e-06	1.799841e+00	6.343333e-01	
15853	1.583341e-06	1.799895e+00	6.335166e-01	
15854	1.583441e-06	1.799841e+00	6.327009e-01	
15855	1.583541e-06	1.799895e+00	6.318863e-01	
15856	1.583641e-06	1.799841e+00	6.310728e-01	
15857	1.583741e-06	1.799895e+00	6.302604e-01	
15858	1.583841e-06	1.799841e+00	6.294490e-01	
15859	1.583941e-06	1.799895e+00	6.286387e-01	
15860	1.584041e-06	1.799841e+00	6.278294e-01	
15861	1.584141e-06	1.799895e+00	6.270213e-01	
15862	1.584241e-06	1.799842e+00	6.262141e-01	
15863	1.584341e-06	1.799895e+00	6.254082e-01	
15864	1.584441e-06	1.799842e+00	6.246031e-01	
15865	1.584541e-06	1.799895e+00	6.237993e-01	
15866	1.584641e-06	1.799842e+00	6.229963e-01	
15867	1.584741e-06	1.799895e+00	6.221946e-01	
15868	1.584841e-06	1.799842e+00	6.213938e-01	
15869	1.584941e-06	1.799895e+00	6.205942e-01	
15870	1.585041e-06	1.799842e+00	6.197955e-01	
15871	1.585141e-06	1.799895e+00	6.189980e-01	
15872	1.585241e-06	1.799842e+00	6.182014e-01	
15873	1.585341e-06	1.799895e+00	6.174060e-01	
15874	1.585441e-06	1.799842e+00	6.166115e-01	
15875	1.585541e-06	1.799895e+00	6.158181e-01	
15876	1.585641e-06	1.799843e+00	6.150258e-01	
15877	1.585741e-06	1.799895e+00	6.142345e-01	
15878	1.585841e-06	1.799843e+00	6.134442e-01	
15879	1.585941e-06	1.799895e+00	6.126551e-01	
15880	1.586041e-06	1.799843e+00	6.118668e-01	
15881	1.586141e-06	1.799895e+00	6.110798e-01	
15882	1.586241e-06	1.799843e+00	6.102936e-01	
15883	1.586341e-06	1.799895e+00	6.095086e-01	
15884	1.586441e-06	1.799843e+00	6.087246e-01	
15885	1.586541e-06	1.799895e+00	6.079416e-01	
15886	1.586641e-06	1.799843e+00	6.071596e-01	
15887	1.586741e-06	1.799895e+00	6.063788e-01	
15888	1.586841e-06	1.799844e+00	6.055988e-01	

Index   time            vout2           v(x2.comp_p_0/v 
--------------------------------------------------------------------------------
15889	1.586941e-06	1.799895e+00	6.048200e-01	
15890	1.587041e-06	1.799844e+00	6.040421e-01	
15891	1.587141e-06	1.799895e+00	6.032654e-01	
15892	1.587241e-06	1.799844e+00	6.024895e-01	
15893	1.587341e-06	1.799895e+00	6.017148e-01	
15894	1.587441e-06	1.799844e+00	6.009410e-01	
15895	1.587541e-06	1.799895e+00	6.001683e-01	
15896	1.587641e-06	1.799844e+00	5.993966e-01	
15897	1.587741e-06	1.799895e+00	5.986260e-01	
15898	1.587841e-06	1.799844e+00	5.978562e-01	
15899	1.587941e-06	1.799895e+00	5.970876e-01	
15900	1.588041e-06	1.799845e+00	5.963199e-01	
15901	1.588141e-06	1.799895e+00	5.955533e-01	
15902	1.588241e-06	1.799845e+00	5.947877e-01	
15903	1.588341e-06	1.799895e+00	5.940231e-01	
15904	1.588441e-06	1.799845e+00	5.932594e-01	
15905	1.588541e-06	1.799895e+00	5.924969e-01	
15906	1.588641e-06	1.799845e+00	5.917352e-01	
15907	1.588741e-06	1.799895e+00	5.909747e-01	
15908	1.588841e-06	1.799845e+00	5.902150e-01	
15909	1.588941e-06	1.799895e+00	5.894565e-01	
15910	1.589041e-06	1.799845e+00	5.886989e-01	
15911	1.589141e-06	1.799895e+00	5.879423e-01	
15912	1.589241e-06	1.799845e+00	5.871867e-01	
15913	1.589341e-06	1.799894e+00	5.864321e-01	
15914	1.589441e-06	1.799846e+00	5.856784e-01	
15915	1.589541e-06	1.799894e+00	5.849259e-01	
15916	1.589641e-06	1.799846e+00	5.841742e-01	
15917	1.589741e-06	1.799894e+00	5.834236e-01	
15918	1.589841e-06	1.799846e+00	5.826739e-01	
15919	1.589941e-06	1.799894e+00	5.819253e-01	
15920	1.590041e-06	1.799846e+00	5.811775e-01	
15921	1.590141e-06	1.799894e+00	5.804309e-01	
15922	1.590241e-06	1.799846e+00	5.796851e-01	
15923	1.590341e-06	1.799894e+00	5.789405e-01	
15924	1.590441e-06	1.799846e+00	5.781967e-01	
15925	1.590541e-06	1.799894e+00	5.774539e-01	
15926	1.590641e-06	1.799847e+00	5.767121e-01	
15927	1.590741e-06	1.799894e+00	5.759713e-01	
15928	1.590841e-06	1.799847e+00	5.752314e-01	
15929	1.590941e-06	1.799894e+00	5.744926e-01	
15930	1.591041e-06	1.799847e+00	5.737546e-01	
15931	1.591141e-06	1.799894e+00	5.730177e-01	
15932	1.591241e-06	1.799847e+00	5.722817e-01	
15933	1.591341e-06	1.799894e+00	5.715468e-01	
15934	1.591441e-06	1.799847e+00	5.708127e-01	
15935	1.591541e-06	1.799894e+00	5.700797e-01	
15936	1.591641e-06	1.799847e+00	5.693475e-01	
15937	1.591741e-06	1.799893e+00	5.686164e-01	
15938	1.591841e-06	1.799847e+00	5.678862e-01	
15939	1.591941e-06	1.799893e+00	5.671570e-01	
15940	1.592041e-06	1.799847e+00	5.664287e-01	
15941	1.592141e-06	1.799893e+00	5.657014e-01	
15942	1.592241e-06	1.799847e+00	5.649750e-01	
15943	1.592341e-06	1.799893e+00	5.642496e-01	
15944	1.592441e-06	1.799847e+00	5.635251e-01	
15945	1.592541e-06	1.799893e+00	5.628016e-01	
15946	1.592641e-06	1.799847e+00	5.620790e-01	

Index   time            vout2           v(x2.comp_p_0/v 
--------------------------------------------------------------------------------
15947	1.592741e-06	1.799893e+00	5.613574e-01	
15948	1.592841e-06	1.799848e+00	5.606366e-01	
15949	1.592941e-06	1.799893e+00	5.599169e-01	
15950	1.593041e-06	1.799848e+00	5.591980e-01	
15951	1.593141e-06	1.799893e+00	5.584801e-01	
15952	1.593241e-06	1.799848e+00	5.577630e-01	
15953	1.593341e-06	1.799893e+00	5.570470e-01	
15954	1.593441e-06	1.799848e+00	5.563318e-01	
15955	1.593541e-06	1.799893e+00	5.556175e-01	
15956	1.593641e-06	1.799848e+00	5.549041e-01	
15957	1.593741e-06	1.799893e+00	5.541917e-01	
15958	1.593841e-06	1.799848e+00	5.534800e-01	
15959	1.593941e-06	1.799893e+00	5.527693e-01	
15960	1.594041e-06	1.799848e+00	5.520594e-01	
15961	1.594141e-06	1.799893e+00	5.513504e-01	
15962	1.594241e-06	1.799849e+00	5.506422e-01	
15963	1.594341e-06	1.799893e+00	5.499349e-01	
15964	1.594441e-06	1.799849e+00	5.492283e-01	
15965	1.594541e-06	1.799893e+00	5.485226e-01	
15966	1.594641e-06	1.799849e+00	5.478176e-01	
15967	1.594741e-06	1.799893e+00	5.471135e-01	
15968	1.594841e-06	1.799849e+00	5.464100e-01	
15969	1.594941e-06	1.799893e+00	5.457073e-01	
15970	1.595041e-06	1.799849e+00	5.450053e-01	
15971	1.595141e-06	1.799893e+00	5.443040e-01	
15972	1.595241e-06	1.799849e+00	5.436033e-01	
15973	1.595341e-06	1.799893e+00	5.429035e-01	
15974	1.595441e-06	1.799849e+00	5.422041e-01	
15975	1.595541e-06	1.799893e+00	5.415056e-01	
15976	1.595641e-06	1.799850e+00	5.408076e-01	
15977	1.595741e-06	1.799893e+00	5.401103e-01	
15978	1.595841e-06	1.799850e+00	5.394136e-01	
15979	1.595941e-06	1.799893e+00	5.387176e-01	
15980	1.596041e-06	1.799850e+00	5.380222e-01	
15981	1.596141e-06	1.799893e+00	5.373275e-01	
15982	1.596241e-06	1.799850e+00	5.366334e-01	
15983	1.596341e-06	1.799893e+00	5.359401e-01	
15984	1.596441e-06	1.799849e+00	5.352474e-01	
15985	1.596541e-06	1.799892e+00	5.345555e-01	
15986	1.596641e-06	1.799849e+00	5.338643e-01	
15987	1.596741e-06	1.799892e+00	5.331738e-01	
15988	1.596841e-06	1.799850e+00	5.324840e-01	
15989	1.596941e-06	1.799892e+00	5.317951e-01	
15990	1.597041e-06	1.799850e+00	5.311069e-01	
15991	1.597141e-06	1.799892e+00	5.304195e-01	
15992	1.597241e-06	1.799850e+00	5.297328e-01	
15993	1.597341e-06	1.799892e+00	5.290471e-01	
15994	1.597441e-06	1.799850e+00	5.283620e-01	
15995	1.597541e-06	1.799892e+00	5.276779e-01	
15996	1.597641e-06	1.799850e+00	5.269945e-01	
15997	1.597741e-06	1.799892e+00	5.263120e-01	
15998	1.597841e-06	1.799850e+00	5.256302e-01	
15999	1.597941e-06	1.799892e+00	5.249494e-01	
16000	1.598041e-06	1.799851e+00	5.242693e-01	
16001	1.598141e-06	1.799892e+00	5.235901e-01	
16002	1.598241e-06	1.799851e+00	5.229117e-01	
16003	1.598341e-06	1.799892e+00	5.222343e-01	
16004	1.598441e-06	1.799851e+00	5.215576e-01	

Index   time            vout2           v(x2.comp_p_0/v 
--------------------------------------------------------------------------------
16005	1.598541e-06	1.799892e+00	5.208819e-01	
16006	1.598641e-06	1.799852e+00	5.202069e-01	
16007	1.598741e-06	1.799892e+00	5.195330e-01	
16008	1.598841e-06	1.799852e+00	5.188597e-01	
16009	1.598941e-06	1.799893e+00	5.181875e-01	
16010	1.599041e-06	1.799851e+00	5.175160e-01	
16011	1.599141e-06	1.799892e+00	5.168455e-01	
16012	1.599241e-06	1.799851e+00	5.161758e-01	
16013	1.599341e-06	1.799892e+00	5.155071e-01	
16014	1.599441e-06	1.799851e+00	5.148391e-01	
16015	1.599541e-06	1.799891e+00	5.141721e-01	
16016	1.599641e-06	1.799851e+00	5.135059e-01	
16017	1.599741e-06	1.799891e+00	5.128407e-01	
16018	1.599841e-06	1.799852e+00	5.121762e-01	
16019	1.599941e-06	1.799891e+00	5.115127e-01	
16020	1.600041e-06	1.799852e+00	5.108499e-01	
16021	1.600141e-06	1.799891e+00	5.101882e-01	
16022	1.600241e-06	1.799852e+00	5.095272e-01	
16023	1.600341e-06	1.799891e+00	5.088671e-01	
16024	1.600441e-06	1.799852e+00	5.082078e-01	
16025	1.600541e-06	1.799891e+00	5.075494e-01	
16026	1.600641e-06	1.799852e+00	5.068918e-01	
16027	1.600741e-06	1.799891e+00	5.062352e-01	
16028	1.600841e-06	1.799852e+00	5.055793e-01	
16029	1.600941e-06	1.799891e+00	5.049244e-01	
16030	1.601041e-06	1.799852e+00	5.042702e-01	
16031	1.601141e-06	1.799891e+00	5.036169e-01	
16032	1.601241e-06	1.799852e+00	5.029644e-01	
16033	1.601341e-06	1.799891e+00	5.023128e-01	
16034	1.601441e-06	1.799852e+00	5.016620e-01	
16035	1.601541e-06	1.799891e+00	5.010121e-01	
16036	1.601641e-06	1.799853e+00	5.003629e-01	
16037	1.601741e-06	1.799891e+00	4.997147e-01	
16038	1.601841e-06	1.799853e+00	4.990672e-01	
16039	1.601941e-06	1.799891e+00	4.984206e-01	
16040	1.602041e-06	1.799853e+00	4.977748e-01	
16041	1.602141e-06	1.799891e+00	4.971299e-01	
16042	1.602241e-06	1.799853e+00	4.964857e-01	
16043	1.602341e-06	1.799891e+00	4.958425e-01	
16044	1.602441e-06	1.799853e+00	4.952000e-01	
16045	1.602541e-06	1.799891e+00	4.945584e-01	
16046	1.602641e-06	1.799853e+00	4.939175e-01	
16047	1.602741e-06	1.799891e+00	4.932776e-01	
16048	1.602841e-06	1.799853e+00	4.926384e-01	
16049	1.602941e-06	1.799891e+00	4.920001e-01	
16050	1.603041e-06	1.799853e+00	4.913626e-01	
16051	1.603141e-06	1.799891e+00	4.907260e-01	
16052	1.603241e-06	1.799854e+00	4.900901e-01	
16053	1.603341e-06	1.799892e+00	4.894551e-01	
16054	1.603441e-06	1.799854e+00	4.888208e-01	
16055	1.603541e-06	1.799892e+00	4.881874e-01	
16056	1.603641e-06	1.799854e+00	4.875548e-01	
16057	1.603741e-06	1.799892e+00	4.869231e-01	
16058	1.603841e-06	1.799854e+00	4.862921e-01	
16059	1.603941e-06	1.799892e+00	4.856620e-01	
16060	1.604041e-06	1.799855e+00	4.850326e-01	
16061	1.604141e-06	1.799891e+00	4.844042e-01	
16062	1.604241e-06	1.799855e+00	4.837764e-01	

Index   time            vout2           v(x2.comp_p_0/v 
--------------------------------------------------------------------------------
16063	1.604341e-06	1.799891e+00	4.831496e-01	
16064	1.604441e-06	1.799855e+00	4.825234e-01	
16065	1.604541e-06	1.799891e+00	4.818982e-01	
16066	1.604641e-06	1.799855e+00	4.812737e-01	
16067	1.604741e-06	1.799891e+00	4.806501e-01	
16068	1.604841e-06	1.799855e+00	4.800272e-01	
16069	1.604941e-06	1.799891e+00	4.794052e-01	
16070	1.605041e-06	1.799855e+00	4.787838e-01	
16071	1.605141e-06	1.799891e+00	4.781635e-01	
16072	1.605241e-06	1.799855e+00	4.775437e-01	
16073	1.605341e-06	1.799891e+00	4.769249e-01	
16074	1.605441e-06	1.799855e+00	4.763068e-01	
16075	1.605541e-06	1.799891e+00	4.756896e-01	
16076	1.605641e-06	1.799855e+00	4.750731e-01	
16077	1.605741e-06	1.799891e+00	4.744575e-01	
16078	1.605841e-06	1.799855e+00	4.738426e-01	
16079	1.605941e-06	1.799890e+00	4.732285e-01	
16080	1.606041e-06	1.799855e+00	4.726152e-01	
16081	1.606141e-06	1.799890e+00	4.720027e-01	
16082	1.606241e-06	1.799855e+00	4.713909e-01	
16083	1.606341e-06	1.799890e+00	4.707800e-01	
16084	1.606441e-06	1.799855e+00	4.701698e-01	
16085	1.606541e-06	1.799890e+00	4.695604e-01	
16086	1.606641e-06	1.799854e+00	4.689517e-01	
16087	1.606741e-06	1.799889e+00	4.683439e-01	
16088	1.606841e-06	1.799854e+00	4.677368e-01	
16089	1.606941e-06	1.799889e+00	4.671306e-01	
16090	1.607041e-06	1.799854e+00	4.665250e-01	
16091	1.607141e-06	1.799888e+00	4.659203e-01	
16092	1.607241e-06	1.799853e+00	4.653162e-01	
16093	1.607341e-06	1.799888e+00	4.647130e-01	
16094	1.607441e-06	1.799853e+00	4.641105e-01	
16095	1.607541e-06	1.799887e+00	4.635089e-01	
16096	1.607641e-06	1.799853e+00	4.629079e-01	
16097	1.607741e-06	1.799886e+00	4.623078e-01	
16098	1.607841e-06	1.799851e+00	4.617084e-01	
16099	1.607941e-06	1.799884e+00	4.611098e-01	
16100	1.608041e-06	1.799851e+00	4.605119e-01	
16101	1.608141e-06	1.799884e+00	4.599148e-01	
16102	1.608241e-06	1.799850e+00	4.593184e-01	
16103	1.608341e-06	1.799883e+00	4.587229e-01	
16104	1.608441e-06	1.799849e+00	4.581281e-01	
16105	1.608541e-06	1.799882e+00	4.575341e-01	
16106	1.608641e-06	1.799848e+00	4.569408e-01	
16107	1.608741e-06	1.799880e+00	4.563483e-01	
16108	1.608841e-06	1.799847e+00	4.557565e-01	
16109	1.608941e-06	1.799879e+00	4.551655e-01	
16110	1.609041e-06	1.799846e+00	4.545752e-01	
16111	1.609141e-06	1.799878e+00	4.539857e-01	
16112	1.609241e-06	1.799845e+00	4.533968e-01	
16113	1.609341e-06	1.799876e+00	4.528088e-01	
16114	1.609441e-06	1.799844e+00	4.522214e-01	
16115	1.609541e-06	1.799875e+00	4.516348e-01	
16116	1.609641e-06	1.799843e+00	4.510489e-01	
16117	1.609741e-06	1.799874e+00	4.504637e-01	
16118	1.609841e-06	1.799843e+00	4.498792e-01	
16119	1.609941e-06	1.799874e+00	4.492955e-01	
16120	1.610041e-06	1.799844e+00	4.487125e-01	

Index   time            vout2           v(x2.comp_p_0/v 
--------------------------------------------------------------------------------
16121	1.610141e-06	1.799875e+00	4.481302e-01	
16122	1.610241e-06	1.799846e+00	4.475486e-01	
16123	1.610341e-06	1.799880e+00	4.469678e-01	
16124	1.610441e-06	1.799854e+00	4.463877e-01	
16125	1.610541e-06	1.799892e+00	4.458084e-01	
16126	1.610641e-06	1.799872e+00	4.452297e-01	
16127	1.610741e-06	1.799921e+00	4.446518e-01	
16128	1.610841e-06	1.799912e+00	4.440745e-01	
16129	1.610941e-06	1.799984e+00	4.434981e-01	
16130	1.611041e-06	1.799993e+00	4.429223e-01	
16131	1.611141e-06	1.800092e+00	4.423474e-01	
16132	1.611241e-06	1.800134e+00	4.417731e-01	
16133	1.611341e-06	1.800276e+00	4.411997e-01	
16134	1.611441e-06	1.800376e+00	4.406270e-01	
16135	1.611541e-06	1.800602e+00	4.400552e-01	
16136	1.611641e-06	1.800825e+00	4.394844e-01	
16137	1.611741e-06	1.801249e+00	4.389148e-01	
16138	1.611841e-06	1.801812e+00	4.383467e-01	
16139	1.611941e-06	1.802867e+00	4.377810e-01	
16140	1.612041e-06	1.804618e+00	4.372186e-01	
16141	1.612141e-06	1.807447e+00	4.366619e-01	
16142	1.612241e-06	1.811271e+00	4.361153e-01	
16143	1.612341e-06	1.817074e+00	4.355890e-01	
16144	1.612441e-06	1.828498e+00	4.351234e-01	
16145	1.612541e-06	1.824017e+00	4.350469e-01	
16146	1.612641e-06	6.388311e-01	4.361156e-01	
16147	1.612741e-06	-1.54909e-02	4.377893e-01	
16148	1.612832e-06	2.117477e-02	4.393607e-01	
16149	1.612932e-06	-1.62186e-02	4.411156e-01	
16150	1.613032e-06	1.415098e-02	4.428624e-01	
16151	1.613132e-06	-1.21337e-02	4.446143e-01	
16152	1.613232e-06	1.059409e-02	4.463609e-01	
16153	1.613332e-06	-9.11615e-03	4.481082e-01	
16154	1.613432e-06	7.951948e-03	4.498525e-01	
16155	1.613532e-06	-6.85733e-03	4.515957e-01	
16156	1.613632e-06	5.976934e-03	4.533366e-01	
16157	1.613732e-06	-5.16195e-03	4.550758e-01	
16158	1.613832e-06	4.496407e-03	4.568130e-01	
16159	1.613932e-06	-3.88751e-03	4.585481e-01	
16160	1.614032e-06	3.384655e-03	4.602813e-01	
16161	1.614132e-06	-2.92866e-03	4.620123e-01	
16162	1.614232e-06	2.548923e-03	4.637413e-01	
16163	1.614332e-06	-2.20687e-03	4.654680e-01	
16164	1.614432e-06	1.920242e-03	4.671927e-01	
16165	1.614532e-06	-1.66336e-03	4.689151e-01	
16166	1.614632e-06	1.447094e-03	4.706354e-01	
16167	1.614732e-06	-1.25354e-03	4.723534e-01	
16168	1.614832e-06	1.091418e-03	4.740694e-01	
16169	1.614932e-06	-9.45679e-04	4.757830e-01	
16170	1.615032e-06	8.226350e-04	4.774945e-01	
16171	1.615132e-06	-7.13366e-04	4.792037e-01	
16172	1.615232e-06	6.206210e-04	4.809108e-01	
16173	1.615332e-06	-5.38375e-04	4.826155e-01	
16174	1.615432e-06	4.684609e-04	4.843182e-01	
16175	1.615532e-06	-4.06538e-04	4.860185e-01	
16176	1.615632e-06	3.538412e-04	4.877167e-01	
16177	1.615732e-06	-3.07211e-04	4.894125e-01	
16178	1.615832e-06	2.674957e-04	4.911062e-01	

Index   time            vout2           v(x2.comp_p_0/v 
--------------------------------------------------------------------------------
16179	1.615932e-06	-2.32377e-04	4.927976e-01	
16180	1.616032e-06	2.024480e-04	4.944869e-01	
16181	1.616132e-06	-1.75997e-04	4.961738e-01	
16182	1.616232e-06	1.534443e-04	4.978586e-01	
16183	1.616332e-06	-1.33521e-04	4.995411e-01	
16184	1.616432e-06	1.165288e-04	5.012214e-01	
16185	1.616532e-06	-1.01521e-04	5.028995e-01	
16186	1.616632e-06	8.871840e-05	5.045754e-01	
16187	1.616732e-06	-7.74143e-05	5.062490e-01	
16188	1.616832e-06	6.881586e-05	5.079205e-01	
16189	1.616932e-06	-5.82096e-05	5.095897e-01	
16190	1.617032e-06	5.278604e-05	5.112567e-01	
16191	1.617132e-06	-4.47391e-05	5.129215e-01	
16192	1.617232e-06	4.069469e-05	5.145841e-01	
16193	1.617332e-06	-3.46039e-05	5.162445e-01	
16194	1.617432e-06	3.159577e-05	5.179027e-01	
16195	1.617532e-06	-2.69792e-05	5.195586e-01	
16196	1.617632e-06	2.474979e-05	5.212125e-01	
16197	1.617732e-06	-2.12440e-05	5.228640e-01	
16198	1.617832e-06	1.960009e-05	5.245135e-01	
16199	1.617932e-06	-1.69310e-05	5.261606e-01	
16200	1.618032e-06	1.572759e-05	5.278057e-01	
16201	1.618132e-06	-1.36886e-05	5.294485e-01	
16202	1.618232e-06	1.281676e-05	5.310892e-01	
16203	1.618332e-06	-1.12522e-05	5.327276e-01	
16204	1.618432e-06	1.063005e-05	5.343640e-01	
16205	1.618532e-06	-9.42267e-06	5.359980e-01	
16206	1.618632e-06	8.988578e-06	5.376300e-01	
16207	1.618732e-06	-8.05000e-06	5.392597e-01	
16208	1.618832e-06	7.757650e-06	5.408874e-01	
16209	1.618932e-06	-7.02132e-06	5.425128e-01	
16210	1.619032e-06	6.835843e-06	5.441361e-01	
16211	1.619132e-06	-6.25163e-06	5.457571e-01	
16212	1.619232e-06	6.146784e-06	5.473762e-01	
16213	1.619332e-06	-5.67646e-06	5.489929e-01	
16214	1.619432e-06	5.632062e-06	5.506076e-01	
16215	1.619532e-06	-5.24817e-06	5.522201e-01	
16216	1.619632e-06	5.250238e-06	5.538305e-01	
16217	1.619732e-06	-4.93093e-06	5.554386e-01	
16218	1.619832e-06	4.967819e-06	5.570448e-01	
16219	1.619932e-06	-4.69688e-06	5.586487e-01	
16220	1.620032e-06	4.760140e-06	5.602506e-01	
16221	1.620132e-06	-4.52542e-06	5.618502e-01	
16222	1.620232e-06	4.608693e-06	5.634478e-01	
16223	1.620332e-06	-4.40105e-06	5.650432e-01	
16224	1.620432e-06	4.499549e-06	5.666366e-01	
16225	1.620532e-06	-4.31210e-06	5.682277e-01	
16226	1.620632e-06	4.422224e-06	5.698169e-01	
16227	1.620732e-06	-4.24978e-06	5.714038e-01	
16228	1.620832e-06	4.368826e-06	5.729887e-01	
16229	1.620932e-06	-4.20750e-06	5.745715e-01	
16230	1.621032e-06	4.333411e-06	5.761522e-01	
16231	1.621132e-06	-4.18026e-06	5.777307e-01	
16232	1.621232e-06	4.311504e-06	5.793073e-01	
16233	1.621332e-06	-4.16432e-06	5.808816e-01	
16234	1.621432e-06	4.299735e-06	5.824540e-01	
16235	1.621532e-06	-4.15686e-06	5.840242e-01	
16236	1.621632e-06	4.295568e-06	5.855924e-01	

Index   time            vout2           v(x2.comp_p_0/v 
--------------------------------------------------------------------------------
16237	1.621732e-06	-4.15575e-06	5.871585e-01	
16238	1.621832e-06	4.297092e-06	5.887226e-01	
16239	1.621932e-06	-4.15939e-06	5.902844e-01	
16240	1.622032e-06	4.302867e-06	5.918444e-01	
16241	1.622132e-06	-4.16658e-06	5.934022e-01	
16242	1.622232e-06	4.311811e-06	5.949580e-01	
16243	1.622332e-06	-4.17640e-06	5.965116e-01	
16244	1.622432e-06	4.323109e-06	5.980634e-01	
16245	1.622532e-06	-4.18818e-06	5.996129e-01	
16246	1.622632e-06	4.336146e-06	6.011605e-01	
16247	1.622732e-06	-4.20139e-06	6.027060e-01	
16248	1.622832e-06	4.350460e-06	6.042495e-01	
16249	1.622932e-06	-4.21567e-06	6.057909e-01	
16250	1.623032e-06	4.365704e-06	6.073304e-01	
16251	1.623132e-06	-4.23070e-06	6.088677e-01	
16252	1.623232e-06	4.381614e-06	6.104032e-01	
16253	1.623332e-06	-4.24628e-06	6.119365e-01	
16254	1.623432e-06	4.397995e-06	6.134678e-01	
16255	1.623532e-06	-4.26223e-06	6.149971e-01	
16256	1.623632e-06	4.414698e-06	6.165245e-01	
16257	1.623732e-06	-4.27844e-06	6.180497e-01	
16258	1.623832e-06	4.431612e-06	6.195730e-01	
16259	1.623932e-06	-4.29480e-06	6.210943e-01	
16260	1.624032e-06	4.448652e-06	6.226136e-01	
16261	1.624132e-06	-4.31126e-06	6.241308e-01	
16262	1.624232e-06	4.465757e-06	6.256462e-01	
16263	1.624332e-06	-4.32776e-06	6.271595e-01	
16264	1.624432e-06	4.482877e-06	6.286709e-01	
16265	1.624532e-06	-4.34425e-06	6.301802e-01	
16266	1.624632e-06	4.499979e-06	6.316876e-01	
16267	1.624732e-06	-4.36071e-06	6.331930e-01	
16268	1.624832e-06	4.517035e-06	6.346965e-01	
16269	1.624932e-06	-4.37712e-06	6.361979e-01	
16270	1.625032e-06	4.534026e-06	6.376975e-01	
16271	1.625132e-06	-4.39345e-06	6.391949e-01	
16272	1.625232e-06	4.550937e-06	6.406906e-01	
16273	1.625332e-06	-4.40971e-06	6.421842e-01	
16274	1.625432e-06	4.567756e-06	6.436760e-01	
16275	1.625532e-06	-4.42587e-06	6.451656e-01	
16276	1.625632e-06	4.584477e-06	6.466535e-01	
16277	1.625732e-06	-4.44193e-06	6.481393e-01	
16278	1.625832e-06	4.601094e-06	6.496233e-01	
16279	1.625932e-06	-4.45790e-06	6.511053e-01	
16280	1.626032e-06	4.617601e-06	6.525854e-01	
16281	1.626132e-06	-4.47375e-06	6.540635e-01	
16282	1.626232e-06	4.633996e-06	6.555399e-01	
16283	1.626332e-06	-4.48950e-06	6.570141e-01	
16284	1.626432e-06	4.650277e-06	6.584866e-01	
16285	1.626532e-06	-4.50513e-06	6.599570e-01	
16286	1.626632e-06	4.666440e-06	6.614257e-01	
16287	1.626732e-06	-4.52065e-06	6.628923e-01	
16288	1.626832e-06	4.682486e-06	6.643572e-01	
16289	1.626932e-06	-4.53606e-06	6.658200e-01	
16290	1.627032e-06	4.698413e-06	6.672811e-01	
16291	1.627132e-06	-4.55136e-06	6.687401e-01	
16292	1.627232e-06	4.714220e-06	6.701974e-01	
16293	1.627332e-06	-4.56654e-06	6.716527e-01	
16294	1.627432e-06	4.729906e-06	6.731062e-01	

Index   time            vout2           v(x2.comp_p_0/v 
--------------------------------------------------------------------------------
16295	1.627532e-06	-4.58162e-06	6.745577e-01	
16296	1.627632e-06	4.745472e-06	6.760075e-01	
16297	1.627732e-06	-4.59658e-06	6.774553e-01	
16298	1.627832e-06	4.760916e-06	6.789013e-01	
16299	1.627932e-06	-4.61143e-06	6.803453e-01	
16300	1.628032e-06	4.776237e-06	6.817876e-01	
16301	1.628132e-06	-4.62617e-06	6.832279e-01	
16302	1.628232e-06	4.791432e-06	6.846664e-01	
16303	1.628332e-06	-4.64082e-06	6.861030e-01	
16304	1.628432e-06	4.806500e-06	6.875378e-01	
16305	1.628532e-06	-4.65537e-06	6.889707e-01	
16306	1.628632e-06	4.821436e-06	6.904018e-01	
16307	1.628732e-06	-4.66983e-06	6.918309e-01	
16308	1.628832e-06	4.836235e-06	6.932583e-01	
16309	1.628932e-06	-4.68422e-06	6.946836e-01	
16310	1.629032e-06	4.850891e-06	6.961073e-01	
16311	1.629132e-06	-4.69853e-06	6.975289e-01	
16312	1.629232e-06	4.865368e-06	6.989487e-01	
16313	1.629332e-06	-4.71272e-06	7.003665e-01	
16314	1.629432e-06	4.879564e-06	7.017825e-01	
16315	1.629532e-06	-4.72672e-06	7.031964e-01	
16316	1.629632e-06	4.893459e-06	7.046085e-01	
16317	1.629732e-06	-4.74051e-06	7.060184e-01	
16318	1.629832e-06	4.907015e-06	7.074265e-01	
16319	1.629932e-06	-4.75400e-06	7.088324e-01	
16320	1.630032e-06	4.920196e-06	7.102363e-01	
16321	1.630132e-06	-4.76707e-06	7.116380e-01	
16322	1.630232e-06	4.933018e-06	7.130377e-01	
16323	1.630332e-06	-4.77971e-06	7.144352e-01	
16324	1.630432e-06	4.945725e-06	7.158305e-01	
16325	1.630532e-06	-4.79220e-06	7.172235e-01	
16326	1.630632e-06	4.958191e-06	7.186144e-01	
16327	1.630732e-06	-4.80377e-06	7.200030e-01	
16328	1.630832e-06	4.970737e-06	7.213894e-01	
16329	1.630932e-06	-4.81588e-06	7.227735e-01	
16330	1.631032e-06	4.983837e-06	7.241556e-01	
16331	1.631132e-06	-4.82798e-06	7.255353e-01	
16332	1.631232e-06	4.996919e-06	7.269131e-01	
16333	1.631332e-06	-4.83996e-06	7.282886e-01	
16334	1.631432e-06	5.009902e-06	7.296622e-01	
16335	1.631532e-06	-4.85189e-06	7.310336e-01	
16336	1.631632e-06	5.022754e-06	7.324032e-01	
16337	1.631732e-06	-4.86378e-06	7.337708e-01	
16338	1.631832e-06	5.035479e-06	7.351366e-01	
16339	1.631932e-06	-4.87567e-06	7.365004e-01	
16340	1.632032e-06	5.048100e-06	7.378625e-01	
16341	1.632132e-06	-4.88758e-06	7.392226e-01	
16342	1.632232e-06	5.060646e-06	7.405812e-01	
16343	1.632332e-06	-4.89978e-06	7.419378e-01	
16344	1.632432e-06	5.071707e-06	7.432929e-01	
16345	1.632532e-06	-4.90853e-06	7.446461e-01	
16346	1.632632e-06	5.082385e-06	7.459978e-01	
16347	1.632732e-06	-4.92035e-06	7.473476e-01	
16348	1.632832e-06	5.095024e-06	7.486959e-01	
16349	1.632932e-06	-4.93255e-06	7.500424e-01	
16350	1.633032e-06	5.107744e-06	7.513873e-01	
16351	1.633132e-06	-4.94474e-06	7.527305e-01	
16352	1.633232e-06	5.120390e-06	7.540722e-01	

Index   time            vout2           v(x2.comp_p_0/v 
--------------------------------------------------------------------------------
16353	1.633332e-06	-4.95683e-06	7.554120e-01	
16354	1.633432e-06	5.132920e-06	7.567504e-01	
16355	1.633532e-06	-4.96881e-06	7.580870e-01	
16356	1.633632e-06	5.145319e-06	7.594220e-01	
16357	1.633732e-06	-4.98069e-06	7.607553e-01	
16358	1.633832e-06	5.157574e-06	7.620871e-01	
16359	1.633932e-06	-4.99248e-06	7.634171e-01	
16360	1.634032e-06	5.169678e-06	7.647457e-01	
16361	1.634132e-06	-5.00419e-06	7.660724e-01	
16362	1.634232e-06	5.181654e-06	7.673977e-01	
16363	1.634332e-06	-5.01580e-06	7.687212e-01	
16364	1.634432e-06	5.193548e-06	7.700432e-01	
16365	1.634532e-06	-5.02726e-06	7.713634e-01	
16366	1.634632e-06	5.205386e-06	7.726822e-01	
16367	1.634732e-06	-5.03859e-06	7.739992e-01	
16368	1.634832e-06	5.217137e-06	7.753147e-01	
16369	1.634932e-06	-5.04982e-06	7.766285e-01	
16370	1.635032e-06	5.228772e-06	7.779408e-01	
16371	1.635132e-06	-5.06097e-06	7.792513e-01	
16372	1.635232e-06	5.240292e-06	7.805604e-01	
16373	1.635332e-06	-5.07202e-06	7.818677e-01	
16374	1.635432e-06	5.251715e-06	7.831735e-01	
16375	1.635532e-06	-5.08298e-06	7.844776e-01	
16376	1.635632e-06	5.263049e-06	7.857802e-01	
16377	1.635732e-06	-5.09385e-06	7.870811e-01	
16378	1.635832e-06	5.274298e-06	7.883806e-01	
16379	1.635932e-06	-5.10464e-06	7.896783e-01	
16380	1.636032e-06	5.285464e-06	7.909745e-01	
16381	1.636132e-06	-5.11533e-06	7.922690e-01	
16382	1.636232e-06	5.296551e-06	7.935621e-01	
16383	1.636332e-06	-5.12595e-06	7.948534e-01	
16384	1.636432e-06	5.307562e-06	7.961433e-01	
16385	1.636532e-06	-5.13648e-06	7.974314e-01	
16386	1.636632e-06	5.318498e-06	7.987181e-01	
16387	1.636732e-06	-5.14694e-06	8.000031e-01	
16388	1.636832e-06	5.329361e-06	8.012867e-01	
16389	1.636932e-06	-5.15732e-06	8.025685e-01	
16390	1.637032e-06	5.340149e-06	8.038489e-01	
16391	1.637132e-06	-5.16763e-06	8.051276e-01	
16392	1.637232e-06	5.350861e-06	8.064049e-01	
16393	1.637332e-06	-5.17786e-06	8.076805e-01	
16394	1.637432e-06	5.361492e-06	8.089546e-01	
16395	1.637532e-06	-5.18801e-06	8.102271e-01	
16396	1.637632e-06	5.372035e-06	8.114981e-01	
16397	1.637732e-06	-5.19808e-06	8.127675e-01	
16398	1.637832e-06	5.382484e-06	8.140355e-01	
16399	1.637932e-06	-5.20807e-06	8.153018e-01	
16400	1.638032e-06	5.392831e-06	8.165667e-01	
16401	1.638132e-06	-5.21797e-06	8.178300e-01	
16402	1.638232e-06	5.403069e-06	8.190920e-01	
16403	1.638332e-06	-5.22777e-06	8.203523e-01	
16404	1.638432e-06	5.413193e-06	8.216113e-01	
16405	1.638532e-06	-5.23747e-06	8.228686e-01	
16406	1.638632e-06	5.423200e-06	8.241247e-01	
16407	1.638732e-06	-5.24707e-06	8.253792e-01	
16408	1.638832e-06	5.433090e-06	8.266325e-01	
16409	1.638932e-06	-5.25655e-06	8.278841e-01	
16410	1.639032e-06	5.442863e-06	8.291345e-01	

Index   time            vout2           v(x2.comp_p_0/v 
--------------------------------------------------------------------------------
16411	1.639132e-06	-5.26593e-06	8.303834e-01	
16412	1.639232e-06	5.452523e-06	8.316310e-01	
16413	1.639332e-06	-5.27519e-06	8.328770e-01	
16414	1.639432e-06	5.462071e-06	8.341217e-01	
16415	1.639532e-06	-5.28434e-06	8.353649e-01	
16416	1.639632e-06	5.471509e-06	8.366067e-01	
16417	1.639732e-06	-5.29337e-06	8.378470e-01	
16418	1.639832e-06	5.480837e-06	8.390859e-01	
16419	1.639932e-06	-5.30231e-06	8.403232e-01	
16420	1.640032e-06	5.490059e-06	8.415591e-01	
16421	1.640132e-06	-5.31114e-06	8.427935e-01	
16422	1.640232e-06	5.499175e-06	8.440264e-01	
16423	1.640332e-06	-5.31987e-06	8.452577e-01	
16424	1.640432e-06	5.508189e-06	8.464877e-01	
16425	1.640532e-06	-5.32851e-06	8.477159e-01	
16426	1.640632e-06	5.517104e-06	8.489428e-01	
16427	1.640732e-06	-5.33705e-06	8.501680e-01	
16428	1.640832e-06	5.525921e-06	8.513918e-01	
16429	1.640932e-06	-5.34551e-06	8.526139e-01	
16430	1.641032e-06	5.534628e-06	8.538347e-01	
16431	1.641132e-06	-5.35383e-06	8.550537e-01	
16432	1.641232e-06	5.543214e-06	8.562714e-01	
16433	1.641332e-06	-5.36210e-06	8.574873e-01	
16434	1.641432e-06	5.551761e-06	8.587019e-01	
16435	1.641532e-06	-5.37030e-06	8.599147e-01	
16436	1.641632e-06	5.560225e-06	8.611262e-01	
16437	1.641732e-06	-5.37843e-06	8.623360e-01	
16438	1.641832e-06	5.568601e-06	8.635444e-01	
16439	1.641932e-06	-5.38646e-06	8.647511e-01	
16440	1.642032e-06	5.576890e-06	8.659564e-01	
16441	1.642132e-06	-5.39442e-06	8.671600e-01	
16442	1.642232e-06	5.585093e-06	8.683623e-01	
16443	1.642332e-06	-5.40229e-06	8.695628e-01	
16444	1.642432e-06	5.593210e-06	8.707620e-01	
16445	1.642532e-06	-5.41008e-06	8.719595e-01	
16446	1.642632e-06	5.601242e-06	8.731555e-01	
16447	1.642732e-06	-5.41779e-06	8.743500e-01	
16448	1.642832e-06	5.609190e-06	8.755430e-01	
16449	1.642932e-06	-5.42542e-06	8.767344e-01	
16450	1.643032e-06	5.617054e-06	8.779244e-01	
16451	1.643132e-06	-5.43296e-06	8.791127e-01	
16452	1.643232e-06	5.624834e-06	8.802996e-01	
16453	1.643332e-06	-5.44043e-06	8.814849e-01	
16454	1.643432e-06	5.632532e-06	8.826688e-01	
16455	1.643532e-06	-5.44781e-06	8.838510e-01	
16456	1.643632e-06	5.640148e-06	8.850319e-01	
16457	1.643732e-06	-5.45512e-06	8.862111e-01	
16458	1.643832e-06	5.647681e-06	8.873889e-01	
16459	1.643932e-06	-5.46235e-06	8.885651e-01	
16460	1.644032e-06	5.655133e-06	8.897399e-01	
16461	1.644132e-06	-5.46949e-06	8.909131e-01	
16462	1.644232e-06	5.662504e-06	8.920849e-01	
16463	1.644332e-06	-5.47656e-06	8.932551e-01	
16464	1.644432e-06	5.669794e-06	8.944239e-01	
16465	1.644532e-06	-5.48355e-06	8.955911e-01	
16466	1.644632e-06	5.677003e-06	8.967569e-01	
16467	1.644732e-06	-5.49047e-06	8.979210e-01	
16468	1.644832e-06	5.684133e-06	8.990838e-01	

Index   time            vout2           v(x2.comp_p_0/v 
--------------------------------------------------------------------------------
16469	1.644932e-06	-5.49730e-06	9.002450e-01	
16470	1.645032e-06	5.691183e-06	9.014048e-01	
16471	1.645132e-06	-5.50406e-06	9.025630e-01	
16472	1.645232e-06	5.698154e-06	9.037199e-01	
16473	1.645332e-06	-5.51075e-06	9.048751e-01	
16474	1.645432e-06	5.705046e-06	9.060290e-01	
16475	1.645532e-06	-5.51736e-06	9.071813e-01	
16476	1.645632e-06	5.711859e-06	9.083322e-01	
16477	1.645732e-06	-5.52389e-06	9.094815e-01	
16478	1.645832e-06	5.718595e-06	9.106294e-01	
16479	1.645932e-06	-5.53034e-06	9.117758e-01	
16480	1.646032e-06	5.725254e-06	9.129207e-01	
16481	1.646132e-06	-5.53673e-06	9.140641e-01	
16482	1.646232e-06	5.731836e-06	9.152062e-01	
16483	1.646332e-06	-5.54303e-06	9.163467e-01	
16484	1.646432e-06	5.738341e-06	9.174858e-01	
16485	1.646532e-06	-5.54927e-06	9.186233e-01	
16486	1.646632e-06	5.744770e-06	9.197595e-01	
16487	1.646732e-06	-5.55543e-06	9.208941e-01	
16488	1.646832e-06	5.751123e-06	9.220273e-01	
16489	1.646932e-06	-5.56151e-06	9.231590e-01	
16490	1.647032e-06	5.757401e-06	9.242894e-01	
16491	1.647132e-06	-5.56753e-06	9.254181e-01	
16492	1.647232e-06	5.763605e-06	9.265456e-01	
16493	1.647332e-06	-5.57347e-06	9.276714e-01	
16494	1.647432e-06	5.769734e-06	9.287960e-01	
16495	1.647532e-06	-5.57934e-06	9.299189e-01	
16496	1.647632e-06	5.775789e-06	9.310406e-01	
16497	1.647732e-06	-5.58514e-06	9.321606e-01	
16498	1.647832e-06	5.781772e-06	9.332794e-01	
16499	1.647932e-06	-5.59086e-06	9.343965e-01	
16500	1.648032e-06	5.787681e-06	9.355124e-01	
16501	1.648132e-06	-5.59652e-06	9.366267e-01	
16502	1.648232e-06	5.793519e-06	9.377397e-01	
16503	1.648332e-06	-5.60210e-06	9.388511e-01	
16504	1.648432e-06	5.799285e-06	9.399613e-01	
16505	1.648532e-06	-5.60761e-06	9.410698e-01	
16506	1.648632e-06	5.804980e-06	9.421771e-01	
16507	1.648732e-06	-5.61305e-06	9.432828e-01	
16508	1.648832e-06	5.810604e-06	9.443872e-01	
16509	1.648932e-06	-5.61842e-06	9.454900e-01	
16510	1.649032e-06	5.816159e-06	9.465916e-01	
16511	1.649132e-06	-5.62372e-06	9.476916e-01	
16512	1.649232e-06	5.821645e-06	9.487903e-01	
16513	1.649332e-06	-5.62895e-06	9.498875e-01	
16514	1.649432e-06	5.827062e-06	9.509834e-01	
16515	1.649532e-06	-5.63411e-06	9.520777e-01	
16516	1.649632e-06	5.832410e-06	9.531707e-01	
16517	1.649732e-06	-5.63920e-06	9.542623e-01	
16518	1.649832e-06	5.837690e-06	9.553525e-01	
16519	1.649932e-06	-5.64422e-06	9.564412e-01	
16520	1.650032e-06	5.843132e-06	9.575286e-01	
16521	1.650132e-06	-5.64953e-06	9.586145e-01	
16522	1.650232e-06	5.848363e-06	9.596991e-01	
16523	1.650332e-06	-5.65434e-06	9.607822e-01	
16524	1.650432e-06	5.853360e-06	9.618640e-01	
16525	1.650532e-06	-5.65909e-06	9.629443e-01	
16526	1.650632e-06	5.858288e-06	9.640233e-01	

Index   time            vout2           v(x2.comp_p_0/v 
--------------------------------------------------------------------------------
16527	1.650732e-06	-5.66378e-06	9.651008e-01	
16528	1.650832e-06	5.863153e-06	9.661770e-01	
16529	1.650932e-06	-5.66843e-06	9.672517e-01	
16530	1.651032e-06	5.867956e-06	9.683252e-01	
16531	1.651132e-06	-5.67303e-06	9.693971e-01	
16532	1.651232e-06	5.872693e-06	9.704678e-01	
16533	1.651332e-06	-5.67757e-06	9.715370e-01	
16534	1.651432e-06	5.877365e-06	9.726049e-01	
16535	1.651532e-06	-5.68206e-06	9.736713e-01	
16536	1.651632e-06	5.881972e-06	9.747364e-01	
16537	1.651732e-06	-5.68650e-06	9.758001e-01	
16538	1.651832e-06	5.886525e-06	9.768625e-01	
16539	1.651932e-06	-5.69089e-06	9.779234e-01	
16540	1.652032e-06	5.891012e-06	9.789831e-01	
16541	1.652132e-06	-5.69522e-06	9.800412e-01	
16542	1.652232e-06	5.895434e-06	9.810981e-01	
16543	1.652332e-06	-5.69948e-06	9.821536e-01	
16544	1.652432e-06	5.899789e-06	9.832077e-01	
16545	1.652532e-06	-5.70368e-06	9.842604e-01	
16546	1.652632e-06	5.904104e-06	9.853119e-01	
16547	1.652732e-06	-5.70786e-06	9.863619e-01	
16548	1.652832e-06	5.908404e-06	9.874106e-01	
16549	1.652932e-06	-5.71202e-06	9.884579e-01	
16550	1.653032e-06	5.912678e-06	9.895039e-01	
16551	1.653132e-06	-5.71615e-06	9.905484e-01	
16552	1.653232e-06	5.916909e-06	9.915917e-01	
16553	1.653332e-06	-5.72022e-06	9.926336e-01	
16554	1.653432e-06	5.921091e-06	9.936742e-01	
16555	1.653532e-06	-5.72424e-06	9.947134e-01	
16556	1.653632e-06	5.925215e-06	9.957513e-01	
16557	1.653732e-06	-5.72821e-06	9.967877e-01	
16558	1.653832e-06	5.929278e-06	9.978230e-01	
16559	1.653932e-06	-5.73210e-06	9.988568e-01	
16560	1.654032e-06	5.933278e-06	9.998893e-01	
16561	1.654132e-06	-5.73594e-06	1.000920e+00	
16562	1.654232e-06	5.937212e-06	1.001950e+00	
16563	1.654332e-06	-5.73970e-06	1.002979e+00	
16564	1.654432e-06	5.941077e-06	1.004006e+00	
16565	1.654532e-06	-5.74340e-06	1.005032e+00	
16566	1.654632e-06	5.944871e-06	1.006056e+00	
16567	1.654732e-06	-5.74703e-06	1.007079e+00	
16568	1.654832e-06	5.948596e-06	1.008101e+00	
16569	1.654932e-06	-5.75059e-06	1.009122e+00	
16570	1.655032e-06	5.952250e-06	1.010141e+00	
16571	1.655132e-06	-5.75408e-06	1.011159e+00	
16572	1.655232e-06	5.955834e-06	1.012176e+00	
16573	1.655332e-06	-5.75750e-06	1.013191e+00	
16574	1.655432e-06	5.959350e-06	1.014205e+00	
16575	1.655532e-06	-5.76086e-06	1.015217e+00	
16576	1.655632e-06	5.962798e-06	1.016229e+00	
16577	1.655732e-06	-5.76415e-06	1.017239e+00	
16578	1.655832e-06	5.966179e-06	1.018247e+00	
16579	1.655932e-06	-5.76737e-06	1.019255e+00	
16580	1.656032e-06	5.969495e-06	1.020261e+00	
16581	1.656132e-06	-5.77053e-06	1.021266e+00	
16582	1.656232e-06	5.972747e-06	1.022269e+00	
16583	1.656332e-06	-5.77364e-06	1.023271e+00	
16584	1.656432e-06	5.975935e-06	1.024272e+00	

Index   time            vout2           v(x2.comp_p_0/v 
--------------------------------------------------------------------------------
16585	1.656532e-06	-5.77667e-06	1.025272e+00	
16586	1.656632e-06	5.979061e-06	1.026270e+00	
16587	1.656732e-06	-5.77965e-06	1.027267e+00	
16588	1.656832e-06	5.982125e-06	1.028263e+00	
16589	1.656932e-06	-5.78257e-06	1.029257e+00	
16590	1.657032e-06	5.985128e-06	1.030250e+00	
16591	1.657132e-06	-5.78544e-06	1.031242e+00	
16592	1.657232e-06	5.988071e-06	1.032233e+00	
16593	1.657332e-06	-5.78824e-06	1.033222e+00	
16594	1.657432e-06	5.990956e-06	1.034210e+00	
16595	1.657532e-06	-5.79099e-06	1.035196e+00	
16596	1.657632e-06	5.993781e-06	1.036182e+00	
16597	1.657732e-06	-5.79368e-06	1.037166e+00	
16598	1.657832e-06	5.996548e-06	1.038149e+00	
16599	1.657932e-06	-5.79631e-06	1.039131e+00	
16600	1.658032e-06	5.999258e-06	1.040111e+00	
16601	1.658132e-06	-5.79889e-06	1.041090e+00	
16602	1.658232e-06	6.001912e-06	1.042068e+00	
16603	1.658332e-06	-5.80141e-06	1.043044e+00	
16604	1.658432e-06	6.004508e-06	1.044020e+00	
16605	1.658532e-06	-5.80388e-06	1.044994e+00	
16606	1.658632e-06	6.007049e-06	1.045966e+00	
16607	1.658732e-06	-5.80630e-06	1.046938e+00	
16608	1.658832e-06	6.009534e-06	1.047908e+00	
16609	1.658932e-06	-5.80866e-06	1.048877e+00	
16610	1.659032e-06	5.926565e-06	1.049845e+00	
16611	1.659132e-06	-5.83115e-06	1.050811e+00	
16612	1.659232e-06	6.024956e-06	1.051776e+00	
16613	1.659332e-06	-5.82162e-06	1.052740e+00	
16614	1.659432e-06	6.024157e-06	1.053703e+00	
16615	1.659532e-06	-5.90551e-06	1.054665e+00	
16616	1.659632e-06	6.007135e-06	1.055625e+00	
16617	1.659732e-06	-5.81448e-06	1.056584e+00	
16618	1.659832e-06	6.018654e-06	1.057542e+00	
16619	1.659932e-06	-5.81764e-06	1.058498e+00	
16620	1.660032e-06	6.021454e-06	1.059453e+00	
16621	1.660132e-06	-5.82019e-06	1.060407e+00	
16622	1.660232e-06	6.024014e-06	1.061360e+00	
16623	1.660332e-06	-5.82257e-06	1.062312e+00	
16624	1.660432e-06	6.026409e-06	1.063262e+00	
16625	1.660532e-06	-5.82480e-06	1.064211e+00	
16626	1.660632e-06	6.028668e-06	1.065159e+00	
16627	1.660732e-06	-5.82691e-06	1.066106e+00	
16628	1.660832e-06	6.030811e-06	1.067051e+00	
16629	1.660932e-06	-5.82892e-06	1.067995e+00	
16630	1.661032e-06	6.032855e-06	1.068938e+00	
16631	1.661132e-06	-5.83084e-06	1.069880e+00	
16632	1.661232e-06	6.034812e-06	1.070821e+00	
16633	1.661332e-06	-5.83268e-06	1.071760e+00	
16634	1.661432e-06	6.036691e-06	1.072698e+00	
16635	1.661532e-06	-5.83445e-06	1.073635e+00	
16636	1.661632e-06	6.038498e-06	1.074571e+00	
16637	1.661732e-06	-5.83616e-06	1.075505e+00	
16638	1.661832e-06	6.040240e-06	1.076438e+00	
16639	1.661932e-06	-5.83780e-06	1.077370e+00	
16640	1.662032e-06	6.041920e-06	1.078301e+00	
16641	1.662132e-06	-5.83938e-06	1.079231e+00	
16642	1.662232e-06	6.043542e-06	1.080159e+00	

Index   time            vout2           v(x2.comp_p_0/v 
--------------------------------------------------------------------------------
16643	1.662332e-06	-5.84091e-06	1.081087e+00	
16644	1.662432e-06	6.045107e-06	1.082013e+00	
16645	1.662532e-06	-5.84238e-06	1.082938e+00	
16646	1.662632e-06	5.960386e-06	1.083861e+00	
16647	1.662732e-06	-5.86383e-06	1.084784e+00	
16648	1.662832e-06	5.972400e-06	1.085705e+00	
16649	1.662932e-06	-5.87374e-06	1.086625e+00	
16650	1.663032e-06	5.981292e-06	1.087544e+00	
16651	1.663132e-06	-5.88147e-06	1.088462e+00	
16652	1.663232e-06	5.988293e-06	1.089378e+00	
16653	1.663332e-06	-5.88759e-06	1.090294e+00	
16654	1.663432e-06	5.993858e-06	1.091208e+00	
16655	1.663532e-06	-5.97762e-06	1.092121e+00	
16656	1.663632e-06	5.981164e-06	1.093033e+00	
16657	1.663732e-06	-5.97344e-06	1.093943e+00	
16658	1.663832e-06	5.978024e-06	1.094853e+00	
16659	1.663932e-06	-5.97088e-06	1.095761e+00	
16660	1.664032e-06	5.975934e-06	1.096668e+00	
16661	1.664132e-06	-5.96918e-06	1.097574e+00	
16662	1.664232e-06	5.974591e-06	1.098479e+00	
16663	1.664332e-06	-5.96813e-06	1.099383e+00	
16664	1.664420e-06	5.973762e-06	1.100178e+00	
16665	1.664511e-06	-5.96751e-06	1.101003e+00	
16666	1.664611e-06	5.973391e-06	1.101903e+00	
16667	1.664711e-06	-5.96731e-06	1.102802e+00	
16668	1.664811e-06	5.973327e-06	1.103700e+00	
16669	1.664911e-06	-5.96735e-06	1.104597e+00	
16670	1.665011e-06	5.973466e-06	1.105493e+00	
16671	1.665111e-06	-5.96756e-06	1.106388e+00	
16672	1.665211e-06	5.973747e-06	1.107281e+00	
16673	1.665311e-06	-5.96788e-06	1.108173e+00	
16674	1.665411e-06	5.974123e-06	1.109065e+00	
16675	1.665511e-06	-5.96828e-06	1.109954e+00	
16676	1.665611e-06	5.974561e-06	1.110843e+00	
16677	1.665711e-06	-5.96873e-06	1.111731e+00	
16678	1.665811e-06	5.975034e-06	1.112618e+00	
16679	1.665911e-06	-5.96921e-06	1.113503e+00	
16680	1.666011e-06	5.975523e-06	1.114387e+00	
16681	1.666111e-06	-5.96969e-06	1.115270e+00	
16682	1.666211e-06	5.976014e-06	1.116152e+00	
16683	1.666311e-06	-5.97017e-06	1.117033e+00	
16684	1.666411e-06	5.976495e-06	1.117913e+00	
16685	1.666511e-06	-5.97063e-06	1.118792e+00	
16686	1.666611e-06	5.976959e-06	1.119669e+00	
16687	1.666711e-06	-5.97107e-06	1.120545e+00	
16688	1.666811e-06	5.977399e-06	1.121421e+00	
16689	1.666911e-06	-5.97149e-06	1.122295e+00	
16690	1.667011e-06	5.977811e-06	1.123168e+00	
16691	1.667111e-06	-5.97188e-06	1.124040e+00	
16692	1.667211e-06	5.978191e-06	1.124910e+00	
16693	1.667311e-06	-5.97223e-06	1.125780e+00	
16694	1.667411e-06	5.978537e-06	1.126648e+00	
16695	1.667511e-06	-5.97255e-06	1.127516e+00	
16696	1.667611e-06	5.978847e-06	1.128382e+00	
16697	1.667711e-06	-5.97283e-06	1.129247e+00	
16698	1.667811e-06	5.979120e-06	1.130111e+00	
16699	1.667911e-06	-5.97307e-06	1.130974e+00	
16700	1.668011e-06	5.979354e-06	1.131836e+00	

Index   time            vout2           v(x2.comp_p_0/v 
--------------------------------------------------------------------------------
16701	1.668111e-06	-5.97328e-06	1.132697e+00	
16702	1.668211e-06	5.979551e-06	1.133556e+00	
16703	1.668311e-06	-5.97345e-06	1.134415e+00	
16704	1.668411e-06	5.979708e-06	1.135272e+00	
16705	1.668511e-06	-5.97357e-06	1.136128e+00	
16706	1.668611e-06	5.979825e-06	1.136983e+00	
16707	1.668711e-06	-5.97366e-06	1.137838e+00	
16708	1.668811e-06	5.979903e-06	1.138691e+00	
16709	1.668911e-06	-5.97371e-06	1.139542e+00	
16710	1.669011e-06	5.979941e-06	1.140393e+00	
16711	1.669111e-06	-5.97372e-06	1.141243e+00	
16712	1.669211e-06	5.979940e-06	1.142092e+00	
16713	1.669311e-06	-5.97369e-06	1.142939e+00	
16714	1.669411e-06	5.979900e-06	1.143785e+00	
16715	1.669511e-06	-5.97362e-06	1.144631e+00	
16716	1.669611e-06	5.979820e-06	1.145475e+00	
16717	1.669711e-06	-5.97351e-06	1.146318e+00	
16718	1.669811e-06	5.979700e-06	1.147160e+00	
16719	1.669911e-06	-5.97336e-06	1.148001e+00	
16720	1.670011e-06	5.979542e-06	1.148841e+00	
16721	1.670111e-06	-5.97317e-06	1.149680e+00	
16722	1.670211e-06	5.979345e-06	1.150518e+00	
16723	1.670311e-06	-5.97294e-06	1.151354e+00	
16724	1.670411e-06	5.979109e-06	1.152190e+00	
16725	1.670511e-06	-5.97268e-06	1.153025e+00	
16726	1.670611e-06	5.978834e-06	1.153858e+00	
16727	1.670711e-06	-5.97237e-06	1.154690e+00	
16728	1.670811e-06	5.978521e-06	1.155522e+00	
16729	1.670911e-06	-5.97203e-06	1.156352e+00	
16730	1.671011e-06	5.978170e-06	1.157181e+00	
16731	1.671111e-06	-5.97165e-06	1.158009e+00	
16732	1.671211e-06	5.977781e-06	1.158836e+00	
16733	1.671311e-06	-5.97123e-06	1.159662e+00	
16734	1.671411e-06	5.977355e-06	1.160487e+00	
16735	1.671511e-06	-5.97077e-06	1.161311e+00	
16736	1.671611e-06	5.976891e-06	1.162134e+00	
16737	1.671711e-06	-5.97028e-06	1.162956e+00	
16738	1.671811e-06	5.976390e-06	1.163776e+00	
16739	1.671911e-06	-5.96975e-06	1.164596e+00	
16740	1.672011e-06	5.975851e-06	1.165415e+00	
16741	1.672111e-06	-5.96918e-06	1.166232e+00	
16742	1.672211e-06	5.975276e-06	1.167049e+00	
16743	1.672311e-06	-5.96858e-06	1.167864e+00	
16744	1.672411e-06	5.974665e-06	1.168678e+00	
16745	1.672511e-06	-5.88227e-06	1.169492e+00	
16746	1.672611e-06	5.990593e-06	1.170304e+00	
16747	1.672711e-06	-5.88976e-06	1.171115e+00	
16748	1.672811e-06	5.996800e-06	1.171925e+00	
16749	1.672911e-06	-5.89490e-06	1.172734e+00	
16750	1.673011e-06	6.001252e-06	1.173543e+00	
16751	1.673111e-06	-5.89858e-06	1.174350e+00	
16752	1.673211e-06	6.004401e-06	1.175156e+00	
16753	1.673311e-06	-5.90114e-06	1.175960e+00	
16754	1.673411e-06	6.006557e-06	1.176764e+00	
16755	1.673511e-06	-5.90284e-06	1.177567e+00	
16756	1.673611e-06	6.095755e-06	1.178369e+00	
16757	1.673711e-06	-5.88441e-06	1.179170e+00	
16758	1.673811e-06	6.085583e-06	1.179970e+00	

Index   time            vout2           v(x2.comp_p_0/v 
--------------------------------------------------------------------------------
16759	1.673911e-06	-5.87619e-06	1.180768e+00	
16760	1.674011e-06	6.078105e-06	1.181566e+00	
16761	1.674111e-06	-5.86977e-06	1.182363e+00	
16762	1.674211e-06	6.072220e-06	1.183158e+00	
16763	1.674311e-06	-5.86469e-06	1.183953e+00	
16764	1.674411e-06	6.067523e-06	1.184746e+00	
16765	1.674511e-06	-5.86060e-06	1.185539e+00	
16766	1.674611e-06	6.063712e-06	1.186330e+00	
16767	1.674711e-06	-5.85724e-06	1.187121e+00	
16768	1.674811e-06	6.060560e-06	1.187910e+00	
16769	1.674911e-06	-5.85444e-06	1.188698e+00	
16770	1.675011e-06	6.057896e-06	1.189486e+00	
16771	1.675111e-06	-5.85203e-06	1.190272e+00	
16772	1.675211e-06	6.055590e-06	1.191057e+00	
16773	1.675311e-06	-5.84993e-06	1.191842e+00	
16774	1.675411e-06	6.053547e-06	1.192625e+00	
16775	1.675511e-06	-5.84804e-06	1.193407e+00	
16776	1.675611e-06	6.051693e-06	1.194188e+00	
16777	1.675711e-06	-5.84630e-06	1.194968e+00	
16778	1.675811e-06	6.049973e-06	1.195747e+00	
16779	1.675911e-06	-5.84467e-06	1.196525e+00	
16780	1.676011e-06	6.048347e-06	1.197303e+00	
16781	1.676111e-06	-5.84312e-06	1.198078e+00	
16782	1.676211e-06	6.046782e-06	1.198854e+00	
16783	1.676311e-06	-5.84161e-06	1.199627e+00	
16784	1.676411e-06	6.045256e-06	1.200400e+00	
16785	1.676511e-06	-5.84013e-06	1.201172e+00	
16786	1.676611e-06	6.043751e-06	1.201943e+00	
16787	1.676711e-06	-5.83866e-06	1.202713e+00	
16788	1.676811e-06	6.042254e-06	1.203482e+00	
16789	1.676911e-06	-5.83720e-06	1.204250e+00	
16790	1.677011e-06	6.040756e-06	1.205016e+00	
16791	1.677111e-06	-5.83573e-06	1.205782e+00	
16792	1.677211e-06	6.039248e-06	1.206547e+00	
16793	1.677311e-06	-5.83425e-06	1.207311e+00	
16794	1.677411e-06	6.037726e-06	1.208073e+00	
16795	1.677511e-06	-5.83275e-06	1.208835e+00	
16796	1.677611e-06	6.036185e-06	1.209596e+00	
16797	1.677711e-06	-5.83123e-06	1.210355e+00	
16798	1.677811e-06	6.034622e-06	1.211114e+00	
16799	1.677911e-06	-5.82969e-06	1.211871e+00	
16800	1.678011e-06	6.033035e-06	1.212628e+00	
16801	1.678111e-06	-5.82813e-06	1.213383e+00	
16802	1.678211e-06	6.031423e-06	1.214138e+00	
16803	1.678311e-06	-5.82654e-06	1.214891e+00	
16804	1.678411e-06	6.029783e-06	1.215644e+00	
16805	1.678511e-06	-5.82493e-06	1.216395e+00	
16806	1.678611e-06	6.028116e-06	1.217146e+00	
16807	1.678711e-06	-5.82328e-06	1.217895e+00	
16808	1.678811e-06	6.026421e-06	1.218644e+00	
16809	1.678911e-06	-5.82161e-06	1.219391e+00	
16810	1.679011e-06	6.024697e-06	1.220138e+00	
16811	1.679111e-06	-5.81992e-06	1.220883e+00	
16812	1.679211e-06	6.022944e-06	1.221627e+00	
16813	1.679311e-06	-5.81819e-06	1.222371e+00	
16814	1.679411e-06	6.021161e-06	1.223113e+00	
16815	1.679511e-06	-5.81644e-06	1.223855e+00	
16816	1.679611e-06	6.019350e-06	1.224595e+00	

Index   time            vout2           v(x2.comp_p_0/v 
--------------------------------------------------------------------------------
16817	1.679711e-06	-5.81465e-06	1.225334e+00	
16818	1.679811e-06	6.017509e-06	1.226073e+00	
16819	1.679911e-06	-5.81284e-06	1.226810e+00	
16820	1.680011e-06	6.015639e-06	1.227547e+00	
16821	1.680111e-06	-5.81100e-06	1.228282e+00	
16822	1.680211e-06	6.013740e-06	1.229017e+00	
16823	1.680311e-06	-5.80914e-06	1.229750e+00	
16824	1.680411e-06	6.011812e-06	1.230483e+00	
16825	1.680511e-06	-5.80724e-06	1.231214e+00	
16826	1.680611e-06	6.009855e-06	1.231945e+00	
16827	1.680711e-06	-5.80532e-06	1.232674e+00	
16828	1.680811e-06	6.007869e-06	1.233403e+00	
16829	1.680911e-06	-5.80337e-06	1.234130e+00	
16830	1.681011e-06	6.005855e-06	1.234857e+00	
16831	1.681111e-06	-5.80140e-06	1.235582e+00	
16832	1.681211e-06	6.003812e-06	1.236307e+00	
16833	1.681311e-06	-5.79939e-06	1.237031e+00	
16834	1.681411e-06	6.001741e-06	1.237753e+00	
16835	1.681511e-06	-5.79736e-06	1.238475e+00	
16836	1.681611e-06	5.999642e-06	1.239196e+00	
16837	1.681711e-06	-5.79530e-06	1.239916e+00	
16838	1.681811e-06	5.997514e-06	1.240635e+00	
16839	1.681911e-06	-5.79322e-06	1.241352e+00	
16840	1.682011e-06	5.995359e-06	1.242069e+00	
16841	1.682111e-06	-5.79111e-06	1.242785e+00	
16842	1.682211e-06	5.993176e-06	1.243500e+00	
16843	1.682311e-06	-5.78897e-06	1.244214e+00	
16844	1.682411e-06	5.990966e-06	1.244927e+00	
16845	1.682511e-06	-5.78680e-06	1.245639e+00	
16846	1.682611e-06	5.988728e-06	1.246350e+00	
16847	1.682711e-06	-5.78461e-06	1.247061e+00	
16848	1.682811e-06	5.986463e-06	1.247770e+00	
16849	1.682911e-06	-5.78240e-06	1.248478e+00	
16850	1.683011e-06	5.984171e-06	1.249185e+00	
16851	1.683111e-06	-5.78015e-06	1.249892e+00	
16852	1.683211e-06	5.981852e-06	1.250597e+00	
16853	1.683311e-06	-5.77788e-06	1.251302e+00	
16854	1.683411e-06	5.979507e-06	1.252005e+00	
16855	1.683511e-06	-5.77559e-06	1.252708e+00	
16856	1.683611e-06	5.977133e-06	1.253410e+00	
16857	1.683711e-06	-5.77327e-06	1.254110e+00	
16858	1.683811e-06	5.974736e-06	1.254810e+00	
16859	1.683911e-06	-5.77093e-06	1.255509e+00	
16860	1.684011e-06	5.972315e-06	1.256207e+00	
16861	1.684111e-06	-5.76856e-06	1.256904e+00	
16862	1.684211e-06	5.969867e-06	1.257600e+00	
16863	1.684311e-06	-5.76617e-06	1.258295e+00	
16864	1.684411e-06	5.967392e-06	1.258989e+00	
16865	1.684511e-06	-5.76375e-06	1.259682e+00	
16866	1.684611e-06	5.964890e-06	1.260375e+00	
16867	1.684711e-06	-5.76131e-06	1.261066e+00	
16868	1.684811e-06	5.962363e-06	1.261757e+00	
16869	1.684911e-06	-5.75884e-06	1.262446e+00	
16870	1.685011e-06	5.959809e-06	1.263135e+00	
16871	1.685111e-06	-5.75635e-06	1.263823e+00	
16872	1.685211e-06	5.957228e-06	1.264510e+00	
16873	1.685311e-06	-5.75383e-06	1.265196e+00	
16874	1.685411e-06	5.954622e-06	1.265881e+00	

Index   time            vout2           v(x2.comp_p_0/v 
--------------------------------------------------------------------------------
16875	1.685511e-06	-5.75129e-06	1.266565e+00	
16876	1.685611e-06	5.951990e-06	1.267248e+00	
16877	1.685711e-06	-5.74872e-06	1.267930e+00	
16878	1.685811e-06	5.949331e-06	1.268612e+00	
16879	1.685911e-06	-5.74613e-06	1.269292e+00	
16880	1.686011e-06	5.946646e-06	1.269972e+00	
16881	1.686111e-06	-5.74351e-06	1.270650e+00	
16882	1.686211e-06	5.943935e-06	1.271328e+00	
16883	1.686311e-06	-5.74087e-06	1.272005e+00	
16884	1.686411e-06	5.941197e-06	1.272681e+00	
16885	1.686511e-06	-5.73820e-06	1.273356e+00	
16886	1.686611e-06	5.938433e-06	1.274030e+00	
16887	1.686711e-06	-5.73551e-06	1.274704e+00	
16888	1.686811e-06	5.935645e-06	1.275376e+00	
16889	1.686911e-06	-5.73280e-06	1.276048e+00	
16890	1.687011e-06	5.932840e-06	1.276718e+00	
16891	1.687111e-06	-5.73008e-06	1.277388e+00	
16892	1.687211e-06	5.930022e-06	1.278057e+00	
16893	1.687311e-06	-5.72734e-06	1.278725e+00	
16894	1.687411e-06	5.927190e-06	1.279392e+00	
16895	1.687511e-06	-5.72458e-06	1.280059e+00	
16896	1.687611e-06	5.924303e-06	1.280724e+00	
16897	1.687711e-06	-5.72177e-06	1.281389e+00	
16898	1.687811e-06	5.921418e-06	1.282052e+00	
16899	1.687911e-06	-5.71898e-06	1.282715e+00	
16900	1.688011e-06	5.918530e-06	1.283377e+00	
16901	1.688111e-06	-5.71619e-06	1.284038e+00	
16902	1.688211e-06	5.915654e-06	1.284699e+00	
16903	1.688311e-06	-5.71338e-06	1.285358e+00	
16904	1.688411e-06	5.912746e-06	1.286017e+00	
16905	1.688511e-06	-5.71053e-06	1.286675e+00	
16906	1.688611e-06	5.909827e-06	1.287332e+00	
16907	1.688711e-06	-5.70767e-06	1.287988e+00	
16908	1.688811e-06	5.906904e-06	1.288643e+00	
16909	1.688911e-06	-5.70479e-06	1.289297e+00	
16910	1.689011e-06	5.903978e-06	1.289951e+00	
16911	1.689111e-06	-5.70189e-06	1.290604e+00	
16912	1.689211e-06	5.901009e-06	1.291256e+00	
16913	1.689311e-06	-5.69896e-06	1.291907e+00	
16914	1.689411e-06	5.897970e-06	1.292557e+00	
16915	1.689511e-06	-5.69601e-06	1.293207e+00	
16916	1.689611e-06	5.894867e-06	1.293856e+00	
16917	1.689711e-06	-5.69302e-06	1.294503e+00	
16918	1.689811e-06	5.891714e-06	1.295151e+00	
16919	1.689911e-06	-5.69001e-06	1.295797e+00	
16920	1.690011e-06	5.888521e-06	1.296443e+00	
16921	1.690111e-06	-5.68712e-06	1.297087e+00	
16922	1.690211e-06	5.885532e-06	1.297732e+00	
16923	1.690311e-06	-5.68414e-06	1.298375e+00	
16924	1.690411e-06	5.882255e-06	1.299017e+00	
16925	1.690511e-06	-5.68105e-06	1.299659e+00	
16926	1.690611e-06	5.878946e-06	1.300300e+00	
16927	1.690711e-06	-5.67793e-06	1.300941e+00	
16928	1.690811e-06	5.875606e-06	1.301580e+00	
16929	1.690911e-06	-5.67481e-06	1.302219e+00	
16930	1.691011e-06	5.872225e-06	1.302857e+00	
16931	1.691111e-06	-5.67170e-06	1.303495e+00	
16932	1.691211e-06	5.868739e-06	1.304131e+00	

Index   time            vout2           v(x2.comp_p_0/v 
--------------------------------------------------------------------------------
16933	1.691311e-06	-5.66878e-06	1.304767e+00	
16934	1.691411e-06	5.864821e-06	1.305403e+00	
16935	1.691511e-06	-5.66674e-06	1.306038e+00	
16936	1.691611e-06	5.859056e-06	1.306672e+00	
16937	1.691711e-06	-5.66849e-06	1.307305e+00	
16938	1.691811e-06	5.846358e-06	1.307938e+00	
16939	1.691911e-06	-5.68094e-06	1.308570e+00	
16940	1.692011e-06	5.815686e-06	1.309201e+00	
16941	1.692111e-06	-5.71550e-06	1.309832e+00	
16942	1.692211e-06	5.765952e-06	1.310462e+00	
16943	1.692311e-06	-5.77826e-06	1.311091e+00	
16944	1.692411e-06	5.594915e-06	1.311720e+00	
16945	1.692511e-06	-6.08440e-06	1.312348e+00	
16946	1.692611e-06	5.098235e-06	1.312975e+00	
16947	1.692711e-06	-6.90529e-06	1.313602e+00	
16948	1.692811e-06	4.983861e-06	1.314227e+00	
16949	1.692911e-06	1.269919e-06	1.314853e+00	
16950	1.693011e-06	4.917863e-05	1.315483e+00	
16951	1.693111e-06	8.139667e-05	1.316124e+00	
16952	1.693211e-06	9.858087e-05	1.316778e+00	
16953	1.693311e-06	7.359240e-05	1.317444e+00	
16954	1.693411e-06	-7.61419e-05	1.318113e+00	
16955	1.693511e-06	-1.39849e-03	1.318657e+00	
16956	1.693611e-06	-5.08812e-03	1.318349e+00	
16957	1.693711e-06	-1.29834e-02	1.316968e+00	
16958	1.693811e-06	-5.04351e-02	1.315279e+00	
16959	1.693911e-06	1.090152e+00	1.313595e+00	
16960	1.694011e-06	1.799321e+00	1.311899e+00	
16961	1.694111e-06	1.789338e+00	1.310210e+00	
16962	1.694211e-06	1.808411e+00	1.308515e+00	
16963	1.694311e-06	1.793357e+00	1.306825e+00	
16964	1.694411e-06	1.804460e+00	1.305133e+00	
16965	1.694511e-06	1.796488e+00	1.303445e+00	
16966	1.694611e-06	1.802200e+00	1.301757e+00	
16967	1.694711e-06	1.798117e+00	1.300072e+00	
16968	1.694811e-06	1.801054e+00	1.298388e+00	
16969	1.694911e-06	1.798937e+00	1.296707e+00	
16970	1.695011e-06	1.800477e+00	1.295027e+00	
16971	1.695111e-06	1.799351e+00	1.293351e+00	
16972	1.695211e-06	1.800185e+00	1.291676e+00	
16973	1.695311e-06	1.799561e+00	1.290003e+00	
16974	1.695411e-06	1.800029e+00	1.288332e+00	
16975	1.695511e-06	1.799657e+00	1.286664e+00	
16976	1.695611e-06	1.799955e+00	1.284998e+00	
16977	1.695711e-06	1.799715e+00	1.283334e+00	
16978	1.695811e-06	1.799919e+00	1.281672e+00	
16979	1.695911e-06	1.799745e+00	1.280013e+00	
16980	1.696011e-06	1.799901e+00	1.278355e+00	
16981	1.696111e-06	1.799760e+00	1.276700e+00	
16982	1.696211e-06	1.799892e+00	1.275047e+00	
16983	1.696311e-06	1.799767e+00	1.273396e+00	
16984	1.696411e-06	1.799888e+00	1.271748e+00	
16985	1.696511e-06	1.799771e+00	1.270101e+00	
16986	1.696611e-06	1.799886e+00	1.268457e+00	
16987	1.696711e-06	1.799773e+00	1.266815e+00	
16988	1.696811e-06	1.799885e+00	1.265175e+00	
16989	1.696911e-06	1.799775e+00	1.263537e+00	
16990	1.697011e-06	1.799885e+00	1.261902e+00	

Index   time            vout2           v(x2.comp_p_0/v 
--------------------------------------------------------------------------------
16991	1.697111e-06	1.799775e+00	1.260268e+00	
16992	1.697211e-06	1.799885e+00	1.258637e+00	
16993	1.697311e-06	1.799776e+00	1.257008e+00	
16994	1.697411e-06	1.799885e+00	1.255381e+00	
16995	1.697511e-06	1.799776e+00	1.253757e+00	
16996	1.697611e-06	1.799885e+00	1.252134e+00	
16997	1.697711e-06	1.799777e+00	1.250514e+00	
16998	1.697811e-06	1.799885e+00	1.248895e+00	
16999	1.697911e-06	1.799777e+00	1.247279e+00	
17000	1.698011e-06	1.799885e+00	1.245665e+00	
17001	1.698111e-06	1.799778e+00	1.244054e+00	
17002	1.698211e-06	1.799885e+00	1.242444e+00	
17003	1.698311e-06	1.799778e+00	1.240836e+00	
17004	1.698411e-06	1.799885e+00	1.239231e+00	
17005	1.698511e-06	1.799779e+00	1.237628e+00	
17006	1.698611e-06	1.799885e+00	1.236027e+00	
17007	1.698711e-06	1.799779e+00	1.234428e+00	
17008	1.698811e-06	1.799885e+00	1.232831e+00	
17009	1.698911e-06	1.799780e+00	1.231236e+00	
17010	1.699011e-06	1.799885e+00	1.229643e+00	
17011	1.699111e-06	1.799780e+00	1.228053e+00	
17012	1.699211e-06	1.799885e+00	1.226465e+00	
17013	1.699311e-06	1.799781e+00	1.224878e+00	
17014	1.699411e-06	1.799885e+00	1.223294e+00	
17015	1.699511e-06	1.799781e+00	1.221712e+00	
17016	1.699611e-06	1.799885e+00	1.220132e+00	
17017	1.699711e-06	1.799781e+00	1.218554e+00	
17018	1.699811e-06	1.799886e+00	1.216979e+00	
17019	1.699911e-06	1.799782e+00	1.215405e+00	
17020	1.700011e-06	1.799886e+00	1.213834e+00	
17021	1.700111e-06	1.799782e+00	1.212264e+00	
17022	1.700211e-06	1.799886e+00	1.210697e+00	
17023	1.700311e-06	1.799783e+00	1.209131e+00	
17024	1.700411e-06	1.799886e+00	1.207568e+00	
17025	1.700511e-06	1.799783e+00	1.206007e+00	
17026	1.700611e-06	1.799886e+00	1.204448e+00	
17027	1.700711e-06	1.799784e+00	1.202891e+00	
17028	1.700811e-06	1.799886e+00	1.201336e+00	
17029	1.700911e-06	1.799784e+00	1.199784e+00	
17030	1.701011e-06	1.799886e+00	1.198233e+00	
17031	1.701111e-06	1.799785e+00	1.196684e+00	
17032	1.701211e-06	1.799886e+00	1.195138e+00	
17033	1.701311e-06	1.799785e+00	1.193593e+00	
17034	1.701411e-06	1.799886e+00	1.192051e+00	
17035	1.701511e-06	1.799785e+00	1.190510e+00	
17036	1.701611e-06	1.799886e+00	1.188972e+00	
17037	1.701711e-06	1.799786e+00	1.187435e+00	
17038	1.701811e-06	1.799886e+00	1.185901e+00	
17039	1.701911e-06	1.799786e+00	1.184369e+00	
17040	1.702011e-06	1.799886e+00	1.182839e+00	
17041	1.702111e-06	1.799787e+00	1.181310e+00	
17042	1.702211e-06	1.799886e+00	1.179784e+00	
17043	1.702311e-06	1.799787e+00	1.178260e+00	
17044	1.702411e-06	1.799886e+00	1.176738e+00	
17045	1.702511e-06	1.799788e+00	1.175218e+00	
17046	1.702611e-06	1.799887e+00	1.173700e+00	
17047	1.702711e-06	1.799788e+00	1.172183e+00	
17048	1.702811e-06	1.799887e+00	1.170669e+00	

Index   time            vout2           v(x2.comp_p_0/v 
--------------------------------------------------------------------------------
17049	1.702911e-06	1.799789e+00	1.169157e+00	
17050	1.703011e-06	1.799887e+00	1.167647e+00	
17051	1.703111e-06	1.799789e+00	1.166139e+00	
17052	1.703211e-06	1.799887e+00	1.164633e+00	
17053	1.703311e-06	1.799789e+00	1.163129e+00	
17054	1.703411e-06	1.799887e+00	1.161627e+00	
17055	1.703511e-06	1.799790e+00	1.160126e+00	
17056	1.703611e-06	1.799887e+00	1.158628e+00	
17057	1.703711e-06	1.799790e+00	1.157132e+00	
17058	1.703811e-06	1.799887e+00	1.155638e+00	
17059	1.703911e-06	1.799791e+00	1.154145e+00	
17060	1.704011e-06	1.799887e+00	1.152655e+00	
17061	1.704111e-06	1.799791e+00	1.151167e+00	
17062	1.704211e-06	1.799887e+00	1.149680e+00	
17063	1.704311e-06	1.799792e+00	1.148196e+00	
17064	1.704411e-06	1.799887e+00	1.146713e+00	
17065	1.704511e-06	1.799792e+00	1.145233e+00	
17066	1.704611e-06	1.799887e+00	1.143754e+00	
17067	1.704711e-06	1.799792e+00	1.142277e+00	
17068	1.704811e-06	1.799887e+00	1.140803e+00	
17069	1.704911e-06	1.799793e+00	1.139330e+00	
17070	1.705011e-06	1.799887e+00	1.137859e+00	
17071	1.705111e-06	1.799793e+00	1.136390e+00	
17072	1.705211e-06	1.799888e+00	1.134923e+00	
17073	1.705311e-06	1.799794e+00	1.133458e+00	
17074	1.705411e-06	1.799888e+00	1.131994e+00	
17075	1.705511e-06	1.799794e+00	1.130533e+00	
17076	1.705611e-06	1.799888e+00	1.129074e+00	
17077	1.705711e-06	1.799794e+00	1.127616e+00	
17078	1.705811e-06	1.799888e+00	1.126160e+00	
17079	1.705911e-06	1.799795e+00	1.124707e+00	
17080	1.706011e-06	1.799888e+00	1.123255e+00	
17081	1.706111e-06	1.799795e+00	1.121805e+00	
17082	1.706211e-06	1.799888e+00	1.120357e+00	
17083	1.706311e-06	1.799796e+00	1.118911e+00	
17084	1.706411e-06	1.799888e+00	1.117466e+00	
17085	1.706511e-06	1.799796e+00	1.116024e+00	
17086	1.706611e-06	1.799888e+00	1.114583e+00	
17087	1.706711e-06	1.799797e+00	1.113145e+00	
17088	1.706811e-06	1.799888e+00	1.111708e+00	
17089	1.706911e-06	1.799797e+00	1.110273e+00	
17090	1.707011e-06	1.799888e+00	1.108840e+00	
17091	1.707111e-06	1.799797e+00	1.107409e+00	
17092	1.707211e-06	1.799888e+00	1.105979e+00	
17093	1.707311e-06	1.799798e+00	1.104552e+00	
17094	1.707411e-06	1.799888e+00	1.103126e+00	
17095	1.707511e-06	1.799798e+00	1.101702e+00	
17096	1.707611e-06	1.799888e+00	1.100281e+00	
17097	1.707711e-06	1.799799e+00	1.098860e+00	
17098	1.707811e-06	1.799888e+00	1.097442e+00	
17099	1.707911e-06	1.799799e+00	1.096026e+00	
17100	1.708011e-06	1.799889e+00	1.094611e+00	
17101	1.708111e-06	1.799799e+00	1.093198e+00	
17102	1.708211e-06	1.799889e+00	1.091788e+00	
17103	1.708311e-06	1.799800e+00	1.090379e+00	
17104	1.708411e-06	1.799889e+00	1.088971e+00	
17105	1.708511e-06	1.799800e+00	1.087566e+00	
17106	1.708611e-06	1.799889e+00	1.086162e+00	

Index   time            vout2           v(x2.comp_p_0/v 
--------------------------------------------------------------------------------
17107	1.708711e-06	1.799801e+00	1.084761e+00	
17108	1.708811e-06	1.799889e+00	1.083361e+00	
17109	1.708911e-06	1.799801e+00	1.081963e+00	
17110	1.709011e-06	1.799889e+00	1.080567e+00	
17111	1.709111e-06	1.799801e+00	1.079172e+00	
17112	1.709211e-06	1.799889e+00	1.077780e+00	
17113	1.709311e-06	1.799802e+00	1.076389e+00	
17114	1.709411e-06	1.799889e+00	1.075000e+00	
17115	1.709511e-06	1.799802e+00	1.073613e+00	
17116	1.709611e-06	1.799889e+00	1.072228e+00	
17117	1.709711e-06	1.799802e+00	1.070845e+00	
17118	1.709811e-06	1.799889e+00	1.069464e+00	
17119	1.709911e-06	1.799803e+00	1.068084e+00	
17120	1.710011e-06	1.799889e+00	1.066706e+00	
17121	1.710111e-06	1.799803e+00	1.065330e+00	
17122	1.710211e-06	1.799889e+00	1.063956e+00	
17123	1.710311e-06	1.799803e+00	1.062584e+00	
17124	1.710411e-06	1.799889e+00	1.061213e+00	
17125	1.710511e-06	1.799804e+00	1.059845e+00	
17126	1.710611e-06	1.799889e+00	1.058478e+00	
17127	1.710711e-06	1.799804e+00	1.057113e+00	
17128	1.710811e-06	1.799889e+00	1.055751e+00	
17129	1.710911e-06	1.799804e+00	1.054390e+00	
17130	1.711011e-06	1.799889e+00	1.053031e+00	
17131	1.711111e-06	1.799805e+00	1.051674e+00	
17132	1.711211e-06	1.799889e+00	1.050319e+00	
17133	1.711311e-06	1.799805e+00	1.048966e+00	
17134	1.711411e-06	1.799889e+00	1.047614e+00	
17135	1.711511e-06	1.799805e+00	1.046265e+00	
17136	1.711611e-06	1.799889e+00	1.044918e+00	
17137	1.711711e-06	1.799806e+00	1.043572e+00	
17138	1.711811e-06	1.799889e+00	1.042229e+00	
17139	1.711911e-06	1.799806e+00	1.040887e+00	
17140	1.712011e-06	1.799889e+00	1.039548e+00	
17141	1.712111e-06	1.799806e+00	1.038210e+00	
17142	1.712211e-06	1.799889e+00	1.036874e+00	
17143	1.712311e-06	1.799806e+00	1.035540e+00	
17144	1.712411e-06	1.799889e+00	1.034208e+00	
17145	1.712511e-06	1.799807e+00	1.032878e+00	
17146	1.712611e-06	1.799889e+00	1.031550e+00	
17147	1.712711e-06	1.799807e+00	1.030224e+00	
17148	1.712811e-06	1.799889e+00	1.028899e+00	
17149	1.712911e-06	1.799807e+00	1.027576e+00	
17150	1.713011e-06	1.799890e+00	1.026256e+00	
17151	1.713111e-06	1.799810e+00	1.024937e+00	
17152	1.713211e-06	1.799891e+00	1.023619e+00	
17153	1.713311e-06	1.799808e+00	1.022304e+00	
17154	1.713411e-06	1.799889e+00	1.020990e+00	
17155	1.713511e-06	1.799808e+00	1.019678e+00	
17156	1.713611e-06	1.799889e+00	1.018368e+00	
17157	1.713711e-06	1.799808e+00	1.017060e+00	
17158	1.713811e-06	1.799889e+00	1.015753e+00	
17159	1.713911e-06	1.799808e+00	1.014448e+00	
17160	1.714011e-06	1.799889e+00	1.013145e+00	
17161	1.714111e-06	1.799809e+00	1.011843e+00	
17162	1.714211e-06	1.799889e+00	1.010543e+00	
17163	1.714311e-06	1.799809e+00	1.009245e+00	
17164	1.714411e-06	1.799888e+00	1.007949e+00	

Index   time            vout2           v(x2.comp_p_0/v 
--------------------------------------------------------------------------------
17165	1.714511e-06	1.799809e+00	1.006654e+00	
17166	1.714611e-06	1.799888e+00	1.005361e+00	
17167	1.714711e-06	1.799809e+00	1.004070e+00	
17168	1.714811e-06	1.799890e+00	1.002780e+00	
17169	1.714911e-06	1.799810e+00	1.001492e+00	
17170	1.715011e-06	1.799890e+00	1.000206e+00	
17171	1.715111e-06	1.799811e+00	9.989212e-01	
17172	1.715211e-06	1.799890e+00	9.976383e-01	
17173	1.715311e-06	1.799811e+00	9.963569e-01	
17174	1.715411e-06	1.799890e+00	9.950773e-01	
17175	1.715511e-06	1.799811e+00	9.937992e-01	
17176	1.715611e-06	1.799888e+00	9.925228e-01	
17177	1.715711e-06	1.799811e+00	9.912480e-01	
17178	1.715811e-06	1.799888e+00	9.899749e-01	
17179	1.715911e-06	1.799811e+00	9.887034e-01	
17180	1.716011e-06	1.799888e+00	9.874335e-01	
17181	1.716111e-06	1.799811e+00	9.861652e-01	
17182	1.716211e-06	1.799888e+00	9.848986e-01	
17183	1.716311e-06	1.799811e+00	9.836336e-01	
17184	1.716411e-06	1.799888e+00	9.823703e-01	
17185	1.716511e-06	1.799812e+00	9.811084e-01	
17186	1.716611e-06	1.799888e+00	9.798483e-01	
17187	1.716711e-06	1.799812e+00	9.785897e-01	
17188	1.716811e-06	1.799888e+00	9.773329e-01	
17189	1.716911e-06	1.799812e+00	9.760775e-01	
17190	1.717011e-06	1.799888e+00	9.748238e-01	
17191	1.717111e-06	1.799812e+00	9.735717e-01	
17192	1.717211e-06	1.799888e+00	9.723212e-01	
17193	1.717311e-06	1.799813e+00	9.710722e-01	
17194	1.717411e-06	1.799888e+00	9.698249e-01	
17195	1.717511e-06	1.799813e+00	9.685791e-01	
17196	1.717611e-06	1.799888e+00	9.673350e-01	
17197	1.717711e-06	1.799813e+00	9.660923e-01	
17198	1.717811e-06	1.799888e+00	9.648513e-01	
17199	1.717911e-06	1.799814e+00	9.636119e-01	
17200	1.718011e-06	1.799888e+00	9.623740e-01	
17201	1.718111e-06	1.799814e+00	9.611377e-01	
17202	1.718211e-06	1.799888e+00	9.599030e-01	
17203	1.718311e-06	1.799814e+00	9.586698e-01	
17204	1.718411e-06	1.799888e+00	9.574382e-01	
17205	1.718511e-06	1.799814e+00	9.562082e-01	
17206	1.718611e-06	1.799888e+00	9.549797e-01	
17207	1.718711e-06	1.799815e+00	9.537528e-01	
17208	1.718811e-06	1.799888e+00	9.525274e-01	
17209	1.718911e-06	1.799815e+00	9.513036e-01	
17210	1.719011e-06	1.799888e+00	9.500814e-01	
17211	1.719111e-06	1.799815e+00	9.488606e-01	
17212	1.719211e-06	1.799888e+00	9.476415e-01	
17213	1.719311e-06	1.799815e+00	9.464238e-01	
17214	1.719411e-06	1.799888e+00	9.452078e-01	
17215	1.719511e-06	1.799816e+00	9.439932e-01	
17216	1.719611e-06	1.799888e+00	9.427802e-01	
17217	1.719711e-06	1.799816e+00	9.415687e-01	
17218	1.719811e-06	1.799888e+00	9.403588e-01	
17219	1.719911e-06	1.799816e+00	9.391504e-01	
17220	1.720011e-06	1.799888e+00	9.379435e-01	
17221	1.720111e-06	1.799816e+00	9.367381e-01	
17222	1.720211e-06	1.799888e+00	9.355343e-01	

Index   time            vout2           v(x2.comp_p_0/v 
--------------------------------------------------------------------------------
17223	1.720311e-06	1.799817e+00	9.343319e-01	
17224	1.720411e-06	1.799888e+00	9.331310e-01	
17225	1.720511e-06	1.799817e+00	9.319316e-01	
17226	1.720611e-06	1.799888e+00	9.307338e-01	
17227	1.720711e-06	1.799817e+00	9.295374e-01	
17228	1.720811e-06	1.799888e+00	9.283425e-01	
17229	1.720911e-06	1.799817e+00	9.271490e-01	
17230	1.721011e-06	1.799888e+00	9.259571e-01	
17231	1.721111e-06	1.799818e+00	9.247665e-01	
17232	1.721211e-06	1.799888e+00	9.235774e-01	
17233	1.721311e-06	1.799818e+00	9.223896e-01	
17234	1.721411e-06	1.799888e+00	9.212032e-01	
17235	1.721511e-06	1.799818e+00	9.200182e-01	
17236	1.721611e-06	1.799888e+00	9.188345e-01	
17237	1.721711e-06	1.799818e+00	9.176521e-01	
17238	1.721811e-06	1.799888e+00	9.164711e-01	
17239	1.721911e-06	1.799819e+00	9.152913e-01	
17240	1.722011e-06	1.799888e+00	9.141128e-01	
17241	1.722111e-06	1.799819e+00	9.129355e-01	
17242	1.722211e-06	1.799888e+00	9.117596e-01	
17243	1.722311e-06	1.799819e+00	9.105849e-01	
17244	1.722411e-06	1.799888e+00	9.094116e-01	
17245	1.722511e-06	1.799819e+00	9.082394e-01	
17246	1.722611e-06	1.799888e+00	9.070686e-01	
17247	1.722711e-06	1.799820e+00	9.058991e-01	
17248	1.722811e-06	1.799888e+00	9.047309e-01	
17249	1.722911e-06	1.799820e+00	9.035640e-01	
17250	1.723011e-06	1.799888e+00	9.023985e-01	
17251	1.723111e-06	1.799820e+00	9.012342e-01	
17252	1.723211e-06	1.799888e+00	9.000715e-01	
17253	1.723311e-06	1.799820e+00	8.989100e-01	
17254	1.723411e-06	1.799888e+00	8.977499e-01	
17255	1.723511e-06	1.799821e+00	8.965912e-01	
17256	1.723611e-06	1.799888e+00	8.954340e-01	
17257	1.723711e-06	1.799821e+00	8.942781e-01	
17258	1.723811e-06	1.799888e+00	8.931237e-01	
17259	1.723911e-06	1.799821e+00	8.919706e-01	
17260	1.724011e-06	1.799888e+00	8.908191e-01	
17261	1.724111e-06	1.799821e+00	8.896689e-01	
17262	1.724211e-06	1.799888e+00	8.885202e-01	
17263	1.724311e-06	1.799822e+00	8.873729e-01	
17264	1.724411e-06	1.799889e+00	8.862271e-01	
17265	1.724511e-06	1.799824e+00	8.850827e-01	
17266	1.724611e-06	1.799890e+00	8.839399e-01	
17267	1.724711e-06	1.799824e+00	8.827984e-01	
17268	1.724811e-06	1.799890e+00	8.816584e-01	
17269	1.724911e-06	1.799824e+00	8.805198e-01	
17270	1.725011e-06	1.799890e+00	8.793828e-01	
17271	1.725111e-06	1.799824e+00	8.782471e-01	
17272	1.725211e-06	1.799890e+00	8.771130e-01	
17273	1.725281e-06	1.799824e+00	8.763239e-01	
17274	1.725361e-06	1.799890e+00	8.754179e-01	
17275	1.725448e-06	1.799825e+00	8.744317e-01	
17276	1.725548e-06	1.799890e+00	8.733051e-01	
17277	1.725648e-06	1.799825e+00	8.721773e-01	
17278	1.725748e-06	1.799890e+00	8.710510e-01	
17279	1.725848e-06	1.799825e+00	8.699261e-01	
17280	1.725948e-06	1.799890e+00	8.688028e-01	

Index   time            vout2           v(x2.comp_p_0/v 
--------------------------------------------------------------------------------
17281	1.726048e-06	1.799825e+00	8.676808e-01	
17282	1.726148e-06	1.799890e+00	8.665603e-01	
17283	1.726248e-06	1.799826e+00	8.654412e-01	
17284	1.726348e-06	1.799890e+00	8.643237e-01	
17285	1.726448e-06	1.799826e+00	8.632075e-01	
17286	1.726548e-06	1.799890e+00	8.620929e-01	
17287	1.726648e-06	1.799826e+00	8.609796e-01	
17288	1.726748e-06	1.799890e+00	8.598679e-01	
17289	1.726848e-06	1.799826e+00	8.587575e-01	
17290	1.726948e-06	1.799890e+00	8.576486e-01	
17291	1.727048e-06	1.799827e+00	8.565411e-01	
17292	1.727148e-06	1.799890e+00	8.554352e-01	
17293	1.727248e-06	1.799827e+00	8.543305e-01	
17294	1.727348e-06	1.799890e+00	8.532275e-01	
17295	1.727448e-06	1.799827e+00	8.521257e-01	
17296	1.727548e-06	1.799890e+00	8.510255e-01	
17297	1.727648e-06	1.799827e+00	8.499266e-01	
17298	1.727748e-06	1.799890e+00	8.488293e-01	
17299	1.727848e-06	1.799827e+00	8.477333e-01	
17300	1.727948e-06	1.799890e+00	8.466388e-01	
17301	1.728048e-06	1.799828e+00	8.455456e-01	
17302	1.728148e-06	1.799890e+00	8.444540e-01	
17303	1.728248e-06	1.799828e+00	8.433636e-01	
17304	1.728348e-06	1.799890e+00	8.422748e-01	
17305	1.728448e-06	1.799828e+00	8.411874e-01	
17306	1.728548e-06	1.799890e+00	8.401014e-01	
17307	1.728648e-06	1.799828e+00	8.390168e-01	
17308	1.728748e-06	1.799890e+00	8.379336e-01	
17309	1.728848e-06	1.799827e+00	8.368518e-01	
17310	1.728948e-06	1.799889e+00	8.357715e-01	
17311	1.729048e-06	1.799828e+00	8.346925e-01	
17312	1.729148e-06	1.799889e+00	8.336150e-01	
17313	1.729248e-06	1.799828e+00	8.325389e-01	
17314	1.729348e-06	1.799887e+00	8.314642e-01	
17315	1.729448e-06	1.799828e+00	8.303908e-01	
17316	1.729548e-06	1.799888e+00	8.293189e-01	
17317	1.729648e-06	1.799828e+00	8.282483e-01	
17318	1.729748e-06	1.799888e+00	8.271793e-01	
17319	1.729848e-06	1.799828e+00	8.261115e-01	
17320	1.729948e-06	1.799888e+00	8.250452e-01	
17321	1.730048e-06	1.799828e+00	8.239802e-01	
17322	1.730148e-06	1.799888e+00	8.229167e-01	
17323	1.730248e-06	1.799829e+00	8.218544e-01	
17324	1.730348e-06	1.799888e+00	8.207937e-01	
17325	1.730448e-06	1.799829e+00	8.197342e-01	
17326	1.730548e-06	1.799888e+00	8.186763e-01	
17327	1.730648e-06	1.799829e+00	8.176196e-01	
17328	1.730748e-06	1.799888e+00	8.165644e-01	
17329	1.730848e-06	1.799829e+00	8.155104e-01	
17330	1.730948e-06	1.799888e+00	8.144580e-01	
17331	1.731048e-06	1.799829e+00	8.134068e-01	
17332	1.731148e-06	1.799888e+00	8.123571e-01	
17333	1.731248e-06	1.799830e+00	8.113086e-01	
17334	1.731348e-06	1.799888e+00	8.102616e-01	
17335	1.731448e-06	1.799830e+00	8.092159e-01	
17336	1.731548e-06	1.799888e+00	8.081717e-01	
17337	1.731648e-06	1.799830e+00	8.071287e-01	
17338	1.731748e-06	1.799888e+00	8.060872e-01	

Index   time            vout2           v(x2.comp_p_0/v 
--------------------------------------------------------------------------------
17339	1.731848e-06	1.799830e+00	8.050469e-01	
17340	1.731948e-06	1.799888e+00	8.040081e-01	
17341	1.732048e-06	1.799832e+00	8.029706e-01	
17342	1.732148e-06	1.799888e+00	8.019345e-01	
17343	1.732248e-06	1.799830e+00	8.008997e-01	
17344	1.732348e-06	1.799888e+00	7.998663e-01	
17345	1.732448e-06	1.799831e+00	7.988341e-01	
17346	1.732548e-06	1.799888e+00	7.978034e-01	
17347	1.732648e-06	1.799831e+00	7.967740e-01	
17348	1.732748e-06	1.799888e+00	7.957460e-01	
17349	1.732848e-06	1.799831e+00	7.947192e-01	
17350	1.732948e-06	1.799889e+00	7.936939e-01	
17351	1.733048e-06	1.799833e+00	7.926698e-01	
17352	1.733148e-06	1.799889e+00	7.916472e-01	
17353	1.733248e-06	1.799833e+00	7.906258e-01	
17354	1.733348e-06	1.799889e+00	7.896058e-01	
17355	1.733448e-06	1.799832e+00	7.885870e-01	
17356	1.733548e-06	1.799888e+00	7.875697e-01	
17357	1.733648e-06	1.799833e+00	7.865536e-01	
17358	1.733748e-06	1.799888e+00	7.855390e-01	
17359	1.733848e-06	1.799833e+00	7.845255e-01	
17360	1.733948e-06	1.799888e+00	7.835135e-01	
17361	1.734048e-06	1.799832e+00	7.825027e-01	
17362	1.734148e-06	1.799888e+00	7.814933e-01	
17363	1.734248e-06	1.799833e+00	7.804852e-01	
17364	1.734348e-06	1.799888e+00	7.794784e-01	
17365	1.734448e-06	1.799833e+00	7.784729e-01	
17366	1.734548e-06	1.799888e+00	7.774688e-01	
17367	1.734648e-06	1.799834e+00	7.764659e-01	
17368	1.734748e-06	1.799889e+00	7.754644e-01	
17369	1.734848e-06	1.799835e+00	7.744641e-01	
17370	1.734948e-06	1.799889e+00	7.734652e-01	
17371	1.735048e-06	1.799835e+00	7.724675e-01	
17372	1.735148e-06	1.799889e+00	7.714713e-01	
17373	1.735248e-06	1.799834e+00	7.704762e-01	
17374	1.735348e-06	1.799888e+00	7.694825e-01	
17375	1.735448e-06	1.799834e+00	7.684900e-01	
17376	1.735548e-06	1.799888e+00	7.674989e-01	
17377	1.735648e-06	1.799834e+00	7.665090e-01	
17378	1.735748e-06	1.799888e+00	7.655205e-01	
17379	1.735848e-06	1.799834e+00	7.645332e-01	
17380	1.735948e-06	1.799888e+00	7.635472e-01	
17381	1.736048e-06	1.799835e+00	7.625625e-01	
17382	1.736148e-06	1.799888e+00	7.615791e-01	
17383	1.736248e-06	1.799835e+00	7.605970e-01	
17384	1.736348e-06	1.799887e+00	7.596162e-01	
17385	1.736448e-06	1.799835e+00	7.586365e-01	
17386	1.736548e-06	1.799887e+00	7.576583e-01	
17387	1.736648e-06	1.799835e+00	7.566812e-01	
17388	1.736748e-06	1.799889e+00	7.557055e-01	
17389	1.736848e-06	1.799836e+00	7.547310e-01	
17390	1.736948e-06	1.799888e+00	7.537579e-01	
17391	1.737048e-06	1.799836e+00	7.527859e-01	
17392	1.737148e-06	1.799887e+00	7.518152e-01	
17393	1.737248e-06	1.799836e+00	7.508458e-01	
17394	1.737348e-06	1.799887e+00	7.498777e-01	
17395	1.737448e-06	1.799836e+00	7.489108e-01	
17396	1.737548e-06	1.799887e+00	7.479452e-01	

Index   time            vout2           v(x2.comp_p_0/v 
--------------------------------------------------------------------------------
17397	1.737648e-06	1.799836e+00	7.469808e-01	
17398	1.737748e-06	1.799887e+00	7.460177e-01	
17399	1.737848e-06	1.799836e+00	7.450558e-01	
17400	1.737948e-06	1.799887e+00	7.440953e-01	
17401	1.738048e-06	1.799837e+00	7.431359e-01	
17402	1.738148e-06	1.799887e+00	7.421778e-01	
17403	1.738248e-06	1.799837e+00	7.412209e-01	
17404	1.738348e-06	1.799887e+00	7.402654e-01	
17405	1.738448e-06	1.799837e+00	7.393110e-01	
17406	1.738548e-06	1.799887e+00	7.383579e-01	
17407	1.738648e-06	1.799837e+00	7.374060e-01	
17408	1.738748e-06	1.799887e+00	7.364554e-01	
17409	1.738848e-06	1.799837e+00	7.355059e-01	
17410	1.738948e-06	1.799887e+00	7.345578e-01	
17411	1.739048e-06	1.799837e+00	7.336108e-01	
17412	1.739148e-06	1.799887e+00	7.326651e-01	
17413	1.739248e-06	1.799838e+00	7.317206e-01	
17414	1.739348e-06	1.799887e+00	7.307774e-01	
17415	1.739448e-06	1.799838e+00	7.298354e-01	
17416	1.739548e-06	1.799887e+00	7.288946e-01	
17417	1.739648e-06	1.799838e+00	7.279550e-01	
17418	1.739748e-06	1.799887e+00	7.270167e-01	
17419	1.739848e-06	1.799838e+00	7.260795e-01	
17420	1.739948e-06	1.799887e+00	7.251436e-01	
17421	1.740048e-06	1.799838e+00	7.242089e-01	
17422	1.740148e-06	1.799887e+00	7.232754e-01	
17423	1.740248e-06	1.799839e+00	7.223431e-01	
17424	1.740348e-06	1.799887e+00	7.214121e-01	
17425	1.740448e-06	1.799839e+00	7.204822e-01	
17426	1.740548e-06	1.799887e+00	7.195536e-01	
17427	1.740648e-06	1.799839e+00	7.186261e-01	
17428	1.740748e-06	1.799887e+00	7.176999e-01	
17429	1.740848e-06	1.799839e+00	7.167749e-01	
17430	1.740948e-06	1.799887e+00	7.158511e-01	
17431	1.741048e-06	1.799839e+00	7.149284e-01	
17432	1.741148e-06	1.799887e+00	7.140070e-01	
17433	1.741248e-06	1.799839e+00	7.130867e-01	
17434	1.741348e-06	1.799887e+00	7.121677e-01	
17435	1.741448e-06	1.799840e+00	7.112498e-01	
17436	1.741548e-06	1.799887e+00	7.103332e-01	
17437	1.741648e-06	1.799840e+00	7.094177e-01	
17438	1.741748e-06	1.799887e+00	7.085035e-01	
17439	1.741848e-06	1.799840e+00	7.075903e-01	
17440	1.741948e-06	1.799887e+00	7.066784e-01	
17441	1.742048e-06	1.799840e+00	7.057677e-01	
17442	1.742148e-06	1.799887e+00	7.048582e-01	
17443	1.742248e-06	1.799840e+00	7.039497e-01	
17444	1.742348e-06	1.799887e+00	7.030426e-01	
17445	1.742448e-06	1.799840e+00	7.021365e-01	
17446	1.742548e-06	1.799887e+00	7.012317e-01	
17447	1.742648e-06	1.799841e+00	7.003280e-01	
17448	1.742748e-06	1.799887e+00	6.994255e-01	
17449	1.742848e-06	1.799841e+00	6.985242e-01	
17450	1.742948e-06	1.799887e+00	6.976240e-01	
17451	1.743048e-06	1.799841e+00	6.967250e-01	
17452	1.743148e-06	1.799887e+00	6.958272e-01	
17453	1.743248e-06	1.799841e+00	6.949305e-01	
17454	1.743348e-06	1.799887e+00	6.940350e-01	

Index   time            vout2           v(x2.comp_p_0/v 
--------------------------------------------------------------------------------
17455	1.743448e-06	1.799841e+00	6.931406e-01	
17456	1.743548e-06	1.799887e+00	6.922475e-01	
17457	1.743648e-06	1.799842e+00	6.913554e-01	
17458	1.743748e-06	1.799887e+00	6.904645e-01	
17459	1.743848e-06	1.799842e+00	6.895748e-01	
17460	1.743948e-06	1.799887e+00	6.886862e-01	
17461	1.744048e-06	1.799842e+00	6.877988e-01	
17462	1.744148e-06	1.799887e+00	6.869125e-01	
17463	1.744248e-06	1.799842e+00	6.860273e-01	
17464	1.744348e-06	1.799887e+00	6.851434e-01	
17465	1.744448e-06	1.799842e+00	6.842605e-01	
17466	1.744548e-06	1.799887e+00	6.833789e-01	
17467	1.744648e-06	1.799842e+00	6.824983e-01	
17468	1.744748e-06	1.799887e+00	6.816189e-01	
17469	1.744848e-06	1.799843e+00	6.807405e-01	
17470	1.744948e-06	1.799887e+00	6.798634e-01	
17471	1.745048e-06	1.799843e+00	6.789874e-01	
17472	1.745148e-06	1.799887e+00	6.781125e-01	
17473	1.745248e-06	1.799843e+00	6.772388e-01	
17474	1.745348e-06	1.799887e+00	6.763662e-01	
17475	1.745448e-06	1.799843e+00	6.754947e-01	
17476	1.745548e-06	1.799887e+00	6.746243e-01	
17477	1.745648e-06	1.799843e+00	6.737551e-01	
17478	1.745748e-06	1.799887e+00	6.728870e-01	
17479	1.745848e-06	1.799843e+00	6.720200e-01	
17480	1.745948e-06	1.799887e+00	6.711542e-01	
17481	1.746048e-06	1.799844e+00	6.702894e-01	
17482	1.746148e-06	1.799887e+00	6.694258e-01	
17483	1.746248e-06	1.799844e+00	6.685633e-01	
17484	1.746348e-06	1.799887e+00	6.677019e-01	
17485	1.746448e-06	1.799844e+00	6.668416e-01	
17486	1.746548e-06	1.799887e+00	6.659825e-01	
17487	1.746648e-06	1.799844e+00	6.651244e-01	
17488	1.746748e-06	1.799887e+00	6.642675e-01	
17489	1.746848e-06	1.799844e+00	6.634117e-01	
17490	1.746948e-06	1.799887e+00	6.625570e-01	
17491	1.747048e-06	1.799844e+00	6.617034e-01	
17492	1.747148e-06	1.799887e+00	6.608509e-01	
17493	1.747248e-06	1.799844e+00	6.599995e-01	
17494	1.747348e-06	1.799887e+00	6.591493e-01	
17495	1.747448e-06	1.799845e+00	6.583000e-01	
17496	1.747548e-06	1.799887e+00	6.574520e-01	
17497	1.747648e-06	1.799845e+00	6.566050e-01	
17498	1.747748e-06	1.799887e+00	6.557592e-01	
17499	1.747848e-06	1.799845e+00	6.549144e-01	
17500	1.747948e-06	1.799887e+00	6.540707e-01	
17501	1.748048e-06	1.799845e+00	6.532281e-01	
17502	1.748148e-06	1.799887e+00	6.523867e-01	
17503	1.748248e-06	1.799845e+00	6.515463e-01	
17504	1.748348e-06	1.799887e+00	6.507070e-01	
17505	1.748448e-06	1.799845e+00	6.498688e-01	
17506	1.748548e-06	1.799887e+00	6.490318e-01	
17507	1.748648e-06	1.799846e+00	6.481957e-01	
17508	1.748748e-06	1.799887e+00	6.473609e-01	
17509	1.748848e-06	1.799846e+00	6.465270e-01	
17510	1.748948e-06	1.799887e+00	6.456943e-01	
17511	1.749048e-06	1.799846e+00	6.448626e-01	
17512	1.749148e-06	1.799887e+00	6.440321e-01	

Index   time            vout2           v(x2.comp_p_0/v 
--------------------------------------------------------------------------------
17513	1.749248e-06	1.799846e+00	6.432026e-01	
17514	1.749348e-06	1.799887e+00	6.423743e-01	
17515	1.749448e-06	1.799846e+00	6.415470e-01	
17516	1.749548e-06	1.799887e+00	6.407208e-01	
17517	1.749648e-06	1.799846e+00	6.398956e-01	
17518	1.749748e-06	1.799887e+00	6.390716e-01	
17519	1.749848e-06	1.799846e+00	6.382486e-01	
17520	1.749948e-06	1.799887e+00	6.374268e-01	
17521	1.750048e-06	1.799847e+00	6.366060e-01	
17522	1.750148e-06	1.799887e+00	6.357863e-01	
17523	1.750248e-06	1.799847e+00	6.349676e-01	
17524	1.750348e-06	1.799887e+00	6.341501e-01	
17525	1.750448e-06	1.799847e+00	6.333335e-01	
17526	1.750548e-06	1.799887e+00	6.325182e-01	
17527	1.750648e-06	1.799847e+00	6.317038e-01	
17528	1.750748e-06	1.799887e+00	6.308905e-01	
17529	1.750848e-06	1.799847e+00	6.300783e-01	
17530	1.750948e-06	1.799887e+00	6.292672e-01	
17531	1.751048e-06	1.799847e+00	6.284571e-01	
17532	1.751148e-06	1.799887e+00	6.276481e-01	
17533	1.751248e-06	1.799848e+00	6.268402e-01	
17534	1.751348e-06	1.799887e+00	6.260333e-01	
17535	1.751448e-06	1.799848e+00	6.252275e-01	
17536	1.751548e-06	1.799887e+00	6.244228e-01	
17537	1.751648e-06	1.799848e+00	6.236191e-01	
17538	1.751748e-06	1.799887e+00	6.228165e-01	
17539	1.751848e-06	1.799848e+00	6.220149e-01	
17540	1.751948e-06	1.799887e+00	6.212144e-01	
17541	1.752048e-06	1.799848e+00	6.204149e-01	
17542	1.752148e-06	1.799887e+00	6.196166e-01	
17543	1.752248e-06	1.799848e+00	6.188192e-01	
17544	1.752348e-06	1.799887e+00	6.180230e-01	
17545	1.752448e-06	1.799848e+00	6.172277e-01	
17546	1.752548e-06	1.799887e+00	6.164335e-01	
17547	1.752648e-06	1.799849e+00	6.156403e-01	
17548	1.752748e-06	1.799887e+00	6.148483e-01	
17549	1.752848e-06	1.799849e+00	6.140572e-01	
17550	1.752948e-06	1.799887e+00	6.132672e-01	
17551	1.753048e-06	1.799849e+00	6.124782e-01	
17552	1.753148e-06	1.799887e+00	6.116903e-01	
17553	1.753248e-06	1.799849e+00	6.109034e-01	
17554	1.753348e-06	1.799887e+00	6.101175e-01	
17555	1.753448e-06	1.799849e+00	6.093327e-01	
17556	1.753548e-06	1.799887e+00	6.085489e-01	
17557	1.753648e-06	1.799849e+00	6.077662e-01	
17558	1.753748e-06	1.799887e+00	6.069845e-01	
17559	1.753848e-06	1.799849e+00	6.062037e-01	
17560	1.753948e-06	1.799887e+00	6.054241e-01	
17561	1.754048e-06	1.799850e+00	6.046455e-01	
17562	1.754148e-06	1.799887e+00	6.038679e-01	
17563	1.754248e-06	1.799850e+00	6.030913e-01	
17564	1.754348e-06	1.799887e+00	6.023157e-01	
17565	1.754448e-06	1.799850e+00	6.015412e-01	
17566	1.754548e-06	1.799887e+00	6.007677e-01	
17567	1.754648e-06	1.799850e+00	5.999952e-01	
17568	1.754748e-06	1.799887e+00	5.992237e-01	
17569	1.754848e-06	1.799850e+00	5.984532e-01	
17570	1.754948e-06	1.799887e+00	5.976838e-01	

Index   time            vout2           v(x2.comp_p_0/v 
--------------------------------------------------------------------------------
17571	1.755048e-06	1.799850e+00	5.969153e-01	
17572	1.755148e-06	1.799887e+00	5.961480e-01	
17573	1.755248e-06	1.799850e+00	5.953815e-01	
17574	1.755348e-06	1.799887e+00	5.946162e-01	
17575	1.755448e-06	1.799851e+00	5.938517e-01	
17576	1.755548e-06	1.799887e+00	5.930884e-01	
17577	1.755648e-06	1.799851e+00	5.923260e-01	
17578	1.755748e-06	1.799887e+00	5.915646e-01	
17579	1.755848e-06	1.799851e+00	5.908042e-01	
17580	1.755948e-06	1.799887e+00	5.900449e-01	
17581	1.756048e-06	1.799851e+00	5.892865e-01	
17582	1.756148e-06	1.799887e+00	5.885292e-01	
17583	1.756248e-06	1.799851e+00	5.877727e-01	
17584	1.756348e-06	1.799887e+00	5.870174e-01	
17585	1.756448e-06	1.799851e+00	5.862630e-01	
17586	1.756548e-06	1.799887e+00	5.855096e-01	
17587	1.756648e-06	1.799851e+00	5.847572e-01	
17588	1.756748e-06	1.799887e+00	5.840058e-01	
17589	1.756848e-06	1.799851e+00	5.832554e-01	
17590	1.756948e-06	1.799887e+00	5.825060e-01	
17591	1.757048e-06	1.799852e+00	5.817575e-01	
17592	1.757148e-06	1.799887e+00	5.810101e-01	
17593	1.757248e-06	1.799852e+00	5.802636e-01	
17594	1.757348e-06	1.799887e+00	5.795181e-01	
17595	1.757448e-06	1.799852e+00	5.787735e-01	
17596	1.757548e-06	1.799887e+00	5.780300e-01	
17597	1.757648e-06	1.799852e+00	5.772875e-01	
17598	1.757748e-06	1.799887e+00	5.765459e-01	
17599	1.757848e-06	1.799852e+00	5.758053e-01	
17600	1.757948e-06	1.799887e+00	5.750657e-01	
17601	1.758048e-06	1.799852e+00	5.743270e-01	
17602	1.758148e-06	1.799887e+00	5.735893e-01	
17603	1.758248e-06	1.799852e+00	5.728526e-01	
17604	1.758348e-06	1.799887e+00	5.721169e-01	
17605	1.758448e-06	1.799853e+00	5.713821e-01	
17606	1.758548e-06	1.799887e+00	5.706483e-01	
17607	1.758648e-06	1.799853e+00	5.699154e-01	
17608	1.758748e-06	1.799887e+00	5.691835e-01	
17609	1.758848e-06	1.799853e+00	5.684526e-01	
17610	1.758948e-06	1.799887e+00	5.677226e-01	
17611	1.759048e-06	1.799853e+00	5.669936e-01	
17612	1.759148e-06	1.799887e+00	5.662655e-01	
17613	1.759248e-06	1.799853e+00	5.655384e-01	
17614	1.759348e-06	1.799887e+00	5.648123e-01	
17615	1.759448e-06	1.799853e+00	5.640870e-01	
17616	1.759548e-06	1.799887e+00	5.633628e-01	
17617	1.759648e-06	1.799853e+00	5.626394e-01	
17618	1.759748e-06	1.799887e+00	5.619171e-01	
17619	1.759848e-06	1.799853e+00	5.611956e-01	
17620	1.759948e-06	1.799887e+00	5.604752e-01	
17621	1.760048e-06	1.799854e+00	5.597555e-01	
17622	1.760148e-06	1.799887e+00	5.590369e-01	
17623	1.760248e-06	1.799854e+00	5.583192e-01	
17624	1.760348e-06	1.799887e+00	5.576024e-01	
17625	1.760448e-06	1.799854e+00	5.568865e-01	
17626	1.760548e-06	1.799887e+00	5.561716e-01	
17627	1.760648e-06	1.799854e+00	5.554574e-01	
17628	1.760748e-06	1.799887e+00	5.547443e-01	

Index   time            vout2           v(x2.comp_p_0/v 
--------------------------------------------------------------------------------
17629	1.760848e-06	1.799854e+00	5.540320e-01	
17630	1.760948e-06	1.799887e+00	5.533206e-01	
17631	1.761048e-06	1.799854e+00	5.526100e-01	
17632	1.761148e-06	1.799887e+00	5.519004e-01	
17633	1.761248e-06	1.799854e+00	5.511915e-01	
17634	1.761348e-06	1.799887e+00	5.504836e-01	
17635	1.761448e-06	1.799854e+00	5.497764e-01	
17636	1.761548e-06	1.799887e+00	5.490700e-01	
17637	1.761648e-06	1.799855e+00	5.483644e-01	
17638	1.761748e-06	1.799887e+00	5.476597e-01	
17639	1.761848e-06	1.799855e+00	5.469556e-01	
17640	1.761948e-06	1.799887e+00	5.462524e-01	
17641	1.762048e-06	1.799855e+00	5.455498e-01	
17642	1.762148e-06	1.799887e+00	5.448480e-01	
17643	1.762248e-06	1.799855e+00	5.441468e-01	
17644	1.762348e-06	1.799887e+00	5.434464e-01	
17645	1.762448e-06	1.799855e+00	5.427466e-01	
17646	1.762548e-06	1.799887e+00	5.420475e-01	
17647	1.762648e-06	1.799855e+00	5.413490e-01	
17648	1.762748e-06	1.799887e+00	5.406512e-01	
17649	1.762848e-06	1.799855e+00	5.399540e-01	
17650	1.762948e-06	1.799887e+00	5.392575e-01	
17651	1.763048e-06	1.799855e+00	5.385616e-01	
17652	1.763148e-06	1.799887e+00	5.378664e-01	
17653	1.763248e-06	1.799855e+00	5.371718e-01	
17654	1.763348e-06	1.799887e+00	5.364779e-01	
17655	1.763448e-06	1.799856e+00	5.357847e-01	
17656	1.763548e-06	1.799887e+00	5.350923e-01	
17657	1.763648e-06	1.799856e+00	5.344004e-01	
17658	1.763748e-06	1.799887e+00	5.337094e-01	
17659	1.763848e-06	1.799856e+00	5.330190e-01	
17660	1.763948e-06	1.799887e+00	5.323295e-01	
17661	1.764048e-06	1.799856e+00	5.316407e-01	
17662	1.764148e-06	1.799887e+00	5.309527e-01	
17663	1.764248e-06	1.799856e+00	5.302654e-01	
17664	1.764348e-06	1.799887e+00	5.295790e-01	
17665	1.764448e-06	1.799856e+00	5.288933e-01	
17666	1.764548e-06	1.799887e+00	5.282086e-01	
17667	1.764648e-06	1.799856e+00	5.275245e-01	
17668	1.764748e-06	1.799887e+00	5.268414e-01	
17669	1.764848e-06	1.799856e+00	5.261590e-01	
17670	1.764948e-06	1.799887e+00	5.254775e-01	
17671	1.765048e-06	1.799856e+00	5.247968e-01	
17672	1.765148e-06	1.799887e+00	5.241169e-01	
17673	1.765248e-06	1.799857e+00	5.234379e-01	
17674	1.765348e-06	1.799886e+00	5.227598e-01	
17675	1.765448e-06	1.799857e+00	5.220824e-01	
17676	1.765548e-06	1.799886e+00	5.214060e-01	
17677	1.765648e-06	1.799857e+00	5.207304e-01	
17678	1.765748e-06	1.799886e+00	5.200558e-01	
17679	1.765848e-06	1.799857e+00	5.193819e-01	
17680	1.765948e-06	1.799886e+00	5.187090e-01	
17681	1.766048e-06	1.799857e+00	5.180368e-01	
17682	1.766148e-06	1.799886e+00	5.173656e-01	
17683	1.766248e-06	1.799857e+00	5.166953e-01	
17684	1.766348e-06	1.799886e+00	5.160258e-01	
17685	1.766448e-06	1.799857e+00	5.153572e-01	
17686	1.766548e-06	1.799886e+00	5.146895e-01	

Index   time            vout2           v(x2.comp_p_0/v 
--------------------------------------------------------------------------------
17687	1.766648e-06	1.799857e+00	5.140226e-01	
17688	1.766748e-06	1.799886e+00	5.133567e-01	
17689	1.766848e-06	1.799857e+00	5.126916e-01	
17690	1.766948e-06	1.799886e+00	5.120274e-01	
17691	1.767048e-06	1.799857e+00	5.113640e-01	
17692	1.767148e-06	1.799886e+00	5.107015e-01	
17693	1.767248e-06	1.799857e+00	5.100398e-01	
17694	1.767348e-06	1.799886e+00	5.093791e-01	
17695	1.767448e-06	1.799858e+00	5.087191e-01	
17696	1.767548e-06	1.799886e+00	5.080601e-01	
17697	1.767648e-06	1.799858e+00	5.074019e-01	
17698	1.767748e-06	1.799886e+00	5.067446e-01	
17699	1.767848e-06	1.799858e+00	5.060880e-01	
17700	1.767948e-06	1.799886e+00	5.054324e-01	
17701	1.768048e-06	1.799858e+00	5.047776e-01	
17702	1.768148e-06	1.799886e+00	5.041236e-01	
17703	1.768248e-06	1.799858e+00	5.034705e-01	
17704	1.768348e-06	1.799886e+00	5.028182e-01	
17705	1.768448e-06	1.799858e+00	5.021667e-01	
17706	1.768548e-06	1.799886e+00	5.015162e-01	
17707	1.768648e-06	1.799858e+00	5.008664e-01	
17708	1.768748e-06	1.799886e+00	5.002175e-01	
17709	1.768848e-06	1.799858e+00	4.995694e-01	
17710	1.768948e-06	1.799886e+00	4.989221e-01	
17711	1.769048e-06	1.799858e+00	4.982757e-01	
17712	1.769148e-06	1.799886e+00	4.976301e-01	
17713	1.769248e-06	1.799858e+00	4.969853e-01	
17714	1.769348e-06	1.799886e+00	4.963414e-01	
17715	1.769448e-06	1.799858e+00	4.956983e-01	
17716	1.769548e-06	1.799886e+00	4.950561e-01	
17717	1.769648e-06	1.799858e+00	4.944146e-01	
17718	1.769748e-06	1.799886e+00	4.937740e-01	
17719	1.769848e-06	1.799858e+00	4.931342e-01	
17720	1.769948e-06	1.799886e+00	4.924953e-01	
17721	1.770048e-06	1.799859e+00	4.918571e-01	
17722	1.770148e-06	1.799886e+00	4.912198e-01	
17723	1.770248e-06	1.799859e+00	4.905833e-01	
17724	1.770348e-06	1.799886e+00	4.899476e-01	
17725	1.770448e-06	1.799859e+00	4.893127e-01	
17726	1.770548e-06	1.799886e+00	4.886787e-01	
17727	1.770648e-06	1.799859e+00	4.880455e-01	
17728	1.770748e-06	1.799886e+00	4.874131e-01	
17729	1.770848e-06	1.799859e+00	4.867815e-01	
17730	1.770948e-06	1.799886e+00	4.861507e-01	
17731	1.771048e-06	1.799859e+00	4.855208e-01	
17732	1.771148e-06	1.799886e+00	4.848916e-01	
17733	1.771248e-06	1.799859e+00	4.842633e-01	
17734	1.771348e-06	1.799886e+00	4.836358e-01	
17735	1.771448e-06	1.799859e+00	4.830090e-01	
17736	1.771548e-06	1.799886e+00	4.823832e-01	
17737	1.771648e-06	1.799859e+00	4.817580e-01	
17738	1.771748e-06	1.799885e+00	4.811338e-01	
17739	1.771848e-06	1.799859e+00	4.805103e-01	
17740	1.771948e-06	1.799885e+00	4.798876e-01	
17741	1.772048e-06	1.799859e+00	4.792657e-01	
17742	1.772148e-06	1.799885e+00	4.786447e-01	
17743	1.772248e-06	1.799859e+00	4.780244e-01	
17744	1.772348e-06	1.799885e+00	4.774049e-01	

Index   time            vout2           v(x2.comp_p_0/v 
--------------------------------------------------------------------------------
17745	1.772448e-06	1.799859e+00	4.767862e-01	
17746	1.772548e-06	1.799885e+00	4.761684e-01	
17747	1.772648e-06	1.799859e+00	4.755513e-01	
17748	1.772748e-06	1.799885e+00	4.749350e-01	
17749	1.772848e-06	1.799859e+00	4.743195e-01	
17750	1.772948e-06	1.799885e+00	4.737048e-01	
17751	1.773048e-06	1.799859e+00	4.730909e-01	
17752	1.773148e-06	1.799885e+00	4.724778e-01	
17753	1.773248e-06	1.799859e+00	4.718654e-01	
17754	1.773348e-06	1.799884e+00	4.712539e-01	
17755	1.773448e-06	1.799859e+00	4.706430e-01	
17756	1.773548e-06	1.799884e+00	4.700331e-01	
17757	1.773648e-06	1.799859e+00	4.694238e-01	
17758	1.773748e-06	1.799884e+00	4.688154e-01	
17759	1.773848e-06	1.799858e+00	4.682077e-01	
17760	1.773948e-06	1.799883e+00	4.676008e-01	
17761	1.774048e-06	1.799858e+00	4.669947e-01	
17762	1.774148e-06	1.799883e+00	4.663893e-01	
17763	1.774248e-06	1.799858e+00	4.657847e-01	
17764	1.774348e-06	1.799882e+00	4.651809e-01	
17765	1.774448e-06	1.799857e+00	4.645778e-01	
17766	1.774548e-06	1.799882e+00	4.639756e-01	
17767	1.774648e-06	1.799857e+00	4.633740e-01	
17768	1.774748e-06	1.799881e+00	4.627733e-01	
17769	1.774848e-06	1.799856e+00	4.621733e-01	
17770	1.774948e-06	1.799880e+00	4.615741e-01	
17771	1.775048e-06	1.799856e+00	4.609756e-01	
17772	1.775148e-06	1.799879e+00	4.603779e-01	
17773	1.775248e-06	1.799855e+00	4.597810e-01	
17774	1.775348e-06	1.799878e+00	4.591849e-01	
17775	1.775448e-06	1.799855e+00	4.585894e-01	
17776	1.775548e-06	1.799878e+00	4.579948e-01	
17777	1.775648e-06	1.799854e+00	4.574009e-01	
17778	1.775748e-06	1.799876e+00	4.568079e-01	
17779	1.775848e-06	1.799853e+00	4.562155e-01	
17780	1.775948e-06	1.799875e+00	4.556239e-01	
17781	1.776048e-06	1.799852e+00	4.550330e-01	
17782	1.776148e-06	1.799874e+00	4.544430e-01	
17783	1.776248e-06	1.799851e+00	4.538536e-01	
17784	1.776348e-06	1.799872e+00	4.532650e-01	
17785	1.776448e-06	1.799850e+00	4.526770e-01	
17786	1.776548e-06	1.799871e+00	4.520898e-01	
17787	1.776648e-06	1.799849e+00	4.515033e-01	
17788	1.776748e-06	1.799870e+00	4.509176e-01	
17789	1.776848e-06	1.799848e+00	4.503326e-01	
17790	1.776948e-06	1.799869e+00	4.497483e-01	
17791	1.777048e-06	1.799848e+00	4.491647e-01	
17792	1.777148e-06	1.799870e+00	4.485819e-01	
17793	1.777248e-06	1.799850e+00	4.479997e-01	
17794	1.777348e-06	1.799873e+00	4.474184e-01	
17795	1.777448e-06	1.799855e+00	4.468377e-01	
17796	1.777548e-06	1.799881e+00	4.462577e-01	
17797	1.777648e-06	1.799868e+00	4.456785e-01	
17798	1.777748e-06	1.799903e+00	4.451000e-01	
17799	1.777848e-06	1.799898e+00	4.445222e-01	
17800	1.777948e-06	1.799951e+00	4.439453e-01	
17801	1.778048e-06	1.799961e+00	4.433689e-01	
17802	1.778148e-06	1.800037e+00	4.427934e-01	

Index   time            vout2           v(x2.comp_p_0/v 
--------------------------------------------------------------------------------
17803	1.778248e-06	1.800076e+00	4.422185e-01	
17804	1.778348e-06	1.800188e+00	4.416445e-01	
17805	1.778448e-06	1.800271e+00	4.410711e-01	
17806	1.778548e-06	1.800446e+00	4.404987e-01	
17807	1.778648e-06	1.800619e+00	4.399271e-01	
17808	1.778748e-06	1.800930e+00	4.393566e-01	
17809	1.778848e-06	1.801324e+00	4.387872e-01	
17810	1.778948e-06	1.802028e+00	4.382197e-01	
17811	1.779048e-06	1.803153e+00	4.376545e-01	
17812	1.779148e-06	1.805191e+00	4.370932e-01	
17813	1.779248e-06	1.808172e+00	4.365382e-01	
17814	1.779348e-06	1.812381e+00	4.359950e-01	
17815	1.779448e-06	1.818819e+00	4.354759e-01	
17816	1.779548e-06	1.832645e+00	4.350509e-01	
17817	1.779648e-06	1.780922e+00	4.351757e-01	
17818	1.779748e-06	2.595590e-01	4.363981e-01	
17819	1.779848e-06	-4.81468e-02	4.381051e-01	
17820	1.779948e-06	4.436354e-02	4.398388e-01	
17821	1.780048e-06	-3.67497e-02	4.415952e-01	
17822	1.780148e-06	3.245790e-02	4.433417e-01	
17823	1.780248e-06	-2.75493e-02	4.450932e-01	
17824	1.780348e-06	2.423539e-02	4.468394e-01	
17825	1.780448e-06	-2.06903e-02	4.485862e-01	
17826	1.780548e-06	1.814997e-02	4.503300e-01	
17827	1.780648e-06	-1.55594e-02	4.520727e-01	
17828	1.780748e-06	1.361951e-02	4.538132e-01	
17829	1.780848e-06	-1.17115e-02	4.555518e-01	
17830	1.780948e-06	1.023491e-02	4.572885e-01	
17831	1.781048e-06	-8.82151e-03	4.590230e-01	
17832	1.781148e-06	7.700329e-03	4.607557e-01	
17833	1.781248e-06	-6.64886e-03	4.624860e-01	
17834	1.781348e-06	5.799133e-03	4.642145e-01	
17835	1.781448e-06	-5.01441e-03	4.659405e-01	
17836	1.781548e-06	4.371338e-03	4.676647e-01	
17837	1.781648e-06	-3.78429e-03	4.693864e-01	
17838	1.781748e-06	3.298134e-03	4.711062e-01	
17839	1.781848e-06	-2.85818e-03	4.728236e-01	
17840	1.781948e-06	2.490941e-03	4.745390e-01	
17841	1.782048e-06	-2.16078e-03	4.762520e-01	
17842	1.782148e-06	1.883534e-03	4.779629e-01	
17843	1.782248e-06	-1.63551e-03	4.796715e-01	
17844	1.782348e-06	1.426300e-03	4.813780e-01	
17845	1.782448e-06	-1.23983e-03	4.830821e-01	
17846	1.782548e-06	1.082015e-03	4.847841e-01	
17847	1.782648e-06	-9.41745e-04	4.864838e-01	
17848	1.782748e-06	8.227214e-04	4.881814e-01	
17849	1.782848e-06	-7.17155e-04	4.898766e-01	
17850	1.782948e-06	6.274041e-04	4.915697e-01	
17851	1.783048e-06	-5.47927e-04	4.932605e-01	
17852	1.783148e-06	4.802562e-04	4.949492e-01	
17853	1.783248e-06	-4.20404e-04	4.966354e-01	
17854	1.783348e-06	3.693834e-04	4.983197e-01	
17855	1.783448e-06	-3.24299e-04	5.000015e-01	
17856	1.783548e-06	2.858324e-04	5.016813e-01	
17857	1.783648e-06	-2.51864e-04	5.033587e-01	
17858	1.783748e-06	2.228619e-04	5.050341e-01	
17859	1.783848e-06	-1.97264e-04	5.067070e-01	
17860	1.783948e-06	1.753953e-04	5.083779e-01	

Index   time            vout2           v(x2.comp_p_0/v 
--------------------------------------------------------------------------------
17861	1.784048e-06	-1.56101e-04	5.100465e-01	
17862	1.784148e-06	1.396089e-04	5.117130e-01	
17863	1.784248e-06	-1.25062e-04	5.133771e-01	
17864	1.784348e-06	1.126226e-04	5.150392e-01	
17865	1.784448e-06	-1.01653e-04	5.166988e-01	
17866	1.784548e-06	9.226651e-05	5.183565e-01	
17867	1.784648e-06	-8.39908e-05	5.200118e-01	
17868	1.784748e-06	7.690612e-05	5.216651e-01	
17869	1.784848e-06	-7.06602e-05	5.233160e-01	
17870	1.784948e-06	6.530985e-05	5.249649e-01	
17871	1.785048e-06	-6.05932e-05	5.266114e-01	
17872	1.785148e-06	5.654981e-05	5.282559e-01	
17873	1.785248e-06	-5.29854e-05	5.298981e-01	
17874	1.785348e-06	4.992690e-05	5.315382e-01	
17875	1.785448e-06	-4.72307e-05	5.331760e-01	
17876	1.785548e-06	4.491435e-05	5.348118e-01	
17877	1.785648e-06	-4.28722e-05	5.364452e-01	
17878	1.785748e-06	4.111524e-05	5.380766e-01	
17879	1.785848e-06	-3.95660e-05	5.397057e-01	
17880	1.785945e-06	3.819261e-05	5.412844e-01	
17881	1.786045e-06	-3.70196e-05	5.429092e-01	
17882	1.786145e-06	3.600591e-05	5.445320e-01	
17883	1.786245e-06	-3.51116e-05	5.461525e-01	
17884	1.786345e-06	3.433628e-05	5.477711e-01	
17885	1.786445e-06	-3.36519e-05	5.493872e-01	
17886	1.786545e-06	3.305627e-05	5.510015e-01	
17887	1.786645e-06	-3.25302e-05	5.526133e-01	
17888	1.786745e-06	3.206990e-05	5.542233e-01	
17889	1.786845e-06	-3.16630e-05	5.558309e-01	
17890	1.786945e-06	3.130484e-05	5.574365e-01	
17891	1.787045e-06	-3.09878e-05	5.590399e-01	
17892	1.787145e-06	3.070658e-05	5.606413e-01	
17893	1.787245e-06	-3.04573e-05	5.622403e-01	
17894	1.787345e-06	3.023405e-05	5.638375e-01	
17895	1.787445e-06	-3.00358e-05	5.654323e-01	
17896	1.787545e-06	2.985631e-05	5.670252e-01	
17897	1.787645e-06	-2.96965e-05	5.686158e-01	
17898	1.787745e-06	2.955004e-05	5.702045e-01	
17899	1.787845e-06	-2.94192e-05	5.717909e-01	
17900	1.787945e-06	2.929768e-05	5.733753e-01	
17901	1.788045e-06	-2.91887e-05	5.749575e-01	
17902	1.788145e-06	2.908597e-05	5.765378e-01	
17903	1.788245e-06	-2.89934e-05	5.781158e-01	
17904	1.788345e-06	2.890495e-05	5.796918e-01	
17905	1.788445e-06	-2.88248e-05	5.812656e-01	
17906	1.788545e-06	2.874709e-05	5.828376e-01	
17907	1.788645e-06	-2.86763e-05	5.844072e-01	
17908	1.788745e-06	2.860674e-05	5.859750e-01	
17909	1.788845e-06	-2.85430e-05	5.875404e-01	
17910	1.788945e-06	2.847962e-05	5.891041e-01	
17911	1.789045e-06	-2.84213e-05	5.906654e-01	
17912	1.789145e-06	2.836253e-05	5.922249e-01	
17913	1.789245e-06	-2.83082e-05	5.937821e-01	
17914	1.789345e-06	2.825302e-05	5.953375e-01	
17915	1.789445e-06	-2.82017e-05	5.968906e-01	
17916	1.789545e-06	2.814929e-05	5.984418e-01	
17917	1.789645e-06	-2.81003e-05	5.999909e-01	
17918	1.789745e-06	2.804994e-05	6.015380e-01	

Index   time            vout2           v(x2.comp_p_0/v 
--------------------------------------------------------------------------------
17919	1.789845e-06	-2.80027e-05	6.030829e-01	
17920	1.789945e-06	2.795396e-05	6.046260e-01	
17921	1.790045e-06	-2.79080e-05	6.061669e-01	
17922	1.790145e-06	2.786054e-05	6.077059e-01	
17923	1.790245e-06	-2.78156e-05	6.092427e-01	
17924	1.790345e-06	2.776911e-05	6.107777e-01	
17925	1.790445e-06	-2.77249e-05	6.123104e-01	
17926	1.790545e-06	2.767922e-05	6.138414e-01	
17927	1.790645e-06	-2.76356e-05	6.153701e-01	
17928	1.790745e-06	2.759054e-05	6.168970e-01	
17929	1.790845e-06	-2.75474e-05	6.184217e-01	
17930	1.790945e-06	2.750281e-05	6.199446e-01	
17931	1.791045e-06	-2.74600e-05	6.214653e-01	
17932	1.791145e-06	2.741585e-05	6.229842e-01	
17933	1.791245e-06	-2.73733e-05	6.245009e-01	
17934	1.791345e-06	2.732950e-05	6.260158e-01	
17935	1.791445e-06	-2.72872e-05	6.275286e-01	
17936	1.791545e-06	2.724367e-05	6.290395e-01	
17937	1.791645e-06	-2.72015e-05	6.305483e-01	
17938	1.791745e-06	2.715827e-05	6.320553e-01	
17939	1.791845e-06	-2.71162e-05	6.335601e-01	
17940	1.791945e-06	2.707324e-05	6.350632e-01	
17941	1.792045e-06	-2.70313e-05	6.365641e-01	
17942	1.792145e-06	2.698853e-05	6.380632e-01	
17943	1.792245e-06	-2.69467e-05	6.395602e-01	
17944	1.792345e-06	2.690411e-05	6.410554e-01	
17945	1.792445e-06	-2.68623e-05	6.425485e-01	
17946	1.792545e-06	2.681994e-05	6.440398e-01	
17947	1.792645e-06	-2.67782e-05	6.455290e-01	
17948	1.792745e-06	2.673602e-05	6.470164e-01	
17949	1.792845e-06	-2.66944e-05	6.485017e-01	
17950	1.792945e-06	2.665233e-05	6.499853e-01	
17951	1.793045e-06	-2.66107e-05	6.514668e-01	
17952	1.793145e-06	2.656885e-05	6.529465e-01	
17953	1.793245e-06	-2.65273e-05	6.544241e-01	
17954	1.793345e-06	2.648557e-05	6.558999e-01	
17955	1.793445e-06	-2.60368e-05	6.573737e-01	
17956	1.793545e-06	2.689024e-05	6.588458e-01	
17957	1.793645e-06	-2.59106e-05	6.603157e-01	
17958	1.793745e-06	2.678481e-05	6.617839e-01	
17959	1.793845e-06	-2.58124e-05	6.632500e-01	
17960	1.793945e-06	2.668570e-05	6.647145e-01	
17961	1.794045e-06	-2.57188e-05	6.661768e-01	
17962	1.794145e-06	2.659055e-05	6.676374e-01	
17963	1.794245e-06	-2.56286e-05	6.690960e-01	
17964	1.794345e-06	2.649842e-05	6.705529e-01	
17965	1.794445e-06	-2.55408e-05	6.720076e-01	
17966	1.794545e-06	2.640860e-05	6.734607e-01	
17967	1.794645e-06	-2.54551e-05	6.749118e-01	
17968	1.794745e-06	2.632055e-05	6.763611e-01	
17969	1.794845e-06	-2.53708e-05	6.778084e-01	
17970	1.794945e-06	2.623388e-05	6.792540e-01	
17971	1.795045e-06	-2.52877e-05	6.806975e-01	
17972	1.795145e-06	2.614829e-05	6.821394e-01	
17973	1.795245e-06	-2.52056e-05	6.835792e-01	
17974	1.795345e-06	2.606355e-05	6.850173e-01	
17975	1.795445e-06	-2.51242e-05	6.864534e-01	
17976	1.795545e-06	2.597949e-05	6.878878e-01	

Index   time            vout2           v(x2.comp_p_0/v 
--------------------------------------------------------------------------------
17977	1.795645e-06	-2.50434e-05	6.893202e-01	
17978	1.795745e-06	2.589597e-05	6.907509e-01	
17979	1.795845e-06	-2.49632e-05	6.921795e-01	
17980	1.795945e-06	2.581290e-05	6.936064e-01	
17981	1.796045e-06	-2.48834e-05	6.950313e-01	
17982	1.796145e-06	2.573018e-05	6.964545e-01	
17983	1.796245e-06	-2.48040e-05	6.978756e-01	
17984	1.796345e-06	2.564776e-05	6.992950e-01	
17985	1.796445e-06	-2.47249e-05	7.007123e-01	
17986	1.796545e-06	2.556558e-05	7.021278e-01	
17987	1.796645e-06	-2.46461e-05	7.035412e-01	
17988	1.796745e-06	2.548354e-05	7.049529e-01	
17989	1.796845e-06	-2.45675e-05	7.063623e-01	
17990	1.796945e-06	2.540146e-05	7.077699e-01	
17991	1.797045e-06	-2.44888e-05	7.091753e-01	
17992	1.797145e-06	2.531925e-05	7.105787e-01	
17993	1.797245e-06	-2.44099e-05	7.119799e-01	
17994	1.797345e-06	2.523705e-05	7.133791e-01	
17995	1.797445e-06	-2.43312e-05	7.147759e-01	
17996	1.797545e-06	2.515492e-05	7.161708e-01	
17997	1.797645e-06	-2.42519e-05	7.175632e-01	
17998	1.797745e-06	2.507312e-05	7.189536e-01	
17999	1.797845e-06	-2.41732e-05	7.203416e-01	
18000	1.797945e-06	2.499209e-05	7.217276e-01	
18001	1.798045e-06	-2.40948e-05	7.231111e-01	
18002	1.798145e-06	2.491152e-05	7.244926e-01	
18003	1.798245e-06	-2.40167e-05	7.258718e-01	
18004	1.798345e-06	2.483123e-05	7.272491e-01	
18005	1.798445e-06	-2.39387e-05	7.286241e-01	
18006	1.798545e-06	2.475120e-05	7.299972e-01	
18007	1.798645e-06	-2.38610e-05	7.313681e-01	
18008	1.798745e-06	2.467140e-05	7.327373e-01	
18009	1.798845e-06	-2.37837e-05	7.341043e-01	
18010	1.798945e-06	2.459183e-05	7.354697e-01	
18011	1.799045e-06	-2.37067e-05	7.368330e-01	
18012	1.799145e-06	2.451247e-05	7.381947e-01	
18013	1.799245e-06	-2.36300e-05	7.395544e-01	
18014	1.799345e-06	2.443334e-05	7.409125e-01	
18015	1.799445e-06	-2.35543e-05	7.422687e-01	
18016	1.799545e-06	2.435435e-05	7.436234e-01	
18017	1.799645e-06	-2.34762e-05	7.449762e-01	
18018	1.799745e-06	2.427414e-05	7.463275e-01	
18019	1.799845e-06	-2.33999e-05	7.476769e-01	
18020	1.799945e-06	2.419555e-05	7.490248e-01	
18021	1.800045e-06	-2.33242e-05	7.503708e-01	
18022	1.800145e-06	2.411725e-05	7.517154e-01	
18023	1.800245e-06	-2.32486e-05	7.530581e-01	
18024	1.800345e-06	2.403914e-05	7.543994e-01	
18025	1.800445e-06	-2.31733e-05	7.557389e-01	
18026	1.800545e-06	2.396120e-05	7.570768e-01	
18027	1.800645e-06	-2.30981e-05	7.584130e-01	
18028	1.800745e-06	2.388341e-05	7.597477e-01	
18029	1.800845e-06	-2.30231e-05	7.610805e-01	
18030	1.800945e-06	2.380576e-05	7.624120e-01	
18031	1.801045e-06	-2.29482e-05	7.637416e-01	
18032	1.801145e-06	2.372822e-05	7.650697e-01	
18033	1.801245e-06	-2.28735e-05	7.663961e-01	
18034	1.801345e-06	2.365082e-05	7.677210e-01	

Index   time            vout2           v(x2.comp_p_0/v 
--------------------------------------------------------------------------------
18035	1.801445e-06	-2.27990e-05	7.690440e-01	
18036	1.801545e-06	2.357360e-05	7.703657e-01	
18037	1.801645e-06	-2.27246e-05	7.716855e-01	
18038	1.801745e-06	2.349658e-05	7.730039e-01	
18039	1.801845e-06	-2.26503e-05	7.743204e-01	
18040	1.801945e-06	2.341972e-05	7.756356e-01	
18041	1.802045e-06	-2.25761e-05	7.769489e-01	
18042	1.802145e-06	2.334301e-05	7.782609e-01	
18043	1.802245e-06	-2.25021e-05	7.795710e-01	
18044	1.802345e-06	2.326647e-05	7.808797e-01	
18045	1.802445e-06	-2.24283e-05	7.821866e-01	
18046	1.802545e-06	2.319009e-05	7.834920e-01	
18047	1.802645e-06	-2.23546e-05	7.847957e-01	
18048	1.802745e-06	2.311389e-05	7.860980e-01	
18049	1.802845e-06	-2.22812e-05	7.873985e-01	
18050	1.802945e-06	2.303787e-05	7.886975e-01	
18051	1.803045e-06	-2.22078e-05	7.899948e-01	
18052	1.803145e-06	2.296202e-05	7.912907e-01	
18053	1.803245e-06	-2.21347e-05	7.925848e-01	
18054	1.803345e-06	2.288635e-05	7.938775e-01	
18055	1.803445e-06	-2.20617e-05	7.951684e-01	
18056	1.803545e-06	2.281085e-05	7.964579e-01	
18057	1.803645e-06	-2.19888e-05	7.977456e-01	
18058	1.803745e-06	2.273554e-05	7.990320e-01	
18059	1.803845e-06	-2.19162e-05	8.003166e-01	
18060	1.803945e-06	2.266041e-05	8.015998e-01	
18061	1.804045e-06	-2.18437e-05	8.028812e-01	
18062	1.804145e-06	2.258546e-05	8.041612e-01	
18063	1.804245e-06	-2.17713e-05	8.054395e-01	
18064	1.804345e-06	2.251068e-05	8.067165e-01	
18065	1.804445e-06	-2.16992e-05	8.079916e-01	
18066	1.804545e-06	2.243608e-05	8.092654e-01	
18067	1.804645e-06	-2.16272e-05	8.105375e-01	
18068	1.804745e-06	2.236164e-05	8.118082e-01	
18069	1.804845e-06	-2.15554e-05	8.130771e-01	
18070	1.804945e-06	2.228737e-05	8.143448e-01	
18071	1.805045e-06	-2.14837e-05	8.156107e-01	
18072	1.805145e-06	2.221324e-05	8.168753e-01	
18073	1.805245e-06	-2.14122e-05	8.181382e-01	
18074	1.805345e-06	2.213927e-05	8.193998e-01	
18075	1.805445e-06	-2.13408e-05	8.206597e-01	
18076	1.805545e-06	2.206544e-05	8.219184e-01	
18077	1.805645e-06	-2.12696e-05	8.231754e-01	
18078	1.805745e-06	2.199175e-05	8.244311e-01	
18079	1.805845e-06	-2.11986e-05	8.256853e-01	
18080	1.805945e-06	2.191820e-05	8.269382e-01	
18081	1.806045e-06	-2.11276e-05	8.281895e-01	
18082	1.806145e-06	2.184479e-05	8.294396e-01	
18083	1.806245e-06	-2.10569e-05	8.306880e-01	
18084	1.806345e-06	2.177152e-05	8.319353e-01	
18085	1.806445e-06	-2.09862e-05	8.331809e-01	
18086	1.806545e-06	2.169839e-05	8.344253e-01	
18087	1.806645e-06	-2.09157e-05	8.356681e-01	
18088	1.806745e-06	2.162540e-05	8.369096e-01	
18089	1.806845e-06	-2.08453e-05	8.381495e-01	
18090	1.806945e-06	2.155256e-05	8.393881e-01	
18091	1.807045e-06	-2.07750e-05	8.406250e-01	
18092	1.807145e-06	2.147987e-05	8.418606e-01	

Index   time            vout2           v(x2.comp_p_0/v 
--------------------------------------------------------------------------------
18093	1.807245e-06	-2.07049e-05	8.430946e-01	
18094	1.807345e-06	2.140732e-05	8.443272e-01	
18095	1.807445e-06	-2.06349e-05	8.455581e-01	
18096	1.807545e-06	2.133492e-05	8.467877e-01	
18097	1.807645e-06	-2.05651e-05	8.480155e-01	
18098	1.807745e-06	2.126267e-05	8.492421e-01	
18099	1.807845e-06	-2.04954e-05	8.504669e-01	
18100	1.807945e-06	2.119056e-05	8.516903e-01	
18101	1.808045e-06	-2.04259e-05	8.529120e-01	
18102	1.808145e-06	2.111861e-05	8.541324e-01	
18103	1.808245e-06	-2.03565e-05	8.553511e-01	
18104	1.808345e-06	2.104681e-05	8.565684e-01	
18105	1.808445e-06	-2.02873e-05	8.577839e-01	
18106	1.808545e-06	2.097516e-05	8.589981e-01	
18107	1.808645e-06	-2.02182e-05	8.602106e-01	
18108	1.808745e-06	2.090364e-05	8.614217e-01	
18109	1.808845e-06	-2.01492e-05	8.626311e-01	
18110	1.808945e-06	2.083225e-05	8.638391e-01	
18111	1.809045e-06	-2.00804e-05	8.650454e-01	
18112	1.809145e-06	2.076106e-05	8.662504e-01	
18113	1.809245e-06	-2.00117e-05	8.674536e-01	
18114	1.809345e-06	2.069002e-05	8.686555e-01	
18115	1.809445e-06	-1.99432e-05	8.698556e-01	
18116	1.809545e-06	2.061914e-05	8.710545e-01	
18117	1.809645e-06	-1.98749e-05	8.722515e-01	
18118	1.809745e-06	2.054841e-05	8.734473e-01	
18119	1.809845e-06	-1.98067e-05	8.746413e-01	
18120	1.809945e-06	2.047782e-05	8.758340e-01	
18121	1.810045e-06	-1.97386e-05	8.770250e-01	
18122	1.810145e-06	2.040739e-05	8.782146e-01	
18123	1.810245e-06	-1.96707e-05	8.794025e-01	
18124	1.810345e-06	2.033710e-05	8.805891e-01	
18125	1.810445e-06	-1.96029e-05	8.817740e-01	
18126	1.810545e-06	2.026697e-05	8.829576e-01	
18127	1.810645e-06	-1.95353e-05	8.841394e-01	
18128	1.810745e-06	2.019698e-05	8.853199e-01	
18129	1.810845e-06	-1.94678e-05	8.864987e-01	
18130	1.810945e-06	2.012715e-05	8.876762e-01	
18131	1.811045e-06	-1.94004e-05	8.888520e-01	
18132	1.811145e-06	2.005746e-05	8.900265e-01	
18133	1.811245e-06	-1.93332e-05	8.911993e-01	
18134	1.811345e-06	1.998793e-05	8.923708e-01	
18135	1.811445e-06	-1.92662e-05	8.935405e-01	
18136	1.811545e-06	1.991854e-05	8.947090e-01	
18137	1.811645e-06	-1.91993e-05	8.958758e-01	
18138	1.811745e-06	1.984930e-05	8.970412e-01	
18139	1.811845e-06	-1.91325e-05	8.982050e-01	
18140	1.811945e-06	1.978022e-05	8.993675e-01	
18141	1.812045e-06	-1.90659e-05	9.005283e-01	
18142	1.812145e-06	1.971127e-05	9.016877e-01	
18143	1.812245e-06	-1.89994e-05	9.028455e-01	
18144	1.812345e-06	1.964248e-05	9.040021e-01	
18145	1.812445e-06	-1.89331e-05	9.051569e-01	
18146	1.812545e-06	1.957384e-05	9.063104e-01	
18147	1.812645e-06	-1.88669e-05	9.074623e-01	
18148	1.812745e-06	1.950534e-05	9.086129e-01	
18149	1.812845e-06	-1.88008e-05	9.097618e-01	
18150	1.812945e-06	1.943699e-05	9.109094e-01	

Index   time            vout2           v(x2.comp_p_0/v 
--------------------------------------------------------------------------------
18151	1.813045e-06	-1.87349e-05	9.120554e-01	
18152	1.813145e-06	1.936879e-05	9.132000e-01	
18153	1.813245e-06	-1.86691e-05	9.143430e-01	
18154	1.813345e-06	1.930074e-05	9.154848e-01	
18155	1.813445e-06	-1.86035e-05	9.166248e-01	
18156	1.813545e-06	1.923283e-05	9.177636e-01	
18157	1.813645e-06	-1.85380e-05	9.189008e-01	
18158	1.813745e-06	1.916507e-05	9.200366e-01	
18159	1.813845e-06	-1.84727e-05	9.211708e-01	
18160	1.813945e-06	1.909746e-05	9.223038e-01	
18161	1.814045e-06	-1.84075e-05	9.234351e-01	
18162	1.814145e-06	1.902999e-05	9.245651e-01	
18163	1.814245e-06	-1.83424e-05	9.256935e-01	
18164	1.814345e-06	1.896267e-05	9.268206e-01	
18165	1.814445e-06	-1.82775e-05	9.279460e-01	
18166	1.814545e-06	1.889550e-05	9.290703e-01	
18167	1.814645e-06	-1.82127e-05	9.301928e-01	
18168	1.814745e-06	1.882847e-05	9.313141e-01	
18169	1.814845e-06	-1.81480e-05	9.324338e-01	
18170	1.814945e-06	1.876158e-05	9.335523e-01	
18171	1.815045e-06	-1.80835e-05	9.346690e-01	
18172	1.815145e-06	1.869484e-05	9.357846e-01	
18173	1.815245e-06	-1.80191e-05	9.368985e-01	
18174	1.815345e-06	1.862825e-05	9.380112e-01	
18175	1.815445e-06	-1.79549e-05	9.391222e-01	
18176	1.815545e-06	1.856181e-05	9.402320e-01	
18177	1.815645e-06	-1.78908e-05	9.413402e-01	
18178	1.815745e-06	1.849550e-05	9.424472e-01	
18179	1.815845e-06	-1.78269e-05	9.435525e-01	
18180	1.815945e-06	1.842935e-05	9.446566e-01	
18181	1.816045e-06	-1.77631e-05	9.457590e-01	
18182	1.816145e-06	1.836334e-05	9.468603e-01	
18183	1.816245e-06	-1.76994e-05	9.479599e-01	
18184	1.816345e-06	1.829748e-05	9.490583e-01	
18185	1.816445e-06	-1.76358e-05	9.501551e-01	
18186	1.816545e-06	1.823176e-05	9.512507e-01	
18187	1.816645e-06	-1.75724e-05	9.523446e-01	
18188	1.816745e-06	1.816619e-05	9.534374e-01	
18189	1.816845e-06	-1.75091e-05	9.545285e-01	
18190	1.816945e-06	1.810078e-05	9.556184e-01	
18191	1.817045e-06	-1.74461e-05	9.567067e-01	
18192	1.817145e-06	1.803551e-05	9.577938e-01	
18193	1.817245e-06	-1.73831e-05	9.588794e-01	
18194	1.817345e-06	1.797037e-05	9.599637e-01	
18195	1.817445e-06	-1.73202e-05	9.610464e-01	
18196	1.817545e-06	1.790537e-05	9.621279e-01	
18197	1.817645e-06	-1.72575e-05	9.632078e-01	
18198	1.817745e-06	1.784050e-05	9.642865e-01	
18199	1.817845e-06	-1.71949e-05	9.653636e-01	
18200	1.817945e-06	1.777577e-05	9.664395e-01	
18201	1.818045e-06	-1.71325e-05	9.675139e-01	
18202	1.818145e-06	1.771118e-05	9.685870e-01	
18203	1.818245e-06	-1.70702e-05	9.696586e-01	
18204	1.818345e-06	1.764672e-05	9.707290e-01	
18205	1.818445e-06	-1.70080e-05	9.717978e-01	
18206	1.818545e-06	1.758252e-05	9.728654e-01	
18207	1.818645e-06	-1.69462e-05	9.739314e-01	
18208	1.818745e-06	1.751837e-05	9.749963e-01	

Index   time            vout2           v(x2.comp_p_0/v 
--------------------------------------------------------------------------------
18209	1.818845e-06	-1.68842e-05	9.760595e-01	
18210	1.818945e-06	1.745426e-05	9.771216e-01	
18211	1.819045e-06	-1.68224e-05	9.781822e-01	
18212	1.819145e-06	1.739028e-05	9.792415e-01	
18213	1.819245e-06	-1.67607e-05	9.802993e-01	
18214	1.819345e-06	1.732644e-05	9.813559e-01	
18215	1.819445e-06	-1.66992e-05	9.824110e-01	
18216	1.819545e-06	1.726274e-05	9.834649e-01	
18217	1.819645e-06	-1.66378e-05	9.845172e-01	
18218	1.819745e-06	1.719919e-05	9.855684e-01	
18219	1.819845e-06	-1.65766e-05	9.866180e-01	
18220	1.819945e-06	1.713579e-05	9.876664e-01	
18221	1.820045e-06	-1.65154e-05	9.887133e-01	
18222	1.820145e-06	1.707254e-05	9.897590e-01	
18223	1.820245e-06	-1.64545e-05	9.908032e-01	
18224	1.820345e-06	1.700944e-05	9.918462e-01	
18225	1.820445e-06	-1.63937e-05	9.928877e-01	
18226	1.820545e-06	1.694651e-05	9.939280e-01	
18227	1.820645e-06	-1.63330e-05	9.949668e-01	
18228	1.820745e-06	1.688374e-05	9.960044e-01	
18229	1.820845e-06	-1.62725e-05	9.970405e-01	
18230	1.820945e-06	1.682113e-05	9.980755e-01	
18231	1.821045e-06	-1.62121e-05	9.991089e-01	
18232	1.821145e-06	1.675867e-05	1.000141e+00	
18233	1.821245e-06	-1.61519e-05	1.001172e+00	
18234	1.821345e-06	1.669634e-05	1.002202e+00	
18235	1.821445e-06	-1.60918e-05	1.003230e+00	
18236	1.821545e-06	1.663415e-05	1.004257e+00	
18237	1.821645e-06	-1.60318e-05	1.005282e+00	
18238	1.821745e-06	1.657210e-05	1.006306e+00	
18239	1.821845e-06	-1.59720e-05	1.007329e+00	
18240	1.821945e-06	1.651017e-05	1.008351e+00	
18241	1.822045e-06	-1.59122e-05	1.009371e+00	
18242	1.822145e-06	1.644838e-05	1.010390e+00	
18243	1.822245e-06	-1.58526e-05	1.011407e+00	
18244	1.822345e-06	1.638671e-05	1.012423e+00	
18245	1.822445e-06	-1.57932e-05	1.013438e+00	
18246	1.822545e-06	1.632517e-05	1.014452e+00	
18247	1.822645e-06	-1.57338e-05	1.015464e+00	
18248	1.822745e-06	1.626376e-05	1.016475e+00	
18249	1.822845e-06	-1.56746e-05	1.017485e+00	
18250	1.822945e-06	1.620248e-05	1.018493e+00	
18251	1.823045e-06	-1.56155e-05	1.019500e+00	
18252	1.823145e-06	1.614133e-05	1.020506e+00	
18253	1.823245e-06	-1.55565e-05	1.021511e+00	
18254	1.823345e-06	1.608031e-05	1.022514e+00	
18255	1.823445e-06	-1.54976e-05	1.023516e+00	
18256	1.823545e-06	1.601942e-05	1.024516e+00	
18257	1.823645e-06	-1.54389e-05	1.025515e+00	
18258	1.823745e-06	1.595865e-05	1.026513e+00	
18259	1.823845e-06	-1.53803e-05	1.027510e+00	
18260	1.823945e-06	1.589802e-05	1.028506e+00	
18261	1.824045e-06	-1.53218e-05	1.029500e+00	
18262	1.824145e-06	1.583752e-05	1.030492e+00	
18263	1.824245e-06	-1.52634e-05	1.031484e+00	
18264	1.824345e-06	1.577714e-05	1.032474e+00	
18265	1.824445e-06	-1.52052e-05	1.033463e+00	
18266	1.824545e-06	1.571690e-05	1.034451e+00	

Index   time            vout2           v(x2.comp_p_0/v 
--------------------------------------------------------------------------------
18267	1.824645e-06	-1.51471e-05	1.035437e+00	
18268	1.824745e-06	1.565678e-05	1.036422e+00	
18269	1.824845e-06	-1.50891e-05	1.037406e+00	
18270	1.824945e-06	1.559680e-05	1.038389e+00	
18271	1.825045e-06	-1.50313e-05	1.039370e+00	
18272	1.825145e-06	1.553695e-05	1.040350e+00	
18273	1.825245e-06	-1.49735e-05	1.041329e+00	
18274	1.825345e-06	1.547722e-05	1.042306e+00	
18275	1.825445e-06	-1.49159e-05	1.043282e+00	
18276	1.825545e-06	1.541763e-05	1.044258e+00	
18277	1.825645e-06	-1.48584e-05	1.045231e+00	
18278	1.825745e-06	1.535816e-05	1.046204e+00	
18279	1.825845e-06	-1.48011e-05	1.047175e+00	
18280	1.825945e-06	1.529882e-05	1.048145e+00	
18281	1.826045e-06	-1.47438e-05	1.049113e+00	
18282	1.826145e-06	1.523962e-05	1.050081e+00	
18283	1.826245e-06	-1.46867e-05	1.051047e+00	
18284	1.826345e-06	1.518054e-05	1.052012e+00	
18285	1.826445e-06	-1.46297e-05	1.052975e+00	
18286	1.826545e-06	1.512159e-05	1.053938e+00	
18287	1.826645e-06	-1.45729e-05	1.054899e+00	
18288	1.826745e-06	1.506277e-05	1.055859e+00	
18289	1.826845e-06	-1.45161e-05	1.056818e+00	
18290	1.826945e-06	1.500407e-05	1.057775e+00	
18291	1.827045e-06	-1.44595e-05	1.058731e+00	
18292	1.827145e-06	1.494551e-05	1.059686e+00	
18293	1.827245e-06	-1.44030e-05	1.060640e+00	
18294	1.827345e-06	1.488707e-05	1.061593e+00	
18295	1.827445e-06	-1.43467e-05	1.062544e+00	
18296	1.827545e-06	1.482876e-05	1.063494e+00	
18297	1.827645e-06	-1.42904e-05	1.064443e+00	
18298	1.827745e-06	1.477058e-05	1.065390e+00	
18299	1.827845e-06	-1.42343e-05	1.066336e+00	
18300	1.827945e-06	1.471252e-05	1.067282e+00	
18301	1.828045e-06	-1.41783e-05	1.068226e+00	
18302	1.828145e-06	1.465459e-05	1.069168e+00	
18303	1.828245e-06	-1.41224e-05	1.070110e+00	
18304	1.828345e-06	1.459679e-05	1.071050e+00	
18305	1.828445e-06	-1.40667e-05	1.071989e+00	
18306	1.828545e-06	1.453912e-05	1.072927e+00	
18307	1.828645e-06	-1.40110e-05	1.073863e+00	
18308	1.828745e-06	1.448157e-05	1.074799e+00	
18309	1.828845e-06	-1.39555e-05	1.075733e+00	
18310	1.828945e-06	1.442414e-05	1.076666e+00	
18311	1.829045e-06	-1.39001e-05	1.077598e+00	
18312	1.829145e-06	1.436685e-05	1.078528e+00	
18313	1.829245e-06	-1.38448e-05	1.079458e+00	
18314	1.829345e-06	1.430967e-05	1.080386e+00	
18315	1.829445e-06	-1.37897e-05	1.081313e+00	
18316	1.829545e-06	1.425263e-05	1.082239e+00	
18317	1.829645e-06	-1.37347e-05	1.083163e+00	
18318	1.829745e-06	1.419570e-05	1.084087e+00	
18319	1.829845e-06	-1.36798e-05	1.085009e+00	
18320	1.829945e-06	1.413891e-05	1.085930e+00	
18321	1.830045e-06	-1.36250e-05	1.086850e+00	
18322	1.830145e-06	1.408223e-05	1.087768e+00	
18323	1.830245e-06	-1.35703e-05	1.088686e+00	
18324	1.830345e-06	1.402568e-05	1.089602e+00	

Index   time            vout2           v(x2.comp_p_0/v 
--------------------------------------------------------------------------------
18325	1.830445e-06	-1.35157e-05	1.090517e+00	
18326	1.830545e-06	1.396926e-05	1.091431e+00	
18327	1.830645e-06	-1.34613e-05	1.092344e+00	
18328	1.830745e-06	1.391296e-05	1.093255e+00	
18329	1.830845e-06	-1.34070e-05	1.094165e+00	
18330	1.830945e-06	1.385678e-05	1.095075e+00	
18331	1.831045e-06	-1.33528e-05	1.095983e+00	
18332	1.831145e-06	1.380073e-05	1.096890e+00	
18333	1.831245e-06	-1.32987e-05	1.097795e+00	
18334	1.831345e-06	1.374480e-05	1.098700e+00	
18335	1.831445e-06	-1.32448e-05	1.099603e+00	
18336	1.831545e-06	1.368899e-05	1.100505e+00	
18337	1.831645e-06	-1.31910e-05	1.101406e+00	
18338	1.831745e-06	1.363330e-05	1.102306e+00	
18339	1.831845e-06	-1.31372e-05	1.103205e+00	
18340	1.831945e-06	1.357774e-05	1.104102e+00	
18341	1.832045e-06	-1.30836e-05	1.104999e+00	
18342	1.832145e-06	1.352229e-05	1.105894e+00	
18343	1.832245e-06	-1.30301e-05	1.106788e+00	
18344	1.832345e-06	1.346697e-05	1.107681e+00	
18345	1.832445e-06	-1.29768e-05	1.108573e+00	
18346	1.832545e-06	1.341177e-05	1.109463e+00	
18347	1.832645e-06	-1.29235e-05	1.110353e+00	
18348	1.832745e-06	1.335670e-05	1.111241e+00	
18349	1.832845e-06	-1.28704e-05	1.112128e+00	
18350	1.832945e-06	1.330174e-05	1.113014e+00	
18351	1.833045e-06	-1.28174e-05	1.113899e+00	
18352	1.833145e-06	1.324690e-05	1.114783e+00	
18353	1.833245e-06	-1.27645e-05	1.115666e+00	
18354	1.833345e-06	1.319219e-05	1.116547e+00	
18355	1.833445e-06	-1.27117e-05	1.117428e+00	
18356	1.833545e-06	1.313759e-05	1.118307e+00	
18357	1.833645e-06	-1.26590e-05	1.119185e+00	
18358	1.833745e-06	1.308311e-05	1.120062e+00	
18359	1.833845e-06	-1.26065e-05	1.120938e+00	
18360	1.833945e-06	1.302876e-05	1.121812e+00	
18361	1.834045e-06	-1.25540e-05	1.122686e+00	
18362	1.834145e-06	1.297452e-05	1.123558e+00	
18363	1.834245e-06	-1.25017e-05	1.124430e+00	
18364	1.834345e-06	1.292041e-05	1.125300e+00	
18365	1.834445e-06	-1.24495e-05	1.126169e+00	
18366	1.834545e-06	1.286641e-05	1.127037e+00	
18367	1.834645e-06	-1.23974e-05	1.127904e+00	
18368	1.834745e-06	1.281253e-05	1.128770e+00	
18369	1.834845e-06	-1.23454e-05	1.129634e+00	
18370	1.834945e-06	1.275877e-05	1.130498e+00	
18371	1.835045e-06	-1.22936e-05	1.131360e+00	
18372	1.835145e-06	1.270513e-05	1.132222e+00	
18373	1.835245e-06	-1.22418e-05	1.133082e+00	
18374	1.835345e-06	1.265160e-05	1.133941e+00	
18375	1.835445e-06	-1.21902e-05	1.134799e+00	
18376	1.835545e-06	1.259819e-05	1.135656e+00	
18377	1.835645e-06	-1.21387e-05	1.136511e+00	
18378	1.835745e-06	1.254490e-05	1.137366e+00	
18379	1.835845e-06	-1.20872e-05	1.138220e+00	
18380	1.835945e-06	1.249173e-05	1.139072e+00	
18381	1.836045e-06	-1.20359e-05	1.139924e+00	
18382	1.836145e-06	1.243868e-05	1.140774e+00	

Index   time            vout2           v(x2.comp_p_0/v 
--------------------------------------------------------------------------------
18383	1.836245e-06	-1.19848e-05	1.141623e+00	
18384	1.836345e-06	1.238574e-05	1.142471e+00	
18385	1.836445e-06	-1.19337e-05	1.143318e+00	
18386	1.836545e-06	1.233292e-05	1.144164e+00	
18387	1.836645e-06	-1.18827e-05	1.145009e+00	
18388	1.836745e-06	1.228021e-05	1.145853e+00	
18389	1.836845e-06	-1.18319e-05	1.146696e+00	
18390	1.836945e-06	1.222763e-05	1.147537e+00	
18391	1.837045e-06	-1.17811e-05	1.148378e+00	
18392	1.837145e-06	1.217515e-05	1.149217e+00	
18393	1.837245e-06	-1.17305e-05	1.150055e+00	
18394	1.837345e-06	1.212280e-05	1.150893e+00	
18395	1.837445e-06	-1.16800e-05	1.151729e+00	
18396	1.837545e-06	1.207055e-05	1.152564e+00	
18397	1.837645e-06	-1.16296e-05	1.153398e+00	
18398	1.837745e-06	1.201843e-05	1.154231e+00	
18399	1.837845e-06	-1.15793e-05	1.155063e+00	
18400	1.837945e-06	1.196642e-05	1.155894e+00	
18401	1.838045e-06	-1.15291e-05	1.156724e+00	
18402	1.838145e-06	1.191452e-05	1.157552e+00	
18403	1.838245e-06	-1.14791e-05	1.158380e+00	
18404	1.838345e-06	1.186274e-05	1.159207e+00	
18405	1.838445e-06	-1.14291e-05	1.160032e+00	
18406	1.838545e-06	1.181107e-05	1.160857e+00	
18407	1.838645e-06	-1.13792e-05	1.161680e+00	
18408	1.838745e-06	1.175951e-05	1.162502e+00	
18409	1.838845e-06	-1.13295e-05	1.163324e+00	
18410	1.838945e-06	1.170807e-05	1.164144e+00	
18411	1.839045e-06	-1.12799e-05	1.164963e+00	
18412	1.839145e-06	1.165675e-05	1.165781e+00	
18413	1.839245e-06	-1.12304e-05	1.166598e+00	
18414	1.839345e-06	1.160554e-05	1.167414e+00	
18415	1.839445e-06	-1.11809e-05	1.168229e+00	
18416	1.839545e-06	1.155444e-05	1.169043e+00	
18417	1.839645e-06	-1.11316e-05	1.169856e+00	
18418	1.839745e-06	1.150345e-05	1.170668e+00	
18419	1.839845e-06	-1.10824e-05	1.171478e+00	
18420	1.839945e-06	1.145257e-05	1.172288e+00	
18421	1.840045e-06	-1.10334e-05	1.173097e+00	
18422	1.840145e-06	1.140181e-05	1.173904e+00	
18423	1.840245e-06	-1.09844e-05	1.174711e+00	
18424	1.840345e-06	1.135116e-05	1.175516e+00	
18425	1.840445e-06	-1.09355e-05	1.176321e+00	
18426	1.840545e-06	1.130062e-05	1.177124e+00	
18427	1.840645e-06	-1.08867e-05	1.177927e+00	
18428	1.840745e-06	1.125020e-05	1.178728e+00	
18429	1.840845e-06	-1.08381e-05	1.179528e+00	
18430	1.840945e-06	1.119988e-05	1.180328e+00	
18431	1.841045e-06	-1.07895e-05	1.181126e+00	
18432	1.841145e-06	1.114968e-05	1.181923e+00	
18433	1.841245e-06	-1.07411e-05	1.182719e+00	
18434	1.841345e-06	1.109959e-05	1.183514e+00	
18435	1.841445e-06	-1.06928e-05	1.184308e+00	
18436	1.841545e-06	1.104961e-05	1.185102e+00	
18437	1.841645e-06	-1.06445e-05	1.185893e+00	
18438	1.841745e-06	1.099974e-05	1.186685e+00	
18439	1.841845e-06	-1.05964e-05	1.187474e+00	
18440	1.841945e-06	1.094998e-05	1.188263e+00	

Index   time            vout2           v(x2.comp_p_0/v 
--------------------------------------------------------------------------------
18441	1.842045e-06	-1.05484e-05	1.189051e+00	
18442	1.842145e-06	1.090033e-05	1.189838e+00	
18443	1.842245e-06	-1.05005e-05	1.190624e+00	
18444	1.842345e-06	1.085079e-05	1.191409e+00	
18445	1.842445e-06	-1.04527e-05	1.192193e+00	
18446	1.842545e-06	1.080136e-05	1.192975e+00	
18447	1.842645e-06	-1.04050e-05	1.193757e+00	
18448	1.842745e-06	1.075203e-05	1.194538e+00	
18449	1.842845e-06	-1.03574e-05	1.195317e+00	
18450	1.842945e-06	1.070282e-05	1.196096e+00	
18451	1.843045e-06	-1.03099e-05	1.196874e+00	
18452	1.843145e-06	1.065372e-05	1.197650e+00	
18453	1.843245e-06	-1.02625e-05	1.198426e+00	
18454	1.843345e-06	1.060473e-05	1.199200e+00	
18455	1.843445e-06	-1.02153e-05	1.199974e+00	
18456	1.843545e-06	1.055584e-05	1.200746e+00	
18457	1.843645e-06	-1.01681e-05	1.201518e+00	
18458	1.843745e-06	1.050707e-05	1.202288e+00	
18459	1.843845e-06	-1.01210e-05	1.203057e+00	
18460	1.843945e-06	1.045840e-05	1.203826e+00	
18461	1.844045e-06	-1.00741e-05	1.204593e+00	
18462	1.844145e-06	1.040984e-05	1.205360e+00	
18463	1.844245e-06	-1.00272e-05	1.206125e+00	
18464	1.844345e-06	1.036138e-05	1.206889e+00	
18465	1.844445e-06	-9.98044e-06	1.207652e+00	
18466	1.844545e-06	1.031304e-05	1.208415e+00	
18467	1.844645e-06	-9.93379e-06	1.209176e+00	
18468	1.844745e-06	1.026480e-05	1.209936e+00	
18469	1.844845e-06	-9.88724e-06	1.210695e+00	
18470	1.844945e-06	1.021667e-05	1.211453e+00	
18471	1.845045e-06	-9.84079e-06	1.212210e+00	
18472	1.845145e-06	1.016865e-05	1.212966e+00	
18473	1.845245e-06	-9.79445e-06	1.213721e+00	
18474	1.845345e-06	1.012073e-05	1.214476e+00	
18475	1.845445e-06	-9.74820e-06	1.215229e+00	
18476	1.845545e-06	1.007292e-05	1.215981e+00	
18477	1.845645e-06	-9.70207e-06	1.216732e+00	
18478	1.845745e-06	1.002521e-05	1.217482e+00	
18479	1.845845e-06	-9.65603e-06	1.218231e+00	
18480	1.845945e-06	9.828010e-06	1.218979e+00	
18481	1.846045e-06	-9.78862e-06	1.219726e+00	
18482	1.846145e-06	9.772481e-06	1.220472e+00	
18483	1.846245e-06	-9.74423e-06	1.221217e+00	
18484	1.846345e-06	9.728453e-06	1.221961e+00	
18485	1.846445e-06	-9.69993e-06	1.222703e+00	
18486	1.846545e-06	9.683914e-06	1.223446e+00	
18487	1.846645e-06	-9.65515e-06	1.224186e+00	
18488	1.846745e-06	9.638970e-06	1.224926e+00	
18489	1.846845e-06	-9.61003e-06	1.225665e+00	
18490	1.846945e-06	9.593747e-06	1.226403e+00	
18491	1.847045e-06	-9.56469e-06	1.227140e+00	
18492	1.847145e-06	9.548338e-06	1.227876e+00	
18493	1.847245e-06	-9.51919e-06	1.228611e+00	
18494	1.847345e-06	9.502816e-06	1.229345e+00	
18495	1.847445e-06	-9.47362e-06	1.230078e+00	
18496	1.847545e-06	9.457232e-06	1.230810e+00	
18497	1.847645e-06	-9.42800e-06	1.231541e+00	
18498	1.847745e-06	9.411628e-06	1.232272e+00	

Index   time            vout2           v(x2.comp_p_0/v 
--------------------------------------------------------------------------------
18499	1.847845e-06	-9.38238e-06	1.233001e+00	
18500	1.847945e-06	9.366034e-06	1.233729e+00	
18501	1.848045e-06	-9.33678e-06	1.234456e+00	
18502	1.848145e-06	9.320471e-06	1.235182e+00	
18503	1.848245e-06	-9.29122e-06	1.235907e+00	
18504	1.848345e-06	9.274958e-06	1.236631e+00	
18505	1.848445e-06	-9.24572e-06	1.237355e+00	
18506	1.848545e-06	9.229506e-06	1.238077e+00	
18507	1.848645e-06	-9.20029e-06	1.238798e+00	
18508	1.848745e-06	9.184126e-06	1.239519e+00	
18509	1.848845e-06	-9.15493e-06	1.240238e+00	
18510	1.848945e-06	9.138825e-06	1.240956e+00	
18511	1.849045e-06	-9.10965e-06	1.241674e+00	
18512	1.849145e-06	9.093608e-06	1.242390e+00	
18513	1.849245e-06	-9.06446e-06	1.243105e+00	
18514	1.849345e-06	9.048478e-06	1.243820e+00	
18515	1.849445e-06	-9.01936e-06	1.244534e+00	
18516	1.849545e-06	9.003440e-06	1.245246e+00	
18517	1.849645e-06	-8.97435e-06	1.245958e+00	
18518	1.849745e-06	8.958495e-06	1.246669e+00	
18519	1.849845e-06	-8.92944e-06	1.247378e+00	
18520	1.849945e-06	8.913644e-06	1.248087e+00	
18521	1.850045e-06	-8.88462e-06	1.248795e+00	
18522	1.850145e-06	8.868889e-06	1.249502e+00	
18523	1.850245e-06	-8.83990e-06	1.250208e+00	
18524	1.850345e-06	8.824231e-06	1.250913e+00	
18525	1.850445e-06	-8.79527e-06	1.251617e+00	
18526	1.850545e-06	8.779670e-06	1.252320e+00	
18527	1.850645e-06	-8.75074e-06	1.253022e+00	
18528	1.850745e-06	8.867431e-06	1.253724e+00	
18529	1.850845e-06	-8.54769e-06	1.254424e+00	
18530	1.850945e-06	8.830915e-06	1.255123e+00	
18531	1.851045e-06	-8.50224e-06	1.255822e+00	
18532	1.851145e-06	8.783529e-06	1.256519e+00	
18533	1.851245e-06	-8.45678e-06	1.257216e+00	
18534	1.851345e-06	8.736814e-06	1.257911e+00	
18535	1.851445e-06	-8.41195e-06	1.258606e+00	
18536	1.851545e-06	8.690666e-06	1.259300e+00	
18537	1.851645e-06	-8.36760e-06	1.259993e+00	
18538	1.851745e-06	8.644971e-06	1.260685e+00	
18539	1.851845e-06	-8.32364e-06	1.261376e+00	
18540	1.851945e-06	8.599640e-06	1.262066e+00	
18541	1.852045e-06	-8.28000e-06	1.262755e+00	
18542	1.852145e-06	8.554608e-06	1.263443e+00	
18543	1.852245e-06	-8.23662e-06	1.264131e+00	
18544	1.852345e-06	8.509824e-06	1.264817e+00	
18545	1.852445e-06	-8.19346e-06	1.265502e+00	
18546	1.852545e-06	8.465252e-06	1.266187e+00	
18547	1.852645e-06	-8.15049e-06	1.266871e+00	
18548	1.852745e-06	8.420864e-06	1.267554e+00	
18549	1.852845e-06	-8.10769e-06	1.268235e+00	
18550	1.852945e-06	8.376636e-06	1.268917e+00	
18551	1.853045e-06	-8.06504e-06	1.269597e+00	
18552	1.853145e-06	8.332554e-06	1.270276e+00	
18553	1.853245e-06	-8.02252e-06	1.270954e+00	
18554	1.853345e-06	8.165355e-06	1.271632e+00	
18555	1.853445e-06	-8.00789e-06	1.272308e+00	
18556	1.853545e-06	8.260567e-06	1.272984e+00	

Index   time            vout2           v(x2.comp_p_0/v 
--------------------------------------------------------------------------------
18557	1.853645e-06	-7.95065e-06	1.273658e+00	
18558	1.853745e-06	8.212542e-06	1.274332e+00	
18559	1.853845e-06	-7.90527e-06	1.275005e+00	
18560	1.853945e-06	8.166107e-06	1.275677e+00	
18561	1.854045e-06	-7.86084e-06	1.276348e+00	
18562	1.854145e-06	8.120492e-06	1.277019e+00	
18563	1.854245e-06	-7.81711e-06	1.277688e+00	
18564	1.854345e-06	8.075523e-06	1.278357e+00	
18565	1.854445e-06	-7.89038e-06	1.279024e+00	
18566	1.854545e-06	8.007501e-06	1.279691e+00	
18567	1.854645e-06	-7.83621e-06	1.280357e+00	
18568	1.854745e-06	7.836694e-06	1.281022e+00	
18569	1.854845e-06	-7.69779e-06	1.281686e+00	
18570	1.854945e-06	7.942961e-06	1.282350e+00	
18571	1.855045e-06	-7.64606e-06	1.283012e+00	
18572	1.855145e-06	7.899215e-06	1.283674e+00	
18573	1.855245e-06	-7.60433e-06	1.284334e+00	
18574	1.855345e-06	7.856166e-06	1.284994e+00	
18575	1.855445e-06	-7.56283e-06	1.285653e+00	
18576	1.855545e-06	7.813292e-06	1.286312e+00	
18577	1.855645e-06	-7.52146e-06	1.286969e+00	
18578	1.855745e-06	7.770559e-06	1.287626e+00	
18579	1.855845e-06	-7.48023e-06	1.288281e+00	
18580	1.855945e-06	7.728006e-06	1.288936e+00	
18581	1.856045e-06	-7.55036e-06	1.289590e+00	
18582	1.856145e-06	7.549429e-06	1.290244e+00	
18583	1.856245e-06	-7.52497e-06	1.290896e+00	
18584	1.856345e-06	7.513843e-06	1.291548e+00	
18585	1.856445e-06	-7.48812e-06	1.292198e+00	
18586	1.856545e-06	7.476376e-06	1.292848e+00	
18587	1.856645e-06	-7.45015e-06	1.293497e+00	
18588	1.856745e-06	7.549622e-06	1.294146e+00	
18589	1.856845e-06	-7.27657e-06	1.294793e+00	
18590	1.856945e-06	7.517902e-06	1.295440e+00	
18591	1.857045e-06	-7.23629e-06	1.296086e+00	
18592	1.857145e-06	7.475519e-06	1.296732e+00	
18593	1.857245e-06	-7.19547e-06	1.297376e+00	
18594	1.857345e-06	7.433272e-06	1.298020e+00	
18595	1.857445e-06	-7.15482e-06	1.298663e+00	
18596	1.857545e-06	7.391178e-06	1.299305e+00	
18597	1.857645e-06	-7.11432e-06	1.299946e+00	
18598	1.857745e-06	7.349218e-06	1.300587e+00	
18599	1.857845e-06	-7.07395e-06	1.301227e+00	
18600	1.857945e-06	7.307374e-06	1.301867e+00	
18601	1.858045e-06	-7.03371e-06	1.302505e+00	
18602	1.858145e-06	7.265618e-06	1.303143e+00	
18603	1.858245e-06	-6.99364e-06	1.303780e+00	
18604	1.858345e-06	7.223844e-06	1.304417e+00	
18605	1.858445e-06	-6.95394e-06	1.305052e+00	
18606	1.858545e-06	7.181585e-06	1.305687e+00	
18607	1.858645e-06	-6.91559e-06	1.306322e+00	
18608	1.858745e-06	7.136890e-06	1.306955e+00	
18609	1.858845e-06	-6.88242e-06	1.307588e+00	
18610	1.858945e-06	7.083454e-06	1.308221e+00	
18611	1.859045e-06	-6.86217e-06	1.308853e+00	
18612	1.859145e-06	7.009733e-06	1.309484e+00	
18613	1.859245e-06	-6.86462e-06	1.310114e+00	
18614	1.859345e-06	6.914123e-06	1.310744e+00	

Index   time            vout2           v(x2.comp_p_0/v 
--------------------------------------------------------------------------------
18615	1.859445e-06	-6.99645e-06	1.311373e+00	
18616	1.859545e-06	6.620537e-06	1.312001e+00	
18617	1.859645e-06	-7.25345e-06	1.312629e+00	
18618	1.859745e-06	5.867972e-06	1.313256e+00	
18619	1.859845e-06	-7.89026e-06	1.313882e+00	
18620	1.859945e-06	7.434038e-06	1.314508e+00	
18621	1.860045e-06	1.195549e-05	1.315134e+00	
18622	1.860145e-06	7.196814e-05	1.315768e+00	
18623	1.860245e-06	8.877624e-05	1.316415e+00	
18624	1.860345e-06	9.546808e-05	1.317075e+00	
18625	1.860445e-06	5.176101e-05	1.317745e+00	
18626	1.860545e-06	-4.62045e-04	1.318390e+00	
18627	1.860645e-06	-2.69390e-03	1.318650e+00	
18628	1.860745e-06	-7.58432e-03	1.317679e+00	
18629	1.860832e-06	-1.80826e-02	1.316243e+00	
18630	1.860923e-06	-4.96720e-02	1.314715e+00	
18631	1.861023e-06	1.386919e+00	1.313020e+00	
18632	1.861123e-06	1.857384e+00	1.311332e+00	
18633	1.861223e-06	1.757755e+00	1.309636e+00	
18634	1.861323e-06	1.828971e+00	1.307947e+00	
18635	1.861423e-06	1.778912e+00	1.306253e+00	
18636	1.861523e-06	1.814393e+00	1.304565e+00	
18637	1.861623e-06	1.789355e+00	1.302875e+00	
18638	1.861723e-06	1.807205e+00	1.301190e+00	
18639	1.861823e-06	1.794500e+00	1.299504e+00	
18640	1.861923e-06	1.803615e+00	1.297822e+00	
18641	1.862023e-06	1.797079e+00	1.296141e+00	
18642	1.862123e-06	1.801801e+00	1.294463e+00	
18643	1.862223e-06	1.798386e+00	1.292786e+00	
18644	1.862323e-06	1.800877e+00	1.291112e+00	
18645	1.862423e-06	1.799053e+00	1.289440e+00	
18646	1.862523e-06	1.800405e+00	1.287771e+00	
18647	1.862623e-06	1.799395e+00	1.286103e+00	
18648	1.862723e-06	1.800148e+00	1.284438e+00	
18649	1.862823e-06	1.799553e+00	1.282774e+00	
18650	1.862923e-06	1.800027e+00	1.281113e+00	
18651	1.863023e-06	1.799652e+00	1.279454e+00	
18652	1.863123e-06	1.799965e+00	1.277798e+00	
18653	1.863223e-06	1.799702e+00	1.276143e+00	
18654	1.863323e-06	1.799934e+00	1.274491e+00	
18655	1.863423e-06	1.799728e+00	1.272841e+00	
18656	1.863523e-06	1.799918e+00	1.271193e+00	
18657	1.863623e-06	1.799741e+00	1.269547e+00	
18658	1.863723e-06	1.799910e+00	1.267904e+00	
18659	1.863823e-06	1.799749e+00	1.266262e+00	
18660	1.863923e-06	1.799905e+00	1.264623e+00	
18661	1.864023e-06	1.799753e+00	1.262986e+00	
18662	1.864123e-06	1.799903e+00	1.261352e+00	
18663	1.864223e-06	1.799755e+00	1.259719e+00	
18664	1.864323e-06	1.799902e+00	1.258088e+00	
18665	1.864423e-06	1.799757e+00	1.256460e+00	
18666	1.864523e-06	1.799901e+00	1.254834e+00	
18667	1.864623e-06	1.799758e+00	1.253210e+00	
18668	1.864723e-06	1.799901e+00	1.251588e+00	
18669	1.864823e-06	1.799759e+00	1.249968e+00	
18670	1.864923e-06	1.799901e+00	1.248351e+00	
18671	1.865023e-06	1.799760e+00	1.246736e+00	
18672	1.865123e-06	1.799901e+00	1.245122e+00	

Index   time            vout2           v(x2.comp_p_0/v 
--------------------------------------------------------------------------------
18673	1.865223e-06	1.799760e+00	1.243511e+00	
18674	1.865323e-06	1.799900e+00	1.241902e+00	
18675	1.865423e-06	1.799761e+00	1.240295e+00	
18676	1.865523e-06	1.799900e+00	1.238691e+00	
18677	1.865623e-06	1.799761e+00	1.237088e+00	
18678	1.865723e-06	1.799900e+00	1.235488e+00	
18679	1.865823e-06	1.799762e+00	1.233890e+00	
18680	1.865923e-06	1.799900e+00	1.232293e+00	
18681	1.866023e-06	1.799763e+00	1.230699e+00	
18682	1.866123e-06	1.799900e+00	1.229108e+00	
18683	1.866223e-06	1.799763e+00	1.227518e+00	
18684	1.866323e-06	1.799900e+00	1.225930e+00	
18685	1.866423e-06	1.799764e+00	1.224345e+00	
18686	1.866523e-06	1.799900e+00	1.222761e+00	
18687	1.866623e-06	1.799764e+00	1.221180e+00	
18688	1.866723e-06	1.799900e+00	1.219601e+00	
18689	1.866823e-06	1.799765e+00	1.218023e+00	
18690	1.866923e-06	1.799900e+00	1.216448e+00	
18691	1.867023e-06	1.799765e+00	1.214876e+00	
18692	1.867123e-06	1.799900e+00	1.213305e+00	
18693	1.867223e-06	1.799766e+00	1.211736e+00	
18694	1.867323e-06	1.799900e+00	1.210169e+00	
18695	1.867423e-06	1.799766e+00	1.208605e+00	
18696	1.867523e-06	1.799900e+00	1.207042e+00	
18697	1.867623e-06	1.799767e+00	1.205482e+00	
18698	1.867723e-06	1.799900e+00	1.203924e+00	
18699	1.867823e-06	1.799767e+00	1.202367e+00	
18700	1.867923e-06	1.799900e+00	1.200813e+00	
18701	1.868023e-06	1.799768e+00	1.199261e+00	
18702	1.868123e-06	1.799900e+00	1.197711e+00	
18703	1.868223e-06	1.799768e+00	1.196163e+00	
18704	1.868323e-06	1.799900e+00	1.194617e+00	
18705	1.868423e-06	1.799769e+00	1.193073e+00	
18706	1.868523e-06	1.799900e+00	1.191532e+00	
18707	1.868623e-06	1.799770e+00	1.189992e+00	
18708	1.868723e-06	1.799900e+00	1.188454e+00	
18709	1.868823e-06	1.799770e+00	1.186919e+00	
18710	1.868923e-06	1.799900e+00	1.185385e+00	
18711	1.869023e-06	1.799771e+00	1.183853e+00	
18712	1.869123e-06	1.799900e+00	1.182324e+00	
18713	1.869223e-06	1.799771e+00	1.180796e+00	
18714	1.869323e-06	1.799900e+00	1.179271e+00	
18715	1.869423e-06	1.799772e+00	1.177747e+00	
18716	1.869523e-06	1.799900e+00	1.176226e+00	
18717	1.869623e-06	1.799772e+00	1.174706e+00	
18718	1.869723e-06	1.799900e+00	1.173189e+00	
18719	1.869823e-06	1.799773e+00	1.171673e+00	
18720	1.869923e-06	1.799900e+00	1.170160e+00	
18721	1.870023e-06	1.799773e+00	1.168648e+00	
18722	1.870123e-06	1.799900e+00	1.167139e+00	
18723	1.870223e-06	1.799774e+00	1.165632e+00	
18724	1.870323e-06	1.799900e+00	1.164126e+00	
18725	1.870423e-06	1.799774e+00	1.162623e+00	
18726	1.870523e-06	1.799900e+00	1.161121e+00	
18727	1.870623e-06	1.799775e+00	1.159622e+00	
18728	1.870723e-06	1.799900e+00	1.158124e+00	
18729	1.870823e-06	1.799775e+00	1.156629e+00	
18730	1.870923e-06	1.799900e+00	1.155135e+00	

Index   time            vout2           v(x2.comp_p_0/v 
--------------------------------------------------------------------------------
18731	1.871023e-06	1.799776e+00	1.153643e+00	
18732	1.871123e-06	1.799900e+00	1.152154e+00	
18733	1.871223e-06	1.799776e+00	1.150666e+00	
18734	1.871323e-06	1.799900e+00	1.149180e+00	
18735	1.871423e-06	1.799777e+00	1.147696e+00	
18736	1.871523e-06	1.799900e+00	1.146214e+00	
18737	1.871623e-06	1.799777e+00	1.144734e+00	
18738	1.871723e-06	1.799900e+00	1.143257e+00	
18739	1.871823e-06	1.799778e+00	1.141780e+00	
18740	1.871923e-06	1.799900e+00	1.140306e+00	
18741	1.872023e-06	1.799778e+00	1.138834e+00	
18742	1.872123e-06	1.799900e+00	1.137364e+00	
18743	1.872223e-06	1.799779e+00	1.135896e+00	
18744	1.872323e-06	1.799900e+00	1.134429e+00	
18745	1.872423e-06	1.799779e+00	1.132965e+00	
18746	1.872523e-06	1.799900e+00	1.131502e+00	
18747	1.872623e-06	1.799780e+00	1.130041e+00	
18748	1.872723e-06	1.799900e+00	1.128583e+00	
18749	1.872823e-06	1.799780e+00	1.127126e+00	
18750	1.872923e-06	1.799900e+00	1.125671e+00	
18751	1.873023e-06	1.799781e+00	1.124218e+00	
18752	1.873123e-06	1.799900e+00	1.122766e+00	
18753	1.873223e-06	1.799781e+00	1.121317e+00	
18754	1.873323e-06	1.799900e+00	1.119870e+00	
18755	1.873423e-06	1.799782e+00	1.118424e+00	
18756	1.873523e-06	1.799900e+00	1.116980e+00	
18757	1.873623e-06	1.799782e+00	1.115539e+00	
18758	1.873723e-06	1.799900e+00	1.114099e+00	
18759	1.873823e-06	1.799783e+00	1.112661e+00	
18760	1.873923e-06	1.799900e+00	1.111225e+00	
18761	1.874023e-06	1.799783e+00	1.109790e+00	
18762	1.874123e-06	1.799900e+00	1.108358e+00	
18763	1.874223e-06	1.799784e+00	1.106927e+00	
18764	1.874323e-06	1.799900e+00	1.105498e+00	
18765	1.874423e-06	1.799784e+00	1.104072e+00	
18766	1.874523e-06	1.799900e+00	1.102647e+00	
18767	1.874623e-06	1.799785e+00	1.101223e+00	
18768	1.874723e-06	1.799900e+00	1.099802e+00	
18769	1.874823e-06	1.799785e+00	1.098383e+00	
18770	1.874923e-06	1.799900e+00	1.096965e+00	
18771	1.875023e-06	1.799786e+00	1.095549e+00	
18772	1.875123e-06	1.799900e+00	1.094135e+00	
18773	1.875223e-06	1.799786e+00	1.092723e+00	
18774	1.875323e-06	1.799900e+00	1.091313e+00	
18775	1.875423e-06	1.799787e+00	1.089904e+00	
18776	1.875523e-06	1.799900e+00	1.088498e+00	
18777	1.875623e-06	1.799787e+00	1.087093e+00	
18778	1.875723e-06	1.799900e+00	1.085690e+00	
18779	1.875823e-06	1.799787e+00	1.084289e+00	
18780	1.875923e-06	1.799900e+00	1.082890e+00	
18781	1.876023e-06	1.799788e+00	1.081493e+00	
18782	1.876123e-06	1.799900e+00	1.080097e+00	
18783	1.876223e-06	1.799788e+00	1.078703e+00	
18784	1.876323e-06	1.799900e+00	1.077311e+00	
18785	1.876423e-06	1.799789e+00	1.075921e+00	
18786	1.876523e-06	1.799900e+00	1.074533e+00	
18787	1.876623e-06	1.799789e+00	1.073147e+00	
18788	1.876723e-06	1.799900e+00	1.071762e+00	

Index   time            vout2           v(x2.comp_p_0/v 
--------------------------------------------------------------------------------
18789	1.876823e-06	1.799790e+00	1.070380e+00	
18790	1.876923e-06	1.799900e+00	1.068999e+00	
18791	1.877023e-06	1.799790e+00	1.067620e+00	
18792	1.877123e-06	1.799900e+00	1.066243e+00	
18793	1.877223e-06	1.799791e+00	1.064867e+00	
18794	1.877323e-06	1.799900e+00	1.063494e+00	
18795	1.877423e-06	1.799791e+00	1.062122e+00	
18796	1.877523e-06	1.799900e+00	1.060752e+00	
18797	1.877623e-06	1.799791e+00	1.059385e+00	
18798	1.877723e-06	1.799900e+00	1.058019e+00	
18799	1.877823e-06	1.799792e+00	1.056654e+00	
18800	1.877923e-06	1.799900e+00	1.055292e+00	
18801	1.878023e-06	1.799792e+00	1.053932e+00	
18802	1.878123e-06	1.799900e+00	1.052574e+00	
18803	1.878223e-06	1.799793e+00	1.051217e+00	
18804	1.878323e-06	1.799900e+00	1.049863e+00	
18805	1.878423e-06	1.799793e+00	1.048510e+00	
18806	1.878523e-06	1.799900e+00	1.047160e+00	
18807	1.878623e-06	1.799793e+00	1.045811e+00	
18808	1.878723e-06	1.799900e+00	1.044465e+00	
18809	1.878823e-06	1.799794e+00	1.043120e+00	
18810	1.878923e-06	1.799900e+00	1.041777e+00	
18811	1.879023e-06	1.799794e+00	1.040436e+00	
18812	1.879123e-06	1.799899e+00	1.039097e+00	
18813	1.879223e-06	1.799794e+00	1.037760e+00	
18814	1.879323e-06	1.799899e+00	1.036425e+00	
18815	1.879423e-06	1.799795e+00	1.035092e+00	
18816	1.879523e-06	1.799899e+00	1.033761e+00	
18817	1.879623e-06	1.799795e+00	1.032431e+00	
18818	1.879723e-06	1.799899e+00	1.031104e+00	
18819	1.879823e-06	1.799795e+00	1.029778e+00	
18820	1.879923e-06	1.799899e+00	1.028454e+00	
18821	1.880023e-06	1.799796e+00	1.027132e+00	
18822	1.880123e-06	1.799901e+00	1.025812e+00	
18823	1.880223e-06	1.799799e+00	1.024493e+00	
18824	1.880323e-06	1.799899e+00	1.023176e+00	
18825	1.880423e-06	1.799796e+00	1.021862e+00	
18826	1.880523e-06	1.799899e+00	1.020548e+00	
18827	1.880623e-06	1.799796e+00	1.019237e+00	
18828	1.880723e-06	1.799899e+00	1.017928e+00	
18829	1.880823e-06	1.799797e+00	1.016620e+00	
18830	1.880923e-06	1.799899e+00	1.015314e+00	
18831	1.881023e-06	1.799797e+00	1.014009e+00	
18832	1.881123e-06	1.799898e+00	1.012707e+00	
18833	1.881223e-06	1.799798e+00	1.011406e+00	
18834	1.881323e-06	1.799898e+00	1.010106e+00	
18835	1.881423e-06	1.799798e+00	1.008809e+00	
18836	1.881523e-06	1.799898e+00	1.007513e+00	
18837	1.881623e-06	1.799798e+00	1.006219e+00	
18838	1.881723e-06	1.799898e+00	1.004927e+00	
18839	1.881823e-06	1.799799e+00	1.003636e+00	
18840	1.881923e-06	1.799898e+00	1.002347e+00	
18841	1.882023e-06	1.799799e+00	1.001059e+00	
18842	1.882123e-06	1.799898e+00	9.997735e-01	
18843	1.882223e-06	1.799799e+00	9.984894e-01	
18844	1.882323e-06	1.799898e+00	9.972070e-01	
18845	1.882423e-06	1.799799e+00	9.959262e-01	
18846	1.882523e-06	1.799898e+00	9.946471e-01	

Index   time            vout2           v(x2.comp_p_0/v 
--------------------------------------------------------------------------------
18847	1.882623e-06	1.799800e+00	9.933696e-01	
18848	1.882723e-06	1.799898e+00	9.920937e-01	
18849	1.882823e-06	1.799800e+00	9.908195e-01	
18850	1.882923e-06	1.799898e+00	9.895469e-01	
18851	1.883023e-06	1.799800e+00	9.882760e-01	
18852	1.883123e-06	1.799897e+00	9.870066e-01	
18853	1.883223e-06	1.799801e+00	9.857389e-01	
18854	1.883323e-06	1.799897e+00	9.844729e-01	
18855	1.883423e-06	1.799801e+00	9.832084e-01	
18856	1.883523e-06	1.799897e+00	9.819456e-01	
18857	1.883623e-06	1.799801e+00	9.806843e-01	
18858	1.883723e-06	1.799897e+00	9.794247e-01	
18859	1.883823e-06	1.799802e+00	9.781667e-01	
18860	1.883923e-06	1.799897e+00	9.769103e-01	
18861	1.884023e-06	1.799802e+00	9.756555e-01	
18862	1.884123e-06	1.799897e+00	9.744024e-01	
18863	1.884223e-06	1.799802e+00	9.731508e-01	
18864	1.884323e-06	1.799897e+00	9.719008e-01	
18865	1.884423e-06	1.799803e+00	9.706524e-01	
18866	1.884523e-06	1.799897e+00	9.694056e-01	
18867	1.884623e-06	1.799803e+00	9.681603e-01	
18868	1.884723e-06	1.799897e+00	9.669167e-01	
18869	1.884823e-06	1.799803e+00	9.656746e-01	
18870	1.884923e-06	1.799897e+00	9.644341e-01	
18871	1.885023e-06	1.799804e+00	9.631952e-01	
18872	1.885123e-06	1.799897e+00	9.619579e-01	
18873	1.885223e-06	1.799804e+00	9.607221e-01	
18874	1.885323e-06	1.799897e+00	9.594879e-01	
18875	1.885423e-06	1.799804e+00	9.582553e-01	
18876	1.885523e-06	1.799897e+00	9.570242e-01	
18877	1.885623e-06	1.799805e+00	9.557947e-01	
18878	1.885723e-06	1.799896e+00	9.545667e-01	
18879	1.885823e-06	1.799805e+00	9.533403e-01	
18880	1.885923e-06	1.799896e+00	9.521155e-01	
18881	1.886023e-06	1.799805e+00	9.508922e-01	
18882	1.886123e-06	1.799896e+00	9.496705e-01	
18883	1.886223e-06	1.799806e+00	9.484503e-01	
18884	1.886323e-06	1.799896e+00	9.472316e-01	
18885	1.886423e-06	1.799806e+00	9.460145e-01	
18886	1.886523e-06	1.799896e+00	9.447989e-01	
18887	1.886623e-06	1.799806e+00	9.435849e-01	
18888	1.886723e-06	1.799896e+00	9.423724e-01	
18889	1.886823e-06	1.799807e+00	9.411614e-01	
18890	1.886923e-06	1.799896e+00	9.399520e-01	
18891	1.887023e-06	1.799807e+00	9.387441e-01	
18892	1.887123e-06	1.799896e+00	9.375377e-01	
18893	1.887223e-06	1.799807e+00	9.363328e-01	
18894	1.887323e-06	1.799896e+00	9.351295e-01	
18895	1.887423e-06	1.799808e+00	9.339276e-01	
18896	1.887523e-06	1.799896e+00	9.327273e-01	
18897	1.887623e-06	1.799808e+00	9.315284e-01	
18898	1.887723e-06	1.799896e+00	9.303311e-01	
18899	1.887823e-06	1.799808e+00	9.291352e-01	
18900	1.887923e-06	1.799896e+00	9.279407e-01	
18901	1.888023e-06	1.799809e+00	9.267478e-01	
18902	1.888123e-06	1.799896e+00	9.255563e-01	
18903	1.888223e-06	1.799809e+00	9.243662e-01	
18904	1.888323e-06	1.799896e+00	9.231775e-01	

Index   time            vout2           v(x2.comp_p_0/v 
--------------------------------------------------------------------------------
18905	1.888423e-06	1.799809e+00	9.219902e-01	
18906	1.888523e-06	1.799896e+00	9.208042e-01	
18907	1.888623e-06	1.799810e+00	9.196197e-01	
18908	1.888723e-06	1.799896e+00	9.184364e-01	
18909	1.888823e-06	1.799810e+00	9.172545e-01	
18910	1.888923e-06	1.799895e+00	9.160738e-01	
18911	1.889023e-06	1.799810e+00	9.148944e-01	
18912	1.889123e-06	1.799895e+00	9.137164e-01	
18913	1.889223e-06	1.799810e+00	9.125396e-01	
18914	1.889323e-06	1.799895e+00	9.113640e-01	
18915	1.889423e-06	1.799811e+00	9.101897e-01	
18916	1.889523e-06	1.799895e+00	9.090168e-01	
18917	1.889623e-06	1.799811e+00	9.078451e-01	
18918	1.889723e-06	1.799895e+00	9.066747e-01	
18919	1.889823e-06	1.799811e+00	9.055056e-01	
18920	1.889923e-06	1.799895e+00	9.043378e-01	
18921	1.890023e-06	1.799812e+00	9.031714e-01	
18922	1.890123e-06	1.799895e+00	9.020063e-01	
18923	1.890223e-06	1.799812e+00	9.008425e-01	
18924	1.890323e-06	1.799895e+00	8.996802e-01	
18925	1.890423e-06	1.799812e+00	8.985192e-01	
18926	1.890523e-06	1.799895e+00	8.973596e-01	
18927	1.890623e-06	1.799813e+00	8.962013e-01	
18928	1.890723e-06	1.799895e+00	8.950445e-01	
18929	1.890823e-06	1.799813e+00	8.938892e-01	
18930	1.890923e-06	1.799895e+00	8.927352e-01	
18931	1.891023e-06	1.799813e+00	8.915826e-01	
18932	1.891123e-06	1.799895e+00	8.904315e-01	
18933	1.891223e-06	1.799814e+00	8.892819e-01	
18934	1.891323e-06	1.799895e+00	8.881336e-01	
18935	1.891423e-06	1.799814e+00	8.869869e-01	
18936	1.891523e-06	1.799895e+00	8.858415e-01	
18937	1.891623e-06	1.799814e+00	8.846976e-01	
18938	1.891723e-06	1.799895e+00	8.835552e-01	
18939	1.891823e-06	1.799814e+00	8.824143e-01	
18940	1.891923e-06	1.799895e+00	8.812747e-01	
18941	1.892023e-06	1.799815e+00	8.801367e-01	
18942	1.892123e-06	1.799895e+00	8.790001e-01	
18943	1.892223e-06	1.799815e+00	8.778650e-01	
18944	1.892323e-06	1.799895e+00	8.767313e-01	
18945	1.892423e-06	1.799815e+00	8.755991e-01	
18946	1.892523e-06	1.799894e+00	8.744684e-01	
18947	1.892623e-06	1.799816e+00	8.733391e-01	
18948	1.892723e-06	1.799894e+00	8.722113e-01	
18949	1.892823e-06	1.799816e+00	8.710849e-01	
18950	1.892923e-06	1.799894e+00	8.699600e-01	
18951	1.893023e-06	1.799816e+00	8.688365e-01	
18952	1.893123e-06	1.799894e+00	8.677146e-01	
18953	1.893223e-06	1.799816e+00	8.665940e-01	
18954	1.893323e-06	1.799894e+00	8.654749e-01	
18955	1.893423e-06	1.799817e+00	8.643573e-01	
18956	1.893523e-06	1.799894e+00	8.632411e-01	
18957	1.893623e-06	1.799817e+00	8.621264e-01	
18958	1.893723e-06	1.799894e+00	8.610131e-01	
18959	1.893823e-06	1.799817e+00	8.599013e-01	
18960	1.893923e-06	1.799894e+00	8.587909e-01	
18961	1.894023e-06	1.799818e+00	8.576820e-01	
18962	1.894123e-06	1.799894e+00	8.565745e-01	

Index   time            vout2           v(x2.comp_p_0/v 
--------------------------------------------------------------------------------
18963	1.894223e-06	1.799818e+00	8.554684e-01	
18964	1.894323e-06	1.799894e+00	8.543638e-01	
18965	1.894423e-06	1.799818e+00	8.532606e-01	
18966	1.894523e-06	1.799894e+00	8.521589e-01	
18967	1.894623e-06	1.799819e+00	8.510586e-01	
18968	1.894723e-06	1.799894e+00	8.499597e-01	
18969	1.894823e-06	1.799819e+00	8.488623e-01	
18970	1.894923e-06	1.799894e+00	8.477663e-01	
18971	1.895023e-06	1.799819e+00	8.466717e-01	
18972	1.895123e-06	1.799894e+00	8.455785e-01	
18973	1.895223e-06	1.799819e+00	8.444868e-01	
18974	1.895323e-06	1.799894e+00	8.433965e-01	
18975	1.895423e-06	1.799820e+00	8.423076e-01	
18976	1.895523e-06	1.799894e+00	8.412201e-01	
18977	1.895623e-06	1.799820e+00	8.401341e-01	
18978	1.895723e-06	1.799894e+00	8.390494e-01	
18979	1.895823e-06	1.799820e+00	8.379662e-01	
18980	1.895923e-06	1.799894e+00	8.368844e-01	
18981	1.896023e-06	1.799820e+00	8.358040e-01	
18982	1.896123e-06	1.799894e+00	8.347250e-01	
18983	1.896223e-06	1.799821e+00	8.336474e-01	
18984	1.896323e-06	1.799893e+00	8.325713e-01	
18985	1.896423e-06	1.799821e+00	8.314965e-01	
18986	1.896523e-06	1.799893e+00	8.304231e-01	
18987	1.896623e-06	1.799821e+00	8.293512e-01	
18988	1.896723e-06	1.799893e+00	8.282806e-01	
18989	1.896823e-06	1.799822e+00	8.272114e-01	
18990	1.896923e-06	1.799893e+00	8.261436e-01	
18991	1.897023e-06	1.799822e+00	8.250772e-01	
18992	1.897123e-06	1.799893e+00	8.240122e-01	
18993	1.897223e-06	1.799822e+00	8.229486e-01	
18994	1.897323e-06	1.799893e+00	8.218864e-01	
18995	1.897423e-06	1.799822e+00	8.208256e-01	
18996	1.897523e-06	1.799893e+00	8.197661e-01	
18997	1.897623e-06	1.799823e+00	8.187081e-01	
18998	1.897723e-06	1.799893e+00	8.176514e-01	
18999	1.897823e-06	1.799823e+00	8.165961e-01	
19000	1.897923e-06	1.799893e+00	8.155422e-01	
19001	1.898023e-06	1.799823e+00	8.144896e-01	
19002	1.898123e-06	1.799893e+00	8.134384e-01	
19003	1.898223e-06	1.799823e+00	8.123886e-01	
19004	1.898323e-06	1.799893e+00	8.113402e-01	
19005	1.898423e-06	1.799824e+00	8.102931e-01	
19006	1.898523e-06	1.799893e+00	8.092474e-01	
19007	1.898623e-06	1.799824e+00	8.082031e-01	
19008	1.898723e-06	1.799893e+00	8.071601e-01	
19009	1.898823e-06	1.799824e+00	8.061185e-01	
19010	1.898923e-06	1.799893e+00	8.050783e-01	
19011	1.899023e-06	1.799825e+00	8.040394e-01	
19012	1.899123e-06	1.799893e+00	8.030018e-01	
19013	1.899223e-06	1.799825e+00	8.019656e-01	
19014	1.899323e-06	1.799893e+00	8.009308e-01	
19015	1.899423e-06	1.799825e+00	7.998973e-01	
19016	1.899523e-06	1.799893e+00	7.988652e-01	
19017	1.899623e-06	1.799825e+00	7.978344e-01	
19018	1.899723e-06	1.799893e+00	7.968050e-01	
19019	1.899823e-06	1.799826e+00	7.957769e-01	
19020	1.899923e-06	1.799893e+00	7.947501e-01	

Index   time            vout2           v(x2.comp_p_0/v 
--------------------------------------------------------------------------------
19021	1.900023e-06	1.799826e+00	7.937247e-01	
19022	1.900123e-06	1.799893e+00	7.927007e-01	
19023	1.900223e-06	1.799826e+00	7.916779e-01	
19024	1.900323e-06	1.799892e+00	7.906565e-01	
19025	1.900423e-06	1.799826e+00	7.896365e-01	
19026	1.900523e-06	1.799892e+00	7.886177e-01	
19027	1.900623e-06	1.799827e+00	7.876003e-01	
19028	1.900723e-06	1.799892e+00	7.865842e-01	
19029	1.900823e-06	1.799827e+00	7.855695e-01	
19030	1.900923e-06	1.799892e+00	7.845561e-01	
19031	1.901023e-06	1.799827e+00	7.835440e-01	
19032	1.901123e-06	1.799892e+00	7.825332e-01	
19033	1.901223e-06	1.799827e+00	7.815237e-01	
19034	1.901323e-06	1.799892e+00	7.805156e-01	
19035	1.901423e-06	1.799828e+00	7.795087e-01	
19036	1.901523e-06	1.799892e+00	7.785032e-01	
19037	1.901623e-06	1.799828e+00	7.774990e-01	
19038	1.901723e-06	1.799892e+00	7.764961e-01	
19039	1.901823e-06	1.799828e+00	7.754945e-01	
19040	1.901923e-06	1.799892e+00	7.744942e-01	
19041	1.902023e-06	1.799828e+00	7.734953e-01	
19042	1.902123e-06	1.799892e+00	7.724976e-01	
19043	1.902223e-06	1.799829e+00	7.715012e-01	
19044	1.902323e-06	1.799892e+00	7.705062e-01	
19045	1.902423e-06	1.799830e+00	7.695124e-01	
19046	1.902523e-06	1.799893e+00	7.685199e-01	
19047	1.902623e-06	1.799829e+00	7.675287e-01	
19048	1.902723e-06	1.799892e+00	7.665388e-01	
19049	1.902823e-06	1.799829e+00	7.655502e-01	
19050	1.902923e-06	1.799892e+00	7.645629e-01	
19051	1.903023e-06	1.799829e+00	7.635769e-01	
19052	1.903123e-06	1.799892e+00	7.625922e-01	
19053	1.903223e-06	1.799830e+00	7.616087e-01	
19054	1.903323e-06	1.799892e+00	7.606266e-01	
19055	1.903423e-06	1.799830e+00	7.596457e-01	
19056	1.903523e-06	1.799892e+00	7.586661e-01	
19057	1.903623e-06	1.799830e+00	7.576877e-01	
19058	1.903723e-06	1.799892e+00	7.567107e-01	
19059	1.903823e-06	1.799831e+00	7.557349e-01	
19060	1.903923e-06	1.799892e+00	7.547604e-01	
19061	1.904023e-06	1.799831e+00	7.537871e-01	
19062	1.904123e-06	1.799892e+00	7.528152e-01	
19063	1.904223e-06	1.799831e+00	7.518444e-01	
19064	1.904323e-06	1.799892e+00	7.508750e-01	
19065	1.904423e-06	1.799831e+00	7.499068e-01	
19066	1.904523e-06	1.799891e+00	7.489399e-01	
19067	1.904623e-06	1.799831e+00	7.479742e-01	
19068	1.904723e-06	1.799891e+00	7.470098e-01	
19069	1.904823e-06	1.799832e+00	7.460467e-01	
19070	1.904923e-06	1.799891e+00	7.450848e-01	
19071	1.905023e-06	1.799832e+00	7.441242e-01	
19072	1.905123e-06	1.799891e+00	7.431648e-01	
19073	1.905223e-06	1.799832e+00	7.422066e-01	
19074	1.905323e-06	1.799891e+00	7.412498e-01	
19075	1.905423e-06	1.799832e+00	7.402941e-01	
19076	1.905523e-06	1.799891e+00	7.393397e-01	
19077	1.905623e-06	1.799833e+00	7.383866e-01	
19078	1.905723e-06	1.799891e+00	7.374346e-01	

Index   time            vout2           v(x2.comp_p_0/v 
--------------------------------------------------------------------------------
19079	1.905823e-06	1.799833e+00	7.364840e-01	
19080	1.905923e-06	1.799891e+00	7.355345e-01	
19081	1.906023e-06	1.799833e+00	7.345863e-01	
19082	1.906123e-06	1.799891e+00	7.336393e-01	
19083	1.906223e-06	1.799833e+00	7.326936e-01	
19084	1.906323e-06	1.799892e+00	7.317491e-01	
19085	1.906423e-06	1.799835e+00	7.308058e-01	
19086	1.906523e-06	1.799893e+00	7.298637e-01	
19087	1.906623e-06	1.799835e+00	7.289229e-01	
19088	1.906723e-06	1.799893e+00	7.279833e-01	
19089	1.906823e-06	1.799835e+00	7.270449e-01	
19090	1.906923e-06	1.799893e+00	7.261077e-01	
19091	1.907023e-06	1.799836e+00	7.251718e-01	
19092	1.907123e-06	1.799893e+00	7.242370e-01	
19093	1.907223e-06	1.799836e+00	7.233035e-01	
19094	1.907311e-06	1.799893e+00	7.224856e-01	
19095	1.907404e-06	1.799836e+00	7.216258e-01	
19096	1.907504e-06	1.799893e+00	7.206956e-01	
19097	1.907604e-06	1.799836e+00	7.197667e-01	
19098	1.907704e-06	1.799892e+00	7.188390e-01	
19099	1.907804e-06	1.799837e+00	7.179125e-01	
19100	1.907904e-06	1.799892e+00	7.169872e-01	
19101	1.908004e-06	1.799837e+00	7.160631e-01	
19102	1.908104e-06	1.799892e+00	7.151402e-01	
19103	1.908204e-06	1.799837e+00	7.142185e-01	
19104	1.908304e-06	1.799892e+00	7.132980e-01	
19105	1.908404e-06	1.799837e+00	7.123786e-01	
19106	1.908504e-06	1.799892e+00	7.114605e-01	
19107	1.908604e-06	1.799837e+00	7.105436e-01	
19108	1.908704e-06	1.799892e+00	7.096278e-01	
19109	1.908804e-06	1.799838e+00	7.087133e-01	
19110	1.908904e-06	1.799892e+00	7.077999e-01	
19111	1.909004e-06	1.799838e+00	7.068877e-01	
19112	1.909104e-06	1.799892e+00	7.059767e-01	
19113	1.909204e-06	1.799838e+00	7.050669e-01	
19114	1.909304e-06	1.799892e+00	7.041582e-01	
19115	1.909404e-06	1.799838e+00	7.032508e-01	
19116	1.909504e-06	1.799892e+00	7.023445e-01	
19117	1.909604e-06	1.799838e+00	7.014394e-01	
19118	1.909704e-06	1.799892e+00	7.005354e-01	
19119	1.909804e-06	1.799839e+00	6.996327e-01	
19120	1.909904e-06	1.799892e+00	6.987311e-01	
19121	1.910004e-06	1.799839e+00	6.978306e-01	
19122	1.910104e-06	1.799892e+00	6.969314e-01	
19123	1.910204e-06	1.799839e+00	6.960332e-01	
19124	1.910304e-06	1.799892e+00	6.951363e-01	
19125	1.910404e-06	1.799839e+00	6.942405e-01	
19126	1.910504e-06	1.799892e+00	6.933459e-01	
19127	1.910604e-06	1.799839e+00	6.924524e-01	
19128	1.910704e-06	1.799892e+00	6.915601e-01	
19129	1.910804e-06	1.799840e+00	6.906690e-01	
19130	1.910904e-06	1.799892e+00	6.897790e-01	
19131	1.911004e-06	1.799840e+00	6.888901e-01	
19132	1.911104e-06	1.799892e+00	6.880025e-01	
19133	1.911204e-06	1.799840e+00	6.871159e-01	
19134	1.911304e-06	1.799892e+00	6.862305e-01	
19135	1.911404e-06	1.799840e+00	6.853463e-01	
19136	1.911504e-06	1.799892e+00	6.844632e-01	

Index   time            vout2           v(x2.comp_p_0/v 
--------------------------------------------------------------------------------
19137	1.911604e-06	1.799841e+00	6.835812e-01	
19138	1.911704e-06	1.799891e+00	6.827004e-01	
19139	1.911804e-06	1.799841e+00	6.818207e-01	
19140	1.911904e-06	1.799891e+00	6.809421e-01	
19141	1.912004e-06	1.799841e+00	6.800647e-01	
19142	1.912104e-06	1.799891e+00	6.791885e-01	
19143	1.912204e-06	1.799841e+00	6.783133e-01	
19144	1.912304e-06	1.799891e+00	6.774393e-01	
19145	1.912404e-06	1.799841e+00	6.765664e-01	
19146	1.912504e-06	1.799891e+00	6.756947e-01	
19147	1.912604e-06	1.799842e+00	6.748241e-01	
19148	1.912704e-06	1.799891e+00	6.739546e-01	
19149	1.912804e-06	1.799842e+00	6.730862e-01	
19150	1.912904e-06	1.799891e+00	6.722190e-01	
19151	1.913004e-06	1.799842e+00	6.713529e-01	
19152	1.913104e-06	1.799891e+00	6.704879e-01	
19153	1.913204e-06	1.799842e+00	6.696240e-01	
19154	1.913304e-06	1.799891e+00	6.687612e-01	
19155	1.913404e-06	1.799842e+00	6.678996e-01	
19156	1.913504e-06	1.799891e+00	6.670391e-01	
19157	1.913604e-06	1.799842e+00	6.661797e-01	
19158	1.913704e-06	1.799891e+00	6.653214e-01	
19159	1.913804e-06	1.799843e+00	6.644642e-01	
19160	1.913904e-06	1.799891e+00	6.636081e-01	
19161	1.914004e-06	1.799843e+00	6.627531e-01	
19162	1.914104e-06	1.799891e+00	6.618993e-01	
19163	1.914204e-06	1.799843e+00	6.610465e-01	
19164	1.914304e-06	1.799891e+00	6.601949e-01	
19165	1.914404e-06	1.799843e+00	6.593444e-01	
19166	1.914504e-06	1.799891e+00	6.584950e-01	
19167	1.914604e-06	1.799843e+00	6.576466e-01	
19168	1.914704e-06	1.799891e+00	6.567994e-01	
19169	1.914804e-06	1.799844e+00	6.559533e-01	
19170	1.914904e-06	1.799891e+00	6.551083e-01	
19171	1.915004e-06	1.799844e+00	6.542643e-01	
19172	1.915104e-06	1.799891e+00	6.534215e-01	
19173	1.915204e-06	1.799844e+00	6.525798e-01	
19174	1.915304e-06	1.799891e+00	6.517392e-01	
19175	1.915404e-06	1.799844e+00	6.508996e-01	
19176	1.915504e-06	1.799891e+00	6.500612e-01	
19177	1.915604e-06	1.799844e+00	6.492239e-01	
19178	1.915704e-06	1.799890e+00	6.483876e-01	
19179	1.915804e-06	1.799845e+00	6.475525e-01	
19180	1.915904e-06	1.799890e+00	6.467184e-01	
19181	1.916004e-06	1.799845e+00	6.458854e-01	
19182	1.916104e-06	1.799889e+00	6.450535e-01	
19183	1.916204e-06	1.799845e+00	6.442227e-01	
19184	1.916304e-06	1.799890e+00	6.433930e-01	
19185	1.916404e-06	1.799844e+00	6.425644e-01	
19186	1.916504e-06	1.799889e+00	6.417368e-01	
19187	1.916604e-06	1.799844e+00	6.409104e-01	
19188	1.916704e-06	1.799889e+00	6.400850e-01	
19189	1.916804e-06	1.799844e+00	6.392607e-01	
19190	1.916904e-06	1.799889e+00	6.384375e-01	
19191	1.917004e-06	1.799845e+00	6.376154e-01	
19192	1.917104e-06	1.799889e+00	6.367944e-01	
19193	1.917204e-06	1.799845e+00	6.359744e-01	
19194	1.917304e-06	1.799889e+00	6.351555e-01	

Index   time            vout2           v(x2.comp_p_0/v 
--------------------------------------------------------------------------------
19195	1.917404e-06	1.799845e+00	6.343377e-01	
19196	1.917504e-06	1.799889e+00	6.335209e-01	
19197	1.917604e-06	1.799845e+00	6.327053e-01	
19198	1.917704e-06	1.799889e+00	6.318907e-01	
19199	1.917804e-06	1.799845e+00	6.310772e-01	
19200	1.917904e-06	1.799889e+00	6.302647e-01	
19201	1.918004e-06	1.799846e+00	6.294533e-01	
19202	1.918104e-06	1.799889e+00	6.286430e-01	
19203	1.918204e-06	1.799846e+00	6.278338e-01	
19204	1.918304e-06	1.799889e+00	6.270256e-01	
19205	1.918404e-06	1.799846e+00	6.262185e-01	
19206	1.918504e-06	1.799888e+00	6.254125e-01	
19207	1.918604e-06	1.799846e+00	6.246075e-01	
19208	1.918704e-06	1.799888e+00	6.238036e-01	
19209	1.918804e-06	1.799846e+00	6.230007e-01	
19210	1.918904e-06	1.799888e+00	6.221989e-01	
19211	1.919004e-06	1.799846e+00	6.213981e-01	
19212	1.919104e-06	1.799888e+00	6.205984e-01	
19213	1.919204e-06	1.799847e+00	6.197998e-01	
19214	1.919304e-06	1.799888e+00	6.190022e-01	
19215	1.919404e-06	1.799847e+00	6.182057e-01	
19216	1.919504e-06	1.799888e+00	6.174102e-01	
19217	1.919604e-06	1.799847e+00	6.166158e-01	
19218	1.919704e-06	1.799888e+00	6.158224e-01	
19219	1.919804e-06	1.799847e+00	6.150300e-01	
19220	1.919904e-06	1.799888e+00	6.142387e-01	
19221	1.920004e-06	1.799847e+00	6.134485e-01	
19222	1.920104e-06	1.799888e+00	6.126593e-01	
19223	1.920204e-06	1.799848e+00	6.118711e-01	
19224	1.920304e-06	1.799888e+00	6.110840e-01	
19225	1.920404e-06	1.799848e+00	6.102979e-01	
19226	1.920504e-06	1.799888e+00	6.095128e-01	
19227	1.920604e-06	1.799848e+00	6.087288e-01	
19228	1.920704e-06	1.799888e+00	6.079458e-01	
19229	1.920804e-06	1.799848e+00	6.071639e-01	
19230	1.920904e-06	1.799888e+00	6.063829e-01	
19231	1.921004e-06	1.799848e+00	6.056030e-01	
19232	1.921104e-06	1.799888e+00	6.048242e-01	
19233	1.921204e-06	1.799848e+00	6.040463e-01	
19234	1.921304e-06	1.799888e+00	6.032695e-01	
19235	1.921404e-06	1.799849e+00	6.024937e-01	
19236	1.921504e-06	1.799888e+00	6.017190e-01	
19237	1.921604e-06	1.799849e+00	6.009452e-01	
19238	1.921704e-06	1.799888e+00	6.001725e-01	
19239	1.921804e-06	1.799849e+00	5.994008e-01	
19240	1.921904e-06	1.799888e+00	5.986301e-01	
19241	1.922004e-06	1.799849e+00	5.978604e-01	
19242	1.922104e-06	1.799888e+00	5.970917e-01	
19243	1.922204e-06	1.799849e+00	5.963241e-01	
19244	1.922304e-06	1.799888e+00	5.955574e-01	
19245	1.922404e-06	1.799849e+00	5.947918e-01	
19246	1.922504e-06	1.799888e+00	5.940272e-01	
19247	1.922604e-06	1.799850e+00	5.932636e-01	
19248	1.922704e-06	1.799888e+00	5.925010e-01	
19249	1.922804e-06	1.799850e+00	5.917394e-01	
19250	1.922904e-06	1.799888e+00	5.909788e-01	
19251	1.923004e-06	1.799850e+00	5.902192e-01	
19252	1.923104e-06	1.799888e+00	5.894606e-01	

Index   time            vout2           v(x2.comp_p_0/v 
--------------------------------------------------------------------------------
19253	1.923204e-06	1.799850e+00	5.887030e-01	
19254	1.923304e-06	1.799888e+00	5.879464e-01	
19255	1.923404e-06	1.799850e+00	5.871907e-01	
19256	1.923504e-06	1.799888e+00	5.864361e-01	
19257	1.923604e-06	1.799850e+00	5.856825e-01	
19258	1.923704e-06	1.799888e+00	5.849299e-01	
19259	1.923804e-06	1.799851e+00	5.841783e-01	
19260	1.923904e-06	1.799887e+00	5.834276e-01	
19261	1.924004e-06	1.799851e+00	5.826779e-01	
19262	1.924104e-06	1.799887e+00	5.819293e-01	
19263	1.924204e-06	1.799851e+00	5.811816e-01	
19264	1.924304e-06	1.799887e+00	5.804349e-01	
19265	1.924404e-06	1.799851e+00	5.796892e-01	
19266	1.924504e-06	1.799887e+00	5.789444e-01	
19267	1.924604e-06	1.799851e+00	5.782007e-01	
19268	1.924704e-06	1.799887e+00	5.774579e-01	
19269	1.924804e-06	1.799851e+00	5.767161e-01	
19270	1.924904e-06	1.799887e+00	5.759753e-01	
19271	1.925004e-06	1.799852e+00	5.752354e-01	
19272	1.925104e-06	1.799887e+00	5.744965e-01	
19273	1.925204e-06	1.799852e+00	5.737586e-01	
19274	1.925304e-06	1.799887e+00	5.730217e-01	
19275	1.925404e-06	1.799852e+00	5.722857e-01	
19276	1.925504e-06	1.799887e+00	5.715507e-01	
19277	1.925604e-06	1.799852e+00	5.708167e-01	
19278	1.925704e-06	1.799887e+00	5.700836e-01	
19279	1.925804e-06	1.799852e+00	5.693515e-01	
19280	1.925904e-06	1.799887e+00	5.686203e-01	
19281	1.926004e-06	1.799852e+00	5.678901e-01	
19282	1.926104e-06	1.799887e+00	5.671609e-01	
19283	1.926204e-06	1.799853e+00	5.664326e-01	
19284	1.926304e-06	1.799887e+00	5.657053e-01	
19285	1.926404e-06	1.799853e+00	5.649789e-01	
19286	1.926504e-06	1.799887e+00	5.642535e-01	
19287	1.926604e-06	1.799853e+00	5.635290e-01	
19288	1.926704e-06	1.799887e+00	5.628055e-01	
19289	1.926804e-06	1.799853e+00	5.620829e-01	
19290	1.926904e-06	1.799887e+00	5.613612e-01	
19291	1.927004e-06	1.799853e+00	5.606405e-01	
19292	1.927104e-06	1.799887e+00	5.599207e-01	
19293	1.927204e-06	1.799853e+00	5.592019e-01	
19294	1.927304e-06	1.799887e+00	5.584839e-01	
19295	1.927404e-06	1.799854e+00	5.577669e-01	
19296	1.927504e-06	1.799887e+00	5.570508e-01	
19297	1.927604e-06	1.799854e+00	5.563356e-01	
19298	1.927704e-06	1.799887e+00	5.556214e-01	
19299	1.927804e-06	1.799854e+00	5.549080e-01	
19300	1.927904e-06	1.799887e+00	5.541955e-01	
19301	1.928004e-06	1.799854e+00	5.534839e-01	
19302	1.928104e-06	1.799887e+00	5.527731e-01	
19303	1.928204e-06	1.799854e+00	5.520633e-01	
19304	1.928304e-06	1.799887e+00	5.513542e-01	
19305	1.928404e-06	1.799854e+00	5.506460e-01	
19306	1.928504e-06	1.799887e+00	5.499387e-01	
19307	1.928604e-06	1.799854e+00	5.492321e-01	
19308	1.928704e-06	1.799887e+00	5.485264e-01	
19309	1.928804e-06	1.799855e+00	5.478214e-01	
19310	1.928904e-06	1.799887e+00	5.471172e-01	

Index   time            vout2           v(x2.comp_p_0/v 
--------------------------------------------------------------------------------
19311	1.929004e-06	1.799855e+00	5.464138e-01	
19312	1.929104e-06	1.799887e+00	5.457111e-01	
19313	1.929204e-06	1.799855e+00	5.450091e-01	
19314	1.929304e-06	1.799887e+00	5.443078e-01	
19315	1.929404e-06	1.799855e+00	5.436071e-01	
19316	1.929504e-06	1.799887e+00	5.429072e-01	
19317	1.929604e-06	1.799855e+00	5.422079e-01	
19318	1.929704e-06	1.799886e+00	5.415093e-01	
19319	1.929804e-06	1.799855e+00	5.408113e-01	
19320	1.929904e-06	1.799886e+00	5.401140e-01	
19321	1.930004e-06	1.799856e+00	5.394173e-01	
19322	1.930104e-06	1.799886e+00	5.387213e-01	
19323	1.930204e-06	1.799856e+00	5.380259e-01	
19324	1.930304e-06	1.799886e+00	5.373312e-01	
19325	1.930404e-06	1.799856e+00	5.366372e-01	
19326	1.930504e-06	1.799886e+00	5.359438e-01	
19327	1.930604e-06	1.799856e+00	5.352512e-01	
19328	1.930704e-06	1.799886e+00	5.345592e-01	
19329	1.930804e-06	1.799856e+00	5.338680e-01	
19330	1.930904e-06	1.799886e+00	5.331775e-01	
19331	1.931004e-06	1.799856e+00	5.324878e-01	
19332	1.931104e-06	1.799886e+00	5.317988e-01	
19333	1.931204e-06	1.799856e+00	5.311106e-01	
19334	1.931304e-06	1.799886e+00	5.304232e-01	
19335	1.931404e-06	1.799856e+00	5.297365e-01	
19336	1.931504e-06	1.799886e+00	5.290507e-01	
19337	1.931604e-06	1.799857e+00	5.283657e-01	
19338	1.931704e-06	1.799886e+00	5.276815e-01	
19339	1.931804e-06	1.799857e+00	5.269982e-01	
19340	1.931904e-06	1.799886e+00	5.263156e-01	
19341	1.932004e-06	1.799857e+00	5.256339e-01	
19342	1.932104e-06	1.799886e+00	5.249530e-01	
19343	1.932204e-06	1.799857e+00	5.242730e-01	
19344	1.932304e-06	1.799886e+00	5.235938e-01	
19345	1.932404e-06	1.799857e+00	5.229154e-01	
19346	1.932504e-06	1.799886e+00	5.222379e-01	
19347	1.932604e-06	1.799857e+00	5.215613e-01	
19348	1.932704e-06	1.799886e+00	5.208855e-01	
19349	1.932804e-06	1.799857e+00	5.202106e-01	
19350	1.932904e-06	1.799886e+00	5.195366e-01	
19351	1.933004e-06	1.799858e+00	5.188634e-01	
19352	1.933104e-06	1.799886e+00	5.181911e-01	
19353	1.933204e-06	1.799858e+00	5.175197e-01	
19354	1.933304e-06	1.799886e+00	5.168491e-01	
19355	1.933404e-06	1.799858e+00	5.161794e-01	
19356	1.933504e-06	1.799886e+00	5.155107e-01	
19357	1.933604e-06	1.799858e+00	5.148427e-01	
19358	1.933704e-06	1.799886e+00	5.141757e-01	
19359	1.933804e-06	1.799858e+00	5.135095e-01	
19360	1.933904e-06	1.799886e+00	5.128442e-01	
19361	1.934004e-06	1.799858e+00	5.121798e-01	
19362	1.934104e-06	1.799886e+00	5.115162e-01	
19363	1.934204e-06	1.799858e+00	5.108535e-01	
19364	1.934304e-06	1.799885e+00	5.101917e-01	
19365	1.934404e-06	1.799858e+00	5.095307e-01	
19366	1.934504e-06	1.799885e+00	5.088706e-01	
19367	1.934604e-06	1.799858e+00	5.082114e-01	
19368	1.934704e-06	1.799885e+00	5.075530e-01	

Index   time            vout2           v(x2.comp_p_0/v 
--------------------------------------------------------------------------------
19369	1.934804e-06	1.799859e+00	5.068954e-01	
19370	1.934904e-06	1.799885e+00	5.062387e-01	
19371	1.935004e-06	1.799859e+00	5.055829e-01	
19372	1.935104e-06	1.799885e+00	5.049279e-01	
19373	1.935204e-06	1.799859e+00	5.042737e-01	
19374	1.935304e-06	1.799885e+00	5.036204e-01	
19375	1.935404e-06	1.799859e+00	5.029679e-01	
19376	1.935504e-06	1.799885e+00	5.023163e-01	
19377	1.935604e-06	1.799859e+00	5.016655e-01	
19378	1.935704e-06	1.799885e+00	5.010155e-01	
19379	1.935804e-06	1.799859e+00	5.003664e-01	
19380	1.935904e-06	1.799885e+00	4.997181e-01	
19381	1.936004e-06	1.799859e+00	4.990707e-01	
19382	1.936104e-06	1.799885e+00	4.984241e-01	
19383	1.936204e-06	1.799859e+00	4.977783e-01	
19384	1.936304e-06	1.799885e+00	4.971333e-01	
19385	1.936404e-06	1.799859e+00	4.964892e-01	
19386	1.936504e-06	1.799885e+00	4.958459e-01	
19387	1.936604e-06	1.799860e+00	4.952035e-01	
19388	1.936704e-06	1.799885e+00	4.945618e-01	
19389	1.936804e-06	1.799860e+00	4.939210e-01	
19390	1.936904e-06	1.799885e+00	4.932810e-01	
19391	1.937004e-06	1.799860e+00	4.926419e-01	
19392	1.937104e-06	1.799885e+00	4.920036e-01	
19393	1.937204e-06	1.799860e+00	4.913660e-01	
19394	1.937304e-06	1.799885e+00	4.907294e-01	
19395	1.937404e-06	1.799860e+00	4.900935e-01	
19396	1.937504e-06	1.799885e+00	4.894585e-01	
19397	1.937604e-06	1.799860e+00	4.888242e-01	
19398	1.937704e-06	1.799885e+00	4.881908e-01	
19399	1.937804e-06	1.799860e+00	4.875582e-01	
19400	1.937904e-06	1.799884e+00	4.869265e-01	
19401	1.938004e-06	1.799860e+00	4.862955e-01	
19402	1.938104e-06	1.799884e+00	4.856654e-01	
19403	1.938204e-06	1.799860e+00	4.850360e-01	
19404	1.938304e-06	1.799884e+00	4.844075e-01	
19405	1.938404e-06	1.799860e+00	4.837798e-01	
19406	1.938504e-06	1.799884e+00	4.831529e-01	
19407	1.938604e-06	1.799861e+00	4.825268e-01	
19408	1.938704e-06	1.799884e+00	4.819015e-01	
19409	1.938804e-06	1.799861e+00	4.812771e-01	
19410	1.938904e-06	1.799884e+00	4.806534e-01	
19411	1.939004e-06	1.799861e+00	4.800305e-01	
19412	1.939104e-06	1.799884e+00	4.794085e-01	
19413	1.939204e-06	1.799861e+00	4.787872e-01	
19414	1.939304e-06	1.799884e+00	4.781668e-01	
19415	1.939404e-06	1.799861e+00	4.775471e-01	
19416	1.939504e-06	1.799884e+00	4.769283e-01	
19417	1.939604e-06	1.799861e+00	4.763102e-01	
19418	1.939704e-06	1.799884e+00	4.756929e-01	
19419	1.939804e-06	1.799861e+00	4.750765e-01	
19420	1.939904e-06	1.799884e+00	4.744608e-01	
19421	1.940004e-06	1.799861e+00	4.738459e-01	
19422	1.940104e-06	1.799883e+00	4.732318e-01	
19423	1.940204e-06	1.799861e+00	4.726185e-01	
19424	1.940304e-06	1.799883e+00	4.720060e-01	
19425	1.940404e-06	1.799861e+00	4.713942e-01	
19426	1.940504e-06	1.799883e+00	4.707833e-01	

Index   time            vout2           v(x2.comp_p_0/v 
--------------------------------------------------------------------------------
19427	1.940604e-06	1.799860e+00	4.701731e-01	
19428	1.940704e-06	1.799882e+00	4.695637e-01	
19429	1.940804e-06	1.799860e+00	4.689550e-01	
19430	1.940904e-06	1.799882e+00	4.683472e-01	
19431	1.941004e-06	1.799860e+00	4.677401e-01	
19432	1.941104e-06	1.799882e+00	4.671338e-01	
19433	1.941204e-06	1.799860e+00	4.665283e-01	
19434	1.941304e-06	1.799881e+00	4.659235e-01	
19435	1.941404e-06	1.799859e+00	4.653195e-01	
19436	1.941504e-06	1.799880e+00	4.647163e-01	
19437	1.941604e-06	1.799859e+00	4.641138e-01	
19438	1.941704e-06	1.799880e+00	4.635121e-01	
19439	1.941804e-06	1.799858e+00	4.629112e-01	
19440	1.941904e-06	1.799879e+00	4.623110e-01	
19441	1.942004e-06	1.799858e+00	4.617116e-01	
19442	1.942104e-06	1.799878e+00	4.611130e-01	
19443	1.942204e-06	1.799857e+00	4.605151e-01	
19444	1.942304e-06	1.799877e+00	4.599180e-01	
19445	1.942404e-06	1.799857e+00	4.593217e-01	
19446	1.942504e-06	1.799877e+00	4.587261e-01	
19447	1.942604e-06	1.799856e+00	4.581313e-01	
19448	1.942704e-06	1.799875e+00	4.575373e-01	
19449	1.942804e-06	1.799855e+00	4.569440e-01	
19450	1.942904e-06	1.799874e+00	4.563514e-01	
19451	1.943004e-06	1.799854e+00	4.557597e-01	
19452	1.943104e-06	1.799873e+00	4.551687e-01	
19453	1.943204e-06	1.799853e+00	4.545784e-01	
19454	1.943304e-06	1.799872e+00	4.539888e-01	
19455	1.943404e-06	1.799852e+00	4.534000e-01	
19456	1.943504e-06	1.799870e+00	4.528120e-01	
19457	1.943604e-06	1.799851e+00	4.522246e-01	
19458	1.943704e-06	1.799869e+00	4.516380e-01	
19459	1.943804e-06	1.799850e+00	4.510521e-01	
19460	1.943904e-06	1.799868e+00	4.504669e-01	
19461	1.944004e-06	1.799850e+00	4.498824e-01	
19462	1.944104e-06	1.799868e+00	4.492987e-01	
19463	1.944204e-06	1.799850e+00	4.487156e-01	
19464	1.944304e-06	1.799869e+00	4.481333e-01	
19465	1.944404e-06	1.799853e+00	4.475518e-01	
19466	1.944504e-06	1.799874e+00	4.469709e-01	
19467	1.944604e-06	1.799860e+00	4.463908e-01	
19468	1.944704e-06	1.799886e+00	4.458115e-01	
19469	1.944804e-06	1.799878e+00	4.452328e-01	
19470	1.944904e-06	1.799917e+00	4.446549e-01	
19471	1.945004e-06	1.799920e+00	4.440777e-01	
19472	1.945104e-06	1.799976e+00	4.435012e-01	
19473	1.945204e-06	1.800000e+00	4.429255e-01	
19474	1.945304e-06	1.800084e+00	4.423505e-01	
19475	1.945404e-06	1.800141e+00	4.417762e-01	
19476	1.945504e-06	1.800268e+00	4.412027e-01	
19477	1.945604e-06	1.800383e+00	4.406301e-01	
19478	1.945704e-06	1.800592e+00	4.400583e-01	
19479	1.945804e-06	1.800830e+00	4.394874e-01	
19480	1.945904e-06	1.801236e+00	4.389178e-01	
19481	1.946004e-06	1.801816e+00	4.383498e-01	
19482	1.946104e-06	1.802853e+00	4.377840e-01	
19483	1.946204e-06	1.804613e+00	4.372216e-01	
19484	1.946304e-06	1.807422e+00	4.366649e-01	

Index   time            vout2           v(x2.comp_p_0/v 
--------------------------------------------------------------------------------
19485	1.946404e-06	1.811256e+00	4.361183e-01	
19486	1.946504e-06	1.817025e+00	4.355918e-01	
19487	1.946604e-06	1.828419e+00	4.351255e-01	
19488	1.946704e-06	1.824560e+00	4.350449e-01	
19489	1.946804e-06	6.512335e-01	4.361098e-01	
19490	1.946904e-06	-1.42376e-02	4.377823e-01	
19491	1.946994e-06	2.034844e-02	4.393522e-01	
19492	1.947094e-06	-1.55058e-02	4.411070e-01	
19493	1.947194e-06	1.352365e-02	4.428539e-01	
19494	1.947294e-06	-1.16003e-02	4.446057e-01	
19495	1.947394e-06	1.012706e-02	4.463524e-01	
19496	1.947494e-06	-8.71747e-03	4.480997e-01	
19497	1.947594e-06	7.604178e-03	4.498440e-01	
19498	1.947694e-06	-6.55975e-03	4.515871e-01	
19499	1.947794e-06	5.718194e-03	4.533281e-01	
19500	1.947894e-06	-4.94030e-03	4.550673e-01	
19501	1.947994e-06	4.304298e-03	4.568045e-01	
19502	1.948094e-06	-3.72295e-03	4.585397e-01	
19503	1.948194e-06	3.242505e-03	4.602729e-01	
19504	1.948294e-06	-2.80705e-03	4.620038e-01	
19505	1.948394e-06	2.444279e-03	4.637328e-01	
19506	1.948494e-06	-2.11758e-03	4.654595e-01	
19507	1.948594e-06	1.843784e-03	4.671843e-01	
19508	1.948694e-06	-1.59840e-03	4.689066e-01	
19509	1.948794e-06	1.391832e-03	4.706270e-01	
19510	1.948894e-06	-1.20664e-03	4.723450e-01	
19511	1.948994e-06	1.052115e-03	4.740610e-01	
19512	1.949094e-06	-9.12871e-04	4.757746e-01	
19513	1.949194e-06	7.953556e-04	4.774862e-01	
19514	1.949294e-06	-6.90950e-04	4.791954e-01	
19515	1.949394e-06	6.023770e-04	4.809025e-01	
19516	1.949494e-06	-5.23789e-04	4.826072e-01	
19517	1.949594e-06	4.570231e-04	4.843099e-01	
19518	1.949694e-06	-3.97854e-04	4.860101e-01	
19519	1.949794e-06	3.475319e-04	4.877084e-01	
19520	1.949894e-06	-3.02976e-04	4.894042e-01	
19521	1.949994e-06	2.650518e-04	4.910980e-01	
19522	1.950094e-06	-2.31496e-04	4.927893e-01	
19523	1.950194e-06	2.029177e-04	4.944786e-01	
19524	1.950294e-06	-1.77643e-04	4.961655e-01	
19525	1.950394e-06	1.561111e-04	4.978504e-01	
19526	1.950494e-06	-1.37076e-04	4.995328e-01	
19527	1.950594e-06	1.208530e-04	5.012133e-01	
19528	1.950694e-06	-1.06516e-04	5.028913e-01	
19529	1.950794e-06	9.429460e-05	5.045672e-01	
19530	1.950894e-06	-8.34964e-05	5.062408e-01	
19531	1.950994e-06	7.429091e-05	5.079124e-01	
19532	1.951094e-06	-6.52294e-05	5.095815e-01	
19533	1.951194e-06	6.025891e-05	5.112486e-01	
19534	1.951294e-06	-5.22773e-05	5.129133e-01	
19535	1.951394e-06	4.868063e-05	5.145761e-01	
19536	1.951494e-06	-4.25680e-05	5.162363e-01	
19537	1.951594e-06	3.997393e-05	5.178947e-01	
19538	1.951694e-06	-3.52669e-05	5.195505e-01	
19539	1.951794e-06	3.342571e-05	5.212045e-01	
19540	1.951894e-06	-2.97775e-05	5.228559e-01	
19541	1.951994e-06	2.850255e-05	5.245055e-01	
19542	1.952094e-06	-2.56519e-05	5.261526e-01	

Index   time            vout2           v(x2.comp_p_0/v 
--------------------------------------------------------------------------------
19543	1.952194e-06	2.480290e-05	5.277977e-01	
19544	1.952294e-06	-2.25527e-05	5.294405e-01	
19545	1.952394e-06	2.202450e-05	5.310812e-01	
19546	1.952494e-06	-2.02264e-05	5.327196e-01	
19547	1.952594e-06	1.993973e-05	5.343560e-01	
19548	1.952694e-06	-1.84818e-05	5.359900e-01	
19549	1.952794e-06	1.837723e-05	5.376221e-01	
19550	1.952894e-06	-1.71753e-05	5.392517e-01	
19551	1.952994e-06	1.720797e-05	5.408795e-01	
19552	1.953094e-06	-1.61985e-05	5.425048e-01	
19553	1.953194e-06	1.633479e-05	5.441282e-01	
19554	1.953294e-06	-1.54700e-05	5.457492e-01	
19555	1.953394e-06	1.568451e-05	5.473683e-01	
19556	1.953494e-06	-1.49284e-05	5.489850e-01	
19557	1.953594e-06	1.520206e-05	5.505998e-01	
19558	1.953694e-06	-1.45276e-05	5.522122e-01	
19559	1.953794e-06	1.484593e-05	5.538226e-01	
19560	1.953894e-06	-1.42326e-05	5.554308e-01	
19561	1.953994e-06	1.458489e-05	5.570370e-01	
19562	1.954094e-06	-1.40173e-05	5.586408e-01	
19563	1.954194e-06	1.439541e-05	5.602428e-01	
19564	1.954294e-06	-1.38621e-05	5.618423e-01	
19565	1.954394e-06	1.425978e-05	5.634400e-01	
19566	1.954494e-06	-1.37520e-05	5.650354e-01	
19567	1.954594e-06	1.416465e-05	5.666288e-01	
19568	1.954694e-06	-1.36758e-05	5.682199e-01	
19569	1.954794e-06	1.409998e-05	5.698091e-01	
19570	1.954894e-06	-1.36251e-05	5.713960e-01	
19571	1.954994e-06	1.405821e-05	5.729810e-01	
19572	1.955094e-06	-1.35936e-05	5.745637e-01	
19573	1.955194e-06	1.403363e-05	5.761445e-01	
19574	1.955294e-06	-1.35765e-05	5.777230e-01	
19575	1.955394e-06	1.402196e-05	5.792996e-01	
19576	1.955494e-06	-1.35702e-05	5.808739e-01	
19577	1.955594e-06	1.401997e-05	5.824464e-01	
19578	1.955694e-06	-1.35720e-05	5.840165e-01	
19579	1.955794e-06	1.402522e-05	5.855848e-01	
19580	1.955894e-06	-1.35798e-05	5.871508e-01	
19581	1.955994e-06	1.403589e-05	5.887149e-01	
19582	1.956094e-06	-1.35922e-05	5.902768e-01	
19583	1.956194e-06	1.405060e-05	5.918368e-01	
19584	1.956294e-06	-1.36080e-05	5.933945e-01	
19585	1.956394e-06	1.406831e-05	5.949504e-01	
19586	1.956494e-06	-1.36262e-05	5.965040e-01	
19587	1.956594e-06	1.408823e-05	5.980558e-01	
19588	1.956694e-06	-1.36462e-05	5.996053e-01	
19589	1.956794e-06	1.410977e-05	6.011530e-01	
19590	1.956894e-06	-1.36677e-05	6.026984e-01	
19591	1.956994e-06	1.413251e-05	6.042420e-01	
19592	1.957094e-06	-1.36900e-05	6.057834e-01	
19593	1.957194e-06	1.415609e-05	6.073229e-01	
19594	1.957294e-06	-1.37131e-05	6.088602e-01	
19595	1.957394e-06	1.418028e-05	6.103957e-01	
19596	1.957494e-06	-1.37367e-05	6.119289e-01	
19597	1.957594e-06	1.420488e-05	6.134604e-01	
19598	1.957694e-06	-1.37605e-05	6.149896e-01	
19599	1.957794e-06	1.422974e-05	6.165170e-01	
19600	1.957894e-06	-1.37846e-05	6.180422e-01	

Index   time            vout2           v(x2.comp_p_0/v 
--------------------------------------------------------------------------------
19601	1.957994e-06	1.425478e-05	6.195656e-01	
19602	1.958094e-06	-1.38088e-05	6.210868e-01	
19603	1.958194e-06	1.427989e-05	6.226062e-01	
19604	1.958294e-06	-1.38331e-05	6.241234e-01	
19605	1.958394e-06	1.430503e-05	6.256388e-01	
19606	1.958494e-06	-1.38573e-05	6.271521e-01	
19607	1.958594e-06	1.433014e-05	6.286635e-01	
19608	1.958694e-06	-1.38816e-05	6.301728e-01	
19609	1.958794e-06	1.435520e-05	6.316803e-01	
19610	1.958894e-06	-1.39057e-05	6.331856e-01	
19611	1.958994e-06	1.438018e-05	6.346891e-01	
19612	1.959094e-06	-1.39298e-05	6.361905e-01	
19613	1.959194e-06	1.440506e-05	6.376902e-01	
19614	1.959294e-06	-1.39537e-05	6.391876e-01	
19615	1.959394e-06	1.442983e-05	6.406833e-01	
19616	1.959494e-06	-1.39776e-05	6.421769e-01	
19617	1.959594e-06	1.445447e-05	6.436687e-01	
19618	1.959694e-06	-1.40013e-05	6.451584e-01	
19619	1.959794e-06	1.447898e-05	6.466463e-01	
19620	1.959894e-06	-1.40249e-05	6.481321e-01	
19621	1.959994e-06	1.450335e-05	6.496161e-01	
19622	1.960094e-06	-1.40483e-05	6.510980e-01	
19623	1.960194e-06	1.452758e-05	6.525782e-01	
19624	1.960294e-06	-1.40716e-05	6.540563e-01	
19625	1.960394e-06	1.455166e-05	6.555327e-01	
19626	1.960494e-06	-1.40948e-05	6.570069e-01	
19627	1.960594e-06	1.457560e-05	6.584794e-01	
19628	1.960694e-06	-1.41178e-05	6.599498e-01	
19629	1.960794e-06	1.459939e-05	6.614185e-01	
19630	1.960894e-06	-1.41407e-05	6.628851e-01	
19631	1.960994e-06	1.462302e-05	6.643500e-01	
19632	1.961094e-06	-1.41635e-05	6.658128e-01	
19633	1.961194e-06	1.464651e-05	6.672740e-01	
19634	1.961294e-06	-1.41861e-05	6.687330e-01	
19635	1.961394e-06	1.466984e-05	6.701903e-01	
19636	1.961494e-06	-1.42085e-05	6.716456e-01	
19637	1.961594e-06	1.469302e-05	6.730991e-01	
19638	1.961694e-06	-1.42308e-05	6.745506e-01	
19639	1.961794e-06	1.471605e-05	6.760004e-01	
19640	1.961894e-06	-1.42530e-05	6.774482e-01	
19641	1.961994e-06	1.473893e-05	6.788942e-01	
19642	1.962094e-06	-1.42750e-05	6.803382e-01	
19643	1.962194e-06	1.476165e-05	6.817806e-01	
19644	1.962294e-06	-1.42969e-05	6.832208e-01	
19645	1.962394e-06	1.478421e-05	6.846594e-01	
19646	1.962494e-06	-1.43187e-05	6.860960e-01	
19647	1.962594e-06	1.480662e-05	6.875309e-01	
19648	1.962694e-06	-1.43403e-05	6.889637e-01	
19649	1.962794e-06	1.482884e-05	6.903948e-01	
19650	1.962894e-06	-1.43618e-05	6.918239e-01	
19651	1.962994e-06	1.485084e-05	6.932513e-01	
19652	1.963094e-06	-1.43831e-05	6.946767e-01	
19653	1.963194e-06	1.487261e-05	6.961003e-01	
19654	1.963294e-06	-1.44043e-05	6.975219e-01	
19655	1.963394e-06	1.489411e-05	6.989418e-01	
19656	1.963494e-06	-1.44253e-05	7.003595e-01	
19657	1.963594e-06	1.491533e-05	7.017756e-01	
19658	1.963694e-06	-1.44461e-05	7.031895e-01	

Index   time            vout2           v(x2.comp_p_0/v 
--------------------------------------------------------------------------------
19659	1.963794e-06	1.493623e-05	7.046016e-01	
19660	1.963894e-06	-1.44666e-05	7.060115e-01	
19661	1.963994e-06	1.495677e-05	7.074196e-01	
19662	1.964094e-06	-1.44869e-05	7.088255e-01	
19663	1.964194e-06	1.497694e-05	7.102295e-01	
19664	1.964294e-06	-1.45067e-05	7.116312e-01	
19665	1.964394e-06	1.499671e-05	7.130309e-01	
19666	1.964494e-06	-1.45260e-05	7.144283e-01	
19667	1.964594e-06	1.501619e-05	7.158237e-01	
19668	1.964694e-06	-1.45450e-05	7.172167e-01	
19669	1.964794e-06	1.503583e-05	7.186077e-01	
19670	1.964894e-06	-1.45639e-05	7.199962e-01	
19671	1.964994e-06	1.505503e-05	7.213827e-01	
19672	1.965094e-06	-1.45815e-05	7.227668e-01	
19673	1.965194e-06	1.507422e-05	7.241489e-01	
19674	1.965294e-06	-1.46000e-05	7.255286e-01	
19675	1.965394e-06	1.509401e-05	7.269064e-01	
19676	1.965494e-06	-1.46185e-05	7.282819e-01	
19677	1.965594e-06	1.511370e-05	7.296555e-01	
19678	1.965694e-06	-1.46369e-05	7.310269e-01	
19679	1.965794e-06	1.513325e-05	7.323966e-01	
19680	1.965894e-06	-1.46553e-05	7.337641e-01	
19681	1.965994e-06	1.515266e-05	7.351299e-01	
19682	1.966094e-06	-1.46736e-05	7.364937e-01	
19683	1.966194e-06	1.517195e-05	7.378558e-01	
19684	1.966294e-06	-1.46920e-05	7.392160e-01	
19685	1.966394e-06	1.519116e-05	7.405746e-01	
19686	1.966494e-06	-1.47106e-05	7.419312e-01	
19687	1.966594e-06	1.520885e-05	7.432863e-01	
19688	1.966694e-06	-1.47258e-05	7.446395e-01	
19689	1.966794e-06	1.522613e-05	7.459912e-01	
19690	1.966894e-06	-1.47440e-05	7.473410e-01	
19691	1.966994e-06	1.524537e-05	7.486893e-01	
19692	1.967094e-06	-1.47626e-05	7.500358e-01	
19693	1.967194e-06	1.526467e-05	7.513808e-01	
19694	1.967294e-06	-1.47811e-05	7.527239e-01	
19695	1.967394e-06	1.506885e-05	7.540656e-01	
19696	1.967494e-06	-1.50588e-05	7.554055e-01	
19697	1.967594e-06	1.507239e-05	7.567439e-01	
19698	1.967694e-06	-1.50789e-05	7.580804e-01	
19699	1.967794e-06	1.509310e-05	7.594155e-01	
19700	1.967894e-06	-1.50993e-05	7.607488e-01	
19701	1.967994e-06	1.511318e-05	7.620806e-01	
19702	1.968094e-06	-1.51191e-05	7.634106e-01	
19703	1.968182e-06	1.513410e-05	7.645742e-01	
19704	1.968277e-06	-1.51405e-05	7.658290e-01	
19705	1.968369e-06	1.515466e-05	7.670536e-01	
19706	1.968469e-06	-1.51603e-05	7.683775e-01	
19707	1.968569e-06	1.517341e-05	7.696999e-01	
19708	1.968669e-06	-1.51789e-05	7.710206e-01	
19709	1.968769e-06	1.519179e-05	7.723398e-01	
19710	1.968869e-06	-1.51971e-05	7.736572e-01	
19711	1.968969e-06	1.520994e-05	7.749731e-01	
19712	1.969069e-06	-1.52150e-05	7.762873e-01	
19713	1.969169e-06	1.522787e-05	7.776000e-01	
19714	1.969269e-06	-1.52328e-05	7.789109e-01	
19715	1.969369e-06	1.524560e-05	7.802205e-01	
19716	1.969469e-06	-1.52504e-05	7.815282e-01	

Index   time            vout2           v(x2.comp_p_0/v 
--------------------------------------------------------------------------------
19717	1.969569e-06	1.526317e-05	7.828345e-01	
19718	1.969669e-06	-1.52679e-05	7.841389e-01	
19719	1.969769e-06	1.528058e-05	7.854420e-01	
19720	1.969869e-06	-1.52852e-05	7.867433e-01	
19721	1.969969e-06	1.529787e-05	7.880432e-01	
19722	1.970069e-06	-1.53024e-05	7.893413e-01	
19723	1.970169e-06	1.531503e-05	7.906379e-01	
19724	1.970269e-06	-1.53194e-05	7.919328e-01	
19725	1.970369e-06	1.533208e-05	7.932263e-01	
19726	1.970469e-06	-1.53364e-05	7.945180e-01	
19727	1.970569e-06	1.534901e-05	7.958084e-01	
19728	1.970669e-06	-1.53532e-05	7.970969e-01	
19729	1.970769e-06	1.536585e-05	7.983840e-01	
19730	1.970869e-06	-1.53699e-05	7.996694e-01	
19731	1.970969e-06	1.538259e-05	8.009534e-01	
19732	1.971069e-06	-1.53865e-05	8.022356e-01	
19733	1.971169e-06	1.539923e-05	8.035165e-01	
19734	1.971269e-06	-1.54030e-05	8.047955e-01	
19735	1.971369e-06	1.541577e-05	8.060732e-01	
19736	1.971469e-06	-1.54194e-05	8.073492e-01	
19737	1.971569e-06	1.543221e-05	8.086238e-01	
19738	1.971669e-06	-1.54357e-05	8.098966e-01	
19739	1.971769e-06	1.544853e-05	8.111681e-01	
19740	1.971869e-06	-1.54519e-05	8.124378e-01	
19741	1.971969e-06	1.546474e-05	8.137063e-01	
19742	1.972069e-06	-1.54680e-05	8.149729e-01	
19743	1.972169e-06	1.570315e-05	8.162383e-01	
19744	1.972269e-06	-1.52173e-05	8.175019e-01	
19745	1.972369e-06	1.573403e-05	8.187643e-01	
19746	1.972469e-06	-1.52311e-05	8.200250e-01	
19747	1.972569e-06	1.574786e-05	8.212844e-01	
19748	1.972669e-06	-1.52446e-05	8.225421e-01	
19749	1.972769e-06	1.576205e-05	8.237986e-01	
19750	1.972869e-06	-1.52585e-05	8.250534e-01	
19751	1.972969e-06	1.577652e-05	8.263071e-01	
19752	1.973069e-06	-1.52725e-05	8.275591e-01	
19753	1.973169e-06	1.579116e-05	8.288099e-01	
19754	1.973269e-06	-1.52867e-05	8.300590e-01	
19755	1.973369e-06	1.580589e-05	8.313070e-01	
19756	1.973469e-06	-1.53010e-05	8.325534e-01	
19757	1.973569e-06	1.582065e-05	8.337985e-01	
19758	1.973669e-06	-1.53152e-05	8.350420e-01	
19759	1.973769e-06	1.583541e-05	8.362843e-01	
19760	1.973869e-06	-1.53295e-05	8.375248e-01	
19761	1.973969e-06	1.585013e-05	8.387642e-01	
19762	1.974069e-06	-1.53436e-05	8.400018e-01	
19763	1.974169e-06	1.586479e-05	8.412382e-01	
19764	1.974269e-06	-1.53577e-05	8.424729e-01	
19765	1.974369e-06	1.587935e-05	8.437063e-01	
19766	1.974469e-06	-1.53717e-05	8.449380e-01	
19767	1.974569e-06	1.589379e-05	8.461683e-01	
19768	1.974669e-06	-1.53856e-05	8.473969e-01	
19769	1.974769e-06	1.590819e-05	8.486242e-01	
19770	1.974869e-06	-1.53995e-05	8.498498e-01	
19771	1.974969e-06	1.592250e-05	8.510741e-01	
19772	1.975069e-06	-1.54133e-05	8.522965e-01	
19773	1.975169e-06	1.593670e-05	8.535177e-01	
19774	1.975269e-06	-1.54269e-05	8.547371e-01	

Index   time            vout2           v(x2.comp_p_0/v 
--------------------------------------------------------------------------------
19775	1.975369e-06	1.595080e-05	8.559552e-01	
19776	1.975469e-06	-1.54405e-05	8.571715e-01	
19777	1.975569e-06	1.596478e-05	8.583865e-01	
19778	1.975669e-06	-1.54539e-05	8.595998e-01	
19779	1.975769e-06	1.597866e-05	8.608117e-01	
19780	1.975869e-06	-1.56883e-05	8.620218e-01	
19781	1.975969e-06	1.594996e-05	8.632306e-01	
19782	1.976069e-06	-1.56805e-05	8.644377e-01	
19783	1.976169e-06	1.571896e-05	8.656435e-01	
19784	1.976269e-06	-1.55072e-05	8.668474e-01	
19785	1.976369e-06	1.601660e-05	8.680501e-01	
19786	1.976469e-06	-1.55030e-05	8.692510e-01	
19787	1.976569e-06	1.602971e-05	8.704506e-01	
19788	1.976669e-06	-1.55168e-05	8.716485e-01	
19789	1.976769e-06	1.604387e-05	8.728450e-01	
19790	1.976869e-06	-1.55303e-05	8.740398e-01	
19791	1.976969e-06	1.605772e-05	8.752332e-01	
19792	1.977069e-06	-1.55436e-05	8.764250e-01	
19793	1.977169e-06	1.607131e-05	8.776154e-01	
19794	1.977269e-06	-1.55566e-05	8.788041e-01	
19795	1.977369e-06	1.608468e-05	8.799914e-01	
19796	1.977469e-06	-1.57922e-05	8.811771e-01	
19797	1.977569e-06	1.582686e-05	8.823614e-01	
19798	1.977669e-06	-1.58339e-05	8.835440e-01	
19799	1.977769e-06	1.584988e-05	8.847253e-01	
19800	1.977869e-06	-1.58545e-05	8.859049e-01	
19801	1.977969e-06	1.586928e-05	8.870831e-01	
19802	1.978069e-06	-1.58729e-05	8.882597e-01	
19803	1.978169e-06	1.611636e-05	8.894349e-01	
19804	1.978269e-06	-1.56157e-05	8.906084e-01	
19805	1.978369e-06	1.614661e-05	8.917807e-01	
19806	1.978469e-06	-1.56292e-05	8.929512e-01	
19807	1.978569e-06	1.615964e-05	8.941204e-01	
19808	1.978669e-06	-1.56416e-05	8.952879e-01	
19809	1.978769e-06	1.617238e-05	8.964542e-01	
19810	1.978869e-06	-1.56538e-05	8.976187e-01	
19811	1.978969e-06	1.618489e-05	8.987819e-01	
19812	1.979069e-06	-1.56657e-05	8.999435e-01	
19813	1.979169e-06	1.619722e-05	9.011037e-01	
19814	1.979269e-06	-1.56776e-05	9.022623e-01	
19815	1.979369e-06	1.620937e-05	9.034195e-01	
19816	1.979469e-06	-1.56892e-05	9.045751e-01	
19817	1.979569e-06	1.622138e-05	9.057294e-01	
19818	1.979669e-06	-1.57007e-05	9.068820e-01	
19819	1.979769e-06	1.623325e-05	9.080333e-01	
19820	1.979869e-06	-1.57121e-05	9.091830e-01	
19821	1.979969e-06	1.624498e-05	9.103314e-01	
19822	1.980069e-06	-1.57234e-05	9.114780e-01	
19823	1.980169e-06	1.625660e-05	9.126235e-01	
19824	1.980269e-06	-1.57346e-05	9.137672e-01	
19825	1.980369e-06	1.626809e-05	9.149097e-01	
19826	1.980469e-06	-1.57456e-05	9.160505e-01	
19827	1.980569e-06	1.627948e-05	9.171900e-01	
19828	1.980669e-06	-1.57565e-05	9.183279e-01	
19829	1.980769e-06	1.629075e-05	9.194645e-01	
19830	1.980869e-06	-1.57674e-05	9.205994e-01	
19831	1.980969e-06	1.630192e-05	9.217331e-01	
19832	1.981069e-06	-1.57781e-05	9.228651e-01	

Index   time            vout2           v(x2.comp_p_0/v 
--------------------------------------------------------------------------------
19833	1.981169e-06	1.631299e-05	9.239959e-01	
19834	1.981269e-06	-1.57887e-05	9.251250e-01	
19835	1.981369e-06	1.632395e-05	9.262528e-01	
19836	1.981469e-06	-1.57993e-05	9.273790e-01	
19837	1.981569e-06	1.633481e-05	9.285040e-01	
19838	1.981669e-06	-1.58097e-05	9.296273e-01	
19839	1.981769e-06	1.634557e-05	9.307493e-01	
19840	1.981869e-06	-1.58200e-05	9.318697e-01	
19841	1.981969e-06	1.635623e-05	9.329889e-01	
19842	1.982069e-06	-1.58303e-05	9.341064e-01	
19843	1.982169e-06	1.636680e-05	9.352227e-01	
19844	1.982269e-06	-1.58404e-05	9.363373e-01	
19845	1.982369e-06	1.637758e-05	9.374507e-01	
19846	1.982469e-06	-1.58510e-05	9.385625e-01	
19847	1.982569e-06	1.638808e-05	9.396730e-01	
19848	1.982669e-06	-1.58608e-05	9.407819e-01	
19849	1.982769e-06	1.639827e-05	9.418896e-01	
19850	1.982869e-06	-1.58706e-05	9.429956e-01	
19851	1.982969e-06	1.640836e-05	9.441004e-01	
19852	1.983069e-06	-1.58803e-05	9.452036e-01	
19853	1.983169e-06	1.641837e-05	9.463056e-01	
19854	1.983269e-06	-1.58899e-05	9.474059e-01	
19855	1.983369e-06	1.642831e-05	9.485050e-01	
19856	1.983469e-06	-1.58994e-05	9.496025e-01	
19857	1.983569e-06	1.643817e-05	9.506988e-01	
19858	1.983669e-06	-1.59089e-05	9.517935e-01	
19859	1.983769e-06	1.644794e-05	9.528869e-01	
19860	1.983869e-06	-1.59182e-05	9.539788e-01	
19861	1.983969e-06	1.645763e-05	9.550694e-01	
19862	1.984069e-06	-1.59275e-05	9.561584e-01	
19863	1.984169e-06	1.646724e-05	9.572463e-01	
19864	1.984269e-06	-1.59367e-05	9.583325e-01	
19865	1.984369e-06	1.647676e-05	9.594175e-01	
19866	1.984469e-06	-1.59458e-05	9.605009e-01	
19867	1.984569e-06	1.648618e-05	9.615831e-01	
19868	1.984669e-06	-1.59548e-05	9.626637e-01	
19869	1.984769e-06	1.649552e-05	9.637431e-01	
19870	1.984869e-06	-1.59638e-05	9.648210e-01	
19871	1.984969e-06	1.650476e-05	9.658976e-01	
19872	1.985069e-06	-1.59726e-05	9.669726e-01	
19873	1.985169e-06	1.651390e-05	9.680465e-01	
19874	1.985269e-06	-1.59814e-05	9.691187e-01	
19875	1.985369e-06	1.652295e-05	9.701898e-01	
19876	1.985469e-06	-1.59901e-05	9.712593e-01	
19877	1.985569e-06	1.653189e-05	9.723276e-01	
19878	1.985669e-06	-1.59987e-05	9.733943e-01	
19879	1.985769e-06	1.654076e-05	9.744599e-01	
19880	1.985869e-06	-1.60072e-05	9.755239e-01	
19881	1.985969e-06	1.654953e-05	9.765867e-01	
19882	1.986069e-06	-1.60157e-05	9.776479e-01	
19883	1.986169e-06	1.655820e-05	9.787079e-01	
19884	1.986269e-06	-1.60240e-05	9.797664e-01	
19885	1.986369e-06	1.656680e-05	9.808237e-01	
19886	1.986469e-06	-1.60324e-05	9.818794e-01	
19887	1.986569e-06	1.657538e-05	9.829340e-01	
19888	1.986669e-06	-1.60407e-05	9.839870e-01	
19889	1.986769e-06	1.658391e-05	9.850389e-01	
19890	1.986869e-06	-1.60489e-05	9.860892e-01	

Index   time            vout2           v(x2.comp_p_0/v 
--------------------------------------------------------------------------------
19891	1.986969e-06	1.659239e-05	9.871383e-01	
19892	1.987069e-06	-1.60571e-05	9.881859e-01	
19893	1.987169e-06	1.660080e-05	9.892323e-01	
19894	1.987269e-06	-1.60652e-05	9.902771e-01	
19895	1.987369e-06	1.660913e-05	9.913209e-01	
19896	1.987469e-06	-1.60732e-05	9.923630e-01	
19897	1.987569e-06	1.661738e-05	9.934040e-01	
19898	1.987669e-06	-1.60812e-05	9.944435e-01	
19899	1.987769e-06	1.662554e-05	9.954818e-01	
19900	1.987869e-06	-1.60890e-05	9.965186e-01	
19901	1.987969e-06	1.663362e-05	9.975542e-01	
19902	1.988069e-06	-1.60968e-05	9.985883e-01	
19903	1.988169e-06	1.664159e-05	9.996212e-01	
19904	1.988269e-06	-1.61044e-05	1.000653e+00	
19905	1.988369e-06	1.664948e-05	1.001683e+00	
19906	1.988469e-06	-1.61120e-05	1.002712e+00	
19907	1.988569e-06	1.665727e-05	1.003739e+00	
19908	1.988669e-06	-1.61195e-05	1.004765e+00	
19909	1.988769e-06	1.666496e-05	1.005790e+00	
19910	1.988869e-06	-1.61269e-05	1.006814e+00	
19911	1.988969e-06	1.667256e-05	1.007836e+00	
19912	1.989069e-06	-1.61342e-05	1.008857e+00	
19913	1.989169e-06	1.668007e-05	1.009876e+00	
19914	1.989269e-06	-1.61414e-05	1.010895e+00	
19915	1.989369e-06	1.668748e-05	1.011912e+00	
19916	1.989469e-06	-1.61485e-05	1.012927e+00	
19917	1.989569e-06	1.669481e-05	1.013941e+00	
19918	1.989669e-06	-1.61555e-05	1.014954e+00	
19919	1.989769e-06	1.670204e-05	1.015966e+00	
19920	1.989869e-06	-1.61624e-05	1.016976e+00	
19921	1.989969e-06	1.670919e-05	1.017985e+00	
19922	1.990069e-06	-1.61693e-05	1.018993e+00	
19923	1.990169e-06	1.671625e-05	1.020000e+00	
19924	1.990269e-06	-1.61761e-05	1.021005e+00	
19925	1.990369e-06	1.672323e-05	1.022008e+00	
19926	1.990469e-06	-1.61828e-05	1.023011e+00	
19927	1.990569e-06	1.673012e-05	1.024012e+00	
19928	1.990669e-06	-1.61894e-05	1.025012e+00	
19929	1.990769e-06	1.673693e-05	1.026011e+00	
19930	1.990869e-06	-1.61959e-05	1.027008e+00	
19931	1.990969e-06	1.674365e-05	1.028004e+00	
19932	1.991069e-06	-1.62023e-05	1.028999e+00	
19933	1.991169e-06	1.675029e-05	1.029992e+00	
19934	1.991269e-06	-1.62087e-05	1.030984e+00	
19935	1.991369e-06	1.675685e-05	1.031975e+00	
19936	1.991469e-06	-1.62150e-05	1.032965e+00	
19937	1.991569e-06	1.676334e-05	1.033953e+00	
19938	1.991669e-06	-1.62212e-05	1.034940e+00	
19939	1.991769e-06	1.676974e-05	1.035926e+00	
19940	1.991869e-06	-1.62274e-05	1.036910e+00	
19941	1.991969e-06	1.677606e-05	1.037894e+00	
19942	1.992069e-06	-1.62334e-05	1.038876e+00	
19943	1.992169e-06	1.678231e-05	1.039856e+00	
19944	1.992269e-06	-1.62394e-05	1.040836e+00	
19945	1.992369e-06	1.678848e-05	1.041814e+00	
19946	1.992469e-06	-1.62453e-05	1.042791e+00	
19947	1.992569e-06	1.679457e-05	1.043766e+00	
19948	1.992669e-06	-1.62512e-05	1.044741e+00	

Index   time            vout2           v(x2.comp_p_0/v 
--------------------------------------------------------------------------------
19949	1.992769e-06	1.680058e-05	1.045714e+00	
19950	1.992869e-06	-1.62569e-05	1.046685e+00	
19951	1.992969e-06	1.680652e-05	1.047656e+00	
19952	1.993069e-06	-1.62626e-05	1.048625e+00	
19953	1.993169e-06	1.681238e-05	1.049593e+00	
19954	1.993269e-06	-1.62682e-05	1.050560e+00	
19955	1.993369e-06	1.681817e-05	1.051526e+00	
19956	1.993469e-06	-1.62738e-05	1.052490e+00	
19957	1.993569e-06	1.682388e-05	1.053453e+00	
19958	1.993669e-06	-1.62792e-05	1.054415e+00	
19959	1.993769e-06	1.682952e-05	1.055375e+00	
19960	1.993869e-06	-1.62846e-05	1.056335e+00	
19961	1.993969e-06	1.683509e-05	1.057293e+00	
19962	1.994069e-06	-1.62900e-05	1.058250e+00	
19963	1.994169e-06	1.684058e-05	1.059205e+00	
19964	1.994269e-06	-1.62952e-05	1.060160e+00	
19965	1.994369e-06	1.684600e-05	1.061113e+00	
19966	1.994469e-06	-1.63004e-05	1.062065e+00	
19967	1.994569e-06	1.685134e-05	1.063015e+00	
19968	1.994669e-06	-1.63055e-05	1.063965e+00	
19969	1.994769e-06	1.685662e-05	1.064913e+00	
19970	1.994869e-06	-1.63106e-05	1.065860e+00	
19971	1.994969e-06	1.686182e-05	1.066806e+00	
19972	1.995069e-06	-1.63156e-05	1.067750e+00	
19973	1.995169e-06	1.686695e-05	1.068693e+00	
19974	1.995269e-06	-1.63205e-05	1.069635e+00	
19975	1.995369e-06	1.687201e-05	1.070576e+00	
19976	1.995469e-06	-1.63253e-05	1.071516e+00	
19977	1.995569e-06	1.687699e-05	1.072454e+00	
19978	1.995669e-06	-1.63301e-05	1.073392e+00	
19979	1.995769e-06	1.688191e-05	1.074328e+00	
19980	1.995869e-06	-1.63348e-05	1.075262e+00	
19981	1.995969e-06	1.688676e-05	1.076196e+00	
19982	1.996069e-06	-1.63394e-05	1.077128e+00	
19983	1.996169e-06	1.689153e-05	1.078060e+00	
19984	1.996269e-06	-1.63440e-05	1.078990e+00	
19985	1.996369e-06	1.689624e-05	1.079918e+00	
19986	1.996469e-06	-1.63485e-05	1.080846e+00	
19987	1.996569e-06	1.690088e-05	1.081772e+00	
19988	1.996669e-06	-1.63530e-05	1.082697e+00	
19989	1.996769e-06	1.690545e-05	1.083622e+00	
19990	1.996869e-06	-1.63573e-05	1.084544e+00	
19991	1.996969e-06	1.690995e-05	1.085466e+00	
19992	1.997069e-06	-1.63616e-05	1.086386e+00	
19993	1.997169e-06	1.691439e-05	1.087306e+00	
19994	1.997269e-06	-1.63659e-05	1.088223e+00	
19995	1.997369e-06	1.691875e-05	1.089140e+00	
19996	1.997469e-06	-1.63700e-05	1.090056e+00	
19997	1.997569e-06	1.692305e-05	1.090971e+00	
19998	1.997669e-06	-1.63741e-05	1.091884e+00	
19999	1.997769e-06	1.692728e-05	1.092796e+00	
20000	1.997869e-06	-1.63782e-05	1.093707e+00	
20001	1.997969e-06	1.693144e-05	1.094617e+00	
20002	1.998069e-06	-1.63822e-05	1.095525e+00	
20003	1.998169e-06	1.693554e-05	1.096433e+00	
20004	1.998269e-06	-1.63861e-05	1.097339e+00	
20005	1.998369e-06	1.693957e-05	1.098244e+00	
20006	1.998469e-06	-1.63899e-05	1.099148e+00	

Index   time            vout2           v(x2.comp_p_0/v 
--------------------------------------------------------------------------------
20007	1.998569e-06	1.694354e-05	1.100051e+00	
20008	1.998669e-06	-1.63937e-05	1.100952e+00	
20009	1.998769e-06	1.694743e-05	1.101853e+00	
20010	1.998869e-06	-1.63974e-05	1.102752e+00	
20011	1.998969e-06	1.695127e-05	1.103650e+00	
20012	1.999069e-06	-1.64011e-05	1.104547e+00	
20013	1.999169e-06	1.695504e-05	1.105443e+00	
20014	1.999269e-06	-1.64047e-05	1.106338e+00	
20015	1.999369e-06	1.695874e-05	1.107231e+00	
20016	1.999469e-06	-1.64082e-05	1.108123e+00	
20017	1.999569e-06	1.696238e-05	1.109015e+00	
20018	1.999669e-06	-1.64117e-05	1.109905e+00	
20019	1.999769e-06	1.696595e-05	1.110794e+00	
20020	1.999869e-06	-1.64151e-05	1.111681e+00	
20021	1.999969e-06	1.696947e-05	1.112568e+00	
20022	2.000000e-06	-1.59777e-05	1.112844e+00	
